  0
SECTION
  2
HEADER
  9
$ACADVER
  1
AC1018
  9
$HANDSEED
  5
FFFFFFFF
  9
$ANGBASE
  50
0.0
  9
$ANGDIR
  70
1
  9
$MEASUREMENT
  70
0
  9
$INSUNITS
  70
1
  0
ENDSEC
  0
SECTION
  2
TABLES
  0
TABLE
  2
APPID
  5
1
330
0
100
AcDbSymbolTable
 70
1
  0
APPID
  5
2
330
1
100
AcDbSymbolTableRecord
100
AcDbRegAppTableRecord
  2
ACAD
 70
0
  0
ENDTAB
  0
TABLE
  2
LTYPE
  5
3
330
0
100
AcDbSymbolTable
 70
6
  0
LTYPE
  5
4
330
3
100
AcDbSymbolTableRecord
100
AcDbLinetypeTableRecord
  2
ByBlock
 70
0
  3

 72
65
 73
0
 40
0
  0
LTYPE
  5
5
330
3
100
AcDbSymbolTableRecord
100
AcDbLinetypeTableRecord
  2
ByLayer
 70
0
  3

 72
65
 73
0
 40
0
  0
LTYPE
  5
6
330
3
100
AcDbSymbolTableRecord
100
AcDbLinetypeTableRecord
  2
CONTINUOUS
 70
0
  3
Solid line
 72
65
 73
0
 40
0
  0
LTYPE
  5
7
330
3
100
AcDbSymbolTableRecord
100
AcDbLinetypeTableRecord
  2
DASHDOT
 70
0
  3
Dash Dot ____ _ ____ _
 72
65
 73
4
 40
2
 49
1.25
 74
0
 49
-0.25
 74
0
 49
0.25
 74
0
 49
-0.25
 74
0
  0
LTYPE
  5
8
330
3
100
AcDbSymbolTableRecord
100
AcDbLinetypeTableRecord
  2
DASHED
 70
0
  3
Dashed __ __ __ __ __
 72
65
 73
2
 40
0.75
 49
0.5
 74
0
 49
-0.25
 74
0
  0
LTYPE
  5
9
330
3
100
AcDbSymbolTableRecord
100
AcDbLinetypeTableRecord
  2
DOTTED
 70
0
  3
Dotted .  .  .  .
 72
65
 73
2
 40
0.2
 49
0.0
 74
0
 49
-0.2
 74
0
  0
ENDTAB
  0
TABLE
  2
STYLE
  5
A
330
0
100
AcDbSymbolTable
 70
4
  0
STYLE
  5
B
330
A
100
AcDbSymbolTableRecord
100
AcDbTextStyleTableRecord
  2
KICAD
 70
0
 40
0
 41
1
 42
1
 50
0
 71
0
  3
isocp.shx
  0
STYLE
  5
C
330
A
100
AcDbSymbolTableRecord
100
AcDbTextStyleTableRecord
  2
KICADB
 70
0
 40
0
 41
1
 42
1
 50
0
 71
0
  3
isocp.shx
  0
STYLE
  5
D
330
A
100
AcDbSymbolTableRecord
100
AcDbTextStyleTableRecord
  2
KICADI
 70
0
 40
0
 41
1
 42
1
 50
15
 71
0
  3
isocp.shx
  0
STYLE
  5
E
330
A
100
AcDbSymbolTableRecord
100
AcDbTextStyleTableRecord
  2
KICADBI
 70
0
 40
0
 41
1
 42
1
 50
15
 71
0
  3
isocp.shx
  0
ENDTAB
  0
TABLE
  2
LAYER
  5
F
330
0
100
AcDbSymbolTable
 70
10
  0
LAYER
  5
12
330
F
100
AcDbSymbolTableRecord
100
AcDbLayerTableRecord
  2
0
 70
0
 62
7
  6
CONTINUOUS
390
10
  0
LAYER
  5
13
330
F
100
AcDbSymbolTableRecord
100
AcDbLayerTableRecord
  2
F.Cu
 70
0
 62
13
420
13120564
  6
CONTINUOUS
390
10
  0
LAYER
  5
14
330
F
100
AcDbSymbolTableRecord
100
AcDbLayerTableRecord
  2
B.Cu
 70
0
 62
153
420
5078980
  6
CONTINUOUS
390
10
  0
LAYER
  5
15
330
F
100
AcDbSymbolTableRecord
100
AcDbLayerTableRecord
  2
F.Paste
 70
0
 62
253
420
11837594
  6
CONTINUOUS
390
10
  0
LAYER
  5
16
330
F
100
AcDbSymbolTableRecord
100
AcDbLayerTableRecord
  2
B.Paste
 70
0
 62
132
420
49858
  6
CONTINUOUS
390
10
  0
LAYER
  5
17
330
F
100
AcDbSymbolTableRecord
100
AcDbLayerTableRecord
  2
F.Silkscreen
 70
0
 62
41
420
15920545
  6
CONTINUOUS
390
10
  0
LAYER
  5
18
330
F
100
AcDbSymbolTableRecord
100
AcDbLayerTableRecord
  2
B.Silkscreen
 70
0
 62
31
420
15250087
  6
CONTINUOUS
390
10
  0
LAYER
  5
19
330
F
100
AcDbSymbolTableRecord
100
AcDbLayerTableRecord
  2
F.Mask
 70
0
 62
201
420
14181631
  6
CONTINUOUS
390
10
  0
LAYER
  5
1A
330
F
100
AcDbSymbolTableRecord
100
AcDbLayerTableRecord
  2
B.Mask
 70
0
 62
4
420
196590
  6
CONTINUOUS
390
10
  0
LAYER
  5
1B
330
F
100
AcDbSymbolTableRecord
100
AcDbLayerTableRecord
  2
Edge.Cuts
 70
0
 62
254
420
13685453
  6
CONTINUOUS
390
10
  0
ENDTAB
  0
TABLE
  2
VPORT
  5
1C
330
0
100
AcDbSymbolTable
 70
0
  0
ENDTAB
  0
TABLE
  2
VIEW
  5
1D
330
0
100
AcDbSymbolTable
 70
0
  0
ENDTAB
  0
TABLE
  2
UCS
  5
1E
330
0
100
AcDbSymbolTable
 70
0
  0
ENDTAB
  0
TABLE
  2
DIMSTYLE
  5
1F
330
0
100
AcDbSymbolTable
 70
1
100
AcDbDimStyleTable
 71
0
  0
DIMSTYLE
105
20
330
1F
100
AcDbSymbolTableRecord
100
AcDbDimStyleTableRecord
  2
Standard
 70
0
  0
ENDTAB
  0
TABLE
  2
BLOCK_RECORD
  5
21
330
0
100
AcDbSymbolTable
 70
3
  0
BLOCK_RECORD
  5
22
330
21
100
AcDbSymbolTableRecord
100
AcDbBlockTableRecord
  2
*Model_Space
340
25
 70
0
280
1
281
0
  0
BLOCK_RECORD
  5
23
330
21
100
AcDbSymbolTableRecord
100
AcDbBlockTableRecord
  2
*Paper_Space
340
26
 70
0
280
1
281
0
  0
BLOCK_RECORD
  5
24
330
21
100
AcDbSymbolTableRecord
100
AcDbBlockTableRecord
  2
*Paper_Space0
340
27
 70
0
280
1
281
0
  0
ENDTAB
  0
ENDSEC
  0
SECTION
  2
BLOCKS
  0
BLOCK
  5
2B
330
22
100
AcDbEntity
  8
0
100
AcDbBlockBegin
  2
*Model_Space
 70
0
 10
0.0
 20
0.0
 30
0.0
  3
*Model_Space
  1

  0
ENDBLK
  5
2A
330
22
100
AcDbEntity
  8
0
100
AcDbBlockEnd
  0
BLOCK
  5
2D
330
23
100
AcDbEntity
 67
1
  8
0
100
AcDbBlockBegin
  2
*Paper_Space
 70
0
 10
0.0
 20
0.0
 30
0.0
  3
*Paper_Space
  1

  0
ENDBLK
  5
2C
330
23
100
AcDbEntity
 67
1
  8
0
100
AcDbBlockEnd
  0
BLOCK
  5
2F
330
24
100
AcDbEntity
 67
1
  8
0
100
AcDbBlockBegin
  2
*Paper_Space0
 70
0
 10
0.0
 20
0.0
 30
0.0
  3
*Paper_Space0
  1

  0
ENDBLK
  5
2E
330
24
100
AcDbEntity
 67
1
  8
0
100
AcDbBlockEnd
  0
ENDSEC
  0
SECTION
  2
ENTITIES
  0
LINE
  5
30
330
22
100
AcDbEntity
  8
B.Cu
  6
CONTINUOUS
100
AcDbLine
 10
6.0640996062992123
 20
-4.3371412992125986
 30
0
 11
6.069172992125984
 21
-4.3400704330708662
 31
0
  0
LINE
  5
31
330
22
100
AcDbEntity
  8
B.Cu
  6
CONTINUOUS
100
AcDbLine
 10
6.069172992125984
 20
-4.3400704330708662
 30
0
 11
6.0733153937007875
 21
-4.3442128346456688
 31
0
  0
LINE
  5
32
330
22
100
AcDbEntity
  8
B.Cu
  6
CONTINUOUS
100
AcDbLine
 10
6.0733153937007875
 20
-4.3442128346456688
 30
0
 11
6.0762445275590551
 21
-4.3492862204724405
 31
0
  0
LINE
  5
33
330
22
100
AcDbEntity
  8
B.Cu
  6
CONTINUOUS
100
AcDbLine
 10
6.0762445275590551
 20
-4.3492862204724405
 30
0
 11
6.0777607874015747
 21
-4.3549448818897636
 31
0
  0
LINE
  5
34
330
22
100
AcDbEntity
  8
B.Cu
  6
CONTINUOUS
100
AcDbLine
 10
6.0777607874015747
 20
-4.3549448818897636
 30
0
 11
6.0779527559055113
 21
-4.3578740157480311
 31
0
  0
LINE
  5
35
330
22
100
AcDbEntity
  8
B.Cu
  6
CONTINUOUS
100
AcDbLine
 10
6.0779527559055113
 20
-4.3578740157480311
 30
0
 11
6.0779527559055113
 21
-4.3917322834645667
 31
0
  0
LINE
  5
36
330
22
100
AcDbEntity
  8
B.Cu
  6
CONTINUOUS
100
AcDbLine
 10
6.0779527559055113
 20
-4.3917322834645667
 30
0
 11
6.0777607874015747
 21
-4.3946614173228342
 31
0
  0
LINE
  5
37
330
22
100
AcDbEntity
  8
B.Cu
  6
CONTINUOUS
100
AcDbLine
 10
6.0777607874015747
 20
-4.3946614173228342
 30
0
 11
6.0762445275590551
 21
-4.4003200787401573
 31
0
  0
LINE
  5
38
330
22
100
AcDbEntity
  8
B.Cu
  6
CONTINUOUS
100
AcDbLine
 10
6.0762445275590551
 20
-4.4003200787401573
 30
0
 11
6.0733153937007875
 21
-4.405393464566929
 31
0
  0
LINE
  5
39
330
22
100
AcDbEntity
  8
B.Cu
  6
CONTINUOUS
100
AcDbLine
 10
6.0733153937007875
 20
-4.405393464566929
 30
0
 11
6.069172992125984
 21
-4.4095358661417325
 31
0
  0
LINE
  5
3A
330
22
100
AcDbEntity
  8
B.Cu
  6
CONTINUOUS
100
AcDbLine
 10
6.069172992125984
 20
-4.4095358661417325
 30
0
 11
6.0673228346456689
 21
-4.4106040551181103
 31
0
  0
LINE
  5
3B
330
22
100
AcDbEntity
  8
B.Cu
  6
CONTINUOUS
100
AcDbLine
 10
6.0673228346456689
 20
-4.4106040551181103
 30
0
 11
6.0673228346456689
 21
-4.6825092913385822
 31
0
  0
LINE
  5
3C
330
22
100
AcDbEntity
  8
B.Cu
  6
CONTINUOUS
100
AcDbLine
 10
6.0673228346456689
 20
-4.6825092913385822
 30
0
 11
6.1530833858267719
 21
-4.7682698425196852
 31
0
  0
LINE
  5
3D
330
22
100
AcDbEntity
  8
B.Cu
  6
CONTINUOUS
100
AcDbLine
 10
6.1530833858267719
 20
-4.7682698425196852
 30
0
 11
6.1598312992125983
 21
-4.7654748031496066
 31
0
  0
LINE
  5
3E
330
22
100
AcDbEntity
  8
B.Cu
  6
CONTINUOUS
100
AcDbLine
 10
6.1598312992125983
 20
-4.7654748031496066
 30
0
 11
6.1674009055118111
 21
-4.7639690944881892
 31
0
  0
LINE
  5
3F
330
22
100
AcDbEntity
  8
B.Cu
  6
CONTINUOUS
100
AcDbLine
 10
6.1674009055118111
 20
-4.7639690944881892
 30
0
 11
6.1751187795275593
 21
-4.7639690944881892
 31
0
  0
LINE
  5
40
330
22
100
AcDbEntity
  8
B.Cu
  6
CONTINUOUS
100
AcDbLine
 10
6.1751187795275593
 20
-4.7639690944881892
 30
0
 11
6.1826883858267712
 21
-4.7654748031496066
 31
0
  0
LINE
  5
41
330
22
100
AcDbEntity
  8
B.Cu
  6
CONTINUOUS
100
AcDbLine
 10
6.1826883858267712
 20
-4.7654748031496066
 30
0
 11
6.1898187795275588
 21
-4.768428307086614
 31
0
  0
LINE
  5
42
330
22
100
AcDbEntity
  8
B.Cu
  6
CONTINUOUS
100
AcDbLine
 10
6.1898187795275588
 20
-4.768428307086614
 30
0
 11
6.1962359448818898
 21
-4.7727161417322836
 31
0
  0
LINE
  5
43
330
22
100
AcDbEntity
  8
B.Cu
  6
CONTINUOUS
100
AcDbLine
 10
6.1962359448818898
 20
-4.7727161417322836
 30
0
 11
6.2016933070866136
 21
-4.7781735039370075
 31
0
  0
LINE
  5
44
330
22
100
AcDbEntity
  8
B.Cu
  6
CONTINUOUS
100
AcDbLine
 10
6.2016933070866136
 20
-4.7781735039370075
 30
0
 11
6.2059811417322832
 21
-4.7845906692913385
 31
0
  0
LINE
  5
45
330
22
100
AcDbEntity
  8
B.Cu
  6
CONTINUOUS
100
AcDbLine
 10
6.2059811417322832
 20
-4.7845906692913385
 30
0
 11
6.2087762204724406
 21
-4.7913385826771648
 31
0
  0
LINE
  5
46
330
22
100
AcDbEntity
  8
B.Cu
  6
CONTINUOUS
100
AcDbLine
 10
6.2087762204724406
 20
-4.7913385826771648
 30
0
 11
6.3896489763779529
 21
-4.7913385826771648
 31
0
  0
LINE
  5
47
330
22
100
AcDbEntity
  8
B.Cu
  6
CONTINUOUS
100
AcDbLine
 10
6.3896489763779529
 20
-4.7913385826771648
 30
0
 11
6.3924440551181103
 21
-4.7845906692913385
 31
0
  0
LINE
  5
48
330
22
100
AcDbEntity
  8
B.Cu
  6
CONTINUOUS
100
AcDbLine
 10
6.3924440551181103
 20
-4.7845906692913385
 30
0
 11
6.396731889763779
 21
-4.7781735039370075
 31
0
  0
LINE
  5
49
330
22
100
AcDbEntity
  8
B.Cu
  6
CONTINUOUS
100
AcDbLine
 10
6.396731889763779
 20
-4.7781735039370075
 30
0
 11
6.4021892519685037
 21
-4.7727161417322836
 31
0
  0
LINE
  5
4A
330
22
100
AcDbEntity
  8
B.Cu
  6
CONTINUOUS
100
AcDbLine
 10
6.4021892519685037
 20
-4.7727161417322836
 30
0
 11
6.4086064173228348
 21
-4.768428307086614
 31
0
  0
LINE
  5
4B
330
22
100
AcDbEntity
  8
B.Cu
  6
CONTINUOUS
100
AcDbLine
 10
6.4086064173228348
 20
-4.768428307086614
 30
0
 11
6.4157368110236215
 21
-4.7654748031496066
 31
0
  0
LINE
  5
4C
330
22
100
AcDbEntity
  8
B.Cu
  6
CONTINUOUS
100
AcDbLine
 10
6.4157368110236215
 20
-4.7654748031496066
 30
0
 11
6.4233064173228342
 21
-4.7639690944881892
 31
0
  0
LINE
  5
4D
330
22
100
AcDbEntity
  8
B.Cu
  6
CONTINUOUS
100
AcDbLine
 10
6.4233064173228342
 20
-4.7639690944881892
 30
0
 11
6.4310242913385824
 21
-4.7639690944881892
 31
0
  0
LINE
  5
4E
330
22
100
AcDbEntity
  8
B.Cu
  6
CONTINUOUS
100
AcDbLine
 10
6.4310242913385824
 20
-4.7639690944881892
 30
0
 11
6.4385938976377952
 21
-4.7654748031496066
 31
0
  0
LINE
  5
4F
330
22
100
AcDbEntity
  8
B.Cu
  6
CONTINUOUS
100
AcDbLine
 10
6.4385938976377952
 20
-4.7654748031496066
 30
0
 11
6.4457242913385828
 21
-4.768428307086614
 31
0
  0
LINE
  5
50
330
22
100
AcDbEntity
  8
B.Cu
  6
CONTINUOUS
100
AcDbLine
 10
6.4457242913385828
 20
-4.768428307086614
 30
0
 11
6.4521414566929129
 21
-4.7727161417322836
 31
0
  0
LINE
  5
51
330
22
100
AcDbEntity
  8
B.Cu
  6
CONTINUOUS
100
AcDbLine
 10
6.4521414566929129
 20
-4.7727161417322836
 30
0
 11
6.4575988188976376
 21
-4.7781735039370075
 31
0
  0
LINE
  5
52
330
22
100
AcDbEntity
  8
B.Cu
  6
CONTINUOUS
100
AcDbLine
 10
6.4575988188976376
 20
-4.7781735039370075
 30
0
 11
6.4618866535433073
 21
-4.7845906692913385
 31
0
  0
LINE
  5
53
330
22
100
AcDbEntity
  8
B.Cu
  6
CONTINUOUS
100
AcDbLine
 10
6.4618866535433073
 20
-4.7845906692913385
 30
0
 11
6.4648401574803147
 21
-4.7917210629921261
 31
0
  0
LINE
  5
54
330
22
100
AcDbEntity
  8
B.Cu
  6
CONTINUOUS
100
AcDbLine
 10
6.4648401574803147
 20
-4.7917210629921261
 30
0
 11
6.4663458661417321
 21
-4.7992906692913389
 31
0
  0
LINE
  5
55
330
22
100
AcDbEntity
  8
B.Cu
  6
CONTINUOUS
100
AcDbLine
 10
6.4663458661417321
 20
-4.7992906692913389
 30
0
 11
6.4663458661417321
 21
-4.8070085433070862
 31
0
  0
LINE
  5
56
330
22
100
AcDbEntity
  8
B.Cu
  6
CONTINUOUS
100
AcDbLine
 10
6.4663458661417321
 20
-4.8070085433070862
 30
0
 11
6.4648401574803147
 21
-4.8145781496062989
 31
0
  0
LINE
  5
57
330
22
100
AcDbEntity
  8
B.Cu
  6
CONTINUOUS
100
AcDbLine
 10
6.4648401574803147
 20
-4.8145781496062989
 30
0
 11
6.4618866535433073
 21
-4.8217085433070865
 31
0
  0
LINE
  5
58
330
22
100
AcDbEntity
  8
B.Cu
  6
CONTINUOUS
100
AcDbLine
 10
6.4618866535433073
 20
-4.8217085433070865
 30
0
 11
6.4575988188976376
 21
-4.8281257086614175
 31
0
  0
LINE
  5
59
330
22
100
AcDbEntity
  8
B.Cu
  6
CONTINUOUS
100
AcDbLine
 10
6.4575988188976376
 20
-4.8281257086614175
 30
0
 11
6.4521414566929129
 21
-4.8335830708661414
 31
0
  0
LINE
  5
5A
330
22
100
AcDbEntity
  8
B.Cu
  6
CONTINUOUS
100
AcDbLine
 10
6.4521414566929129
 20
-4.8335830708661414
 30
0
 11
6.4457242913385828
 21
-4.837870905511811
 31
0
  0
LINE
  5
5B
330
22
100
AcDbEntity
  8
B.Cu
  6
CONTINUOUS
100
AcDbLine
 10
6.4457242913385828
 20
-4.837870905511811
 30
0
 11
6.4385938976377952
 21
-4.8408244094488184
 31
0
  0
LINE
  5
5C
330
22
100
AcDbEntity
  8
B.Cu
  6
CONTINUOUS
100
AcDbLine
 10
6.4385938976377952
 20
-4.8408244094488184
 30
0
 11
6.4310242913385824
 21
-4.8423301181102358
 31
0
  0
LINE
  5
5D
330
22
100
AcDbEntity
  8
B.Cu
  6
CONTINUOUS
100
AcDbLine
 10
6.4310242913385824
 20
-4.8423301181102358
 30
0
 11
6.4233064173228342
 21
-4.8423301181102358
 31
0
  0
LINE
  5
5E
330
22
100
AcDbEntity
  8
B.Cu
  6
CONTINUOUS
100
AcDbLine
 10
6.4233064173228342
 20
-4.8423301181102358
 30
0
 11
6.4157368110236215
 21
-4.8408244094488184
 31
0
  0
LINE
  5
5F
330
22
100
AcDbEntity
  8
B.Cu
  6
CONTINUOUS
100
AcDbLine
 10
6.4157368110236215
 20
-4.8408244094488184
 30
0
 11
6.4086064173228348
 21
-4.837870905511811
 31
0
  0
LINE
  5
60
330
22
100
AcDbEntity
  8
B.Cu
  6
CONTINUOUS
100
AcDbLine
 10
6.4086064173228348
 20
-4.837870905511811
 30
0
 11
6.4021892519685037
 21
-4.8335830708661414
 31
0
  0
LINE
  5
61
330
22
100
AcDbEntity
  8
B.Cu
  6
CONTINUOUS
100
AcDbLine
 10
6.4021892519685037
 20
-4.8335830708661414
 30
0
 11
6.396731889763779
 21
-4.8281257086614175
 31
0
  0
LINE
  5
62
330
22
100
AcDbEntity
  8
B.Cu
  6
CONTINUOUS
100
AcDbLine
 10
6.396731889763779
 20
-4.8281257086614175
 30
0
 11
6.3924440551181103
 21
-4.8217085433070865
 31
0
  0
LINE
  5
63
330
22
100
AcDbEntity
  8
B.Cu
  6
CONTINUOUS
100
AcDbLine
 10
6.3924440551181103
 20
-4.8217085433070865
 30
0
 11
6.3896489763779529
 21
-4.8149606299212602
 31
0
  0
LINE
  5
64
330
22
100
AcDbEntity
  8
B.Cu
  6
CONTINUOUS
100
AcDbLine
 10
6.3896489763779529
 20
-4.8149606299212602
 30
0
 11
6.2087762204724406
 21
-4.8149606299212602
 31
0
  0
LINE
  5
65
330
22
100
AcDbEntity
  8
B.Cu
  6
CONTINUOUS
100
AcDbLine
 10
6.2087762204724406
 20
-4.8149606299212602
 30
0
 11
6.2059811417322832
 21
-4.8217085433070865
 31
0
  0
LINE
  5
66
330
22
100
AcDbEntity
  8
B.Cu
  6
CONTINUOUS
100
AcDbLine
 10
6.2059811417322832
 20
-4.8217085433070865
 30
0
 11
6.2016933070866136
 21
-4.8281257086614175
 31
0
  0
LINE
  5
67
330
22
100
AcDbEntity
  8
B.Cu
  6
CONTINUOUS
100
AcDbLine
 10
6.2016933070866136
 20
-4.8281257086614175
 30
0
 11
6.1962359448818898
 21
-4.8335830708661414
 31
0
  0
LINE
  5
68
330
22
100
AcDbEntity
  8
B.Cu
  6
CONTINUOUS
100
AcDbLine
 10
6.1962359448818898
 20
-4.8335830708661414
 30
0
 11
6.1898187795275588
 21
-4.837870905511811
 31
0
  0
LINE
  5
69
330
22
100
AcDbEntity
  8
B.Cu
  6
CONTINUOUS
100
AcDbLine
 10
6.1898187795275588
 20
-4.837870905511811
 30
0
 11
6.1826883858267712
 21
-4.8408244094488184
 31
0
  0
LINE
  5
6A
330
22
100
AcDbEntity
  8
B.Cu
  6
CONTINUOUS
100
AcDbLine
 10
6.1826883858267712
 20
-4.8408244094488184
 30
0
 11
6.1751187795275593
 21
-4.8423301181102358
 31
0
  0
LINE
  5
6B
330
22
100
AcDbEntity
  8
B.Cu
  6
CONTINUOUS
100
AcDbLine
 10
6.1751187795275593
 20
-4.8423301181102358
 30
0
 11
6.1674009055118111
 21
-4.8423301181102358
 31
0
  0
LINE
  5
6C
330
22
100
AcDbEntity
  8
B.Cu
  6
CONTINUOUS
100
AcDbLine
 10
6.1674009055118111
 20
-4.8423301181102358
 30
0
 11
6.1598312992125983
 21
-4.8408244094488184
 31
0
  0
LINE
  5
6D
330
22
100
AcDbEntity
  8
B.Cu
  6
CONTINUOUS
100
AcDbLine
 10
6.1598312992125983
 20
-4.8408244094488184
 30
0
 11
6.1527009055118107
 21
-4.837870905511811
 31
0
  0
LINE
  5
6E
330
22
100
AcDbEntity
  8
B.Cu
  6
CONTINUOUS
100
AcDbLine
 10
6.1527009055118107
 20
-4.837870905511811
 30
0
 11
6.1462837401574806
 21
-4.8335830708661414
 31
0
  0
LINE
  5
6F
330
22
100
AcDbEntity
  8
B.Cu
  6
CONTINUOUS
100
AcDbLine
 10
6.1462837401574806
 20
-4.8335830708661414
 30
0
 11
6.1408263779527559
 21
-4.8281257086614175
 31
0
  0
LINE
  5
70
330
22
100
AcDbEntity
  8
B.Cu
  6
CONTINUOUS
100
AcDbLine
 10
6.1408263779527559
 20
-4.8281257086614175
 30
0
 11
6.1365385433070863
 21
-4.8217085433070865
 31
0
  0
LINE
  5
71
330
22
100
AcDbEntity
  8
B.Cu
  6
CONTINUOUS
100
AcDbLine
 10
6.1365385433070863
 20
-4.8217085433070865
 30
0
 11
6.1335850393700788
 21
-4.8145781496062989
 31
0
  0
LINE
  5
72
330
22
100
AcDbEntity
  8
B.Cu
  6
CONTINUOUS
100
AcDbLine
 10
6.1335850393700788
 20
-4.8145781496062989
 30
0
 11
6.1320793307086614
 21
-4.8070085433070862
 31
0
  0
LINE
  5
73
330
22
100
AcDbEntity
  8
B.Cu
  6
CONTINUOUS
100
AcDbLine
 10
6.1320793307086614
 20
-4.8070085433070862
 30
0
 11
6.1320793307086614
 21
-4.7992906692913389
 31
0
  0
LINE
  5
74
330
22
100
AcDbEntity
  8
B.Cu
  6
CONTINUOUS
100
AcDbLine
 10
6.1320793307086614
 20
-4.7992906692913389
 30
0
 11
6.1335850393700788
 21
-4.7917210629921261
 31
0
  0
LINE
  5
75
330
22
100
AcDbEntity
  8
B.Cu
  6
CONTINUOUS
100
AcDbLine
 10
6.1335850393700788
 20
-4.7917210629921261
 30
0
 11
6.1363800787401575
 21
-4.7849731496062988
 31
0
  0
LINE
  5
76
330
22
100
AcDbEntity
  8
B.Cu
  6
CONTINUOUS
100
AcDbLine
 10
6.1363800787401575
 20
-4.7849731496062988
 30
0
 11
6.0471601574803149
 21
-4.6957532283464563
 31
0
  0
LINE
  5
77
330
22
100
AcDbEntity
  8
B.Cu
  6
CONTINUOUS
100
AcDbLine
 10
6.0471601574803149
 20
-4.6957532283464563
 30
0
 11
6.046141496062992
 21
-4.6945916535433065
 31
0
  0
LINE
  5
78
330
22
100
AcDbEntity
  8
B.Cu
  6
CONTINUOUS
100
AcDbLine
 10
6.046141496062992
 20
-4.6945916535433065
 30
0
 11
6.044599842519685
 21
-4.6919214566929135
 31
0
  0
LINE
  5
79
330
22
100
AcDbEntity
  8
B.Cu
  6
CONTINUOUS
100
AcDbLine
 10
6.044599842519685
 20
-4.6919214566929135
 30
0
 11
6.0438018503937005
 21
-4.6889432283464565
 31
0
  0
LINE
  5
7A
330
22
100
AcDbEntity
  8
B.Cu
  6
CONTINUOUS
100
AcDbLine
 10
6.0438018503937005
 20
-4.6889432283464565
 30
0
 11
6.0437007874015745
 21
-4.6874015748031495
 31
0
  0
LINE
  5
7B
330
22
100
AcDbEntity
  8
B.Cu
  6
CONTINUOUS
100
AcDbLine
 10
6.0437007874015745
 20
-4.6874015748031495
 30
0
 11
6.0437007874015745
 21
-4.4106040551181103
 31
0
  0
LINE
  5
7C
330
22
100
AcDbEntity
  8
B.Cu
  6
CONTINUOUS
100
AcDbLine
 10
6.0437007874015745
 20
-4.4106040551181103
 30
0
 11
6.0418506299212593
 21
-4.4095358661417325
 31
0
  0
LINE
  5
7D
330
22
100
AcDbEntity
  8
B.Cu
  6
CONTINUOUS
100
AcDbLine
 10
6.0418506299212593
 20
-4.4095358661417325
 30
0
 11
6.0377082283464567
 21
-4.405393464566929
 31
0
  0
LINE
  5
7E
330
22
100
AcDbEntity
  8
B.Cu
  6
CONTINUOUS
100
AcDbLine
 10
6.0377082283464567
 20
-4.405393464566929
 30
0
 11
6.0347790944881892
 21
-4.4003200787401573
 31
0
  0
LINE
  5
7F
330
22
100
AcDbEntity
  8
B.Cu
  6
CONTINUOUS
100
AcDbLine
 10
6.0347790944881892
 20
-4.4003200787401573
 30
0
 11
6.0332628346456696
 21
-4.3946614173228342
 31
0
  0
LINE
  5
80
330
22
100
AcDbEntity
  8
B.Cu
  6
CONTINUOUS
100
AcDbLine
 10
6.0332628346456696
 20
-4.3946614173228342
 30
0
 11
6.033070866141732
 21
-4.3917322834645667
 31
0
  0
LINE
  5
81
330
22
100
AcDbEntity
  8
B.Cu
  6
CONTINUOUS
100
AcDbLine
 10
6.033070866141732
 20
-4.3917322834645667
 30
0
 11
6.033070866141732
 21
-4.3578740157480311
 31
0
  0
LINE
  5
82
330
22
100
AcDbEntity
  8
B.Cu
  6
CONTINUOUS
100
AcDbLine
 10
6.033070866141732
 20
-4.3578740157480311
 30
0
 11
6.0332628346456696
 21
-4.3549448818897636
 31
0
  0
LINE
  5
83
330
22
100
AcDbEntity
  8
B.Cu
  6
CONTINUOUS
100
AcDbLine
 10
6.0332628346456696
 20
-4.3549448818897636
 30
0
 11
6.0347790944881892
 21
-4.3492862204724405
 31
0
  0
LINE
  5
84
330
22
100
AcDbEntity
  8
B.Cu
  6
CONTINUOUS
100
AcDbLine
 10
6.0347790944881892
 20
-4.3492862204724405
 30
0
 11
6.0377082283464567
 21
-4.3442128346456688
 31
0
  0
LINE
  5
85
330
22
100
AcDbEntity
  8
B.Cu
  6
CONTINUOUS
100
AcDbLine
 10
6.0377082283464567
 20
-4.3442128346456688
 30
0
 11
6.0418506299212593
 21
-4.3400704330708662
 31
0
  0
LINE
  5
86
330
22
100
AcDbEntity
  8
B.Cu
  6
CONTINUOUS
100
AcDbLine
 10
6.0418506299212593
 20
-4.3400704330708662
 30
0
 11
6.0469240157480311
 21
-4.3371412992125986
 31
0
  0
LINE
  5
87
330
22
100
AcDbEntity
  8
B.Cu
  6
CONTINUOUS
100
AcDbLine
 10
6.0469240157480311
 20
-4.3371412992125986
 30
0
 11
6.0525826771653541
 21
-4.335625039370079
 31
0
  0
LINE
  5
88
330
22
100
AcDbEntity
  8
B.Cu
  6
CONTINUOUS
100
AcDbLine
 10
6.0525826771653541
 20
-4.335625039370079
 30
0
 11
6.0584409448818892
 21
-4.335625039370079
 31
0
  0
LINE
  5
89
330
22
100
AcDbEntity
  8
B.Cu
  6
CONTINUOUS
100
AcDbLine
 10
6.0584409448818892
 20
-4.335625039370079
 30
0
 11
6.0640996062992123
 21
-4.3371412992125986
 31
0
  0
LINE
  5
8A
330
22
100
AcDbEntity
  8
B.Cu
  6
CONTINUOUS
100
AcDbLine
 10
5.8086282677165357
 20
-2.8819908267716534
 30
0
 11
5.8116064960629918
 21
-2.8827888188976378
 31
0
  0
LINE
  5
8B
330
22
100
AcDbEntity
  8
B.Cu
  6
CONTINUOUS
100
AcDbLine
 10
5.8116064960629918
 20
-2.8827888188976378
 30
0
 11
5.8142766929133858
 21
-2.8843304724409449
 31
0
  0
LINE
  5
8C
330
22
100
AcDbEntity
  8
B.Cu
  6
CONTINUOUS
100
AcDbLine
 10
5.8142766929133858
 20
-2.8843304724409449
 30
0
 11
5.8154382677165355
 21
-2.8853491338582677
 31
0
  0
LINE
  5
8D
330
22
100
AcDbEntity
  8
B.Cu
  6
CONTINUOUS
100
AcDbLine
 10
5.8154382677165355
 20
-2.8853491338582677
 30
0
 11
5.8516587401574798
 21
-2.9215696062992125
 31
0
  0
LINE
  5
8E
330
22
100
AcDbEntity
  8
B.Cu
  6
CONTINUOUS
100
AcDbLine
 10
5.8516587401574798
 20
-2.9215696062992125
 30
0
 11
5.8526770472440948
 21
-2.9227308267716534
 31
0
  0
LINE
  5
8F
330
22
100
AcDbEntity
  8
B.Cu
  6
CONTINUOUS
100
AcDbLine
 10
5.8526770472440948
 20
-2.9227308267716534
 30
0
 11
5.8526774015748027
 21
-2.9227311811023622
 31
0
  0
LINE
  5
90
330
22
100
AcDbEntity
  8
B.Cu
  6
CONTINUOUS
100
AcDbLine
 10
5.8526774015748027
 20
-2.9227311811023622
 30
0
 11
5.8542190551181097
 21
-2.9254013779527557
 31
0
  0
LINE
  5
91
330
22
100
AcDbEntity
  8
B.Cu
  6
CONTINUOUS
100
AcDbLine
 10
5.8542190551181097
 20
-2.9254013779527557
 30
0
 11
5.8550170472440941
 21
-2.9283796062992127
 31
0
  0
LINE
  5
92
330
22
100
AcDbEntity
  8
B.Cu
  6
CONTINUOUS
100
AcDbLine
 10
5.8550170472440941
 20
-2.9283796062992127
 30
0
 11
5.8551181102362202
 21
-2.9299212598425197
 31
0
  0
LINE
  5
93
330
22
100
AcDbEntity
  8
B.Cu
  6
CONTINUOUS
100
AcDbLine
 10
5.8551181102362202
 20
-2.9299212598425197
 30
0
 11
5.8551181102362202
 21
-2.960970905511811
 31
0
  0
LINE
  5
94
330
22
100
AcDbEntity
  8
B.Cu
  6
CONTINUOUS
100
AcDbLine
 10
5.8551181102362202
 20
-2.960970905511811
 30
0
 11
5.859082165354331
 21
-2.9626128740157478
 31
0
  0
LINE
  5
95
330
22
100
AcDbEntity
  8
B.Cu
  6
CONTINUOUS
100
AcDbLine
 10
5.859082165354331
 20
-2.9626128740157478
 30
0
 11
5.864536771653543
 21
-2.9662575196850391
 31
0
  0
LINE
  5
96
330
22
100
AcDbEntity
  8
B.Cu
  6
CONTINUOUS
100
AcDbLine
 10
5.864536771653543
 20
-2.9662575196850391
 30
0
 11
5.8691755511811019
 21
-2.9708962992125985
 31
0
  0
LINE
  5
97
330
22
100
AcDbEntity
  8
B.Cu
  6
CONTINUOUS
100
AcDbLine
 10
5.8691755511811019
 20
-2.9708962992125985
 30
0
 11
5.8728201968503937
 21
-2.9763509055118109
 31
0
  0
LINE
  5
98
330
22
100
AcDbEntity
  8
B.Cu
  6
CONTINUOUS
100
AcDbLine
 10
5.8728201968503937
 20
-2.9763509055118109
 30
0
 11
5.8753306692913387
 21
-2.9824117322834645
 31
0
  0
LINE
  5
99
330
22
100
AcDbEntity
  8
B.Cu
  6
CONTINUOUS
100
AcDbLine
 10
5.8753306692913387
 20
-2.9824117322834645
 30
0
 11
5.8766105118110232
 21
-2.9888458661417321
 31
0
  0
LINE
  5
9A
330
22
100
AcDbEntity
  8
B.Cu
  6
CONTINUOUS
100
AcDbLine
 10
5.8766105118110232
 20
-2.9888458661417321
 30
0
 11
5.8766105118110232
 21
-2.9954061023622045
 31
0
  0
LINE
  5
9B
330
22
100
AcDbEntity
  8
B.Cu
  6
CONTINUOUS
100
AcDbLine
 10
5.8766105118110232
 20
-2.9954061023622045
 30
0
 11
5.8753306692913387
 21
-3.0018402362204726
 31
0
  0
LINE
  5
9C
330
22
100
AcDbEntity
  8
B.Cu
  6
CONTINUOUS
100
AcDbLine
 10
5.8753306692913387
 20
-3.0018402362204726
 30
0
 11
5.8728201968503937
 21
-3.0079010629921261
 31
0
  0
LINE
  5
9D
330
22
100
AcDbEntity
  8
B.Cu
  6
CONTINUOUS
100
AcDbLine
 10
5.8728201968503937
 20
-3.0079010629921261
 30
0
 11
5.8691755511811019
 21
-3.0133556692913386
 31
0
  0
LINE
  5
9E
330
22
100
AcDbEntity
  8
B.Cu
  6
CONTINUOUS
100
AcDbLine
 10
5.8691755511811019
 20
-3.0133556692913386
 30
0
 11
5.864536771653543
 21
-3.0179944488188974
 31
0
  0
LINE
  5
9F
330
22
100
AcDbEntity
  8
B.Cu
  6
CONTINUOUS
100
AcDbLine
 10
5.864536771653543
 20
-3.0179944488188974
 30
0
 11
5.859082165354331
 21
-3.0216390944881888
 31
0
  0
LINE
  5
A0
330
22
100
AcDbEntity
  8
B.Cu
  6
CONTINUOUS
100
AcDbLine
 10
5.859082165354331
 20
-3.0216390944881888
 30
0
 11
5.8530213385826766
 21
-3.0241495669291338
 31
0
  0
LINE
  5
A1
330
22
100
AcDbEntity
  8
B.Cu
  6
CONTINUOUS
100
AcDbLine
 10
5.8530213385826766
 20
-3.0241495669291338
 30
0
 11
5.8465872047244094
 21
-3.0254294094488188
 31
0
  0
LINE
  5
A2
330
22
100
AcDbEntity
  8
B.Cu
  6
CONTINUOUS
100
AcDbLine
 10
5.8465872047244094
 20
-3.0254294094488188
 30
0
 11
5.8400269685039365
 21
-3.0254294094488188
 31
0
  0
LINE
  5
A3
330
22
100
AcDbEntity
  8
B.Cu
  6
CONTINUOUS
100
AcDbLine
 10
5.8400269685039365
 20
-3.0254294094488188
 30
0
 11
5.8335928346456694
 21
-3.0241495669291338
 31
0
  0
LINE
  5
A4
330
22
100
AcDbEntity
  8
B.Cu
  6
CONTINUOUS
100
AcDbLine
 10
5.8335928346456694
 20
-3.0241495669291338
 30
0
 11
5.8275320078740158
 21
-3.0216390944881888
 31
0
  0
LINE
  5
A5
330
22
100
AcDbEntity
  8
B.Cu
  6
CONTINUOUS
100
AcDbLine
 10
5.8275320078740158
 20
-3.0216390944881888
 30
0
 11
5.8220774015748029
 21
-3.0179944488188974
 31
0
  0
LINE
  5
A6
330
22
100
AcDbEntity
  8
B.Cu
  6
CONTINUOUS
100
AcDbLine
 10
5.8220774015748029
 20
-3.0179944488188974
 30
0
 11
5.817438622047244
 21
-3.0133556692913386
 31
0
  0
LINE
  5
A7
330
22
100
AcDbEntity
  8
B.Cu
  6
CONTINUOUS
100
AcDbLine
 10
5.817438622047244
 20
-3.0133556692913386
 30
0
 11
5.8137939763779523
 21
-3.0079010629921261
 31
0
  0
LINE
  5
A8
330
22
100
AcDbEntity
  8
B.Cu
  6
CONTINUOUS
100
AcDbLine
 10
5.8137939763779523
 20
-3.0079010629921261
 30
0
 11
5.8112835039370081
 21
-3.0018402362204726
 31
0
  0
LINE
  5
A9
330
22
100
AcDbEntity
  8
B.Cu
  6
CONTINUOUS
100
AcDbLine
 10
5.8112835039370081
 20
-3.0018402362204726
 30
0
 11
5.8100036614173227
 21
-2.9954061023622045
 31
0
  0
LINE
  5
AA
330
22
100
AcDbEntity
  8
B.Cu
  6
CONTINUOUS
100
AcDbLine
 10
5.8100036614173227
 20
-2.9954061023622045
 30
0
 11
5.8100036614173227
 21
-2.9888458661417321
 31
0
  0
LINE
  5
AB
330
22
100
AcDbEntity
  8
B.Cu
  6
CONTINUOUS
100
AcDbLine
 10
5.8100036614173227
 20
-2.9888458661417321
 30
0
 11
5.8112835039370081
 21
-2.9824117322834645
 31
0
  0
LINE
  5
AC
330
22
100
AcDbEntity
  8
B.Cu
  6
CONTINUOUS
100
AcDbLine
 10
5.8112835039370081
 20
-2.9824117322834645
 30
0
 11
5.8137939763779523
 21
-2.9763509055118109
 31
0
  0
LINE
  5
AD
330
22
100
AcDbEntity
  8
B.Cu
  6
CONTINUOUS
100
AcDbLine
 10
5.8137939763779523
 20
-2.9763509055118109
 30
0
 11
5.817438622047244
 21
-2.9708962992125985
 31
0
  0
LINE
  5
AE
330
22
100
AcDbEntity
  8
B.Cu
  6
CONTINUOUS
100
AcDbLine
 10
5.817438622047244
 20
-2.9708962992125985
 30
0
 11
5.8220774015748029
 21
-2.9662575196850391
 31
0
  0
LINE
  5
AF
330
22
100
AcDbEntity
  8
B.Cu
  6
CONTINUOUS
100
AcDbLine
 10
5.8220774015748029
 20
-2.9662575196850391
 30
0
 11
5.8275320078740158
 21
-2.9626128740157478
 31
0
  0
LINE
  5
B0
330
22
100
AcDbEntity
  8
B.Cu
  6
CONTINUOUS
100
AcDbLine
 10
5.8275320078740158
 20
-2.9626128740157478
 30
0
 11
5.8314960629921258
 21
-2.960970905511811
 31
0
  0
LINE
  5
B1
330
22
100
AcDbEntity
  8
B.Cu
  6
CONTINUOUS
100
AcDbLine
 10
5.8314960629921258
 20
-2.960970905511811
 30
0
 11
5.8314960629921258
 21
-2.9348135433070865
 31
0
  0
LINE
  5
B2
330
22
100
AcDbEntity
  8
B.Cu
  6
CONTINUOUS
100
AcDbLine
 10
5.8314960629921258
 20
-2.9348135433070865
 30
0
 11
5.8021943307086614
 21
-2.9055118110236218
 31
0
  0
LINE
  5
B3
330
22
100
AcDbEntity
  8
B.Cu
  6
CONTINUOUS
100
AcDbLine
 10
5.8021943307086614
 20
-2.9055118110236218
 30
0
 11
5.5167033070866136
 21
-2.9055118110236218
 31
0
  0
LINE
  5
B4
330
22
100
AcDbEntity
  8
B.Cu
  6
CONTINUOUS
100
AcDbLine
 10
5.5167033070866136
 20
-2.9055118110236218
 30
0
 11
5.2874015748031491
 21
-3.1348135433070867
 31
0
  0
LINE
  5
B5
330
22
100
AcDbEntity
  8
B.Cu
  6
CONTINUOUS
100
AcDbLine
 10
5.2874015748031491
 20
-3.1348135433070867
 30
0
 11
5.2874015748031491
 21
-3.3218793700787401
 31
0
  0
LINE
  5
B6
330
22
100
AcDbEntity
  8
B.Cu
  6
CONTINUOUS
100
AcDbLine
 10
5.2874015748031491
 20
-3.3218793700787401
 30
0
 11
5.3823674015748031
 21
-3.4168451968503937
 31
0
  0
LINE
  5
B7
330
22
100
AcDbEntity
  8
B.Cu
  6
CONTINUOUS
100
AcDbLine
 10
5.3823674015748031
 20
-3.4168451968503937
 30
0
 11
5.383386062992126
 21
-3.4180067716535434
 31
0
  0
LINE
  5
B8
330
22
100
AcDbEntity
  8
B.Cu
  6
CONTINUOUS
100
AcDbLine
 10
5.383386062992126
 20
-3.4180067716535434
 30
0
 11
5.384927716535433
 21
-3.4206769685039369
 31
0
  0
LINE
  5
B9
330
22
100
AcDbEntity
  8
B.Cu
  6
CONTINUOUS
100
AcDbLine
 10
5.384927716535433
 20
-3.4206769685039369
 30
0
 11
5.3857257086614174
 21
-3.4236551968503934
 31
0
  0
LINE
  5
BA
330
22
100
AcDbEntity
  8
B.Cu
  6
CONTINUOUS
100
AcDbLine
 10
5.3857257086614174
 20
-3.4236551968503934
 30
0
 11
5.3858267716535435
 21
-3.4251968503937009
 31
0
  0
LINE
  5
BB
330
22
100
AcDbEntity
  8
B.Cu
  6
CONTINUOUS
100
AcDbLine
 10
5.3858267716535435
 20
-3.4251968503937009
 30
0
 11
5.3858267716535435
 21
-4.4242415748031494
 31
0
  0
LINE
  5
BC
330
22
100
AcDbEntity
  8
B.Cu
  6
CONTINUOUS
100
AcDbLine
 10
5.3858267716535435
 20
-4.4242415748031494
 30
0
 11
5.4379631496062988
 21
-4.4763779527559056
 31
0
  0
LINE
  5
BD
330
22
100
AcDbEntity
  8
B.Cu
  6
CONTINUOUS
100
AcDbLine
 10
5.4379631496062988
 20
-4.4763779527559056
 30
0
 11
5.6053439370078735
 21
-4.4763779527559056
 31
0
  0
LINE
  5
BE
330
22
100
AcDbEntity
  8
B.Cu
  6
CONTINUOUS
100
AcDbLine
 10
5.6053439370078735
 20
-4.4763779527559056
 30
0
 11
5.643700787401575
 21
-4.4380211023622049
 31
0
  0
LINE
  5
BF
330
22
100
AcDbEntity
  8
B.Cu
  6
CONTINUOUS
100
AcDbLine
 10
5.643700787401575
 20
-4.4380211023622049
 30
0
 11
5.643700787401575
 21
-4.4106040551181103
 31
0
  0
LINE
  5
C0
330
22
100
AcDbEntity
  8
B.Cu
  6
CONTINUOUS
100
AcDbLine
 10
5.643700787401575
 20
-4.4106040551181103
 30
0
 11
5.6418506299212599
 21
-4.4095358661417325
 31
0
  0
LINE
  5
C1
330
22
100
AcDbEntity
  8
B.Cu
  6
CONTINUOUS
100
AcDbLine
 10
5.6418506299212599
 20
-4.4095358661417325
 30
0
 11
5.6377082283464564
 21
-4.405393464566929
 31
0
  0
LINE
  5
C2
330
22
100
AcDbEntity
  8
B.Cu
  6
CONTINUOUS
100
AcDbLine
 10
5.6377082283464564
 20
-4.405393464566929
 30
0
 11
5.6347790944881888
 21
-4.4003200787401573
 31
0
  0
LINE
  5
C3
330
22
100
AcDbEntity
  8
B.Cu
  6
CONTINUOUS
100
AcDbLine
 10
5.6347790944881888
 20
-4.4003200787401573
 30
0
 11
5.6332628346456692
 21
-4.3946614173228342
 31
0
  0
LINE
  5
C4
330
22
100
AcDbEntity
  8
B.Cu
  6
CONTINUOUS
100
AcDbLine
 10
5.6332628346456692
 20
-4.3946614173228342
 30
0
 11
5.6330708661417326
 21
-4.3917322834645667
 31
0
  0
LINE
  5
C5
330
22
100
AcDbEntity
  8
B.Cu
  6
CONTINUOUS
100
AcDbLine
 10
5.6330708661417326
 20
-4.3917322834645667
 30
0
 11
5.6330708661417326
 21
-4.3578740157480311
 31
0
  0
LINE
  5
C6
330
22
100
AcDbEntity
  8
B.Cu
  6
CONTINUOUS
100
AcDbLine
 10
5.6330708661417326
 20
-4.3578740157480311
 30
0
 11
5.6332628346456692
 21
-4.3549448818897636
 31
0
  0
LINE
  5
C7
330
22
100
AcDbEntity
  8
B.Cu
  6
CONTINUOUS
100
AcDbLine
 10
5.6332628346456692
 20
-4.3549448818897636
 30
0
 11
5.6347790944881888
 21
-4.3492862204724405
 31
0
  0
LINE
  5
C8
330
22
100
AcDbEntity
  8
B.Cu
  6
CONTINUOUS
100
AcDbLine
 10
5.6347790944881888
 20
-4.3492862204724405
 30
0
 11
5.6377082283464564
 21
-4.3442128346456688
 31
0
  0
LINE
  5
C9
330
22
100
AcDbEntity
  8
B.Cu
  6
CONTINUOUS
100
AcDbLine
 10
5.6377082283464564
 20
-4.3442128346456688
 30
0
 11
5.6418506299212599
 21
-4.3400704330708662
 31
0
  0
LINE
  5
CA
330
22
100
AcDbEntity
  8
B.Cu
  6
CONTINUOUS
100
AcDbLine
 10
5.6418506299212599
 20
-4.3400704330708662
 30
0
 11
5.6469240157480316
 21
-4.3371412992125986
 31
0
  0
LINE
  5
CB
330
22
100
AcDbEntity
  8
B.Cu
  6
CONTINUOUS
100
AcDbLine
 10
5.6469240157480316
 20
-4.3371412992125986
 30
0
 11
5.6525826771653538
 21
-4.335625039370079
 31
0
  0
LINE
  5
CC
330
22
100
AcDbEntity
  8
B.Cu
  6
CONTINUOUS
100
AcDbLine
 10
5.6525826771653538
 20
-4.335625039370079
 30
0
 11
5.6584409448818898
 21
-4.335625039370079
 31
0
  0
LINE
  5
CD
330
22
100
AcDbEntity
  8
B.Cu
  6
CONTINUOUS
100
AcDbLine
 10
5.6584409448818898
 20
-4.335625039370079
 30
0
 11
5.6640996062992128
 21
-4.3371412992125986
 31
0
  0
LINE
  5
CE
330
22
100
AcDbEntity
  8
B.Cu
  6
CONTINUOUS
100
AcDbLine
 10
5.6640996062992128
 20
-4.3371412992125986
 30
0
 11
5.6691729921259837
 21
-4.3400704330708662
 31
0
  0
LINE
  5
CF
330
22
100
AcDbEntity
  8
B.Cu
  6
CONTINUOUS
100
AcDbLine
 10
5.6691729921259837
 20
-4.3400704330708662
 30
0
 11
5.6733153937007872
 21
-4.3442128346456688
 31
0
  0
LINE
  5
D0
330
22
100
AcDbEntity
  8
B.Cu
  6
CONTINUOUS
100
AcDbLine
 10
5.6733153937007872
 20
-4.3442128346456688
 30
0
 11
5.6762445275590547
 21
-4.3492862204724405
 31
0
  0
LINE
  5
D1
330
22
100
AcDbEntity
  8
B.Cu
  6
CONTINUOUS
100
AcDbLine
 10
5.6762445275590547
 20
-4.3492862204724405
 30
0
 11
5.6777607874015743
 21
-4.3549448818897636
 31
0
  0
LINE
  5
D2
330
22
100
AcDbEntity
  8
B.Cu
  6
CONTINUOUS
100
AcDbLine
 10
5.6777607874015743
 20
-4.3549448818897636
 30
0
 11
5.6779527559055119
 21
-4.3578740157480311
 31
0
  0
LINE
  5
D3
330
22
100
AcDbEntity
  8
B.Cu
  6
CONTINUOUS
100
AcDbLine
 10
5.6779527559055119
 20
-4.3578740157480311
 30
0
 11
5.6779527559055119
 21
-4.3917322834645667
 31
0
  0
LINE
  5
D4
330
22
100
AcDbEntity
  8
B.Cu
  6
CONTINUOUS
100
AcDbLine
 10
5.6779527559055119
 20
-4.3917322834645667
 30
0
 11
5.6777607874015743
 21
-4.3946614173228342
 31
0
  0
LINE
  5
D5
330
22
100
AcDbEntity
  8
B.Cu
  6
CONTINUOUS
100
AcDbLine
 10
5.6777607874015743
 20
-4.3946614173228342
 30
0
 11
5.6762445275590547
 21
-4.4003200787401573
 31
0
  0
LINE
  5
D6
330
22
100
AcDbEntity
  8
B.Cu
  6
CONTINUOUS
100
AcDbLine
 10
5.6762445275590547
 20
-4.4003200787401573
 30
0
 11
5.6733153937007872
 21
-4.405393464566929
 31
0
  0
LINE
  5
D7
330
22
100
AcDbEntity
  8
B.Cu
  6
CONTINUOUS
100
AcDbLine
 10
5.6733153937007872
 20
-4.405393464566929
 30
0
 11
5.6691729921259837
 21
-4.4095358661417325
 31
0
  0
LINE
  5
D8
330
22
100
AcDbEntity
  8
B.Cu
  6
CONTINUOUS
100
AcDbLine
 10
5.6691729921259837
 20
-4.4095358661417325
 30
0
 11
5.6673228346456694
 21
-4.4106040551181103
 31
0
  0
LINE
  5
D9
330
22
100
AcDbEntity
  8
B.Cu
  6
CONTINUOUS
100
AcDbLine
 10
5.6673228346456694
 20
-4.4106040551181103
 30
0
 11
5.6673228346456694
 21
-4.4429133858267713
 31
0
  0
LINE
  5
DA
330
22
100
AcDbEntity
  8
B.Cu
  6
CONTINUOUS
100
AcDbLine
 10
5.6673228346456694
 20
-4.4429133858267713
 30
0
 11
5.6672217716535433
 21
-4.4444550393700784
 31
0
  0
LINE
  5
DB
330
22
100
AcDbEntity
  8
B.Cu
  6
CONTINUOUS
100
AcDbLine
 10
5.6672217716535433
 20
-4.4444550393700784
 30
0
 11
5.6664237795275589
 21
-4.4474332677165354
 31
0
  0
LINE
  5
DC
330
22
100
AcDbEntity
  8
B.Cu
  6
CONTINUOUS
100
AcDbLine
 10
5.6664237795275589
 20
-4.4474332677165354
 30
0
 11
5.6648821259842519
 21
-4.4501034645669293
 31
0
  0
LINE
  5
DD
330
22
100
AcDbEntity
  8
B.Cu
  6
CONTINUOUS
100
AcDbLine
 10
5.6648821259842519
 20
-4.4501034645669293
 30
0
 11
5.663863464566929
 21
-4.451265039370079
 31
0
  0
LINE
  5
DE
330
22
100
AcDbEntity
  8
B.Cu
  6
CONTINUOUS
100
AcDbLine
 10
5.663863464566929
 20
-4.451265039370079
 30
0
 11
5.6185878740157476
 21
-4.4965406299212596
 31
0
  0
LINE
  5
DF
330
22
100
AcDbEntity
  8
B.Cu
  6
CONTINUOUS
100
AcDbLine
 10
5.6185878740157476
 20
-4.4965406299212596
 30
0
 11
5.6174262992125987
 21
-4.4975592913385825
 31
0
  0
LINE
  5
E0
330
22
100
AcDbEntity
  8
B.Cu
  6
CONTINUOUS
100
AcDbLine
 10
5.6174262992125987
 20
-4.4975592913385825
 30
0
 11
5.6147561023622048
 21
-4.4991009448818895
 31
0
  0
LINE
  5
E1
330
22
100
AcDbEntity
  8
B.Cu
  6
CONTINUOUS
100
AcDbLine
 10
5.6147561023622048
 20
-4.4991009448818895
 30
0
 11
5.6117778740157478
 21
-4.4998989370078739
 31
0
  0
LINE
  5
E2
330
22
100
AcDbEntity
  8
B.Cu
  6
CONTINUOUS
100
AcDbLine
 10
5.6117778740157478
 20
-4.4998989370078739
 30
0
 11
5.6102362204724407
 21
-4.5
 31
0
  0
LINE
  5
E3
330
22
100
AcDbEntity
  8
B.Cu
  6
CONTINUOUS
100
AcDbLine
 10
5.6102362204724407
 20
-4.5
 30
0
 11
5.4330708661417324
 21
-4.5
 31
0
  0
LINE
  5
E4
330
22
100
AcDbEntity
  8
B.Cu
  6
CONTINUOUS
100
AcDbLine
 10
5.4330708661417324
 20
-4.5
 30
0
 11
5.4315292125984254
 21
-4.4998989370078739
 31
0
  0
LINE
  5
E5
330
22
100
AcDbEntity
  8
B.Cu
  6
CONTINUOUS
100
AcDbLine
 10
5.4315292125984254
 20
-4.4998989370078739
 30
0
 11
5.4285509842519684
 21
-4.4991009448818895
 31
0
  0
LINE
  5
E6
330
22
100
AcDbEntity
  8
B.Cu
  6
CONTINUOUS
100
AcDbLine
 10
5.4285509842519684
 20
-4.4991009448818895
 30
0
 11
5.4258807874015744
 21
-4.4975592913385825
 31
0
  0
LINE
  5
E7
330
22
100
AcDbEntity
  8
B.Cu
  6
CONTINUOUS
100
AcDbLine
 10
5.4258807874015744
 20
-4.4975592913385825
 30
0
 11
5.4247192125984247
 21
-4.4965406299212596
 31
0
  0
LINE
  5
E8
330
22
100
AcDbEntity
  8
B.Cu
  6
CONTINUOUS
100
AcDbLine
 10
5.4247192125984247
 20
-4.4965406299212596
 30
0
 11
5.3656640944881886
 21
-4.4374855118110235
 31
0
  0
LINE
  5
E9
330
22
100
AcDbEntity
  8
B.Cu
  6
CONTINUOUS
100
AcDbLine
 10
5.3656640944881886
 20
-4.4374855118110235
 30
0
 11
5.3646454330708657
 21
-4.4363239370078738
 31
0
  0
LINE
  5
EA
330
22
100
AcDbEntity
  8
B.Cu
  6
CONTINUOUS
100
AcDbLine
 10
5.3646454330708657
 20
-4.4363239370078738
 30
0
 11
5.3631037795275587
 21
-4.4336537401574798
 31
0
  0
LINE
  5
EB
330
22
100
AcDbEntity
  8
B.Cu
  6
CONTINUOUS
100
AcDbLine
 10
5.3631037795275587
 20
-4.4336537401574798
 30
0
 11
5.3623057874015743
 21
-4.4306755118110237
 31
0
  0
LINE
  5
EC
330
22
100
AcDbEntity
  8
B.Cu
  6
CONTINUOUS
100
AcDbLine
 10
5.3623057874015743
 20
-4.4306755118110237
 30
0
 11
5.3622047244094491
 21
-4.4291338582677167
 31
0
  0
LINE
  5
ED
330
22
100
AcDbEntity
  8
B.Cu
  6
CONTINUOUS
100
AcDbLine
 10
5.3622047244094491
 20
-4.4291338582677167
 30
0
 11
5.3622047244094491
 21
-3.4300891338582677
 31
0
  0
LINE
  5
EE
330
22
100
AcDbEntity
  8
B.Cu
  6
CONTINUOUS
100
AcDbLine
 10
5.3622047244094491
 20
-3.4300891338582677
 30
0
 11
5.2672388976377951
 21
-3.3351233070866142
 31
0
  0
LINE
  5
EF
330
22
100
AcDbEntity
  8
B.Cu
  6
CONTINUOUS
100
AcDbLine
 10
5.2672388976377951
 20
-3.3351233070866142
 30
0
 11
5.2662202362204722
 21
-3.3339617322834645
 31
0
  0
LINE
  5
F0
330
22
100
AcDbEntity
  8
B.Cu
  6
CONTINUOUS
100
AcDbLine
 10
5.2662202362204722
 20
-3.3339617322834645
 30
0
 11
5.2646785826771652
 21
-3.331291535433071
 31
0
  0
LINE
  5
F1
330
22
100
AcDbEntity
  8
B.Cu
  6
CONTINUOUS
100
AcDbLine
 10
5.2646785826771652
 20
-3.331291535433071
 30
0
 11
5.2638805905511807
 21
-3.328313307086614
 31
0
  0
LINE
  5
F2
330
22
100
AcDbEntity
  8
B.Cu
  6
CONTINUOUS
100
AcDbLine
 10
5.2638805905511807
 20
-3.328313307086614
 30
0
 11
5.2637795275590546
 21
-3.326771653543307
 31
0
  0
LINE
  5
F3
330
22
100
AcDbEntity
  8
B.Cu
  6
CONTINUOUS
100
AcDbLine
 10
5.2637795275590546
 20
-3.326771653543307
 30
0
 11
5.2637795275590546
 21
-3.1299212598425195
 31
0
  0
LINE
  5
F4
330
22
100
AcDbEntity
  8
B.Cu
  6
CONTINUOUS
100
AcDbLine
 10
5.2637795275590546
 20
-3.1299212598425195
 30
0
 11
5.2638805905511807
 21
-3.1283796062992124
 31
0
  0
LINE
  5
F5
330
22
100
AcDbEntity
  8
B.Cu
  6
CONTINUOUS
100
AcDbLine
 10
5.2638805905511807
 20
-3.1283796062992124
 30
0
 11
5.2646785826771652
 21
-3.1254013779527559
 31
0
  0
LINE
  5
F6
330
22
100
AcDbEntity
  8
B.Cu
  6
CONTINUOUS
100
AcDbLine
 10
5.2646785826771652
 20
-3.1254013779527559
 30
0
 11
5.2662202362204722
 21
-3.1227311811023619
 31
0
  0
LINE
  5
F7
330
22
100
AcDbEntity
  8
B.Cu
  6
CONTINUOUS
100
AcDbLine
 10
5.2662202362204722
 20
-3.1227311811023619
 30
0
 11
5.2672388976377951
 21
-3.1215696062992127
 31
0
  0
LINE
  5
F8
330
22
100
AcDbEntity
  8
B.Cu
  6
CONTINUOUS
100
AcDbLine
 10
5.2672388976377951
 20
-3.1215696062992127
 30
0
 11
5.5034593700787404
 21
-2.8853491338582677
 31
0
  0
LINE
  5
F9
330
22
100
AcDbEntity
  8
B.Cu
  6
CONTINUOUS
100
AcDbLine
 10
5.5034593700787404
 20
-2.8853491338582677
 30
0
 11
5.5046209448818892
 21
-2.8843304724409449
 31
0
  0
LINE
  5
FA
330
22
100
AcDbEntity
  8
B.Cu
  6
CONTINUOUS
100
AcDbLine
 10
5.5046209448818892
 20
-2.8843304724409449
 30
0
 11
5.5072911417322832
 21
-2.8827888188976378
 31
0
  0
LINE
  5
FB
330
22
100
AcDbEntity
  8
B.Cu
  6
CONTINUOUS
100
AcDbLine
 10
5.5072911417322832
 20
-2.8827888188976378
 30
0
 11
5.5102693700787402
 21
-2.8819908267716534
 31
0
  0
LINE
  5
FC
330
22
100
AcDbEntity
  8
B.Cu
  6
CONTINUOUS
100
AcDbLine
 10
5.5102693700787402
 20
-2.8819908267716534
 30
0
 11
5.5118110236220472
 21
-2.8818897637795273
 31
0
  0
LINE
  5
FD
330
22
100
AcDbEntity
  8
B.Cu
  6
CONTINUOUS
100
AcDbLine
 10
5.5118110236220472
 20
-2.8818897637795273
 30
0
 11
5.8070866141732278
 21
-2.8818897637795273
 31
0
  0
LINE
  5
FE
330
22
100
AcDbEntity
  8
B.Cu
  6
CONTINUOUS
100
AcDbLine
 10
5.8070866141732278
 20
-2.8818897637795273
 30
0
 11
5.8086282677165357
 21
-2.8819908267716534
 31
0
  0
LINE
  5
FF
330
22
100
AcDbEntity
  8
B.Cu
  6
CONTINUOUS
100
AcDbLine
 10
6.1629589763779524
 20
-2.8819908267716534
 30
0
 11
6.1659372047244094
 21
-2.8827888188976378
 31
0
  0
LINE
  5
100
330
22
100
AcDbEntity
  8
B.Cu
  6
CONTINUOUS
100
AcDbLine
 10
6.1659372047244094
 20
-2.8827888188976378
 30
0
 11
6.1686074015748034
 21
-2.8843304724409449
 31
0
  0
LINE
  5
101
330
22
100
AcDbEntity
  8
B.Cu
  6
CONTINUOUS
100
AcDbLine
 10
6.1686074015748034
 20
-2.8843304724409449
 30
0
 11
6.1697689763779522
 21
-2.8853491338582677
 31
0
  0
LINE
  5
102
330
22
100
AcDbEntity
  8
B.Cu
  6
CONTINUOUS
100
AcDbLine
 10
6.1697689763779522
 20
-2.8853491338582677
 30
0
 11
6.4059894488188975
 21
-3.1215696062992127
 31
0
  0
LINE
  5
103
330
22
100
AcDbEntity
  8
B.Cu
  6
CONTINUOUS
100
AcDbLine
 10
6.4059894488188975
 20
-3.1215696062992127
 30
0
 11
6.4070081102362204
 21
-3.1227311811023619
 31
0
  0
LINE
  5
104
330
22
100
AcDbEntity
  8
B.Cu
  6
CONTINUOUS
100
AcDbLine
 10
6.4070081102362204
 20
-3.1227311811023619
 30
0
 11
6.4085497637795275
 21
-3.1254013779527559
 31
0
  0
LINE
  5
105
330
22
100
AcDbEntity
  8
B.Cu
  6
CONTINUOUS
100
AcDbLine
 10
6.4085497637795275
 20
-3.1254013779527559
 30
0
 11
6.4093477559055119
 21
-3.1283796062992124
 31
0
  0
LINE
  5
106
330
22
100
AcDbEntity
  8
B.Cu
  6
CONTINUOUS
100
AcDbLine
 10
6.4093477559055119
 20
-3.1283796062992124
 30
0
 11
6.409448818897638
 21
-3.1299212598425195
 31
0
  0
LINE
  5
107
330
22
100
AcDbEntity
  8
B.Cu
  6
CONTINUOUS
100
AcDbLine
 10
6.409448818897638
 20
-3.1299212598425195
 30
0
 11
6.409448818897638
 21
-4.3700787401574805
 31
0
  0
LINE
  5
108
330
22
100
AcDbEntity
  8
B.Cu
  6
CONTINUOUS
100
AcDbLine
 10
6.409448818897638
 20
-4.3700787401574805
 30
0
 11
6.4093477559055119
 21
-4.3716203937007876
 31
0
  0
LINE
  5
109
330
22
100
AcDbEntity
  8
B.Cu
  6
CONTINUOUS
100
AcDbLine
 10
6.4093477559055119
 20
-4.3716203937007876
 30
0
 11
6.4085497637795275
 21
-4.3745986220472437
 31
0
  0
LINE
  5
10A
330
22
100
AcDbEntity
  8
B.Cu
  6
CONTINUOUS
100
AcDbLine
 10
6.4085497637795275
 20
-4.3745986220472437
 30
0
 11
6.4070081102362204
 21
-4.3772688188976376
 31
0
  0
LINE
  5
10B
330
22
100
AcDbEntity
  8
B.Cu
  6
CONTINUOUS
100
AcDbLine
 10
6.4070081102362204
 20
-4.3772688188976376
 30
0
 11
6.4059894488188975
 21
-4.3784303937007873
 31
0
  0
LINE
  5
10C
330
22
100
AcDbEntity
  8
B.Cu
  6
CONTINUOUS
100
AcDbLine
 10
6.4059894488188975
 20
-4.3784303937007873
 30
0
 11
6.307564251968504
 21
-4.4768555905511809
 31
0
  0
LINE
  5
10D
330
22
100
AcDbEntity
  8
B.Cu
  6
CONTINUOUS
100
AcDbLine
 10
6.307564251968504
 20
-4.4768555905511809
 30
0
 11
6.3064026771653543
 21
-4.4778742519685037
 31
0
  0
LINE
  5
10E
330
22
100
AcDbEntity
  8
B.Cu
  6
CONTINUOUS
100
AcDbLine
 10
6.3064026771653543
 20
-4.4778742519685037
 30
0
 11
6.3037324803149604
 21
-4.4794159055118108
 31
0
  0
LINE
  5
10F
330
22
100
AcDbEntity
  8
B.Cu
  6
CONTINUOUS
100
AcDbLine
 10
6.3037324803149604
 20
-4.4794159055118108
 30
0
 11
6.3007542519685034
 21
-4.4802138976377952
 31
0
  0
LINE
  5
110
330
22
100
AcDbEntity
  8
B.Cu
  6
CONTINUOUS
100
AcDbLine
 10
6.3007542519685034
 20
-4.4802138976377952
 30
0
 11
6.2992125984251963
 21
-4.4803149606299213
 31
0
  0
LINE
  5
111
330
22
100
AcDbEntity
  8
B.Cu
  6
CONTINUOUS
100
AcDbLine
 10
6.2992125984251963
 20
-4.4803149606299213
 30
0
 11
6.1785018897637798
 21
-4.4803149606299213
 31
0
  0
LINE
  5
112
330
22
100
AcDbEntity
  8
B.Cu
  6
CONTINUOUS
100
AcDbLine
 10
6.1785018897637798
 20
-4.4803149606299213
 30
0
 11
6.1769602362204727
 21
-4.4802138976377952
 31
0
  0
LINE
  5
113
330
22
100
AcDbEntity
  8
B.Cu
  6
CONTINUOUS
100
AcDbLine
 10
6.1769602362204727
 20
-4.4802138976377952
 30
0
 11
6.1739820078740157
 21
-4.4794159055118108
 31
0
  0
LINE
  5
114
330
22
100
AcDbEntity
  8
B.Cu
  6
CONTINUOUS
100
AcDbLine
 10
6.1739820078740157
 20
-4.4794159055118108
 30
0
 11
6.1713118110236218
 21
-4.4778742519685037
 31
0
  0
LINE
  5
115
330
22
100
AcDbEntity
  8
B.Cu
  6
CONTINUOUS
100
AcDbLine
 10
6.1713118110236218
 20
-4.4778742519685037
 30
0
 11
6.1701502362204721
 21
-4.4768555905511809
 31
0
  0
LINE
  5
116
330
22
100
AcDbEntity
  8
B.Cu
  6
CONTINUOUS
100
AcDbLine
 10
6.1701502362204721
 20
-4.4768555905511809
 30
0
 11
6.1504651968503934
 21
-4.4571705511811022
 31
0
  0
LINE
  5
117
330
22
100
AcDbEntity
  8
B.Cu
  6
CONTINUOUS
100
AcDbLine
 10
6.1504651968503934
 20
-4.4571705511811022
 30
0
 11
6.1500463385826771
 21
-4.4566929133858268
 31
0
  0
LINE
  5
118
330
22
100
AcDbEntity
  8
B.Cu
  6
CONTINUOUS
100
AcDbLine
 10
6.1500463385826771
 20
-4.4566929133858268
 30
0
 11
6.1474555118110237
 21
-4.4566929133858268
 31
0
  0
LINE
  5
119
330
22
100
AcDbEntity
  8
B.Cu
  6
CONTINUOUS
100
AcDbLine
 10
6.1474555118110237
 20
-4.4566929133858268
 30
0
 11
6.1459193700787402
 21
-4.4565416141732284
 31
0
  0
LINE
  5
11A
330
22
100
AcDbEntity
  8
B.Cu
  6
CONTINUOUS
100
AcDbLine
 10
6.1459193700787402
 20
-4.4565416141732284
 30
0
 11
6.1430809448818895
 21
-4.4553659055118109
 31
0
  0
LINE
  5
11B
330
22
100
AcDbEntity
  8
B.Cu
  6
CONTINUOUS
100
AcDbLine
 10
6.1430809448818895
 20
-4.4553659055118109
 30
0
 11
6.1418877559055121
 21
-4.4543866929133857
 31
0
  0
LINE
  5
11C
330
22
100
AcDbEntity
  8
B.Cu
  6
CONTINUOUS
100
AcDbLine
 10
6.1418877559055121
 20
-4.4543866929133857
 30
0
 11
6.0999440551181099
 21
-4.4124429527559057
 31
0
  0
LINE
  5
11D
330
22
100
AcDbEntity
  8
B.Cu
  6
CONTINUOUS
100
AcDbLine
 10
6.0999440551181099
 20
-4.4124429527559057
 30
0
 11
6.098964803149606
 21
-4.4112497637795274
 31
0
  0
LINE
  5
11E
330
22
100
AcDbEntity
  8
B.Cu
  6
CONTINUOUS
100
AcDbLine
 10
6.098964803149606
 20
-4.4112497637795274
 30
0
 11
6.0977890944881885
 21
-4.4084113385826766
 31
0
  0
LINE
  5
11F
330
22
100
AcDbEntity
  8
B.Cu
  6
CONTINUOUS
100
AcDbLine
 10
6.0977890944881885
 20
-4.4084113385826766
 30
0
 11
6.09763779527559
 21
-4.4068751968503932
 31
0
  0
LINE
  5
120
330
22
100
AcDbEntity
  8
B.Cu
  6
CONTINUOUS
100
AcDbLine
 10
6.09763779527559
 20
-4.4068751968503932
 30
0
 11
6.09763779527559
 21
-4.2771903149606301
 31
0
  0
LINE
  5
121
330
22
100
AcDbEntity
  8
B.Cu
  6
CONTINUOUS
100
AcDbLine
 10
6.09763779527559
 20
-4.2771903149606301
 30
0
 11
6.0961414960629918
 21
-4.275694015748031
 31
0
  0
LINE
  5
122
330
22
100
AcDbEntity
  8
B.Cu
  6
CONTINUOUS
100
AcDbLine
 10
6.0961414960629918
 20
-4.275694015748031
 30
0
 11
6.0945998425196848
 21
-4.2730238188976379
 31
0
  0
LINE
  5
123
330
22
100
AcDbEntity
  8
B.Cu
  6
CONTINUOUS
100
AcDbLine
 10
6.0945998425196848
 20
-4.2730238188976379
 30
0
 11
6.0938018503937004
 21
-4.2700455905511809
 31
0
  0
LINE
  5
124
330
22
100
AcDbEntity
  8
B.Cu
  6
CONTINUOUS
100
AcDbLine
 10
6.0938018503937004
 20
-4.2700455905511809
 30
0
 11
6.0937007874015743
 21
-4.2685039370078739
 31
0
  0
LINE
  5
125
330
22
100
AcDbEntity
  8
B.Cu
  6
CONTINUOUS
100
AcDbLine
 10
6.0937007874015743
 20
-4.2685039370078739
 30
0
 11
6.0937007874015743
 21
-3.8859946456692911
 31
0
  0
LINE
  5
126
330
22
100
AcDbEntity
  8
B.Cu
  6
CONTINUOUS
100
AcDbLine
 10
6.0937007874015743
 20
-3.8859946456692911
 30
0
 11
6.0471601574803149
 21
-3.8394540157480312
 31
0
  0
LINE
  5
127
330
22
100
AcDbEntity
  8
B.Cu
  6
CONTINUOUS
100
AcDbLine
 10
6.0471601574803149
 20
-3.8394540157480312
 30
0
 11
6.046141496062992
 21
-3.838292440944882
 31
0
  0
LINE
  5
128
330
22
100
AcDbEntity
  8
B.Cu
  6
CONTINUOUS
100
AcDbLine
 10
6.046141496062992
 20
-3.838292440944882
 30
0
 11
6.044599842519685
 21
-3.835622244094488
 31
0
  0
LINE
  5
129
330
22
100
AcDbEntity
  8
B.Cu
  6
CONTINUOUS
100
AcDbLine
 10
6.044599842519685
 20
-3.835622244094488
 30
0
 11
6.0438018503937005
 21
-3.8326440157480315
 31
0
  0
LINE
  5
12A
330
22
100
AcDbEntity
  8
B.Cu
  6
CONTINUOUS
100
AcDbLine
 10
6.0438018503937005
 20
-3.8326440157480315
 30
0
 11
6.0437007874015745
 21
-3.8311023622047244
 31
0
  0
LINE
  5
12B
330
22
100
AcDbEntity
  8
B.Cu
  6
CONTINUOUS
100
AcDbLine
 10
6.0437007874015745
 20
-3.8311023622047244
 30
0
 11
6.0437007874015745
 21
-3.8106040551181102
 31
0
  0
LINE
  5
12C
330
22
100
AcDbEntity
  8
B.Cu
  6
CONTINUOUS
100
AcDbLine
 10
6.0437007874015745
 20
-3.8106040551181102
 30
0
 11
6.0418506299212593
 21
-3.809535866141732
 31
0
  0
LINE
  5
12D
330
22
100
AcDbEntity
  8
B.Cu
  6
CONTINUOUS
100
AcDbLine
 10
6.0418506299212593
 20
-3.809535866141732
 30
0
 11
6.0377082283464567
 21
-3.805393464566929
 31
0
  0
LINE
  5
12E
330
22
100
AcDbEntity
  8
B.Cu
  6
CONTINUOUS
100
AcDbLine
 10
6.0377082283464567
 20
-3.805393464566929
 30
0
 11
6.0347790944881892
 21
-3.8003200787401572
 31
0
  0
LINE
  5
12F
330
22
100
AcDbEntity
  8
B.Cu
  6
CONTINUOUS
100
AcDbLine
 10
6.0347790944881892
 20
-3.8003200787401572
 30
0
 11
6.0332628346456696
 21
-3.7946614173228346
 31
0
  0
LINE
  5
130
330
22
100
AcDbEntity
  8
B.Cu
  6
CONTINUOUS
100
AcDbLine
 10
6.0332628346456696
 20
-3.7946614173228346
 30
0
 11
6.033070866141732
 21
-3.791732283464567
 31
0
  0
LINE
  5
131
330
22
100
AcDbEntity
  8
B.Cu
  6
CONTINUOUS
100
AcDbLine
 10
6.033070866141732
 20
-3.791732283464567
 30
0
 11
6.033070866141732
 21
-3.7578740157480315
 31
0
  0
LINE
  5
132
330
22
100
AcDbEntity
  8
B.Cu
  6
CONTINUOUS
100
AcDbLine
 10
6.033070866141732
 20
-3.7578740157480315
 30
0
 11
6.0332628346456696
 21
-3.7549448818897635
 31
0
  0
LINE
  5
133
330
22
100
AcDbEntity
  8
B.Cu
  6
CONTINUOUS
100
AcDbLine
 10
6.0332628346456696
 20
-3.7549448818897635
 30
0
 11
6.0347790944881892
 21
-3.7492862204724409
 31
0
  0
LINE
  5
134
330
22
100
AcDbEntity
  8
B.Cu
  6
CONTINUOUS
100
AcDbLine
 10
6.0347790944881892
 20
-3.7492862204724409
 30
0
 11
6.0377082283464567
 21
-3.7442128346456691
 31
0
  0
LINE
  5
135
330
22
100
AcDbEntity
  8
B.Cu
  6
CONTINUOUS
100
AcDbLine
 10
6.0377082283464567
 20
-3.7442128346456691
 30
0
 11
6.0418506299212593
 21
-3.7400704330708661
 31
0
  0
LINE
  5
136
330
22
100
AcDbEntity
  8
B.Cu
  6
CONTINUOUS
100
AcDbLine
 10
6.0418506299212593
 20
-3.7400704330708661
 30
0
 11
6.0469240157480311
 21
-3.7371412992125985
 31
0
  0
LINE
  5
137
330
22
100
AcDbEntity
  8
B.Cu
  6
CONTINUOUS
100
AcDbLine
 10
6.0469240157480311
 20
-3.7371412992125985
 30
0
 11
6.0525826771653541
 21
-3.7356250393700785
 31
0
  0
LINE
  5
138
330
22
100
AcDbEntity
  8
B.Cu
  6
CONTINUOUS
100
AcDbLine
 10
6.0525826771653541
 20
-3.7356250393700785
 30
0
 11
6.0584409448818892
 21
-3.7356250393700785
 31
0
  0
LINE
  5
139
330
22
100
AcDbEntity
  8
B.Cu
  6
CONTINUOUS
100
AcDbLine
 10
6.0584409448818892
 20
-3.7356250393700785
 30
0
 11
6.0640996062992123
 21
-3.7371412992125985
 31
0
  0
LINE
  5
13A
330
22
100
AcDbEntity
  8
B.Cu
  6
CONTINUOUS
100
AcDbLine
 10
6.0640996062992123
 20
-3.7371412992125985
 30
0
 11
6.069172992125984
 21
-3.7400704330708661
 31
0
  0
LINE
  5
13B
330
22
100
AcDbEntity
  8
B.Cu
  6
CONTINUOUS
100
AcDbLine
 10
6.069172992125984
 20
-3.7400704330708661
 30
0
 11
6.0733153937007875
 21
-3.7442128346456691
 31
0
  0
LINE
  5
13C
330
22
100
AcDbEntity
  8
B.Cu
  6
CONTINUOUS
100
AcDbLine
 10
6.0733153937007875
 20
-3.7442128346456691
 30
0
 11
6.0762445275590551
 21
-3.7492862204724409
 31
0
  0
LINE
  5
13D
330
22
100
AcDbEntity
  8
B.Cu
  6
CONTINUOUS
100
AcDbLine
 10
6.0762445275590551
 20
-3.7492862204724409
 30
0
 11
6.0777607874015747
 21
-3.7549448818897635
 31
0
  0
LINE
  5
13E
330
22
100
AcDbEntity
  8
B.Cu
  6
CONTINUOUS
100
AcDbLine
 10
6.0777607874015747
 20
-3.7549448818897635
 30
0
 11
6.0779527559055113
 21
-3.7578740157480315
 31
0
  0
LINE
  5
13F
330
22
100
AcDbEntity
  8
B.Cu
  6
CONTINUOUS
100
AcDbLine
 10
6.0779527559055113
 20
-3.7578740157480315
 30
0
 11
6.0779527559055113
 21
-3.791732283464567
 31
0
  0
LINE
  5
140
330
22
100
AcDbEntity
  8
B.Cu
  6
CONTINUOUS
100
AcDbLine
 10
6.0779527559055113
 20
-3.791732283464567
 30
0
 11
6.0777607874015747
 21
-3.7946614173228346
 31
0
  0
LINE
  5
141
330
22
100
AcDbEntity
  8
B.Cu
  6
CONTINUOUS
100
AcDbLine
 10
6.0777607874015747
 20
-3.7946614173228346
 30
0
 11
6.0762445275590551
 21
-3.8003200787401572
 31
0
  0
LINE
  5
142
330
22
100
AcDbEntity
  8
B.Cu
  6
CONTINUOUS
100
AcDbLine
 10
6.0762445275590551
 20
-3.8003200787401572
 30
0
 11
6.0733153937007875
 21
-3.805393464566929
 31
0
  0
LINE
  5
143
330
22
100
AcDbEntity
  8
B.Cu
  6
CONTINUOUS
100
AcDbLine
 10
6.0733153937007875
 20
-3.805393464566929
 30
0
 11
6.069172992125984
 21
-3.809535866141732
 31
0
  0
LINE
  5
144
330
22
100
AcDbEntity
  8
B.Cu
  6
CONTINUOUS
100
AcDbLine
 10
6.069172992125984
 20
-3.809535866141732
 30
0
 11
6.0673228346456689
 21
-3.8106040551181102
 31
0
  0
LINE
  5
145
330
22
100
AcDbEntity
  8
B.Cu
  6
CONTINUOUS
100
AcDbLine
 10
6.0673228346456689
 20
-3.8106040551181102
 30
0
 11
6.0673228346456689
 21
-3.8262100787401572
 31
0
  0
LINE
  5
146
330
22
100
AcDbEntity
  8
B.Cu
  6
CONTINUOUS
100
AcDbLine
 10
6.0673228346456689
 20
-3.8262100787401572
 30
0
 11
6.1138634645669292
 21
-3.872750708661417
 31
0
  0
LINE
  5
147
330
22
100
AcDbEntity
  8
B.Cu
  6
CONTINUOUS
100
AcDbLine
 10
6.1138634645669292
 20
-3.872750708661417
 30
0
 11
6.1148821259842521
 21
-3.8739122834645667
 31
0
  0
LINE
  5
148
330
22
100
AcDbEntity
  8
B.Cu
  6
CONTINUOUS
100
AcDbLine
 10
6.1148821259842521
 20
-3.8739122834645667
 30
0
 11
6.1164237795275591
 21
-3.8765824803149607
 31
0
  0
LINE
  5
149
330
22
100
AcDbEntity
  8
B.Cu
  6
CONTINUOUS
100
AcDbLine
 10
6.1164237795275591
 20
-3.8765824803149607
 30
0
 11
6.1172217716535435
 21
-3.8795607086614172
 31
0
  0
LINE
  5
14A
330
22
100
AcDbEntity
  8
B.Cu
  6
CONTINUOUS
100
AcDbLine
 10
6.1172217716535435
 20
-3.8795607086614172
 30
0
 11
6.1173228346456687
 21
-3.8811023622047243
 31
0
  0
LINE
  5
14B
330
22
100
AcDbEntity
  8
B.Cu
  6
CONTINUOUS
100
AcDbLine
 10
6.1173228346456687
 20
-3.8811023622047243
 30
0
 11
6.1173228346456687
 21
-4.2685039370078739
 31
0
  0
LINE
  5
14C
330
22
100
AcDbEntity
  8
B.Cu
  6
CONTINUOUS
100
AcDbLine
 10
6.1173228346456687
 20
-4.2685039370078739
 30
0
 11
6.1172217716535435
 21
-4.2700455905511809
 31
0
  0
LINE
  5
14D
330
22
100
AcDbEntity
  8
B.Cu
  6
CONTINUOUS
100
AcDbLine
 10
6.1172217716535435
 20
-4.2700455905511809
 30
0
 11
6.1164237795275591
 21
-4.2730238188976379
 31
0
  0
LINE
  5
14E
330
22
100
AcDbEntity
  8
B.Cu
  6
CONTINUOUS
100
AcDbLine
 10
6.1164237795275591
 20
-4.2730238188976379
 30
0
 11
6.1148821259842521
 21
-4.275694015748031
 31
0
  0
LINE
  5
14F
330
22
100
AcDbEntity
  8
B.Cu
  6
CONTINUOUS
100
AcDbLine
 10
6.1148821259842521
 20
-4.275694015748031
 30
0
 11
6.113385826771653
 21
-4.2771903149606301
 31
0
  0
LINE
  5
150
330
22
100
AcDbEntity
  8
B.Cu
  6
CONTINUOUS
100
AcDbLine
 10
6.113385826771653
 20
-4.2771903149606301
 30
0
 11
6.113385826771653
 21
-4.4036136614173227
 31
0
  0
LINE
  5
151
330
22
100
AcDbEntity
  8
B.Cu
  6
CONTINUOUS
100
AcDbLine
 10
6.113385826771653
 20
-4.4036136614173227
 30
0
 11
6.1504237401574802
 21
-4.4406515748031499
 31
0
  0
LINE
  5
152
330
22
100
AcDbEntity
  8
B.Cu
  6
CONTINUOUS
100
AcDbLine
 10
6.1504237401574802
 20
-4.4406515748031499
 30
0
 11
6.1516267716535431
 21
-4.4394485826771657
 31
0
  0
LINE
  5
153
330
22
100
AcDbEntity
  8
B.Cu
  6
CONTINUOUS
100
AcDbLine
 10
6.1516267716535431
 20
-4.4394485826771657
 30
0
 11
6.154296968503937
 21
-4.4379069291338578
 31
0
  0
LINE
  5
154
330
22
100
AcDbEntity
  8
B.Cu
  6
CONTINUOUS
100
AcDbLine
 10
6.154296968503937
 20
-4.4379069291338578
 30
0
 11
6.1572751968503932
 21
-4.4371089370078742
 31
0
  0
LINE
  5
155
330
22
100
AcDbEntity
  8
B.Cu
  6
CONTINUOUS
100
AcDbLine
 10
6.1572751968503932
 20
-4.4371089370078742
 30
0
 11
6.1603585039370081
 21
-4.4371089370078742
 31
0
  0
LINE
  5
156
330
22
100
AcDbEntity
  8
B.Cu
  6
CONTINUOUS
100
AcDbLine
 10
6.1603585039370081
 20
-4.4371089370078742
 30
0
 11
6.1633367322834642
 21
-4.4379069291338578
 31
0
  0
LINE
  5
157
330
22
100
AcDbEntity
  8
B.Cu
  6
CONTINUOUS
100
AcDbLine
 10
6.1633367322834642
 20
-4.4379069291338578
 30
0
 11
6.1660069291338582
 21
-4.4394485826771657
 31
0
  0
LINE
  5
158
330
22
100
AcDbEntity
  8
B.Cu
  6
CONTINUOUS
100
AcDbLine
 10
6.1660069291338582
 20
-4.4394485826771657
 30
0
 11
6.1671685039370079
 21
-4.4404672440944877
 31
0
  0
LINE
  5
159
330
22
100
AcDbEntity
  8
B.Cu
  6
CONTINUOUS
100
AcDbLine
 10
6.1671685039370079
 20
-4.4404672440944877
 30
0
 11
6.1833941732283462
 21
-4.4566929133858268
 31
0
  0
LINE
  5
15A
330
22
100
AcDbEntity
  8
B.Cu
  6
CONTINUOUS
100
AcDbLine
 10
6.1833941732283462
 20
-4.4566929133858268
 30
0
 11
6.2943203149606299
 21
-4.4566929133858268
 31
0
  0
LINE
  5
15B
330
22
100
AcDbEntity
  8
B.Cu
  6
CONTINUOUS
100
AcDbLine
 10
6.2943203149606299
 20
-4.4566929133858268
 30
0
 11
6.3858267716535435
 21
-4.3651864566929133
 31
0
  0
LINE
  5
15C
330
22
100
AcDbEntity
  8
B.Cu
  6
CONTINUOUS
100
AcDbLine
 10
6.3858267716535435
 20
-4.3651864566929133
 30
0
 11
6.3858267716535435
 21
-3.1348135433070867
 31
0
  0
LINE
  5
15D
330
22
100
AcDbEntity
  8
B.Cu
  6
CONTINUOUS
100
AcDbLine
 10
6.3858267716535435
 20
-3.1348135433070867
 30
0
 11
6.156525039370079
 21
-2.9055118110236218
 31
0
  0
LINE
  5
15E
330
22
100
AcDbEntity
  8
B.Cu
  6
CONTINUOUS
100
AcDbLine
 10
6.156525039370079
 20
-2.9055118110236218
 30
0
 11
5.9907190551181104
 21
-2.9055118110236218
 31
0
  0
LINE
  5
15F
330
22
100
AcDbEntity
  8
B.Cu
  6
CONTINUOUS
100
AcDbLine
 10
5.9907190551181104
 20
-2.9055118110236218
 30
0
 11
5.9551181102362207
 21
-2.9411127559055119
 31
0
  0
LINE
  5
160
330
22
100
AcDbEntity
  8
B.Cu
  6
CONTINUOUS
100
AcDbLine
 10
5.9551181102362207
 20
-2.9411127559055119
 30
0
 11
5.9551181102362207
 21
-2.960970905511811
 31
0
  0
LINE
  5
161
330
22
100
AcDbEntity
  8
B.Cu
  6
CONTINUOUS
100
AcDbLine
 10
5.9551181102362207
 20
-2.960970905511811
 30
0
 11
5.9590821653543307
 21
-2.9626128740157478
 31
0
  0
LINE
  5
162
330
22
100
AcDbEntity
  8
B.Cu
  6
CONTINUOUS
100
AcDbLine
 10
5.9590821653543307
 20
-2.9626128740157478
 30
0
 11
5.9645367716535436
 21
-2.9662575196850391
 31
0
  0
LINE
  5
163
330
22
100
AcDbEntity
  8
B.Cu
  6
CONTINUOUS
100
AcDbLine
 10
5.9645367716535436
 20
-2.9662575196850391
 30
0
 11
5.9691755511811024
 21
-2.9708962992125985
 31
0
  0
LINE
  5
164
330
22
100
AcDbEntity
  8
B.Cu
  6
CONTINUOUS
100
AcDbLine
 10
5.9691755511811024
 20
-2.9708962992125985
 30
0
 11
5.9728201968503933
 21
-2.9763509055118109
 31
0
  0
LINE
  5
165
330
22
100
AcDbEntity
  8
B.Cu
  6
CONTINUOUS
100
AcDbLine
 10
5.9728201968503933
 20
-2.9763509055118109
 30
0
 11
5.9753306692913384
 21
-2.9824117322834645
 31
0
  0
LINE
  5
166
330
22
100
AcDbEntity
  8
B.Cu
  6
CONTINUOUS
100
AcDbLine
 10
5.9753306692913384
 20
-2.9824117322834645
 30
0
 11
5.9766105118110238
 21
-2.9888458661417321
 31
0
  0
LINE
  5
167
330
22
100
AcDbEntity
  8
B.Cu
  6
CONTINUOUS
100
AcDbLine
 10
5.9766105118110238
 20
-2.9888458661417321
 30
0
 11
5.9766105118110238
 21
-2.9954061023622045
 31
0
  0
LINE
  5
168
330
22
100
AcDbEntity
  8
B.Cu
  6
CONTINUOUS
100
AcDbLine
 10
5.9766105118110238
 20
-2.9954061023622045
 30
0
 11
5.9753306692913384
 21
-3.0018402362204726
 31
0
  0
LINE
  5
169
330
22
100
AcDbEntity
  8
B.Cu
  6
CONTINUOUS
100
AcDbLine
 10
5.9753306692913384
 20
-3.0018402362204726
 30
0
 11
5.9728201968503933
 21
-3.0079010629921261
 31
0
  0
LINE
  5
16A
330
22
100
AcDbEntity
  8
B.Cu
  6
CONTINUOUS
100
AcDbLine
 10
5.9728201968503933
 20
-3.0079010629921261
 30
0
 11
5.9691755511811024
 21
-3.0133556692913386
 31
0
  0
LINE
  5
16B
330
22
100
AcDbEntity
  8
B.Cu
  6
CONTINUOUS
100
AcDbLine
 10
5.9691755511811024
 20
-3.0133556692913386
 30
0
 11
5.9645367716535436
 21
-3.0179944488188974
 31
0
  0
LINE
  5
16C
330
22
100
AcDbEntity
  8
B.Cu
  6
CONTINUOUS
100
AcDbLine
 10
5.9645367716535436
 20
-3.0179944488188974
 30
0
 11
5.9590821653543307
 21
-3.0216390944881888
 31
0
  0
LINE
  5
16D
330
22
100
AcDbEntity
  8
B.Cu
  6
CONTINUOUS
100
AcDbLine
 10
5.9590821653543307
 20
-3.0216390944881888
 30
0
 11
5.9530213385826771
 21
-3.0241495669291338
 31
0
  0
LINE
  5
16E
330
22
100
AcDbEntity
  8
B.Cu
  6
CONTINUOUS
100
AcDbLine
 10
5.9530213385826771
 20
-3.0241495669291338
 30
0
 11
5.946587204724409
 21
-3.0254294094488188
 31
0
  0
LINE
  5
16F
330
22
100
AcDbEntity
  8
B.Cu
  6
CONTINUOUS
100
AcDbLine
 10
5.946587204724409
 20
-3.0254294094488188
 30
0
 11
5.9400269685039371
 21
-3.0254294094488188
 31
0
  0
LINE
  5
170
330
22
100
AcDbEntity
  8
B.Cu
  6
CONTINUOUS
100
AcDbLine
 10
5.9400269685039371
 20
-3.0254294094488188
 30
0
 11
5.933592834645669
 21
-3.0241495669291338
 31
0
  0
LINE
  5
171
330
22
100
AcDbEntity
  8
B.Cu
  6
CONTINUOUS
100
AcDbLine
 10
5.933592834645669
 20
-3.0241495669291338
 30
0
 11
5.9275320078740155
 21
-3.0216390944881888
 31
0
  0
LINE
  5
172
330
22
100
AcDbEntity
  8
B.Cu
  6
CONTINUOUS
100
AcDbLine
 10
5.9275320078740155
 20
-3.0216390944881888
 30
0
 11
5.9220774015748034
 21
-3.0179944488188974
 31
0
  0
LINE
  5
173
330
22
100
AcDbEntity
  8
B.Cu
  6
CONTINUOUS
100
AcDbLine
 10
5.9220774015748034
 20
-3.0179944488188974
 30
0
 11
5.9174386220472437
 21
-3.0133556692913386
 31
0
  0
LINE
  5
174
330
22
100
AcDbEntity
  8
B.Cu
  6
CONTINUOUS
100
AcDbLine
 10
5.9174386220472437
 20
-3.0133556692913386
 30
0
 11
5.9137939763779528
 21
-3.0079010629921261
 31
0
  0
LINE
  5
175
330
22
100
AcDbEntity
  8
B.Cu
  6
CONTINUOUS
100
AcDbLine
 10
5.9137939763779528
 20
-3.0079010629921261
 30
0
 11
5.9112835039370077
 21
-3.0018402362204726
 31
0
  0
LINE
  5
176
330
22
100
AcDbEntity
  8
B.Cu
  6
CONTINUOUS
100
AcDbLine
 10
5.9112835039370077
 20
-3.0018402362204726
 30
0
 11
5.9100036614173224
 21
-2.9954061023622045
 31
0
  0
LINE
  5
177
330
22
100
AcDbEntity
  8
B.Cu
  6
CONTINUOUS
100
AcDbLine
 10
5.9100036614173224
 20
-2.9954061023622045
 30
0
 11
5.9100036614173224
 21
-2.9888458661417321
 31
0
  0
LINE
  5
178
330
22
100
AcDbEntity
  8
B.Cu
  6
CONTINUOUS
100
AcDbLine
 10
5.9100036614173224
 20
-2.9888458661417321
 30
0
 11
5.9112835039370077
 21
-2.9824117322834645
 31
0
  0
LINE
  5
179
330
22
100
AcDbEntity
  8
B.Cu
  6
CONTINUOUS
100
AcDbLine
 10
5.9112835039370077
 20
-2.9824117322834645
 30
0
 11
5.9137939763779528
 21
-2.9763509055118109
 31
0
  0
LINE
  5
17A
330
22
100
AcDbEntity
  8
B.Cu
  6
CONTINUOUS
100
AcDbLine
 10
5.9137939763779528
 20
-2.9763509055118109
 30
0
 11
5.9174386220472437
 21
-2.9708962992125985
 31
0
  0
LINE
  5
17B
330
22
100
AcDbEntity
  8
B.Cu
  6
CONTINUOUS
100
AcDbLine
 10
5.9174386220472437
 20
-2.9708962992125985
 30
0
 11
5.9220774015748034
 21
-2.9662575196850391
 31
0
  0
LINE
  5
17C
330
22
100
AcDbEntity
  8
B.Cu
  6
CONTINUOUS
100
AcDbLine
 10
5.9220774015748034
 20
-2.9662575196850391
 30
0
 11
5.9275320078740155
 21
-2.9626128740157478
 31
0
  0
LINE
  5
17D
330
22
100
AcDbEntity
  8
B.Cu
  6
CONTINUOUS
100
AcDbLine
 10
5.9275320078740155
 20
-2.9626128740157478
 30
0
 11
5.9314960629921263
 21
-2.960970905511811
 31
0
  0
LINE
  5
17E
330
22
100
AcDbEntity
  8
B.Cu
  6
CONTINUOUS
100
AcDbLine
 10
5.9314960629921263
 20
-2.960970905511811
 30
0
 11
5.9314960629921263
 21
-2.9362204724409446
 31
0
  0
LINE
  5
17F
330
22
100
AcDbEntity
  8
B.Cu
  6
CONTINUOUS
100
AcDbLine
 10
5.9314960629921263
 20
-2.9362204724409446
 30
0
 11
5.9315971259842515
 21
-2.9346788188976376
 31
0
  0
LINE
  5
180
330
22
100
AcDbEntity
  8
B.Cu
  6
CONTINUOUS
100
AcDbLine
 10
5.9315971259842515
 20
-2.9346788188976376
 30
0
 11
5.9323951181102359
 21
-2.931700590551181
 31
0
  0
LINE
  5
181
330
22
100
AcDbEntity
  8
B.Cu
  6
CONTINUOUS
100
AcDbLine
 10
5.9323951181102359
 20
-2.931700590551181
 30
0
 11
5.9339367716535429
 21
-2.9290303937007875
 31
0
  0
LINE
  5
182
330
22
100
AcDbEntity
  8
B.Cu
  6
CONTINUOUS
100
AcDbLine
 10
5.9339367716535429
 20
-2.9290303937007875
 30
0
 11
5.9349554330708658
 21
-2.9278688188976378
 31
0
  0
LINE
  5
183
330
22
100
AcDbEntity
  8
B.Cu
  6
CONTINUOUS
100
AcDbLine
 10
5.9349554330708658
 20
-2.9278688188976378
 30
0
 11
5.9774751181102364
 21
-2.8853491338582677
 31
0
  0
LINE
  5
184
330
22
100
AcDbEntity
  8
B.Cu
  6
CONTINUOUS
100
AcDbLine
 10
5.9774751181102364
 20
-2.8853491338582677
 30
0
 11
5.9786366929133861
 21
-2.8843304724409449
 31
0
  0
LINE
  5
185
330
22
100
AcDbEntity
  8
B.Cu
  6
CONTINUOUS
100
AcDbLine
 10
5.9786366929133861
 20
-2.8843304724409449
 30
0
 11
5.9813068897637791
 21
-2.8827888188976378
 31
0
  0
LINE
  5
186
330
22
100
AcDbEntity
  8
B.Cu
  6
CONTINUOUS
100
AcDbLine
 10
5.9813068897637791
 20
-2.8827888188976378
 30
0
 11
5.9842851181102361
 21
-2.8819908267716534
 31
0
  0
LINE
  5
187
330
22
100
AcDbEntity
  8
B.Cu
  6
CONTINUOUS
100
AcDbLine
 10
5.9842851181102361
 20
-2.8819908267716534
 30
0
 11
5.9858267716535432
 21
-2.8818897637795273
 31
0
  0
LINE
  5
188
330
22
100
AcDbEntity
  8
B.Cu
  6
CONTINUOUS
100
AcDbLine
 10
5.9858267716535432
 20
-2.8818897637795273
 30
0
 11
6.1614173228346454
 21
-2.8818897637795273
 31
0
  0
LINE
  5
189
330
22
100
AcDbEntity
  8
B.Cu
  6
CONTINUOUS
100
AcDbLine
 10
6.1614173228346454
 20
-2.8818897637795273
 30
0
 11
6.1629589763779524
 21
-2.8819908267716534
 31
0
  0
LINE
  5
18A
330
22
100
AcDbEntity
  8
B.Cu
  6
CONTINUOUS
100
AcDbLine
 10
5.8530213385826766
 20
-3.0601024015748033
 30
0
 11
5.859082165354331
 21
-3.0626128740157479
 31
0
  0
LINE
  5
18B
330
22
100
AcDbEntity
  8
B.Cu
  6
CONTINUOUS
100
AcDbLine
 10
5.859082165354331
 20
-3.0626128740157479
 30
0
 11
5.864536771653543
 21
-3.0662575196850392
 31
0
  0
LINE
  5
18C
330
22
100
AcDbEntity
  8
B.Cu
  6
CONTINUOUS
100
AcDbLine
 10
5.864536771653543
 20
-3.0662575196850392
 30
0
 11
5.8691755511811019
 21
-3.0708962992125985
 31
0
  0
LINE
  5
18D
330
22
100
AcDbEntity
  8
B.Cu
  6
CONTINUOUS
100
AcDbLine
 10
5.8691755511811019
 20
-3.0708962992125985
 30
0
 11
5.8728201968503937
 21
-3.076350905511811
 31
0
  0
LINE
  5
18E
330
22
100
AcDbEntity
  8
B.Cu
  6
CONTINUOUS
100
AcDbLine
 10
5.8728201968503937
 20
-3.076350905511811
 30
0
 11
5.8753306692913387
 21
-3.0824117322834645
 31
0
  0
LINE
  5
18F
330
22
100
AcDbEntity
  8
B.Cu
  6
CONTINUOUS
100
AcDbLine
 10
5.8753306692913387
 20
-3.0824117322834645
 30
0
 11
5.8766105118110232
 21
-3.0888458661417322
 31
0
  0
LINE
  5
190
330
22
100
AcDbEntity
  8
B.Cu
  6
CONTINUOUS
100
AcDbLine
 10
5.8766105118110232
 20
-3.0888458661417322
 30
0
 11
5.8766105118110232
 21
-3.0954061023622046
 31
0
  0
LINE
  5
191
330
22
100
AcDbEntity
  8
B.Cu
  6
CONTINUOUS
100
AcDbLine
 10
5.8766105118110232
 20
-3.0954061023622046
 30
0
 11
5.8753306692913387
 21
-3.1018402362204722
 31
0
  0
LINE
  5
192
330
22
100
AcDbEntity
  8
B.Cu
  6
CONTINUOUS
100
AcDbLine
 10
5.8753306692913387
 20
-3.1018402362204722
 30
0
 11
5.8728201968503937
 21
-3.1079010629921258
 31
0
  0
LINE
  5
193
330
22
100
AcDbEntity
  8
B.Cu
  6
CONTINUOUS
100
AcDbLine
 10
5.8728201968503937
 20
-3.1079010629921258
 30
0
 11
5.8691755511811019
 21
-3.1133556692913387
 31
0
  0
LINE
  5
194
330
22
100
AcDbEntity
  8
B.Cu
  6
CONTINUOUS
100
AcDbLine
 10
5.8691755511811019
 20
-3.1133556692913387
 30
0
 11
5.864536771653543
 21
-3.1179944488188975
 31
0
  0
LINE
  5
195
330
22
100
AcDbEntity
  8
B.Cu
  6
CONTINUOUS
100
AcDbLine
 10
5.864536771653543
 20
-3.1179944488188975
 30
0
 11
5.859082165354331
 21
-3.1216390944881889
 31
0
  0
LINE
  5
196
330
22
100
AcDbEntity
  8
B.Cu
  6
CONTINUOUS
100
AcDbLine
 10
5.859082165354331
 20
-3.1216390944881889
 30
0
 11
5.8582677165354333
 21
-3.1219764173228346
 31
0
  0
LINE
  5
197
330
22
100
AcDbEntity
  8
B.Cu
  6
CONTINUOUS
100
AcDbLine
 10
5.8582677165354333
 20
-3.1219764173228346
 30
0
 11
5.8582677165354333
 21
-3.1840840944881887
 31
0
  0
LINE
  5
198
330
22
100
AcDbEntity
  8
B.Cu
  6
CONTINUOUS
100
AcDbLine
 10
5.8582677165354333
 20
-3.1840840944881887
 30
0
 11
5.913863464566929
 21
-3.2396798425196849
 31
0
  0
LINE
  5
199
330
22
100
AcDbEntity
  8
B.Cu
  6
CONTINUOUS
100
AcDbLine
 10
5.913863464566929
 20
-3.2396798425196849
 30
0
 11
5.9148821259842519
 21
-3.2408414173228346
 31
0
  0
LINE
  5
19A
330
22
100
AcDbEntity
  8
B.Cu
  6
CONTINUOUS
100
AcDbLine
 10
5.9148821259842519
 20
-3.2408414173228346
 30
0
 11
5.9164237795275589
 21
-3.2435116141732281
 31
0
  0
LINE
  5
19B
330
22
100
AcDbEntity
  8
B.Cu
  6
CONTINUOUS
100
AcDbLine
 10
5.9164237795275589
 20
-3.2435116141732281
 30
0
 11
5.9172217716535433
 21
-3.2464898425196851
 31
0
  0
LINE
  5
19C
330
22
100
AcDbEntity
  8
B.Cu
  6
CONTINUOUS
100
AcDbLine
 10
5.9172217716535433
 20
-3.2464898425196851
 30
0
 11
5.9173228346456694
 21
-3.2480314960629921
 31
0
  0
LINE
  5
19D
330
22
100
AcDbEntity
  8
B.Cu
  6
CONTINUOUS
100
AcDbLine
 10
5.9173228346456694
 20
-3.2480314960629921
 30
0
 11
5.9173228346456694
 21
-3.7147223622047245
 31
0
  0
LINE
  5
19E
330
22
100
AcDbEntity
  8
B.Cu
  6
CONTINUOUS
100
AcDbLine
 10
5.9173228346456694
 20
-3.7147223622047245
 30
0
 11
5.9172217716535433
 21
-3.7162640157480316
 31
0
  0
LINE
  5
19F
330
22
100
AcDbEntity
  8
B.Cu
  6
CONTINUOUS
100
AcDbLine
 10
5.9172217716535433
 20
-3.7162640157480316
 30
0
 11
5.9164237795275589
 21
-3.7192422440944881
 31
0
  0
LINE
  5
1A0
330
22
100
AcDbEntity
  8
B.Cu
  6
CONTINUOUS
100
AcDbLine
 10
5.9164237795275589
 20
-3.7192422440944881
 30
0
 11
5.9148821259842519
 21
-3.7219124409448816
 31
0
  0
LINE
  5
1A1
330
22
100
AcDbEntity
  8
B.Cu
  6
CONTINUOUS
100
AcDbLine
 10
5.9148821259842519
 20
-3.7219124409448816
 30
0
 11
5.9133858267716537
 21
-3.7234087401574802
 31
0
  0
LINE
  5
1A2
330
22
100
AcDbEntity
  8
B.Cu
  6
CONTINUOUS
100
AcDbLine
 10
5.9133858267716537
 20
-3.7234087401574802
 30
0
 11
5.9133858267716537
 21
-3.8261975590551178
 31
0
  0
LINE
  5
1A3
330
22
100
AcDbEntity
  8
B.Cu
  6
CONTINUOUS
100
AcDbLine
 10
5.9133858267716537
 20
-3.8261975590551178
 30
0
 11
5.9148821259842519
 21
-3.8276938582677165
 31
0
  0
LINE
  5
1A4
330
22
100
AcDbEntity
  8
B.Cu
  6
CONTINUOUS
100
AcDbLine
 10
5.9148821259842519
 20
-3.8276938582677165
 30
0
 11
5.9164237795275589
 21
-3.83036405511811
 31
0
  0
LINE
  5
1A5
330
22
100
AcDbEntity
  8
B.Cu
  6
CONTINUOUS
100
AcDbLine
 10
5.9164237795275589
 20
-3.83036405511811
 30
0
 11
5.9172217716535433
 21
-3.833342283464567
 31
0
  0
LINE
  5
1A6
330
22
100
AcDbEntity
  8
B.Cu
  6
CONTINUOUS
100
AcDbLine
 10
5.9172217716535433
 20
-3.833342283464567
 30
0
 11
5.9173228346456694
 21
-3.834883937007874
 31
0
  0
LINE
  5
1A7
330
22
100
AcDbEntity
  8
B.Cu
  6
CONTINUOUS
100
AcDbLine
 10
5.9173228346456694
 20
-3.834883937007874
 30
0
 11
5.9173228346456694
 21
-3.9370078740157481
 31
0
  0
LINE
  5
1A8
330
22
100
AcDbEntity
  8
B.Cu
  6
CONTINUOUS
100
AcDbLine
 10
5.9173228346456694
 20
-3.9370078740157481
 30
0
 11
5.9172217716535433
 21
-3.9385495275590552
 31
0
  0
LINE
  5
1A9
330
22
100
AcDbEntity
  8
B.Cu
  6
CONTINUOUS
100
AcDbLine
 10
5.9172217716535433
 20
-3.9385495275590552
 30
0
 11
5.9164237795275589
 21
-3.9415277559055117
 31
0
  0
LINE
  5
1AA
330
22
100
AcDbEntity
  8
B.Cu
  6
CONTINUOUS
100
AcDbLine
 10
5.9164237795275589
 20
-3.9415277559055117
 30
0
 11
5.9148821259842519
 21
-3.9441979527559052
 31
0
  0
LINE
  5
1AB
330
22
100
AcDbEntity
  8
B.Cu
  6
CONTINUOUS
100
AcDbLine
 10
5.9148821259842519
 20
-3.9441979527559052
 30
0
 11
5.913863464566929
 21
-3.9453595275590549
 31
0
  0
LINE
  5
1AC
330
22
100
AcDbEntity
  8
B.Cu
  6
CONTINUOUS
100
AcDbLine
 10
5.913863464566929
 20
-3.9453595275590549
 30
0
 11
5.5673228346456689
 21
-4.2919001574803151
 31
0
  0
LINE
  5
1AD
330
22
100
AcDbEntity
  8
B.Cu
  6
CONTINUOUS
100
AcDbLine
 10
5.5673228346456689
 20
-4.2919001574803151
 30
0
 11
5.5673228346456689
 21
-4.3390022047244097
 31
0
  0
LINE
  5
1AE
330
22
100
AcDbEntity
  8
B.Cu
  6
CONTINUOUS
100
AcDbLine
 10
5.5673228346456689
 20
-4.3390022047244097
 30
0
 11
5.569172992125984
 21
-4.3400704330708662
 31
0
  0
LINE
  5
1AF
330
22
100
AcDbEntity
  8
B.Cu
  6
CONTINUOUS
100
AcDbLine
 10
5.569172992125984
 20
-4.3400704330708662
 30
0
 11
5.5733153937007875
 21
-4.3442128346456688
 31
0
  0
LINE
  5
1B0
330
22
100
AcDbEntity
  8
B.Cu
  6
CONTINUOUS
100
AcDbLine
 10
5.5733153937007875
 20
-4.3442128346456688
 30
0
 11
5.5762445275590551
 21
-4.3492862204724405
 31
0
  0
LINE
  5
1B1
330
22
100
AcDbEntity
  8
B.Cu
  6
CONTINUOUS
100
AcDbLine
 10
5.5762445275590551
 20
-4.3492862204724405
 30
0
 11
5.5777607874015747
 21
-4.3549448818897636
 31
0
  0
LINE
  5
1B2
330
22
100
AcDbEntity
  8
B.Cu
  6
CONTINUOUS
100
AcDbLine
 10
5.5777607874015747
 20
-4.3549448818897636
 30
0
 11
5.5779527559055113
 21
-4.3578740157480311
 31
0
  0
LINE
  5
1B3
330
22
100
AcDbEntity
  8
B.Cu
  6
CONTINUOUS
100
AcDbLine
 10
5.5779527559055113
 20
-4.3578740157480311
 30
0
 11
5.5779527559055113
 21
-4.3917322834645667
 31
0
  0
LINE
  5
1B4
330
22
100
AcDbEntity
  8
B.Cu
  6
CONTINUOUS
100
AcDbLine
 10
5.5779527559055113
 20
-4.3917322834645667
 30
0
 11
5.5777607874015747
 21
-4.3946614173228342
 31
0
  0
LINE
  5
1B5
330
22
100
AcDbEntity
  8
B.Cu
  6
CONTINUOUS
100
AcDbLine
 10
5.5777607874015747
 20
-4.3946614173228342
 30
0
 11
5.5762445275590551
 21
-4.4003200787401573
 31
0
  0
LINE
  5
1B6
330
22
100
AcDbEntity
  8
B.Cu
  6
CONTINUOUS
100
AcDbLine
 10
5.5762445275590551
 20
-4.4003200787401573
 30
0
 11
5.5733153937007875
 21
-4.405393464566929
 31
0
  0
LINE
  5
1B7
330
22
100
AcDbEntity
  8
B.Cu
  6
CONTINUOUS
100
AcDbLine
 10
5.5733153937007875
 20
-4.405393464566929
 30
0
 11
5.569172992125984
 21
-4.4095358661417325
 31
0
  0
LINE
  5
1B8
330
22
100
AcDbEntity
  8
B.Cu
  6
CONTINUOUS
100
AcDbLine
 10
5.569172992125984
 20
-4.4095358661417325
 30
0
 11
5.5640996062992123
 21
-4.4124650000000001
 31
0
  0
LINE
  5
1B9
330
22
100
AcDbEntity
  8
B.Cu
  6
CONTINUOUS
100
AcDbLine
 10
5.5640996062992123
 20
-4.4124650000000001
 30
0
 11
5.5584409448818892
 21
-4.4139812598425197
 31
0
  0
LINE
  5
1BA
330
22
100
AcDbEntity
  8
B.Cu
  6
CONTINUOUS
100
AcDbLine
 10
5.5584409448818892
 20
-4.4139812598425197
 30
0
 11
5.5525826771653541
 21
-4.4139812598425197
 31
0
  0
LINE
  5
1BB
330
22
100
AcDbEntity
  8
B.Cu
  6
CONTINUOUS
100
AcDbLine
 10
5.5525826771653541
 20
-4.4139812598425197
 30
0
 11
5.5469240157480311
 21
-4.4124650000000001
 31
0
  0
LINE
  5
1BC
330
22
100
AcDbEntity
  8
B.Cu
  6
CONTINUOUS
100
AcDbLine
 10
5.5469240157480311
 20
-4.4124650000000001
 30
0
 11
5.5418506299212593
 21
-4.4095358661417325
 31
0
  0
LINE
  5
1BD
330
22
100
AcDbEntity
  8
B.Cu
  6
CONTINUOUS
100
AcDbLine
 10
5.5418506299212593
 20
-4.4095358661417325
 30
0
 11
5.5377082283464567
 21
-4.405393464566929
 31
0
  0
LINE
  5
1BE
330
22
100
AcDbEntity
  8
B.Cu
  6
CONTINUOUS
100
AcDbLine
 10
5.5377082283464567
 20
-4.405393464566929
 30
0
 11
5.5347790944881892
 21
-4.4003200787401573
 31
0
  0
LINE
  5
1BF
330
22
100
AcDbEntity
  8
B.Cu
  6
CONTINUOUS
100
AcDbLine
 10
5.5347790944881892
 20
-4.4003200787401573
 30
0
 11
5.5332628346456696
 21
-4.3946614173228342
 31
0
  0
LINE
  5
1C0
330
22
100
AcDbEntity
  8
B.Cu
  6
CONTINUOUS
100
AcDbLine
 10
5.5332628346456696
 20
-4.3946614173228342
 30
0
 11
5.533070866141732
 21
-4.3917322834645667
 31
0
  0
LINE
  5
1C1
330
22
100
AcDbEntity
  8
B.Cu
  6
CONTINUOUS
100
AcDbLine
 10
5.533070866141732
 20
-4.3917322834645667
 30
0
 11
5.533070866141732
 21
-4.3578740157480311
 31
0
  0
LINE
  5
1C2
330
22
100
AcDbEntity
  8
B.Cu
  6
CONTINUOUS
100
AcDbLine
 10
5.533070866141732
 20
-4.3578740157480311
 30
0
 11
5.5332628346456696
 21
-4.3549448818897636
 31
0
  0
LINE
  5
1C3
330
22
100
AcDbEntity
  8
B.Cu
  6
CONTINUOUS
100
AcDbLine
 10
5.5332628346456696
 20
-4.3549448818897636
 30
0
 11
5.5347790944881892
 21
-4.3492862204724405
 31
0
  0
LINE
  5
1C4
330
22
100
AcDbEntity
  8
B.Cu
  6
CONTINUOUS
100
AcDbLine
 10
5.5347790944881892
 20
-4.3492862204724405
 30
0
 11
5.5377082283464567
 21
-4.3442128346456688
 31
0
  0
LINE
  5
1C5
330
22
100
AcDbEntity
  8
B.Cu
  6
CONTINUOUS
100
AcDbLine
 10
5.5377082283464567
 20
-4.3442128346456688
 30
0
 11
5.5418506299212593
 21
-4.3400704330708662
 31
0
  0
LINE
  5
1C6
330
22
100
AcDbEntity
  8
B.Cu
  6
CONTINUOUS
100
AcDbLine
 10
5.5418506299212593
 20
-4.3400704330708662
 30
0
 11
5.5437007874015745
 21
-4.3390022047244097
 31
0
  0
LINE
  5
1C7
330
22
100
AcDbEntity
  8
B.Cu
  6
CONTINUOUS
100
AcDbLine
 10
5.5437007874015745
 20
-4.3390022047244097
 30
0
 11
5.5437007874015745
 21
-4.2870078740157478
 31
0
  0
LINE
  5
1C8
330
22
100
AcDbEntity
  8
B.Cu
  6
CONTINUOUS
100
AcDbLine
 10
5.5437007874015745
 20
-4.2870078740157478
 30
0
 11
5.5438018503937005
 21
-4.2854662204724407
 31
0
  0
LINE
  5
1C9
330
22
100
AcDbEntity
  8
B.Cu
  6
CONTINUOUS
100
AcDbLine
 10
5.5438018503937005
 20
-4.2854662204724407
 30
0
 11
5.544599842519685
 21
-4.2824879921259837
 31
0
  0
LINE
  5
1CA
330
22
100
AcDbEntity
  8
B.Cu
  6
CONTINUOUS
100
AcDbLine
 10
5.544599842519685
 20
-4.2824879921259837
 30
0
 11
5.546141496062992
 21
-4.2798177952755907
 31
0
  0
LINE
  5
1CB
330
22
100
AcDbEntity
  8
B.Cu
  6
CONTINUOUS
100
AcDbLine
 10
5.546141496062992
 20
-4.2798177952755907
 30
0
 11
5.5471601574803149
 21
-4.278656220472441
 31
0
  0
LINE
  5
1CC
330
22
100
AcDbEntity
  8
B.Cu
  6
CONTINUOUS
100
AcDbLine
 10
5.5471601574803149
 20
-4.278656220472441
 30
0
 11
5.893700787401575
 21
-3.9321155905511809
 31
0
  0
LINE
  5
1CD
330
22
100
AcDbEntity
  8
B.Cu
  6
CONTINUOUS
100
AcDbLine
 10
5.893700787401575
 20
-3.9321155905511809
 30
0
 11
5.893700787401575
 21
-3.834883937007874
 31
0
  0
LINE
  5
1CE
330
22
100
AcDbEntity
  8
B.Cu
  6
CONTINUOUS
100
AcDbLine
 10
5.893700787401575
 20
-3.834883937007874
 30
0
 11
5.8938018503937011
 21
-3.833342283464567
 31
0
  0
LINE
  5
1CF
330
22
100
AcDbEntity
  8
B.Cu
  6
CONTINUOUS
100
AcDbLine
 10
5.8938018503937011
 20
-3.833342283464567
 30
0
 11
5.8945998425196846
 21
-3.83036405511811
 31
0
  0
LINE
  5
1D0
330
22
100
AcDbEntity
  8
B.Cu
  6
CONTINUOUS
100
AcDbLine
 10
5.8945998425196846
 20
-3.83036405511811
 30
0
 11
5.8961414960629916
 21
-3.8276938582677165
 31
0
  0
LINE
  5
1D1
330
22
100
AcDbEntity
  8
B.Cu
  6
CONTINUOUS
100
AcDbLine
 10
5.8961414960629916
 20
-3.8276938582677165
 30
0
 11
5.8976377952755907
 21
-3.8261975590551178
 31
0
  0
LINE
  5
1D2
330
22
100
AcDbEntity
  8
B.Cu
  6
CONTINUOUS
100
AcDbLine
 10
5.8976377952755907
 20
-3.8261975590551178
 30
0
 11
5.8976377952755907
 21
-3.7234087401574802
 31
0
  0
LINE
  5
1D3
330
22
100
AcDbEntity
  8
B.Cu
  6
CONTINUOUS
100
AcDbLine
 10
5.8976377952755907
 20
-3.7234087401574802
 30
0
 11
5.8961414960629916
 21
-3.7219124409448816
 31
0
  0
LINE
  5
1D4
330
22
100
AcDbEntity
  8
B.Cu
  6
CONTINUOUS
100
AcDbLine
 10
5.8961414960629916
 20
-3.7219124409448816
 30
0
 11
5.8945998425196846
 21
-3.7192422440944881
 31
0
  0
LINE
  5
1D5
330
22
100
AcDbEntity
  8
B.Cu
  6
CONTINUOUS
100
AcDbLine
 10
5.8945998425196846
 20
-3.7192422440944881
 30
0
 11
5.8938018503937011
 21
-3.7162640157480316
 31
0
  0
LINE
  5
1D6
330
22
100
AcDbEntity
  8
B.Cu
  6
CONTINUOUS
100
AcDbLine
 10
5.8938018503937011
 20
-3.7162640157480316
 30
0
 11
5.893700787401575
 21
-3.7147223622047245
 31
0
  0
LINE
  5
1D7
330
22
100
AcDbEntity
  8
B.Cu
  6
CONTINUOUS
100
AcDbLine
 10
5.893700787401575
 20
-3.7147223622047245
 30
0
 11
5.893700787401575
 21
-3.252923779527559
 31
0
  0
LINE
  5
1D8
330
22
100
AcDbEntity
  8
B.Cu
  6
CONTINUOUS
100
AcDbLine
 10
5.893700787401575
 20
-3.252923779527559
 30
0
 11
5.8381050393700784
 21
-3.1973280314960628
 31
0
  0
LINE
  5
1D9
330
22
100
AcDbEntity
  8
B.Cu
  6
CONTINUOUS
100
AcDbLine
 10
5.8381050393700784
 20
-3.1973280314960628
 30
0
 11
5.8370863779527555
 21
-3.1961664566929131
 31
0
  0
LINE
  5
1DA
330
22
100
AcDbEntity
  8
B.Cu
  6
CONTINUOUS
100
AcDbLine
 10
5.8370863779527555
 20
-3.1961664566929131
 30
0
 11
5.8355447244094485
 21
-3.1934962598425196
 31
0
  0
LINE
  5
1DB
330
22
100
AcDbEntity
  8
B.Cu
  6
CONTINUOUS
100
AcDbLine
 10
5.8355447244094485
 20
-3.1934962598425196
 30
0
 11
5.8347467322834641
 21
-3.1905180314960631
 31
0
  0
LINE
  5
1DC
330
22
100
AcDbEntity
  8
B.Cu
  6
CONTINUOUS
100
AcDbLine
 10
5.8347467322834641
 20
-3.1905180314960631
 30
0
 11
5.8346456692913389
 21
-3.188976377952756
 31
0
  0
LINE
  5
1DD
330
22
100
AcDbEntity
  8
B.Cu
  6
CONTINUOUS
100
AcDbLine
 10
5.8346456692913389
 20
-3.188976377952756
 30
0
 11
5.8346456692913389
 21
-3.1243589763779527
 31
0
  0
LINE
  5
1DE
330
22
100
AcDbEntity
  8
B.Cu
  6
CONTINUOUS
100
AcDbLine
 10
5.8346456692913389
 20
-3.1243589763779527
 30
0
 11
5.8335928346456694
 21
-3.1241495669291339
 31
0
  0
LINE
  5
1DF
330
22
100
AcDbEntity
  8
B.Cu
  6
CONTINUOUS
100
AcDbLine
 10
5.8335928346456694
 20
-3.1241495669291339
 30
0
 11
5.8275320078740158
 21
-3.1216390944881889
 31
0
  0
LINE
  5
1E0
330
22
100
AcDbEntity
  8
B.Cu
  6
CONTINUOUS
100
AcDbLine
 10
5.8275320078740158
 20
-3.1216390944881889
 30
0
 11
5.8220774015748029
 21
-3.1179944488188975
 31
0
  0
LINE
  5
1E1
330
22
100
AcDbEntity
  8
B.Cu
  6
CONTINUOUS
100
AcDbLine
 10
5.8220774015748029
 20
-3.1179944488188975
 30
0
 11
5.817438622047244
 21
-3.1133556692913387
 31
0
  0
LINE
  5
1E2
330
22
100
AcDbEntity
  8
B.Cu
  6
CONTINUOUS
100
AcDbLine
 10
5.817438622047244
 20
-3.1133556692913387
 30
0
 11
5.8137939763779523
 21
-3.1079010629921258
 31
0
  0
LINE
  5
1E3
330
22
100
AcDbEntity
  8
B.Cu
  6
CONTINUOUS
100
AcDbLine
 10
5.8137939763779523
 20
-3.1079010629921258
 30
0
 11
5.8112835039370081
 21
-3.1018402362204722
 31
0
  0
LINE
  5
1E4
330
22
100
AcDbEntity
  8
B.Cu
  6
CONTINUOUS
100
AcDbLine
 10
5.8112835039370081
 20
-3.1018402362204722
 30
0
 11
5.8100036614173227
 21
-3.0954061023622046
 31
0
  0
LINE
  5
1E5
330
22
100
AcDbEntity
  8
B.Cu
  6
CONTINUOUS
100
AcDbLine
 10
5.8100036614173227
 20
-3.0954061023622046
 30
0
 11
5.8100036614173227
 21
-3.0888458661417322
 31
0
  0
LINE
  5
1E6
330
22
100
AcDbEntity
  8
B.Cu
  6
CONTINUOUS
100
AcDbLine
 10
5.8100036614173227
 20
-3.0888458661417322
 30
0
 11
5.8112835039370081
 21
-3.0824117322834645
 31
0
  0
LINE
  5
1E7
330
22
100
AcDbEntity
  8
B.Cu
  6
CONTINUOUS
100
AcDbLine
 10
5.8112835039370081
 20
-3.0824117322834645
 30
0
 11
5.8137939763779523
 21
-3.076350905511811
 31
0
  0
LINE
  5
1E8
330
22
100
AcDbEntity
  8
B.Cu
  6
CONTINUOUS
100
AcDbLine
 10
5.8137939763779523
 20
-3.076350905511811
 30
0
 11
5.817438622047244
 21
-3.0708962992125985
 31
0
  0
LINE
  5
1E9
330
22
100
AcDbEntity
  8
B.Cu
  6
CONTINUOUS
100
AcDbLine
 10
5.817438622047244
 20
-3.0708962992125985
 30
0
 11
5.8220774015748029
 21
-3.0662575196850392
 31
0
  0
LINE
  5
1EA
330
22
100
AcDbEntity
  8
B.Cu
  6
CONTINUOUS
100
AcDbLine
 10
5.8220774015748029
 20
-3.0662575196850392
 30
0
 11
5.8275320078740158
 21
-3.0626128740157479
 31
0
  0
LINE
  5
1EB
330
22
100
AcDbEntity
  8
B.Cu
  6
CONTINUOUS
100
AcDbLine
 10
5.8275320078740158
 20
-3.0626128740157479
 30
0
 11
5.8335928346456694
 21
-3.0601024015748033
 31
0
  0
LINE
  5
1EC
330
22
100
AcDbEntity
  8
B.Cu
  6
CONTINUOUS
100
AcDbLine
 10
5.8335928346456694
 20
-3.0601024015748033
 30
0
 11
5.8400269685039365
 21
-3.0588225590551179
 31
0
  0
LINE
  5
1ED
330
22
100
AcDbEntity
  8
B.Cu
  6
CONTINUOUS
100
AcDbLine
 10
5.8400269685039365
 20
-3.0588225590551179
 30
0
 11
5.8465872047244094
 21
-3.0588225590551179
 31
0
  0
LINE
  5
1EE
330
22
100
AcDbEntity
  8
B.Cu
  6
CONTINUOUS
100
AcDbLine
 10
5.8465872047244094
 20
-3.0588225590551179
 30
0
 11
5.8530213385826766
 21
-3.0601024015748033
 31
0
  0
LINE
  5
1EF
330
22
100
AcDbEntity
  8
B.Cu
  6
CONTINUOUS
100
AcDbLine
 10
5.9530213385826771
 20
-3.0601024015748033
 30
0
 11
5.9590821653543307
 21
-3.0626128740157479
 31
0
  0
LINE
  5
1F0
330
22
100
AcDbEntity
  8
B.Cu
  6
CONTINUOUS
100
AcDbLine
 10
5.9590821653543307
 20
-3.0626128740157479
 30
0
 11
5.9645367716535436
 21
-3.0662575196850392
 31
0
  0
LINE
  5
1F1
330
22
100
AcDbEntity
  8
B.Cu
  6
CONTINUOUS
100
AcDbLine
 10
5.9645367716535436
 20
-3.0662575196850392
 30
0
 11
5.9691755511811024
 21
-3.0708962992125985
 31
0
  0
LINE
  5
1F2
330
22
100
AcDbEntity
  8
B.Cu
  6
CONTINUOUS
100
AcDbLine
 10
5.9691755511811024
 20
-3.0708962992125985
 30
0
 11
5.9728201968503933
 21
-3.076350905511811
 31
0
  0
LINE
  5
1F3
330
22
100
AcDbEntity
  8
B.Cu
  6
CONTINUOUS
100
AcDbLine
 10
5.9728201968503933
 20
-3.076350905511811
 30
0
 11
5.9753306692913384
 21
-3.0824117322834645
 31
0
  0
LINE
  5
1F4
330
22
100
AcDbEntity
  8
B.Cu
  6
CONTINUOUS
100
AcDbLine
 10
5.9753306692913384
 20
-3.0824117322834645
 30
0
 11
5.9766105118110238
 21
-3.0888458661417322
 31
0
  0
LINE
  5
1F5
330
22
100
AcDbEntity
  8
B.Cu
  6
CONTINUOUS
100
AcDbLine
 10
5.9766105118110238
 20
-3.0888458661417322
 30
0
 11
5.9766105118110238
 21
-3.0954061023622046
 31
0
  0
LINE
  5
1F6
330
22
100
AcDbEntity
  8
B.Cu
  6
CONTINUOUS
100
AcDbLine
 10
5.9766105118110238
 20
-3.0954061023622046
 30
0
 11
5.9753306692913384
 21
-3.1018402362204722
 31
0
  0
LINE
  5
1F7
330
22
100
AcDbEntity
  8
B.Cu
  6
CONTINUOUS
100
AcDbLine
 10
5.9753306692913384
 20
-3.1018402362204722
 30
0
 11
5.9728201968503933
 21
-3.1079010629921258
 31
0
  0
LINE
  5
1F8
330
22
100
AcDbEntity
  8
B.Cu
  6
CONTINUOUS
100
AcDbLine
 10
5.9728201968503933
 20
-3.1079010629921258
 30
0
 11
5.9691755511811024
 21
-3.1133556692913387
 31
0
  0
LINE
  5
1F9
330
22
100
AcDbEntity
  8
B.Cu
  6
CONTINUOUS
100
AcDbLine
 10
5.9691755511811024
 20
-3.1133556692913387
 30
0
 11
5.9645367716535436
 21
-3.1179944488188975
 31
0
  0
LINE
  5
1FA
330
22
100
AcDbEntity
  8
B.Cu
  6
CONTINUOUS
100
AcDbLine
 10
5.9645367716535436
 20
-3.1179944488188975
 30
0
 11
5.9590821653543307
 21
-3.1216390944881889
 31
0
  0
LINE
  5
1FB
330
22
100
AcDbEntity
  8
B.Cu
  6
CONTINUOUS
100
AcDbLine
 10
5.9590821653543307
 20
-3.1216390944881889
 30
0
 11
5.9566929133858268
 21
-3.1226287401574804
 31
0
  0
LINE
  5
1FC
330
22
100
AcDbEntity
  8
B.Cu
  6
CONTINUOUS
100
AcDbLine
 10
5.9566929133858268
 20
-3.1226287401574804
 30
0
 11
5.9566929133858268
 21
-3.1840840944881887
 31
0
  0
LINE
  5
1FD
330
22
100
AcDbEntity
  8
B.Cu
  6
CONTINUOUS
100
AcDbLine
 10
5.9566929133858268
 20
-3.1840840944881887
 30
0
 11
6.0122886614173225
 21
-3.2396798425196849
 31
0
  0
LINE
  5
1FE
330
22
100
AcDbEntity
  8
B.Cu
  6
CONTINUOUS
100
AcDbLine
 10
6.0122886614173225
 20
-3.2396798425196849
 30
0
 11
6.0133073228346454
 21
-3.2408414173228346
 31
0
  0
LINE
  5
1FF
330
22
100
AcDbEntity
  8
B.Cu
  6
CONTINUOUS
100
AcDbLine
 10
6.0133073228346454
 20
-3.2408414173228346
 30
0
 11
6.0148489763779525
 21
-3.2435116141732281
 31
0
  0
LINE
  5
200
330
22
100
AcDbEntity
  8
B.Cu
  6
CONTINUOUS
100
AcDbLine
 10
6.0148489763779525
 20
-3.2435116141732281
 30
0
 11
6.0156469685039369
 21
-3.2464898425196851
 31
0
  0
LINE
  5
201
330
22
100
AcDbEntity
  8
B.Cu
  6
CONTINUOUS
100
AcDbLine
 10
6.0156469685039369
 20
-3.2464898425196851
 30
0
 11
6.015748031496063
 21
-3.2480314960629921
 31
0
  0
LINE
  5
202
330
22
100
AcDbEntity
  8
B.Cu
  6
CONTINUOUS
100
AcDbLine
 10
6.015748031496063
 20
-3.2480314960629921
 30
0
 11
6.015748031496063
 21
-3.713147559055118
 31
0
  0
LINE
  5
203
330
22
100
AcDbEntity
  8
B.Cu
  6
CONTINUOUS
100
AcDbLine
 10
6.015748031496063
 20
-3.713147559055118
 30
0
 11
6.0156469685039369
 21
-3.714689212598425
 31
0
  0
LINE
  5
204
330
22
100
AcDbEntity
  8
B.Cu
  6
CONTINUOUS
100
AcDbLine
 10
6.0156469685039369
 20
-3.714689212598425
 30
0
 11
6.0148489763779525
 21
-3.717667440944882
 31
0
  0
LINE
  5
205
330
22
100
AcDbEntity
  8
B.Cu
  6
CONTINUOUS
100
AcDbLine
 10
6.0148489763779525
 20
-3.717667440944882
 30
0
 11
6.0133073228346454
 21
-3.7203376377952755
 31
0
  0
LINE
  5
206
330
22
100
AcDbEntity
  8
B.Cu
  6
CONTINUOUS
100
AcDbLine
 10
6.0133073228346454
 20
-3.7203376377952755
 30
0
 11
6.0118110236220472
 21
-3.7218339370078741
 31
0
  0
LINE
  5
207
330
22
100
AcDbEntity
  8
B.Cu
  6
CONTINUOUS
100
AcDbLine
 10
6.0118110236220472
 20
-3.7218339370078741
 30
0
 11
6.0118110236220472
 21
-3.8277723622047244
 31
0
  0
LINE
  5
208
330
22
100
AcDbEntity
  8
B.Cu
  6
CONTINUOUS
100
AcDbLine
 10
6.0118110236220472
 20
-3.8277723622047244
 30
0
 11
6.0133073228346454
 21
-3.8292686614173226
 31
0
  0
LINE
  5
209
330
22
100
AcDbEntity
  8
B.Cu
  6
CONTINUOUS
100
AcDbLine
 10
6.0133073228346454
 20
-3.8292686614173226
 30
0
 11
6.0148489763779525
 21
-3.8319388582677165
 31
0
  0
LINE
  5
20A
330
22
100
AcDbEntity
  8
B.Cu
  6
CONTINUOUS
100
AcDbLine
 10
6.0148489763779525
 20
-3.8319388582677165
 30
0
 11
6.0156469685039369
 21
-3.8349170866141731
 31
0
  0
LINE
  5
20B
330
22
100
AcDbEntity
  8
B.Cu
  6
CONTINUOUS
100
AcDbLine
 10
6.0156469685039369
 20
-3.8349170866141731
 30
0
 11
6.015748031496063
 21
-3.8364587401574801
 31
0
  0
LINE
  5
20C
330
22
100
AcDbEntity
  8
B.Cu
  6
CONTINUOUS
100
AcDbLine
 10
6.015748031496063
 20
-3.8364587401574801
 30
0
 11
6.015748031496063
 21
-4.0212598425196848
 31
0
  0
LINE
  5
20D
330
22
100
AcDbEntity
  8
B.Cu
  6
CONTINUOUS
100
AcDbLine
 10
6.015748031496063
 20
-4.0212598425196848
 30
0
 11
6.0156469685039369
 21
-4.0228014960629919
 31
0
  0
LINE
  5
20E
330
22
100
AcDbEntity
  8
B.Cu
  6
CONTINUOUS
100
AcDbLine
 10
6.0156469685039369
 20
-4.0228014960629919
 30
0
 11
6.0148489763779525
 21
-4.0257797244094489
 31
0
  0
LINE
  5
20F
330
22
100
AcDbEntity
  8
B.Cu
  6
CONTINUOUS
100
AcDbLine
 10
6.0148489763779525
 20
-4.0257797244094489
 30
0
 11
6.0133073228346454
 21
-4.0284499212598428
 31
0
  0
LINE
  5
210
330
22
100
AcDbEntity
  8
B.Cu
  6
CONTINUOUS
100
AcDbLine
 10
6.0133073228346454
 20
-4.0284499212598428
 30
0
 11
6.0122886614173225
 21
-4.0296114960629916
 31
0
  0
LINE
  5
211
330
22
100
AcDbEntity
  8
B.Cu
  6
CONTINUOUS
100
AcDbLine
 10
6.0122886614173225
 20
-4.0296114960629916
 30
0
 11
5.7673228346456691
 21
-4.274577322834646
 31
0
  0
LINE
  5
212
330
22
100
AcDbEntity
  8
B.Cu
  6
CONTINUOUS
100
AcDbLine
 10
5.7673228346456691
 20
-4.274577322834646
 30
0
 11
5.7673228346456691
 21
-4.3390022047244097
 31
0
  0
LINE
  5
213
330
22
100
AcDbEntity
  8
B.Cu
  6
CONTINUOUS
100
AcDbLine
 10
5.7673228346456691
 20
-4.3390022047244097
 30
0
 11
5.7691729921259842
 21
-4.3400704330708662
 31
0
  0
LINE
  5
214
330
22
100
AcDbEntity
  8
B.Cu
  6
CONTINUOUS
100
AcDbLine
 10
5.7691729921259842
 20
-4.3400704330708662
 30
0
 11
5.7733153937007868
 21
-4.3442128346456688
 31
0
  0
LINE
  5
215
330
22
100
AcDbEntity
  8
B.Cu
  6
CONTINUOUS
100
AcDbLine
 10
5.7733153937007868
 20
-4.3442128346456688
 30
0
 11
5.7762445275590553
 21
-4.3492862204724405
 31
0
  0
LINE
  5
216
330
22
100
AcDbEntity
  8
B.Cu
  6
CONTINUOUS
100
AcDbLine
 10
5.7762445275590553
 20
-4.3492862204724405
 30
0
 11
5.7777607874015748
 21
-4.3549448818897636
 31
0
  0
LINE
  5
217
330
22
100
AcDbEntity
  8
B.Cu
  6
CONTINUOUS
100
AcDbLine
 10
5.7777607874015748
 20
-4.3549448818897636
 30
0
 11
5.7779527559055115
 21
-4.3578740157480311
 31
0
  0
LINE
  5
218
330
22
100
AcDbEntity
  8
B.Cu
  6
CONTINUOUS
100
AcDbLine
 10
5.7779527559055115
 20
-4.3578740157480311
 30
0
 11
5.7779527559055115
 21
-4.3917322834645667
 31
0
  0
LINE
  5
219
330
22
100
AcDbEntity
  8
B.Cu
  6
CONTINUOUS
100
AcDbLine
 10
5.7779527559055115
 20
-4.3917322834645667
 30
0
 11
5.7777607874015748
 21
-4.3946614173228342
 31
0
  0
LINE
  5
21A
330
22
100
AcDbEntity
  8
B.Cu
  6
CONTINUOUS
100
AcDbLine
 10
5.7777607874015748
 20
-4.3946614173228342
 30
0
 11
5.7762445275590553
 21
-4.4003200787401573
 31
0
  0
LINE
  5
21B
330
22
100
AcDbEntity
  8
B.Cu
  6
CONTINUOUS
100
AcDbLine
 10
5.7762445275590553
 20
-4.4003200787401573
 30
0
 11
5.7733153937007868
 21
-4.405393464566929
 31
0
  0
LINE
  5
21C
330
22
100
AcDbEntity
  8
B.Cu
  6
CONTINUOUS
100
AcDbLine
 10
5.7733153937007868
 20
-4.405393464566929
 30
0
 11
5.7691729921259842
 21
-4.4095358661417325
 31
0
  0
LINE
  5
21D
330
22
100
AcDbEntity
  8
B.Cu
  6
CONTINUOUS
100
AcDbLine
 10
5.7691729921259842
 20
-4.4095358661417325
 30
0
 11
5.7640996062992125
 21
-4.4124650000000001
 31
0
  0
LINE
  5
21E
330
22
100
AcDbEntity
  8
B.Cu
  6
CONTINUOUS
100
AcDbLine
 10
5.7640996062992125
 20
-4.4124650000000001
 30
0
 11
5.7584409448818894
 21
-4.4139812598425197
 31
0
  0
LINE
  5
21F
330
22
100
AcDbEntity
  8
B.Cu
  6
CONTINUOUS
100
AcDbLine
 10
5.7584409448818894
 20
-4.4139812598425197
 30
0
 11
5.7525826771653543
 21
-4.4139812598425197
 31
0
  0
LINE
  5
220
330
22
100
AcDbEntity
  8
B.Cu
  6
CONTINUOUS
100
AcDbLine
 10
5.7525826771653543
 20
-4.4139812598425197
 30
0
 11
5.7469240157480312
 21
-4.4124650000000001
 31
0
  0
LINE
  5
221
330
22
100
AcDbEntity
  8
B.Cu
  6
CONTINUOUS
100
AcDbLine
 10
5.7469240157480312
 20
-4.4124650000000001
 30
0
 11
5.7418506299212595
 21
-4.4095358661417325
 31
0
  0
LINE
  5
222
330
22
100
AcDbEntity
  8
B.Cu
  6
CONTINUOUS
100
AcDbLine
 10
5.7418506299212595
 20
-4.4095358661417325
 30
0
 11
5.7377082283464569
 21
-4.405393464566929
 31
0
  0
LINE
  5
223
330
22
100
AcDbEntity
  8
B.Cu
  6
CONTINUOUS
100
AcDbLine
 10
5.7377082283464569
 20
-4.405393464566929
 30
0
 11
5.7347790944881885
 21
-4.4003200787401573
 31
0
  0
LINE
  5
224
330
22
100
AcDbEntity
  8
B.Cu
  6
CONTINUOUS
100
AcDbLine
 10
5.7347790944881885
 20
-4.4003200787401573
 30
0
 11
5.7332628346456689
 21
-4.3946614173228342
 31
0
  0
LINE
  5
225
330
22
100
AcDbEntity
  8
B.Cu
  6
CONTINUOUS
100
AcDbLine
 10
5.7332628346456689
 20
-4.3946614173228342
 30
0
 11
5.7330708661417322
 21
-4.3917322834645667
 31
0
  0
LINE
  5
226
330
22
100
AcDbEntity
  8
B.Cu
  6
CONTINUOUS
100
AcDbLine
 10
5.7330708661417322
 20
-4.3917322834645667
 30
0
 11
5.7330708661417322
 21
-4.3578740157480311
 31
0
  0
LINE
  5
227
330
22
100
AcDbEntity
  8
B.Cu
  6
CONTINUOUS
100
AcDbLine
 10
5.7330708661417322
 20
-4.3578740157480311
 30
0
 11
5.7332628346456689
 21
-4.3549448818897636
 31
0
  0
LINE
  5
228
330
22
100
AcDbEntity
  8
B.Cu
  6
CONTINUOUS
100
AcDbLine
 10
5.7332628346456689
 20
-4.3549448818897636
 30
0
 11
5.7347790944881885
 21
-4.3492862204724405
 31
0
  0
LINE
  5
229
330
22
100
AcDbEntity
  8
B.Cu
  6
CONTINUOUS
100
AcDbLine
 10
5.7347790944881885
 20
-4.3492862204724405
 30
0
 11
5.7377082283464569
 21
-4.3442128346456688
 31
0
  0
LINE
  5
22A
330
22
100
AcDbEntity
  8
B.Cu
  6
CONTINUOUS
100
AcDbLine
 10
5.7377082283464569
 20
-4.3442128346456688
 30
0
 11
5.7418506299212595
 21
-4.3400704330708662
 31
0
  0
LINE
  5
22B
330
22
100
AcDbEntity
  8
B.Cu
  6
CONTINUOUS
100
AcDbLine
 10
5.7418506299212595
 20
-4.3400704330708662
 30
0
 11
5.7437007874015746
 21
-4.3390022047244097
 31
0
  0
LINE
  5
22C
330
22
100
AcDbEntity
  8
B.Cu
  6
CONTINUOUS
100
AcDbLine
 10
5.7437007874015746
 20
-4.3390022047244097
 30
0
 11
5.7437007874015746
 21
-4.2696850393700787
 31
0
  0
LINE
  5
22D
330
22
100
AcDbEntity
  8
B.Cu
  6
CONTINUOUS
100
AcDbLine
 10
5.7437007874015746
 20
-4.2696850393700787
 30
0
 11
5.7438018503937007
 21
-4.2681433858267717
 31
0
  0
LINE
  5
22E
330
22
100
AcDbEntity
  8
B.Cu
  6
CONTINUOUS
100
AcDbLine
 10
5.7438018503937007
 20
-4.2681433858267717
 30
0
 11
5.7445998425196851
 21
-4.2651651574803147
 31
0
  0
LINE
  5
22F
330
22
100
AcDbEntity
  8
B.Cu
  6
CONTINUOUS
100
AcDbLine
 10
5.7445998425196851
 20
-4.2651651574803147
 30
0
 11
5.7461414960629922
 21
-4.2624949606299207
 31
0
  0
LINE
  5
230
330
22
100
AcDbEntity
  8
B.Cu
  6
CONTINUOUS
100
AcDbLine
 10
5.7461414960629922
 20
-4.2624949606299207
 30
0
 11
5.7471601574803151
 21
-4.2613333858267719
 31
0
  0
LINE
  5
231
330
22
100
AcDbEntity
  8
B.Cu
  6
CONTINUOUS
100
AcDbLine
 10
5.7471601574803151
 20
-4.2613333858267719
 30
0
 11
5.9921259842519685
 21
-4.0163675590551184
 31
0
  0
LINE
  5
232
330
22
100
AcDbEntity
  8
B.Cu
  6
CONTINUOUS
100
AcDbLine
 10
5.9921259842519685
 20
-4.0163675590551184
 30
0
 11
5.9921259842519685
 21
-3.8364587401574801
 31
0
  0
LINE
  5
233
330
22
100
AcDbEntity
  8
B.Cu
  6
CONTINUOUS
100
AcDbLine
 10
5.9921259842519685
 20
-3.8364587401574801
 30
0
 11
5.9922270472440946
 21
-3.8349170866141731
 31
0
  0
LINE
  5
234
330
22
100
AcDbEntity
  8
B.Cu
  6
CONTINUOUS
100
AcDbLine
 10
5.9922270472440946
 20
-3.8349170866141731
 30
0
 11
5.993025039370079
 21
-3.8319388582677165
 31
0
  0
LINE
  5
235
330
22
100
AcDbEntity
  8
B.Cu
  6
CONTINUOUS
100
AcDbLine
 10
5.993025039370079
 20
-3.8319388582677165
 30
0
 11
5.9945666929133861
 21
-3.8292686614173226
 31
0
  0
LINE
  5
236
330
22
100
AcDbEntity
  8
B.Cu
  6
CONTINUOUS
100
AcDbLine
 10
5.9945666929133861
 20
-3.8292686614173226
 30
0
 11
5.9960629921259843
 21
-3.8277723622047244
 31
0
  0
LINE
  5
237
330
22
100
AcDbEntity
  8
B.Cu
  6
CONTINUOUS
100
AcDbLine
 10
5.9960629921259843
 20
-3.8277723622047244
 30
0
 11
5.9960629921259843
 21
-3.7218339370078741
 31
0
  0
LINE
  5
238
330
22
100
AcDbEntity
  8
B.Cu
  6
CONTINUOUS
100
AcDbLine
 10
5.9960629921259843
 20
-3.7218339370078741
 30
0
 11
5.9945666929133861
 21
-3.7203376377952755
 31
0
  0
LINE
  5
239
330
22
100
AcDbEntity
  8
B.Cu
  6
CONTINUOUS
100
AcDbLine
 10
5.9945666929133861
 20
-3.7203376377952755
 30
0
 11
5.993025039370079
 21
-3.717667440944882
 31
0
  0
LINE
  5
23A
330
22
100
AcDbEntity
  8
B.Cu
  6
CONTINUOUS
100
AcDbLine
 10
5.993025039370079
 20
-3.717667440944882
 30
0
 11
5.9922270472440946
 21
-3.714689212598425
 31
0
  0
LINE
  5
23B
330
22
100
AcDbEntity
  8
B.Cu
  6
CONTINUOUS
100
AcDbLine
 10
5.9922270472440946
 20
-3.714689212598425
 30
0
 11
5.9921259842519685
 21
-3.713147559055118
 31
0
  0
LINE
  5
23C
330
22
100
AcDbEntity
  8
B.Cu
  6
CONTINUOUS
100
AcDbLine
 10
5.9921259842519685
 20
-3.713147559055118
 30
0
 11
5.9921259842519685
 21
-3.252923779527559
 31
0
  0
LINE
  5
23D
330
22
100
AcDbEntity
  8
B.Cu
  6
CONTINUOUS
100
AcDbLine
 10
5.9921259842519685
 20
-3.252923779527559
 30
0
 11
5.9365302362204719
 21
-3.1973280314960628
 31
0
  0
LINE
  5
23E
330
22
100
AcDbEntity
  8
B.Cu
  6
CONTINUOUS
100
AcDbLine
 10
5.9365302362204719
 20
-3.1973280314960628
 30
0
 11
5.9355115748031491
 21
-3.1961664566929131
 31
0
  0
LINE
  5
23F
330
22
100
AcDbEntity
  8
B.Cu
  6
CONTINUOUS
100
AcDbLine
 10
5.9355115748031491
 20
-3.1961664566929131
 30
0
 11
5.933969921259842
 21
-3.1934962598425196
 31
0
  0
LINE
  5
240
330
22
100
AcDbEntity
  8
B.Cu
  6
CONTINUOUS
100
AcDbLine
 10
5.933969921259842
 20
-3.1934962598425196
 30
0
 11
5.9331719291338585
 21
-3.1905180314960631
 31
0
  0
LINE
  5
241
330
22
100
AcDbEntity
  8
B.Cu
  6
CONTINUOUS
100
AcDbLine
 10
5.9331719291338585
 20
-3.1905180314960631
 30
0
 11
5.9330708661417324
 21
-3.188976377952756
 31
0
  0
LINE
  5
242
330
22
100
AcDbEntity
  8
B.Cu
  6
CONTINUOUS
100
AcDbLine
 10
5.9330708661417324
 20
-3.188976377952756
 30
0
 11
5.9330708661417324
 21
-3.1239333464566927
 31
0
  0
LINE
  5
243
330
22
100
AcDbEntity
  8
B.Cu
  6
CONTINUOUS
100
AcDbLine
 10
5.9330708661417324
 20
-3.1239333464566927
 30
0
 11
5.9275320078740155
 21
-3.1216390944881889
 31
0
  0
LINE
  5
244
330
22
100
AcDbEntity
  8
B.Cu
  6
CONTINUOUS
100
AcDbLine
 10
5.9275320078740155
 20
-3.1216390944881889
 30
0
 11
5.9220774015748034
 21
-3.1179944488188975
 31
0
  0
LINE
  5
245
330
22
100
AcDbEntity
  8
B.Cu
  6
CONTINUOUS
100
AcDbLine
 10
5.9220774015748034
 20
-3.1179944488188975
 30
0
 11
5.9174386220472437
 21
-3.1133556692913387
 31
0
  0
LINE
  5
246
330
22
100
AcDbEntity
  8
B.Cu
  6
CONTINUOUS
100
AcDbLine
 10
5.9174386220472437
 20
-3.1133556692913387
 30
0
 11
5.9137939763779528
 21
-3.1079010629921258
 31
0
  0
LINE
  5
247
330
22
100
AcDbEntity
  8
B.Cu
  6
CONTINUOUS
100
AcDbLine
 10
5.9137939763779528
 20
-3.1079010629921258
 30
0
 11
5.9112835039370077
 21
-3.1018402362204722
 31
0
  0
LINE
  5
248
330
22
100
AcDbEntity
  8
B.Cu
  6
CONTINUOUS
100
AcDbLine
 10
5.9112835039370077
 20
-3.1018402362204722
 30
0
 11
5.9100036614173224
 21
-3.0954061023622046
 31
0
  0
LINE
  5
249
330
22
100
AcDbEntity
  8
B.Cu
  6
CONTINUOUS
100
AcDbLine
 10
5.9100036614173224
 20
-3.0954061023622046
 30
0
 11
5.9100036614173224
 21
-3.0888458661417322
 31
0
  0
LINE
  5
24A
330
22
100
AcDbEntity
  8
B.Cu
  6
CONTINUOUS
100
AcDbLine
 10
5.9100036614173224
 20
-3.0888458661417322
 30
0
 11
5.9112835039370077
 21
-3.0824117322834645
 31
0
  0
LINE
  5
24B
330
22
100
AcDbEntity
  8
B.Cu
  6
CONTINUOUS
100
AcDbLine
 10
5.9112835039370077
 20
-3.0824117322834645
 30
0
 11
5.9137939763779528
 21
-3.076350905511811
 31
0
  0
LINE
  5
24C
330
22
100
AcDbEntity
  8
B.Cu
  6
CONTINUOUS
100
AcDbLine
 10
5.9137939763779528
 20
-3.076350905511811
 30
0
 11
5.9174386220472437
 21
-3.0708962992125985
 31
0
  0
LINE
  5
24D
330
22
100
AcDbEntity
  8
B.Cu
  6
CONTINUOUS
100
AcDbLine
 10
5.9174386220472437
 20
-3.0708962992125985
 30
0
 11
5.9220774015748034
 21
-3.0662575196850392
 31
0
  0
LINE
  5
24E
330
22
100
AcDbEntity
  8
B.Cu
  6
CONTINUOUS
100
AcDbLine
 10
5.9220774015748034
 20
-3.0662575196850392
 30
0
 11
5.9275320078740155
 21
-3.0626128740157479
 31
0
  0
LINE
  5
24F
330
22
100
AcDbEntity
  8
B.Cu
  6
CONTINUOUS
100
AcDbLine
 10
5.9275320078740155
 20
-3.0626128740157479
 30
0
 11
5.933592834645669
 21
-3.0601024015748033
 31
0
  0
LINE
  5
250
330
22
100
AcDbEntity
  8
B.Cu
  6
CONTINUOUS
100
AcDbLine
 10
5.933592834645669
 20
-3.0601024015748033
 30
0
 11
5.9400269685039371
 21
-3.0588225590551179
 31
0
  0
LINE
  5
251
330
22
100
AcDbEntity
  8
B.Cu
  6
CONTINUOUS
100
AcDbLine
 10
5.9400269685039371
 20
-3.0588225590551179
 30
0
 11
5.946587204724409
 21
-3.0588225590551179
 31
0
  0
LINE
  5
252
330
22
100
AcDbEntity
  8
B.Cu
  6
CONTINUOUS
100
AcDbLine
 10
5.946587204724409
 20
-3.0588225590551179
 30
0
 11
5.9530213385826771
 21
-3.0601024015748033
 31
0
  0
LINE
  5
253
330
22
100
AcDbEntity
  8
B.Cu
  6
CONTINUOUS
100
AcDbLine
 10
6.2480314960629917
 20
-3.4251968503937009
 30
0
 11
6.2204724409448815
 21
-3.4251968503937009
 31
0
  0
LINE
  5
254
330
22
100
AcDbEntity
  8
B.Cu
  6
CONTINUOUS
100
AcDbLine
 10
6.2204724409448815
 20
-3.4251968503937009
 30
0
 11
6.2204724409448815
 21
-3.4675486614173225
 31
0
  0
LINE
  5
255
330
22
100
AcDbEntity
  8
B.Cu
  6
CONTINUOUS
100
AcDbLine
 10
6.2204724409448815
 20
-3.4675486614173225
 30
0
 11
6.3469343307086614
 21
-3.5940105511811025
 31
0
  0
LINE
  5
256
330
22
100
AcDbEntity
  8
B.Cu
  6
CONTINUOUS
100
AcDbLine
 10
6.3469343307086614
 20
-3.5940105511811025
 30
0
 11
6.3479529921259843
 21
-3.5951721259842517
 31
0
  0
LINE
  5
257
330
22
100
AcDbEntity
  8
B.Cu
  6
CONTINUOUS
100
AcDbLine
 10
6.3479529921259843
 20
-3.5951721259842517
 30
0
 11
6.3494946456692913
 21
-3.5978423228346457
 31
0
  0
LINE
  5
258
330
22
100
AcDbEntity
  8
B.Cu
  6
CONTINUOUS
100
AcDbLine
 10
6.3494946456692913
 20
-3.5978423228346457
 30
0
 11
6.3502926377952758
 21
-3.6008205511811022
 31
0
  0
LINE
  5
259
330
22
100
AcDbEntity
  8
B.Cu
  6
CONTINUOUS
100
AcDbLine
 10
6.3502926377952758
 20
-3.6008205511811022
 30
0
 11
6.3503937007874018
 21
-3.6023622047244093
 31
0
  0
LINE
  5
25A
330
22
100
AcDbEntity
  8
B.Cu
  6
CONTINUOUS
100
AcDbLine
 10
6.3503937007874018
 20
-3.6023622047244093
 30
0
 11
6.3503937007874018
 21
-3.8582677165354329
 31
0
  0
LINE
  5
25B
330
22
100
AcDbEntity
  8
B.Cu
  6
CONTINUOUS
100
AcDbLine
 10
6.3503937007874018
 20
-3.8582677165354329
 30
0
 11
6.3502926377952758
 21
-3.8598093700787399
 31
0
  0
LINE
  5
25C
330
22
100
AcDbEntity
  8
B.Cu
  6
CONTINUOUS
100
AcDbLine
 10
6.3502926377952758
 20
-3.8598093700787399
 30
0
 11
6.3494946456692913
 21
-3.8627875984251969
 31
0
  0
LINE
  5
25D
330
22
100
AcDbEntity
  8
B.Cu
  6
CONTINUOUS
100
AcDbLine
 10
6.3494946456692913
 20
-3.8627875984251969
 30
0
 11
6.3479529921259843
 21
-3.8654577952755904
 31
0
  0
LINE
  5
25E
330
22
100
AcDbEntity
  8
B.Cu
  6
CONTINUOUS
100
AcDbLine
 10
6.3479529921259843
 20
-3.8654577952755904
 30
0
 11
6.3469343307086614
 21
-3.8666193700787401
 31
0
  0
LINE
  5
25F
330
22
100
AcDbEntity
  8
B.Cu
  6
CONTINUOUS
100
AcDbLine
 10
6.3469343307086614
 20
-3.8666193700787401
 30
0
 11
6.1673228346456694
 21
-4.0462308661417321
 31
0
  0
LINE
  5
260
330
22
100
AcDbEntity
  8
B.Cu
  6
CONTINUOUS
100
AcDbLine
 10
6.1673228346456694
 20
-4.0462308661417321
 30
0
 11
6.1673228346456694
 21
-4.3390022047244097
 31
0
  0
LINE
  5
261
330
22
100
AcDbEntity
  8
B.Cu
  6
CONTINUOUS
100
AcDbLine
 10
6.1673228346456694
 20
-4.3390022047244097
 30
0
 11
6.1691729921259837
 21
-4.3400704330708662
 31
0
  0
LINE
  5
262
330
22
100
AcDbEntity
  8
B.Cu
  6
CONTINUOUS
100
AcDbLine
 10
6.1691729921259837
 20
-4.3400704330708662
 30
0
 11
6.1733153937007872
 21
-4.3442128346456688
 31
0
  0
LINE
  5
263
330
22
100
AcDbEntity
  8
B.Cu
  6
CONTINUOUS
100
AcDbLine
 10
6.1733153937007872
 20
-4.3442128346456688
 30
0
 11
6.1762445275590547
 21
-4.3492862204724405
 31
0
  0
LINE
  5
264
330
22
100
AcDbEntity
  8
B.Cu
  6
CONTINUOUS
100
AcDbLine
 10
6.1762445275590547
 20
-4.3492862204724405
 30
0
 11
6.1777607874015743
 21
-4.3549448818897636
 31
0
  0
LINE
  5
265
330
22
100
AcDbEntity
  8
B.Cu
  6
CONTINUOUS
100
AcDbLine
 10
6.1777607874015743
 20
-4.3549448818897636
 30
0
 11
6.1779527559055119
 21
-4.3578740157480311
 31
0
  0
LINE
  5
266
330
22
100
AcDbEntity
  8
B.Cu
  6
CONTINUOUS
100
AcDbLine
 10
6.1779527559055119
 20
-4.3578740157480311
 30
0
 11
6.1779527559055119
 21
-4.3917322834645667
 31
0
  0
LINE
  5
267
330
22
100
AcDbEntity
  8
B.Cu
  6
CONTINUOUS
100
AcDbLine
 10
6.1779527559055119
 20
-4.3917322834645667
 30
0
 11
6.1777607874015743
 21
-4.3946614173228342
 31
0
  0
LINE
  5
268
330
22
100
AcDbEntity
  8
B.Cu
  6
CONTINUOUS
100
AcDbLine
 10
6.1777607874015743
 20
-4.3946614173228342
 30
0
 11
6.1762445275590547
 21
-4.4003200787401573
 31
0
  0
LINE
  5
269
330
22
100
AcDbEntity
  8
B.Cu
  6
CONTINUOUS
100
AcDbLine
 10
6.1762445275590547
 20
-4.4003200787401573
 30
0
 11
6.1733153937007872
 21
-4.405393464566929
 31
0
  0
LINE
  5
26A
330
22
100
AcDbEntity
  8
B.Cu
  6
CONTINUOUS
100
AcDbLine
 10
6.1733153937007872
 20
-4.405393464566929
 30
0
 11
6.1691729921259837
 21
-4.4095358661417325
 31
0
  0
LINE
  5
26B
330
22
100
AcDbEntity
  8
B.Cu
  6
CONTINUOUS
100
AcDbLine
 10
6.1691729921259837
 20
-4.4095358661417325
 30
0
 11
6.1640996062992128
 21
-4.4124650000000001
 31
0
  0
LINE
  5
26C
330
22
100
AcDbEntity
  8
B.Cu
  6
CONTINUOUS
100
AcDbLine
 10
6.1640996062992128
 20
-4.4124650000000001
 30
0
 11
6.1584409448818898
 21
-4.4139812598425197
 31
0
  0
LINE
  5
26D
330
22
100
AcDbEntity
  8
B.Cu
  6
CONTINUOUS
100
AcDbLine
 10
6.1584409448818898
 20
-4.4139812598425197
 30
0
 11
6.1525826771653538
 21
-4.4139812598425197
 31
0
  0
LINE
  5
26E
330
22
100
AcDbEntity
  8
B.Cu
  6
CONTINUOUS
100
AcDbLine
 10
6.1525826771653538
 20
-4.4139812598425197
 30
0
 11
6.1469240157480316
 21
-4.4124650000000001
 31
0
  0
LINE
  5
26F
330
22
100
AcDbEntity
  8
B.Cu
  6
CONTINUOUS
100
AcDbLine
 10
6.1469240157480316
 20
-4.4124650000000001
 30
0
 11
6.1418506299212599
 21
-4.4095358661417325
 31
0
  0
LINE
  5
270
330
22
100
AcDbEntity
  8
B.Cu
  6
CONTINUOUS
100
AcDbLine
 10
6.1418506299212599
 20
-4.4095358661417325
 30
0
 11
6.1377082283464564
 21
-4.405393464566929
 31
0
  0
LINE
  5
271
330
22
100
AcDbEntity
  8
B.Cu
  6
CONTINUOUS
100
AcDbLine
 10
6.1377082283464564
 20
-4.405393464566929
 30
0
 11
6.1347790944881888
 21
-4.4003200787401573
 31
0
  0
LINE
  5
272
330
22
100
AcDbEntity
  8
B.Cu
  6
CONTINUOUS
100
AcDbLine
 10
6.1347790944881888
 20
-4.4003200787401573
 30
0
 11
6.1332628346456692
 21
-4.3946614173228342
 31
0
  0
LINE
  5
273
330
22
100
AcDbEntity
  8
B.Cu
  6
CONTINUOUS
100
AcDbLine
 10
6.1332628346456692
 20
-4.3946614173228342
 30
0
 11
6.1330708661417326
 21
-4.3917322834645667
 31
0
  0
LINE
  5
274
330
22
100
AcDbEntity
  8
B.Cu
  6
CONTINUOUS
100
AcDbLine
 10
6.1330708661417326
 20
-4.3917322834645667
 30
0
 11
6.1330708661417326
 21
-4.3578740157480311
 31
0
  0
LINE
  5
275
330
22
100
AcDbEntity
  8
B.Cu
  6
CONTINUOUS
100
AcDbLine
 10
6.1330708661417326
 20
-4.3578740157480311
 30
0
 11
6.1332628346456692
 21
-4.3549448818897636
 31
0
  0
LINE
  5
276
330
22
100
AcDbEntity
  8
B.Cu
  6
CONTINUOUS
100
AcDbLine
 10
6.1332628346456692
 20
-4.3549448818897636
 30
0
 11
6.1347790944881888
 21
-4.3492862204724405
 31
0
  0
LINE
  5
277
330
22
100
AcDbEntity
  8
B.Cu
  6
CONTINUOUS
100
AcDbLine
 10
6.1347790944881888
 20
-4.3492862204724405
 30
0
 11
6.1377082283464564
 21
-4.3442128346456688
 31
0
  0
LINE
  5
278
330
22
100
AcDbEntity
  8
B.Cu
  6
CONTINUOUS
100
AcDbLine
 10
6.1377082283464564
 20
-4.3442128346456688
 30
0
 11
6.1418506299212599
 21
-4.3400704330708662
 31
0
  0
LINE
  5
279
330
22
100
AcDbEntity
  8
B.Cu
  6
CONTINUOUS
100
AcDbLine
 10
6.1418506299212599
 20
-4.3400704330708662
 30
0
 11
6.143700787401575
 21
-4.3390022047244097
 31
0
  0
LINE
  5
27A
330
22
100
AcDbEntity
  8
B.Cu
  6
CONTINUOUS
100
AcDbLine
 10
6.143700787401575
 20
-4.3390022047244097
 30
0
 11
6.143700787401575
 21
-4.0413385826771648
 31
0
  0
LINE
  5
27B
330
22
100
AcDbEntity
  8
B.Cu
  6
CONTINUOUS
100
AcDbLine
 10
6.143700787401575
 20
-4.0413385826771648
 30
0
 11
6.1438018503937011
 21
-4.0397969291338578
 31
0
  0
LINE
  5
27C
330
22
100
AcDbEntity
  8
B.Cu
  6
CONTINUOUS
100
AcDbLine
 10
6.1438018503937011
 20
-4.0397969291338578
 30
0
 11
6.1445998425196846
 21
-4.0368187007874017
 31
0
  0
LINE
  5
27D
330
22
100
AcDbEntity
  8
B.Cu
  6
CONTINUOUS
100
AcDbLine
 10
6.1445998425196846
 20
-4.0368187007874017
 30
0
 11
6.1461414960629916
 21
-4.0341485039370077
 31
0
  0
LINE
  5
27E
330
22
100
AcDbEntity
  8
B.Cu
  6
CONTINUOUS
100
AcDbLine
 10
6.1461414960629916
 20
-4.0341485039370077
 30
0
 11
6.1471601574803145
 21
-4.032986929133858
 31
0
  0
LINE
  5
27F
330
22
100
AcDbEntity
  8
B.Cu
  6
CONTINUOUS
100
AcDbLine
 10
6.1471601574803145
 20
-4.032986929133858
 30
0
 11
6.3267716535433065
 21
-3.8533754330708661
 31
0
  0
LINE
  5
280
330
22
100
AcDbEntity
  8
B.Cu
  6
CONTINUOUS
100
AcDbLine
 10
6.3267716535433065
 20
-3.8533754330708661
 30
0
 11
6.3267716535433065
 21
-3.6072544881889761
 31
0
  0
LINE
  5
281
330
22
100
AcDbEntity
  8
B.Cu
  6
CONTINUOUS
100
AcDbLine
 10
6.3267716535433065
 20
-3.6072544881889761
 30
0
 11
6.2003097637795275
 21
-3.4807925984251966
 31
0
  0
LINE
  5
282
330
22
100
AcDbEntity
  8
B.Cu
  6
CONTINUOUS
100
AcDbLine
 10
6.2003097637795275
 20
-3.4807925984251966
 30
0
 11
6.1992911023622046
 21
-3.4796310236220473
 31
0
  0
LINE
  5
283
330
22
100
AcDbEntity
  8
B.Cu
  6
CONTINUOUS
100
AcDbLine
 10
6.1992911023622046
 20
-3.4796310236220473
 30
0
 11
6.1977494488188976
 21
-3.4769608267716534
 31
0
  0
LINE
  5
284
330
22
100
AcDbEntity
  8
B.Cu
  6
CONTINUOUS
100
AcDbLine
 10
6.1977494488188976
 20
-3.4769608267716534
 30
0
 11
6.1969514566929131
 21
-3.4739825984251969
 31
0
  0
LINE
  5
285
330
22
100
AcDbEntity
  8
B.Cu
  6
CONTINUOUS
100
AcDbLine
 10
6.1969514566929131
 20
-3.4739825984251969
 30
0
 11
6.1968503937007871
 21
-3.4724409448818898
 31
0
  0
LINE
  5
286
330
22
100
AcDbEntity
  8
B.Cu
  6
CONTINUOUS
100
AcDbLine
 10
6.1968503937007871
 20
-3.4724409448818898
 30
0
 11
6.1968503937007871
 21
-3.4251968503937009
 31
0
  0
LINE
  5
287
330
22
100
AcDbEntity
  8
B.Cu
  6
CONTINUOUS
100
AcDbLine
 10
6.1968503937007871
 20
-3.4251968503937009
 30
0
 11
6.1692913385826769
 21
-3.4251968503937009
 31
0
  0
LINE
  5
288
330
22
100
AcDbEntity
  8
B.Cu
  6
CONTINUOUS
100
AcDbLine
 10
6.1692913385826769
 20
-3.4251968503937009
 30
0
 11
6.1692913385826769
 21
-3.3464566929133857
 31
0
  0
LINE
  5
289
330
22
100
AcDbEntity
  8
B.Cu
  6
CONTINUOUS
100
AcDbLine
 10
6.1692913385826769
 20
-3.3464566929133857
 30
0
 11
6.2480314960629917
 21
-3.3464566929133857
 31
0
  0
LINE
  5
28A
330
22
100
AcDbEntity
  8
B.Cu
  6
CONTINUOUS
100
AcDbLine
 10
6.2480314960629917
 20
-3.3464566929133857
 30
0
 11
6.2480314960629917
 21
-3.4251968503937009
 31
0
  0
LINE
  5
28B
330
22
100
AcDbEntity
  8
B.Cu
  6
CONTINUOUS
100
AcDbLine
 10
6.2640996062992125
 20
-4.3540704330708664
 30
0
 11
6.2691729921259842
 21
-4.3569995669291339
 31
0
  0
LINE
  5
28C
330
22
100
AcDbEntity
  8
B.Cu
  6
CONTINUOUS
100
AcDbLine
 10
6.2691729921259842
 20
-4.3569995669291339
 30
0
 11
6.2733153937007868
 21
-4.3611419685039365
 31
0
  0
LINE
  5
28D
330
22
100
AcDbEntity
  8
B.Cu
  6
CONTINUOUS
100
AcDbLine
 10
6.2733153937007868
 20
-4.3611419685039365
 30
0
 11
6.2762445275590553
 21
-4.3662153543307083
 31
0
  0
LINE
  5
28E
330
22
100
AcDbEntity
  8
B.Cu
  6
CONTINUOUS
100
AcDbLine
 10
6.2762445275590553
 20
-4.3662153543307083
 30
0
 11
6.2777607874015748
 21
-4.3718740157480314
 31
0
  0
LINE
  5
28F
330
22
100
AcDbEntity
  8
B.Cu
  6
CONTINUOUS
100
AcDbLine
 10
6.2777607874015748
 20
-4.3718740157480314
 30
0
 11
6.2777607874015748
 21
-4.3777322834645664
 31
0
  0
LINE
  5
290
330
22
100
AcDbEntity
  8
B.Cu
  6
CONTINUOUS
100
AcDbLine
 10
6.2777607874015748
 20
-4.3777322834645664
 30
0
 11
6.2762445275590553
 21
-4.3833909448818895
 31
0
  0
LINE
  5
291
330
22
100
AcDbEntity
  8
B.Cu
  6
CONTINUOUS
100
AcDbLine
 10
6.2762445275590553
 20
-4.3833909448818895
 30
0
 11
6.2733153937007868
 21
-4.3884643307086613
 31
0
  0
LINE
  5
292
330
22
100
AcDbEntity
  8
B.Cu
  6
CONTINUOUS
100
AcDbLine
 10
6.2733153937007868
 20
-4.3884643307086613
 30
0
 11
6.2691729921259842
 21
-4.3926067322834648
 31
0
  0
LINE
  5
293
330
22
100
AcDbEntity
  8
B.Cu
  6
CONTINUOUS
100
AcDbLine
 10
6.2691729921259842
 20
-4.3926067322834648
 30
0
 11
6.2640996062992125
 21
-4.3955358661417323
 31
0
  0
LINE
  5
294
330
22
100
AcDbEntity
  8
B.Cu
  6
CONTINUOUS
100
AcDbLine
 10
6.2640996062992125
 20
-4.3955358661417323
 30
0
 11
6.2584409448818894
 21
-4.3970521259842519
 31
0
  0
LINE
  5
295
330
22
100
AcDbEntity
  8
B.Cu
  6
CONTINUOUS
100
AcDbLine
 10
6.2584409448818894
 20
-4.3970521259842519
 30
0
 11
6.2525826771653543
 21
-4.3970521259842519
 31
0
  0
LINE
  5
296
330
22
100
AcDbEntity
  8
B.Cu
  6
CONTINUOUS
100
AcDbLine
 10
6.2525826771653543
 20
-4.3970521259842519
 30
0
 11
6.2469240157480312
 21
-4.3955358661417323
 31
0
  0
LINE
  5
297
330
22
100
AcDbEntity
  8
B.Cu
  6
CONTINUOUS
100
AcDbLine
 10
6.2469240157480312
 20
-4.3955358661417323
 30
0
 11
6.2418506299212595
 21
-4.3926067322834648
 31
0
  0
LINE
  5
298
330
22
100
AcDbEntity
  8
B.Cu
  6
CONTINUOUS
100
AcDbLine
 10
6.2418506299212595
 20
-4.3926067322834648
 30
0
 11
6.2377082283464569
 21
-4.3884643307086613
 31
0
  0
LINE
  5
299
330
22
100
AcDbEntity
  8
B.Cu
  6
CONTINUOUS
100
AcDbLine
 10
6.2377082283464569
 20
-4.3884643307086613
 30
0
 11
6.2347790944881885
 21
-4.3833909448818895
 31
0
  0
LINE
  5
29A
330
22
100
AcDbEntity
  8
B.Cu
  6
CONTINUOUS
100
AcDbLine
 10
6.2347790944881885
 20
-4.3833909448818895
 30
0
 11
6.2332628346456689
 21
-4.3777322834645664
 31
0
  0
LINE
  5
29B
330
22
100
AcDbEntity
  8
B.Cu
  6
CONTINUOUS
100
AcDbLine
 10
6.2332628346456689
 20
-4.3777322834645664
 30
0
 11
6.2332628346456689
 21
-4.3718740157480314
 31
0
  0
LINE
  5
29C
330
22
100
AcDbEntity
  8
B.Cu
  6
CONTINUOUS
100
AcDbLine
 10
6.2332628346456689
 20
-4.3718740157480314
 30
0
 11
6.2347790944881885
 21
-4.3662153543307083
 31
0
  0
LINE
  5
29D
330
22
100
AcDbEntity
  8
B.Cu
  6
CONTINUOUS
100
AcDbLine
 10
6.2347790944881885
 20
-4.3662153543307083
 30
0
 11
6.2377082283464569
 21
-4.3611419685039365
 31
0
  0
LINE
  5
29E
330
22
100
AcDbEntity
  8
B.Cu
  6
CONTINUOUS
100
AcDbLine
 10
6.2377082283464569
 20
-4.3611419685039365
 30
0
 11
6.2418506299212595
 21
-4.3569995669291339
 31
0
  0
LINE
  5
29F
330
22
100
AcDbEntity
  8
B.Cu
  6
CONTINUOUS
100
AcDbLine
 10
6.2418506299212595
 20
-4.3569995669291339
 30
0
 11
6.2469240157480312
 21
-4.3540704330708664
 31
0
  0
LINE
  5
2A0
330
22
100
AcDbEntity
  8
B.Cu
  6
CONTINUOUS
100
AcDbLine
 10
6.2469240157480312
 20
-4.3540704330708664
 30
0
 11
6.2525826771653543
 21
-4.3525541732283459
 31
0
  0
LINE
  5
2A1
330
22
100
AcDbEntity
  8
B.Cu
  6
CONTINUOUS
100
AcDbLine
 10
6.2525826771653543
 20
-4.3525541732283459
 30
0
 11
6.2584409448818894
 21
-4.3525541732283459
 31
0
  0
LINE
  5
2A2
330
22
100
AcDbEntity
  8
B.Cu
  6
CONTINUOUS
100
AcDbLine
 10
6.2584409448818894
 20
-4.3525541732283459
 30
0
 11
6.2640996062992125
 21
-4.3540704330708664
 31
0
  0
LINE
  5
2A3
330
22
100
AcDbEntity
  8
B.Cu
  6
CONTINUOUS
100
AcDbLine
 10
5.7530213385826769
 20
-2.9601024015748032
 30
0
 11
5.7590821653543305
 21
-2.9626128740157478
 31
0
  0
LINE
  5
2A4
330
22
100
AcDbEntity
  8
B.Cu
  6
CONTINUOUS
100
AcDbLine
 10
5.7590821653543305
 20
-2.9626128740157478
 30
0
 11
5.7645367716535434
 21
-2.9662575196850391
 31
0
  0
LINE
  5
2A5
330
22
100
AcDbEntity
  8
B.Cu
  6
CONTINUOUS
100
AcDbLine
 10
5.7645367716535434
 20
-2.9662575196850391
 30
0
 11
5.7691755511811023
 21
-2.9708962992125985
 31
0
  0
LINE
  5
2A6
330
22
100
AcDbEntity
  8
B.Cu
  6
CONTINUOUS
100
AcDbLine
 10
5.7691755511811023
 20
-2.9708962992125985
 30
0
 11
5.7728201968503932
 21
-2.9763509055118109
 31
0
  0
LINE
  5
2A7
330
22
100
AcDbEntity
  8
B.Cu
  6
CONTINUOUS
100
AcDbLine
 10
5.7728201968503932
 20
-2.9763509055118109
 30
0
 11
5.7753306692913382
 21
-2.9824117322834645
 31
0
  0
LINE
  5
2A8
330
22
100
AcDbEntity
  8
B.Cu
  6
CONTINUOUS
100
AcDbLine
 10
5.7753306692913382
 20
-2.9824117322834645
 30
0
 11
5.7766105118110236
 21
-2.9888458661417321
 31
0
  0
LINE
  5
2A9
330
22
100
AcDbEntity
  8
B.Cu
  6
CONTINUOUS
100
AcDbLine
 10
5.7766105118110236
 20
-2.9888458661417321
 30
0
 11
5.7766105118110236
 21
-2.9954061023622045
 31
0
  0
LINE
  5
2AA
330
22
100
AcDbEntity
  8
B.Cu
  6
CONTINUOUS
100
AcDbLine
 10
5.7766105118110236
 20
-2.9954061023622045
 30
0
 11
5.7753306692913382
 21
-3.0018402362204726
 31
0
  0
LINE
  5
2AB
330
22
100
AcDbEntity
  8
B.Cu
  6
CONTINUOUS
100
AcDbLine
 10
5.7753306692913382
 20
-3.0018402362204726
 30
0
 11
5.7728201968503932
 21
-3.0079010629921261
 31
0
  0
LINE
  5
2AC
330
22
100
AcDbEntity
  8
B.Cu
  6
CONTINUOUS
100
AcDbLine
 10
5.7728201968503932
 20
-3.0079010629921261
 30
0
 11
5.7691755511811023
 21
-3.0133556692913386
 31
0
  0
LINE
  5
2AD
330
22
100
AcDbEntity
  8
B.Cu
  6
CONTINUOUS
100
AcDbLine
 10
5.7691755511811023
 20
-3.0133556692913386
 30
0
 11
5.7645367716535434
 21
-3.0179944488188974
 31
0
  0
LINE
  5
2AE
330
22
100
AcDbEntity
  8
B.Cu
  6
CONTINUOUS
100
AcDbLine
 10
5.7645367716535434
 20
-3.0179944488188974
 30
0
 11
5.7590821653543305
 21
-3.0216390944881888
 31
0
  0
LINE
  5
2AF
330
22
100
AcDbEntity
  8
B.Cu
  6
CONTINUOUS
100
AcDbLine
 10
5.7590821653543305
 20
-3.0216390944881888
 30
0
 11
5.7530213385826769
 21
-3.0241495669291338
 31
0
  0
LINE
  5
2B0
330
22
100
AcDbEntity
  8
B.Cu
  6
CONTINUOUS
100
AcDbLine
 10
5.7530213385826769
 20
-3.0241495669291338
 30
0
 11
5.7465872047244098
 21
-3.0254294094488188
 31
0
  0
LINE
  5
2B1
330
22
100
AcDbEntity
  8
B.Cu
  6
CONTINUOUS
100
AcDbLine
 10
5.7465872047244098
 20
-3.0254294094488188
 30
0
 11
5.7400269685039369
 21
-3.0254294094488188
 31
0
  0
LINE
  5
2B2
330
22
100
AcDbEntity
  8
B.Cu
  6
CONTINUOUS
100
AcDbLine
 10
5.7400269685039369
 20
-3.0254294094488188
 30
0
 11
5.7335928346456688
 21
-3.0241495669291338
 31
0
  0
LINE
  5
2B3
330
22
100
AcDbEntity
  8
B.Cu
  6
CONTINUOUS
100
AcDbLine
 10
5.7335928346456688
 20
-3.0241495669291338
 30
0
 11
5.7275320078740153
 21
-3.0216390944881888
 31
0
  0
LINE
  5
2B4
330
22
100
AcDbEntity
  8
B.Cu
  6
CONTINUOUS
100
AcDbLine
 10
5.7275320078740153
 20
-3.0216390944881888
 30
0
 11
5.7220774015748033
 21
-3.0179944488188974
 31
0
  0
LINE
  5
2B5
330
22
100
AcDbEntity
  8
B.Cu
  6
CONTINUOUS
100
AcDbLine
 10
5.7220774015748033
 20
-3.0179944488188974
 30
0
 11
5.7174386220472444
 21
-3.0133556692913386
 31
0
  0
LINE
  5
2B6
330
22
100
AcDbEntity
  8
B.Cu
  6
CONTINUOUS
100
AcDbLine
 10
5.7174386220472444
 20
-3.0133556692913386
 30
0
 11
5.7137939763779526
 21
-3.0079010629921261
 31
0
  0
LINE
  5
2B7
330
22
100
AcDbEntity
  8
B.Cu
  6
CONTINUOUS
100
AcDbLine
 10
5.7137939763779526
 20
-3.0079010629921261
 30
0
 11
5.7121520078740158
 21
-3.0039370078740157
 31
0
  0
LINE
  5
2B8
330
22
100
AcDbEntity
  8
B.Cu
  6
CONTINUOUS
100
AcDbLine
 10
5.7121520078740158
 20
-3.0039370078740157
 30
0
 11
5.6938686614173228
 21
-3.0039370078740157
 31
0
  0
LINE
  5
2B9
330
22
100
AcDbEntity
  8
B.Cu
  6
CONTINUOUS
100
AcDbLine
 10
5.6938686614173228
 20
-3.0039370078740157
 30
0
 11
5.6614173228346454
 21
-3.0363883464566928
 31
0
  0
LINE
  5
2BA
330
22
100
AcDbEntity
  8
B.Cu
  6
CONTINUOUS
100
AcDbLine
 10
5.6614173228346454
 20
-3.0363883464566928
 30
0
 11
5.6614173228346454
 21
-3.5187297637795276
 31
0
  0
LINE
  5
2BB
330
22
100
AcDbEntity
  8
B.Cu
  6
CONTINUOUS
100
AcDbLine
 10
5.6614173228346454
 20
-3.5187297637795276
 30
0
 11
5.7358525196850394
 21
-3.5931649606299212
 31
0
  0
LINE
  5
2BC
330
22
100
AcDbEntity
  8
B.Cu
  6
CONTINUOUS
100
AcDbLine
 10
5.7358525196850394
 20
-3.5931649606299212
 30
0
 11
5.7388886614173229
 21
-3.5919074015748031
 31
0
  0
LINE
  5
2BD
330
22
100
AcDbEntity
  8
B.Cu
  6
CONTINUOUS
100
AcDbLine
 10
5.7388886614173229
 20
-3.5919074015748031
 30
0
 11
5.7449443307086616
 21
-3.5907028346456693
 31
0
  0
LINE
  5
2BE
330
22
100
AcDbEntity
  8
B.Cu
  6
CONTINUOUS
100
AcDbLine
 10
5.7449443307086616
 20
-3.5907028346456693
 30
0
 11
5.7511186614173226
 21
-3.5907028346456693
 31
0
  0
LINE
  5
2BF
330
22
100
AcDbEntity
  8
B.Cu
  6
CONTINUOUS
100
AcDbLine
 10
5.7511186614173226
 20
-3.5907028346456693
 30
0
 11
5.7571743307086614
 21
-3.5919074015748031
 31
0
  0
LINE
  5
2C0
330
22
100
AcDbEntity
  8
B.Cu
  6
CONTINUOUS
100
AcDbLine
 10
5.7571743307086614
 20
-3.5919074015748031
 30
0
 11
5.7628786220472437
 21
-3.5942701968503936
 31
0
  0
LINE
  5
2C1
330
22
100
AcDbEntity
  8
B.Cu
  6
CONTINUOUS
100
AcDbLine
 10
5.7628786220472437
 20
-3.5942701968503936
 30
0
 11
5.7680124015748033
 21
-3.5977004724409447
 31
0
  0
LINE
  5
2C2
330
22
100
AcDbEntity
  8
B.Cu
  6
CONTINUOUS
100
AcDbLine
 10
5.7680124015748033
 20
-3.5977004724409447
 30
0
 11
5.7723782677165349
 21
-3.6020663385826772
 31
0
  0
LINE
  5
2C3
330
22
100
AcDbEntity
  8
B.Cu
  6
CONTINUOUS
100
AcDbLine
 10
5.7723782677165349
 20
-3.6020663385826772
 30
0
 11
5.775808543307086
 21
-3.607200118110236
 31
0
  0
LINE
  5
2C4
330
22
100
AcDbEntity
  8
B.Cu
  6
CONTINUOUS
100
AcDbLine
 10
5.775808543307086
 20
-3.607200118110236
 30
0
 11
5.778171338582677
 21
-3.6129044094488187
 31
0
  0
LINE
  5
2C5
330
22
100
AcDbEntity
  8
B.Cu
  6
CONTINUOUS
100
AcDbLine
 10
5.778171338582677
 20
-3.6129044094488187
 30
0
 11
5.7793759055118112
 21
-3.6189600787401575
 31
0
  0
LINE
  5
2C6
330
22
100
AcDbEntity
  8
B.Cu
  6
CONTINUOUS
100
AcDbLine
 10
5.7793759055118112
 20
-3.6189600787401575
 30
0
 11
5.7793759055118112
 21
-3.6251344094488189
 31
0
  0
LINE
  5
2C7
330
22
100
AcDbEntity
  8
B.Cu
  6
CONTINUOUS
100
AcDbLine
 10
5.7793759055118112
 20
-3.6251344094488189
 30
0
 11
5.778171338582677
 21
-3.6311900787401572
 31
0
  0
LINE
  5
2C8
330
22
100
AcDbEntity
  8
B.Cu
  6
CONTINUOUS
100
AcDbLine
 10
5.778171338582677
 20
-3.6311900787401572
 30
0
 11
5.775808543307086
 21
-3.6368943700787399
 31
0
  0
LINE
  5
2C9
330
22
100
AcDbEntity
  8
B.Cu
  6
CONTINUOUS
100
AcDbLine
 10
5.775808543307086
 20
-3.6368943700787399
 30
0
 11
5.7723782677165349
 21
-3.6420281496062992
 31
0
  0
LINE
  5
2CA
330
22
100
AcDbEntity
  8
B.Cu
  6
CONTINUOUS
100
AcDbLine
 10
5.7723782677165349
 20
-3.6420281496062992
 30
0
 11
5.7680124015748033
 21
-3.6463940157480312
 31
0
  0
LINE
  5
2CB
330
22
100
AcDbEntity
  8
B.Cu
  6
CONTINUOUS
100
AcDbLine
 10
5.7680124015748033
 20
-3.6463940157480312
 30
0
 11
5.7673228346456691
 21
-3.6468547637795274
 31
0
  0
LINE
  5
2CC
330
22
100
AcDbEntity
  8
B.Cu
  6
CONTINUOUS
100
AcDbLine
 10
5.7673228346456691
 20
-3.6468547637795274
 30
0
 11
5.7673228346456691
 21
-3.7390022047244096
 31
0
  0
LINE
  5
2CD
330
22
100
AcDbEntity
  8
B.Cu
  6
CONTINUOUS
100
AcDbLine
 10
5.7673228346456691
 20
-3.7390022047244096
 30
0
 11
5.7691729921259842
 21
-3.7400704330708661
 31
0
  0
LINE
  5
2CE
330
22
100
AcDbEntity
  8
B.Cu
  6
CONTINUOUS
100
AcDbLine
 10
5.7691729921259842
 20
-3.7400704330708661
 30
0
 11
5.7733153937007868
 21
-3.7442128346456691
 31
0
  0
LINE
  5
2CF
330
22
100
AcDbEntity
  8
B.Cu
  6
CONTINUOUS
100
AcDbLine
 10
5.7733153937007868
 20
-3.7442128346456691
 30
0
 11
5.7762445275590553
 21
-3.7492862204724409
 31
0
  0
LINE
  5
2D0
330
22
100
AcDbEntity
  8
B.Cu
  6
CONTINUOUS
100
AcDbLine
 10
5.7762445275590553
 20
-3.7492862204724409
 30
0
 11
5.7777607874015748
 21
-3.7549448818897635
 31
0
  0
LINE
  5
2D1
330
22
100
AcDbEntity
  8
B.Cu
  6
CONTINUOUS
100
AcDbLine
 10
5.7777607874015748
 20
-3.7549448818897635
 30
0
 11
5.7779527559055115
 21
-3.7578740157480315
 31
0
  0
LINE
  5
2D2
330
22
100
AcDbEntity
  8
B.Cu
  6
CONTINUOUS
100
AcDbLine
 10
5.7779527559055115
 20
-3.7578740157480315
 30
0
 11
5.7779527559055115
 21
-3.791732283464567
 31
0
  0
LINE
  5
2D3
330
22
100
AcDbEntity
  8
B.Cu
  6
CONTINUOUS
100
AcDbLine
 10
5.7779527559055115
 20
-3.791732283464567
 30
0
 11
5.7777607874015748
 21
-3.7946614173228346
 31
0
  0
LINE
  5
2D4
330
22
100
AcDbEntity
  8
B.Cu
  6
CONTINUOUS
100
AcDbLine
 10
5.7777607874015748
 20
-3.7946614173228346
 30
0
 11
5.7762445275590553
 21
-3.8003200787401572
 31
0
  0
LINE
  5
2D5
330
22
100
AcDbEntity
  8
B.Cu
  6
CONTINUOUS
100
AcDbLine
 10
5.7762445275590553
 20
-3.8003200787401572
 30
0
 11
5.7733153937007868
 21
-3.805393464566929
 31
0
  0
LINE
  5
2D6
330
22
100
AcDbEntity
  8
B.Cu
  6
CONTINUOUS
100
AcDbLine
 10
5.7733153937007868
 20
-3.805393464566929
 30
0
 11
5.7691729921259842
 21
-3.809535866141732
 31
0
  0
LINE
  5
2D7
330
22
100
AcDbEntity
  8
B.Cu
  6
CONTINUOUS
100
AcDbLine
 10
5.7691729921259842
 20
-3.809535866141732
 30
0
 11
5.7673228346456691
 21
-3.8106040551181102
 31
0
  0
LINE
  5
2D8
330
22
100
AcDbEntity
  8
B.Cu
  6
CONTINUOUS
100
AcDbLine
 10
5.7673228346456691
 20
-3.8106040551181102
 30
0
 11
5.7673228346456691
 21
-3.8188976377952755
 31
0
  0
LINE
  5
2D9
330
22
100
AcDbEntity
  8
B.Cu
  6
CONTINUOUS
100
AcDbLine
 10
5.7673228346456691
 20
-3.8188976377952755
 30
0
 11
5.767221771653543
 21
-3.8204392913385825
 31
0
  0
LINE
  5
2DA
330
22
100
AcDbEntity
  8
B.Cu
  6
CONTINUOUS
100
AcDbLine
 10
5.767221771653543
 20
-3.8204392913385825
 30
0
 11
5.7664237795275586
 21
-3.8234175196850391
 31
0
  0
LINE
  5
2DB
330
22
100
AcDbEntity
  8
B.Cu
  6
CONTINUOUS
100
AcDbLine
 10
5.7664237795275586
 20
-3.8234175196850391
 30
0
 11
5.7648821259842515
 21
-3.826087716535433
 31
0
  0
LINE
  5
2DC
330
22
100
AcDbEntity
  8
B.Cu
  6
CONTINUOUS
100
AcDbLine
 10
5.7648821259842515
 20
-3.826087716535433
 30
0
 11
5.7638634645669287
 21
-3.8272492913385827
 31
0
  0
LINE
  5
2DD
330
22
100
AcDbEntity
  8
B.Cu
  6
CONTINUOUS
100
AcDbLine
 10
5.7638634645669287
 20
-3.8272492913385827
 30
0
 11
5.622047244094488
 21
-3.9690655118110234
 31
0
  0
LINE
  5
2DE
330
22
100
AcDbEntity
  8
B.Cu
  6
CONTINUOUS
100
AcDbLine
 10
5.622047244094488
 20
-3.9690655118110234
 30
0
 11
5.622047244094488
 21
-3.9960629921259843
 31
0
  0
LINE
  5
2DF
330
22
100
AcDbEntity
  8
B.Cu
  6
CONTINUOUS
100
AcDbLine
 10
5.622047244094488
 20
-3.9960629921259843
 30
0
 11
5.6496062992125982
 21
-3.9960629921259843
 31
0
  0
LINE
  5
2E0
330
22
100
AcDbEntity
  8
B.Cu
  6
CONTINUOUS
100
AcDbLine
 10
5.6496062992125982
 20
-3.9960629921259843
 30
0
 11
5.6496062992125982
 21
-4.0748031496062991
 31
0
  0
LINE
  5
2E1
330
22
100
AcDbEntity
  8
B.Cu
  6
CONTINUOUS
100
AcDbLine
 10
5.6496062992125982
 20
-4.0748031496062991
 30
0
 11
5.5708661417322833
 21
-4.0748031496062991
 31
0
  0
LINE
  5
2E2
330
22
100
AcDbEntity
  8
B.Cu
  6
CONTINUOUS
100
AcDbLine
 10
5.5708661417322833
 20
-4.0748031496062991
 30
0
 11
5.5708661417322833
 21
-3.9960629921259843
 31
0
  0
LINE
  5
2E3
330
22
100
AcDbEntity
  8
B.Cu
  6
CONTINUOUS
100
AcDbLine
 10
5.5708661417322833
 20
-3.9960629921259843
 30
0
 11
5.5984251968503935
 21
-3.9960629921259843
 31
0
  0
LINE
  5
2E4
330
22
100
AcDbEntity
  8
B.Cu
  6
CONTINUOUS
100
AcDbLine
 10
5.5984251968503935
 20
-3.9960629921259843
 30
0
 11
5.5984251968503935
 21
-3.9641732283464566
 31
0
  0
LINE
  5
2E5
330
22
100
AcDbEntity
  8
B.Cu
  6
CONTINUOUS
100
AcDbLine
 10
5.5984251968503935
 20
-3.9641732283464566
 30
0
 11
5.5985262598425196
 21
-3.9626315748031495
 31
0
  0
LINE
  5
2E6
330
22
100
AcDbEntity
  8
B.Cu
  6
CONTINUOUS
100
AcDbLine
 10
5.5985262598425196
 20
-3.9626315748031495
 30
0
 11
5.599324251968504
 21
-3.959653346456693
 31
0
  0
LINE
  5
2E7
330
22
100
AcDbEntity
  8
B.Cu
  6
CONTINUOUS
100
AcDbLine
 10
5.599324251968504
 20
-3.959653346456693
 30
0
 11
5.6008659055118111
 21
-3.956983149606299
 31
0
  0
LINE
  5
2E8
330
22
100
AcDbEntity
  8
B.Cu
  6
CONTINUOUS
100
AcDbLine
 10
5.6008659055118111
 20
-3.956983149606299
 30
0
 11
5.6018845669291339
 21
-3.9558215748031493
 31
0
  0
LINE
  5
2E9
330
22
100
AcDbEntity
  8
B.Cu
  6
CONTINUOUS
100
AcDbLine
 10
5.6018845669291339
 20
-3.9558215748031493
 30
0
 11
5.7437007874015746
 21
-3.8140053543307086
 31
0
  0
LINE
  5
2EA
330
22
100
AcDbEntity
  8
B.Cu
  6
CONTINUOUS
100
AcDbLine
 10
5.7437007874015746
 20
-3.8140053543307086
 30
0
 11
5.7437007874015746
 21
-3.8106040551181102
 31
0
  0
LINE
  5
2EB
330
22
100
AcDbEntity
  8
B.Cu
  6
CONTINUOUS
100
AcDbLine
 10
5.7437007874015746
 20
-3.8106040551181102
 30
0
 11
5.7418506299212595
 21
-3.809535866141732
 31
0
  0
LINE
  5
2EC
330
22
100
AcDbEntity
  8
B.Cu
  6
CONTINUOUS
100
AcDbLine
 10
5.7418506299212595
 20
-3.809535866141732
 30
0
 11
5.7377082283464569
 21
-3.805393464566929
 31
0
  0
LINE
  5
2ED
330
22
100
AcDbEntity
  8
B.Cu
  6
CONTINUOUS
100
AcDbLine
 10
5.7377082283464569
 20
-3.805393464566929
 30
0
 11
5.7347790944881885
 21
-3.8003200787401572
 31
0
  0
LINE
  5
2EE
330
22
100
AcDbEntity
  8
B.Cu
  6
CONTINUOUS
100
AcDbLine
 10
5.7347790944881885
 20
-3.8003200787401572
 30
0
 11
5.7332628346456689
 21
-3.7946614173228346
 31
0
  0
LINE
  5
2EF
330
22
100
AcDbEntity
  8
B.Cu
  6
CONTINUOUS
100
AcDbLine
 10
5.7332628346456689
 20
-3.7946614173228346
 30
0
 11
5.7330708661417322
 21
-3.791732283464567
 31
0
  0
LINE
  5
2F0
330
22
100
AcDbEntity
  8
B.Cu
  6
CONTINUOUS
100
AcDbLine
 10
5.7330708661417322
 20
-3.791732283464567
 30
0
 11
5.7330708661417322
 21
-3.7578740157480315
 31
0
  0
LINE
  5
2F1
330
22
100
AcDbEntity
  8
B.Cu
  6
CONTINUOUS
100
AcDbLine
 10
5.7330708661417322
 20
-3.7578740157480315
 30
0
 11
5.7332628346456689
 21
-3.7549448818897635
 31
0
  0
LINE
  5
2F2
330
22
100
AcDbEntity
  8
B.Cu
  6
CONTINUOUS
100
AcDbLine
 10
5.7332628346456689
 20
-3.7549448818897635
 30
0
 11
5.7347790944881885
 21
-3.7492862204724409
 31
0
  0
LINE
  5
2F3
330
22
100
AcDbEntity
  8
B.Cu
  6
CONTINUOUS
100
AcDbLine
 10
5.7347790944881885
 20
-3.7492862204724409
 30
0
 11
5.7377082283464569
 21
-3.7442128346456691
 31
0
  0
LINE
  5
2F4
330
22
100
AcDbEntity
  8
B.Cu
  6
CONTINUOUS
100
AcDbLine
 10
5.7377082283464569
 20
-3.7442128346456691
 30
0
 11
5.7418506299212595
 21
-3.7400704330708661
 31
0
  0
LINE
  5
2F5
330
22
100
AcDbEntity
  8
B.Cu
  6
CONTINUOUS
100
AcDbLine
 10
5.7418506299212595
 20
-3.7400704330708661
 30
0
 11
5.7437007874015746
 21
-3.7390022047244096
 31
0
  0
LINE
  5
2F6
330
22
100
AcDbEntity
  8
B.Cu
  6
CONTINUOUS
100
AcDbLine
 10
5.7437007874015746
 20
-3.7390022047244096
 30
0
 11
5.7437007874015746
 21
-3.6531442913385828
 31
0
  0
LINE
  5
2F7
330
22
100
AcDbEntity
  8
B.Cu
  6
CONTINUOUS
100
AcDbLine
 10
5.7437007874015746
 20
-3.6531442913385828
 30
0
 11
5.7388886614173229
 21
-3.6521870866141732
 31
0
  0
LINE
  5
2F8
330
22
100
AcDbEntity
  8
B.Cu
  6
CONTINUOUS
100
AcDbLine
 10
5.7388886614173229
 20
-3.6521870866141732
 30
0
 11
5.7331843700787397
 21
-3.6498242913385828
 31
0
  0
LINE
  5
2F9
330
22
100
AcDbEntity
  8
B.Cu
  6
CONTINUOUS
100
AcDbLine
 10
5.7331843700787397
 20
-3.6498242913385828
 30
0
 11
5.7280505905511809
 21
-3.6463940157480312
 31
0
  0
LINE
  5
2FA
330
22
100
AcDbEntity
  8
B.Cu
  6
CONTINUOUS
100
AcDbLine
 10
5.7280505905511809
 20
-3.6463940157480312
 30
0
 11
5.7236847244094484
 21
-3.6420281496062992
 31
0
  0
LINE
  5
2FB
330
22
100
AcDbEntity
  8
B.Cu
  6
CONTINUOUS
100
AcDbLine
 10
5.7236847244094484
 20
-3.6420281496062992
 30
0
 11
5.7202544488188973
 21
-3.6368943700787399
 31
0
  0
LINE
  5
2FC
330
22
100
AcDbEntity
  8
B.Cu
  6
CONTINUOUS
100
AcDbLine
 10
5.7202544488188973
 20
-3.6368943700787399
 30
0
 11
5.7178916535433073
 21
-3.6311900787401572
 31
0
  0
LINE
  5
2FD
330
22
100
AcDbEntity
  8
B.Cu
  6
CONTINUOUS
100
AcDbLine
 10
5.7178916535433073
 20
-3.6311900787401572
 30
0
 11
5.716687086614173
 21
-3.6251344094488189
 31
0
  0
LINE
  5
2FE
330
22
100
AcDbEntity
  8
B.Cu
  6
CONTINUOUS
100
AcDbLine
 10
5.716687086614173
 20
-3.6251344094488189
 30
0
 11
5.716687086614173
 21
-3.6189600787401575
 31
0
  0
LINE
  5
2FF
330
22
100
AcDbEntity
  8
B.Cu
  6
CONTINUOUS
100
AcDbLine
 10
5.716687086614173
 20
-3.6189600787401575
 30
0
 11
5.7178916535433073
 21
-3.6129044094488187
 31
0
  0
LINE
  5
300
330
22
100
AcDbEntity
  8
B.Cu
  6
CONTINUOUS
100
AcDbLine
 10
5.7178916535433073
 20
-3.6129044094488187
 30
0
 11
5.7191492125984249
 21
-3.6098682677165352
 31
0
  0
LINE
  5
301
330
22
100
AcDbEntity
  8
B.Cu
  6
CONTINUOUS
100
AcDbLine
 10
5.7191492125984249
 20
-3.6098682677165352
 30
0
 11
5.6412546456692914
 21
-3.5319737007874017
 31
0
  0
LINE
  5
302
330
22
100
AcDbEntity
  8
B.Cu
  6
CONTINUOUS
100
AcDbLine
 10
5.6412546456692914
 20
-3.5319737007874017
 30
0
 11
5.6402359842519685
 21
-3.530812125984252
 31
0
  0
LINE
  5
303
330
22
100
AcDbEntity
  8
B.Cu
  6
CONTINUOUS
100
AcDbLine
 10
5.6402359842519685
 20
-3.530812125984252
 30
0
 11
5.6386943307086614
 21
-3.528141929133858
 31
0
  0
LINE
  5
304
330
22
100
AcDbEntity
  8
B.Cu
  6
CONTINUOUS
100
AcDbLine
 10
5.6386943307086614
 20
-3.528141929133858
 30
0
 11
5.637896338582677
 21
-3.5251637007874015
 31
0
  0
LINE
  5
305
330
22
100
AcDbEntity
  8
B.Cu
  6
CONTINUOUS
100
AcDbLine
 10
5.637896338582677
 20
-3.5251637007874015
 30
0
 11
5.6377952755905509
 21
-3.5236220472440944
 31
0
  0
LINE
  5
306
330
22
100
AcDbEntity
  8
B.Cu
  6
CONTINUOUS
100
AcDbLine
 10
5.6377952755905509
 20
-3.5236220472440944
 30
0
 11
5.6377952755905509
 21
-3.0314960629921259
 31
0
  0
LINE
  5
307
330
22
100
AcDbEntity
  8
B.Cu
  6
CONTINUOUS
100
AcDbLine
 10
5.6377952755905509
 20
-3.0314960629921259
 30
0
 11
5.637896338582677
 21
-3.0299544094488189
 31
0
  0
LINE
  5
308
330
22
100
AcDbEntity
  8
B.Cu
  6
CONTINUOUS
100
AcDbLine
 10
5.637896338582677
 20
-3.0299544094488189
 30
0
 11
5.6386943307086614
 21
-3.0269761811023623
 31
0
  0
LINE
  5
309
330
22
100
AcDbEntity
  8
B.Cu
  6
CONTINUOUS
100
AcDbLine
 10
5.6386943307086614
 20
-3.0269761811023623
 30
0
 11
5.6402359842519685
 21
-3.0243059842519684
 31
0
  0
LINE
  5
30A
330
22
100
AcDbEntity
  8
B.Cu
  6
CONTINUOUS
100
AcDbLine
 10
5.6402359842519685
 20
-3.0243059842519684
 30
0
 11
5.6412546456692914
 21
-3.0231444094488187
 31
0
  0
LINE
  5
30B
330
22
100
AcDbEntity
  8
B.Cu
  6
CONTINUOUS
100
AcDbLine
 10
5.6412546456692914
 20
-3.0231444094488187
 30
0
 11
5.6806247244094488
 21
-2.9837743307086613
 31
0
  0
LINE
  5
30C
330
22
100
AcDbEntity
  8
B.Cu
  6
CONTINUOUS
100
AcDbLine
 10
5.6806247244094488
 20
-2.9837743307086613
 30
0
 11
5.6817862992125985
 21
-2.9827556692913384
 31
0
  0
LINE
  5
30D
330
22
100
AcDbEntity
  8
B.Cu
  6
CONTINUOUS
100
AcDbLine
 10
5.6817862992125985
 20
-2.9827556692913384
 30
0
 11
5.6844564960629924
 21
-2.9812140157480314
 31
0
  0
LINE
  5
30E
330
22
100
AcDbEntity
  8
B.Cu
  6
CONTINUOUS
100
AcDbLine
 10
5.6844564960629924
 20
-2.9812140157480314
 30
0
 11
5.6874347244094485
 21
-2.9804160236220474
 31
0
  0
LINE
  5
30F
330
22
100
AcDbEntity
  8
B.Cu
  6
CONTINUOUS
100
AcDbLine
 10
5.6874347244094485
 20
-2.9804160236220474
 30
0
 11
5.6889763779527556
 21
-2.9803149606299213
 31
0
  0
LINE
  5
310
330
22
100
AcDbEntity
  8
B.Cu
  6
CONTINUOUS
100
AcDbLine
 10
5.6889763779527556
 20
-2.9803149606299213
 30
0
 11
5.7121520078740158
 21
-2.9803149606299213
 31
0
  0
LINE
  5
311
330
22
100
AcDbEntity
  8
B.Cu
  6
CONTINUOUS
100
AcDbLine
 10
5.7121520078740158
 20
-2.9803149606299213
 30
0
 11
5.7137939763779526
 21
-2.9763509055118109
 31
0
  0
LINE
  5
312
330
22
100
AcDbEntity
  8
B.Cu
  6
CONTINUOUS
100
AcDbLine
 10
5.7137939763779526
 20
-2.9763509055118109
 30
0
 11
5.7174386220472444
 21
-2.9708962992125985
 31
0
  0
LINE
  5
313
330
22
100
AcDbEntity
  8
B.Cu
  6
CONTINUOUS
100
AcDbLine
 10
5.7174386220472444
 20
-2.9708962992125985
 30
0
 11
5.7220774015748033
 21
-2.9662575196850391
 31
0
  0
LINE
  5
314
330
22
100
AcDbEntity
  8
B.Cu
  6
CONTINUOUS
100
AcDbLine
 10
5.7220774015748033
 20
-2.9662575196850391
 30
0
 11
5.7275320078740153
 21
-2.9626128740157478
 31
0
  0
LINE
  5
315
330
22
100
AcDbEntity
  8
B.Cu
  6
CONTINUOUS
100
AcDbLine
 10
5.7275320078740153
 20
-2.9626128740157478
 30
0
 11
5.7335928346456688
 21
-2.9601024015748032
 31
0
  0
LINE
  5
316
330
22
100
AcDbEntity
  8
B.Cu
  6
CONTINUOUS
100
AcDbLine
 10
5.7335928346456688
 20
-2.9601024015748032
 30
0
 11
5.7400269685039369
 21
-2.9588225590551183
 31
0
  0
LINE
  5
317
330
22
100
AcDbEntity
  8
B.Cu
  6
CONTINUOUS
100
AcDbLine
 10
5.7400269685039369
 20
-2.9588225590551183
 30
0
 11
5.7465872047244098
 21
-2.9588225590551183
 31
0
  0
LINE
  5
318
330
22
100
AcDbEntity
  8
B.Cu
  6
CONTINUOUS
100
AcDbLine
 10
5.7465872047244098
 20
-2.9588225590551183
 30
0
 11
5.7530213385826769
 21
-2.9601024015748032
 31
0
  0
LINE
  5
319
330
22
100
AcDbEntity
  8
B.Cu
  6
CONTINUOUS
100
AcDbLine
 10
6.0530213385826768
 20
-3.0601024015748033
 30
0
 11
6.0590821653543303
 21
-3.0626128740157479
 31
0
  0
LINE
  5
31A
330
22
100
AcDbEntity
  8
B.Cu
  6
CONTINUOUS
100
AcDbLine
 10
6.0590821653543303
 20
-3.0626128740157479
 30
0
 11
6.0645367716535432
 21
-3.0662575196850392
 31
0
  0
LINE
  5
31B
330
22
100
AcDbEntity
  8
B.Cu
  6
CONTINUOUS
100
AcDbLine
 10
6.0645367716535432
 20
-3.0662575196850392
 30
0
 11
6.0691755511811021
 21
-3.0708962992125985
 31
0
  0
LINE
  5
31C
330
22
100
AcDbEntity
  8
B.Cu
  6
CONTINUOUS
100
AcDbLine
 10
6.0691755511811021
 20
-3.0708962992125985
 30
0
 11
6.0728201968503939
 21
-3.076350905511811
 31
0
  0
LINE
  5
31D
330
22
100
AcDbEntity
  8
B.Cu
  6
CONTINUOUS
100
AcDbLine
 10
6.0728201968503939
 20
-3.076350905511811
 30
0
 11
6.075330669291338
 21
-3.0824117322834645
 31
0
  0
LINE
  5
31E
330
22
100
AcDbEntity
  8
B.Cu
  6
CONTINUOUS
100
AcDbLine
 10
6.075330669291338
 20
-3.0824117322834645
 30
0
 11
6.0766105118110234
 21
-3.0888458661417322
 31
0
  0
LINE
  5
31F
330
22
100
AcDbEntity
  8
B.Cu
  6
CONTINUOUS
100
AcDbLine
 10
6.0766105118110234
 20
-3.0888458661417322
 30
0
 11
6.0766105118110234
 21
-3.0954061023622046
 31
0
  0
LINE
  5
320
330
22
100
AcDbEntity
  8
B.Cu
  6
CONTINUOUS
100
AcDbLine
 10
6.0766105118110234
 20
-3.0954061023622046
 30
0
 11
6.075330669291338
 21
-3.1018402362204722
 31
0
  0
LINE
  5
321
330
22
100
AcDbEntity
  8
B.Cu
  6
CONTINUOUS
100
AcDbLine
 10
6.075330669291338
 20
-3.1018402362204722
 30
0
 11
6.0728201968503939
 21
-3.1079010629921258
 31
0
  0
LINE
  5
322
330
22
100
AcDbEntity
  8
B.Cu
  6
CONTINUOUS
100
AcDbLine
 10
6.0728201968503939
 20
-3.1079010629921258
 30
0
 11
6.0691755511811021
 21
-3.1133556692913387
 31
0
  0
LINE
  5
323
330
22
100
AcDbEntity
  8
B.Cu
  6
CONTINUOUS
100
AcDbLine
 10
6.0691755511811021
 20
-3.1133556692913387
 30
0
 11
6.0645367716535432
 21
-3.1179944488188975
 31
0
  0
LINE
  5
324
330
22
100
AcDbEntity
  8
B.Cu
  6
CONTINUOUS
100
AcDbLine
 10
6.0645367716535432
 20
-3.1179944488188975
 30
0
 11
6.0590821653543303
 21
-3.1216390944881889
 31
0
  0
LINE
  5
325
330
22
100
AcDbEntity
  8
B.Cu
  6
CONTINUOUS
100
AcDbLine
 10
6.0590821653543303
 20
-3.1216390944881889
 30
0
 11
6.0551181102362204
 21
-3.123281023622047
 31
0
  0
LINE
  5
326
330
22
100
AcDbEntity
  8
B.Cu
  6
CONTINUOUS
100
AcDbLine
 10
6.0551181102362204
 20
-3.123281023622047
 30
0
 11
6.0551181102362204
 21
-3.1840840944881887
 31
0
  0
LINE
  5
327
330
22
100
AcDbEntity
  8
B.Cu
  6
CONTINUOUS
100
AcDbLine
 10
6.0551181102362204
 20
-3.1840840944881887
 30
0
 11
6.0713437795275587
 21
-3.2003097637795275
 31
0
  0
LINE
  5
328
330
22
100
AcDbEntity
  8
B.Cu
  6
CONTINUOUS
100
AcDbLine
 10
6.0713437795275587
 20
-3.2003097637795275
 30
0
 11
6.0723624409448815
 21
-3.2014713385826772
 31
0
  0
LINE
  5
329
330
22
100
AcDbEntity
  8
B.Cu
  6
CONTINUOUS
100
AcDbLine
 10
6.0723624409448815
 20
-3.2014713385826772
 30
0
 11
6.0739040944881886
 21
-3.2041415354330707
 31
0
  0
LINE
  5
32A
330
22
100
AcDbEntity
  8
B.Cu
  6
CONTINUOUS
100
AcDbLine
 10
6.0739040944881886
 20
-3.2041415354330707
 30
0
 11
6.074702086614173
 21
-3.2071197637795277
 31
0
  0
LINE
  5
32B
330
22
100
AcDbEntity
  8
B.Cu
  6
CONTINUOUS
100
AcDbLine
 10
6.074702086614173
 20
-3.2071197637795277
 30
0
 11
6.0748031496062991
 21
-3.2086614173228347
 31
0
  0
LINE
  5
32C
330
22
100
AcDbEntity
  8
B.Cu
  6
CONTINUOUS
100
AcDbLine
 10
6.0748031496062991
 20
-3.2086614173228347
 30
0
 11
6.0748031496062991
 21
-3.558099842519685
 31
0
  0
LINE
  5
32D
330
22
100
AcDbEntity
  8
B.Cu
  6
CONTINUOUS
100
AcDbLine
 10
6.0748031496062991
 20
-3.558099842519685
 30
0
 11
6.163863464566929
 21
-3.647160157480315
 31
0
  0
LINE
  5
32E
330
22
100
AcDbEntity
  8
B.Cu
  6
CONTINUOUS
100
AcDbLine
 10
6.163863464566929
 20
-3.647160157480315
 30
0
 11
6.1648821259842519
 21
-3.6483217322834647
 31
0
  0
LINE
  5
32F
330
22
100
AcDbEntity
  8
B.Cu
  6
CONTINUOUS
100
AcDbLine
 10
6.1648821259842519
 20
-3.6483217322834647
 30
0
 11
6.1664237795275589
 21
-3.6509919291338582
 31
0
  0
LINE
  5
330
330
22
100
AcDbEntity
  8
B.Cu
  6
CONTINUOUS
100
AcDbLine
 10
6.1664237795275589
 20
-3.6509919291338582
 30
0
 11
6.1672217716535433
 21
-3.6539701574803147
 31
0
  0
LINE
  5
331
330
22
100
AcDbEntity
  8
B.Cu
  6
CONTINUOUS
100
AcDbLine
 10
6.1672217716535433
 20
-3.6539701574803147
 30
0
 11
6.1673228346456694
 21
-3.6555118110236218
 31
0
  0
LINE
  5
332
330
22
100
AcDbEntity
  8
B.Cu
  6
CONTINUOUS
100
AcDbLine
 10
6.1673228346456694
 20
-3.6555118110236218
 30
0
 11
6.1673228346456694
 21
-3.7390022047244096
 31
0
  0
LINE
  5
333
330
22
100
AcDbEntity
  8
B.Cu
  6
CONTINUOUS
100
AcDbLine
 10
6.1673228346456694
 20
-3.7390022047244096
 30
0
 11
6.1691729921259837
 21
-3.7400704330708661
 31
0
  0
LINE
  5
334
330
22
100
AcDbEntity
  8
B.Cu
  6
CONTINUOUS
100
AcDbLine
 10
6.1691729921259837
 20
-3.7400704330708661
 30
0
 11
6.1733153937007872
 21
-3.7442128346456691
 31
0
  0
LINE
  5
335
330
22
100
AcDbEntity
  8
B.Cu
  6
CONTINUOUS
100
AcDbLine
 10
6.1733153937007872
 20
-3.7442128346456691
 30
0
 11
6.1762445275590547
 21
-3.7492862204724409
 31
0
  0
LINE
  5
336
330
22
100
AcDbEntity
  8
B.Cu
  6
CONTINUOUS
100
AcDbLine
 10
6.1762445275590547
 20
-3.7492862204724409
 30
0
 11
6.1777607874015743
 21
-3.7549448818897635
 31
0
  0
LINE
  5
337
330
22
100
AcDbEntity
  8
B.Cu
  6
CONTINUOUS
100
AcDbLine
 10
6.1777607874015743
 20
-3.7549448818897635
 30
0
 11
6.1779527559055119
 21
-3.7578740157480315
 31
0
  0
LINE
  5
338
330
22
100
AcDbEntity
  8
B.Cu
  6
CONTINUOUS
100
AcDbLine
 10
6.1779527559055119
 20
-3.7578740157480315
 30
0
 11
6.1779527559055119
 21
-3.791732283464567
 31
0
  0
LINE
  5
339
330
22
100
AcDbEntity
  8
B.Cu
  6
CONTINUOUS
100
AcDbLine
 10
6.1779527559055119
 20
-3.791732283464567
 30
0
 11
6.1777607874015743
 21
-3.7946614173228346
 31
0
  0
LINE
  5
33A
330
22
100
AcDbEntity
  8
B.Cu
  6
CONTINUOUS
100
AcDbLine
 10
6.1777607874015743
 20
-3.7946614173228346
 30
0
 11
6.1762445275590547
 21
-3.8003200787401572
 31
0
  0
LINE
  5
33B
330
22
100
AcDbEntity
  8
B.Cu
  6
CONTINUOUS
100
AcDbLine
 10
6.1762445275590547
 20
-3.8003200787401572
 30
0
 11
6.1733153937007872
 21
-3.805393464566929
 31
0
  0
LINE
  5
33C
330
22
100
AcDbEntity
  8
B.Cu
  6
CONTINUOUS
100
AcDbLine
 10
6.1733153937007872
 20
-3.805393464566929
 30
0
 11
6.1691729921259837
 21
-3.809535866141732
 31
0
  0
LINE
  5
33D
330
22
100
AcDbEntity
  8
B.Cu
  6
CONTINUOUS
100
AcDbLine
 10
6.1691729921259837
 20
-3.809535866141732
 30
0
 11
6.1640996062992128
 21
-3.812465
 31
0
  0
LINE
  5
33E
330
22
100
AcDbEntity
  8
B.Cu
  6
CONTINUOUS
100
AcDbLine
 10
6.1640996062992128
 20
-3.812465
 30
0
 11
6.1584409448818898
 21
-3.8139812598425196
 31
0
  0
LINE
  5
33F
330
22
100
AcDbEntity
  8
B.Cu
  6
CONTINUOUS
100
AcDbLine
 10
6.1584409448818898
 20
-3.8139812598425196
 30
0
 11
6.1525826771653538
 21
-3.8139812598425196
 31
0
  0
LINE
  5
340
330
22
100
AcDbEntity
  8
B.Cu
  6
CONTINUOUS
100
AcDbLine
 10
6.1525826771653538
 20
-3.8139812598425196
 30
0
 11
6.1469240157480316
 21
-3.812465
 31
0
  0
LINE
  5
341
330
22
100
AcDbEntity
  8
B.Cu
  6
CONTINUOUS
100
AcDbLine
 10
6.1469240157480316
 20
-3.812465
 30
0
 11
6.1418506299212599
 21
-3.809535866141732
 31
0
  0
LINE
  5
342
330
22
100
AcDbEntity
  8
B.Cu
  6
CONTINUOUS
100
AcDbLine
 10
6.1418506299212599
 20
-3.809535866141732
 30
0
 11
6.1377082283464564
 21
-3.805393464566929
 31
0
  0
LINE
  5
343
330
22
100
AcDbEntity
  8
B.Cu
  6
CONTINUOUS
100
AcDbLine
 10
6.1377082283464564
 20
-3.805393464566929
 30
0
 11
6.1347790944881888
 21
-3.8003200787401572
 31
0
  0
LINE
  5
344
330
22
100
AcDbEntity
  8
B.Cu
  6
CONTINUOUS
100
AcDbLine
 10
6.1347790944881888
 20
-3.8003200787401572
 30
0
 11
6.1332628346456692
 21
-3.7946614173228346
 31
0
  0
LINE
  5
345
330
22
100
AcDbEntity
  8
B.Cu
  6
CONTINUOUS
100
AcDbLine
 10
6.1332628346456692
 20
-3.7946614173228346
 30
0
 11
6.1330708661417326
 21
-3.791732283464567
 31
0
  0
LINE
  5
346
330
22
100
AcDbEntity
  8
B.Cu
  6
CONTINUOUS
100
AcDbLine
 10
6.1330708661417326
 20
-3.791732283464567
 30
0
 11
6.1330708661417326
 21
-3.7578740157480315
 31
0
  0
LINE
  5
347
330
22
100
AcDbEntity
  8
B.Cu
  6
CONTINUOUS
100
AcDbLine
 10
6.1330708661417326
 20
-3.7578740157480315
 30
0
 11
6.1332628346456692
 21
-3.7549448818897635
 31
0
  0
LINE
  5
348
330
22
100
AcDbEntity
  8
B.Cu
  6
CONTINUOUS
100
AcDbLine
 10
6.1332628346456692
 20
-3.7549448818897635
 30
0
 11
6.1347790944881888
 21
-3.7492862204724409
 31
0
  0
LINE
  5
349
330
22
100
AcDbEntity
  8
B.Cu
  6
CONTINUOUS
100
AcDbLine
 10
6.1347790944881888
 20
-3.7492862204724409
 30
0
 11
6.1377082283464564
 21
-3.7442128346456691
 31
0
  0
LINE
  5
34A
330
22
100
AcDbEntity
  8
B.Cu
  6
CONTINUOUS
100
AcDbLine
 10
6.1377082283464564
 20
-3.7442128346456691
 30
0
 11
6.1418506299212599
 21
-3.7400704330708661
 31
0
  0
LINE
  5
34B
330
22
100
AcDbEntity
  8
B.Cu
  6
CONTINUOUS
100
AcDbLine
 10
6.1418506299212599
 20
-3.7400704330708661
 30
0
 11
6.143700787401575
 21
-3.7390022047244096
 31
0
  0
LINE
  5
34C
330
22
100
AcDbEntity
  8
B.Cu
  6
CONTINUOUS
100
AcDbLine
 10
6.143700787401575
 20
-3.7390022047244096
 30
0
 11
6.143700787401575
 21
-3.660404094488189
 31
0
  0
LINE
  5
34D
330
22
100
AcDbEntity
  8
B.Cu
  6
CONTINUOUS
100
AcDbLine
 10
6.143700787401575
 20
-3.660404094488189
 30
0
 11
6.0546404724409451
 21
-3.5713437795275591
 31
0
  0
LINE
  5
34E
330
22
100
AcDbEntity
  8
B.Cu
  6
CONTINUOUS
100
AcDbLine
 10
6.0546404724409451
 20
-3.5713437795275591
 30
0
 11
6.0536218110236222
 21
-3.5701822047244094
 31
0
  0
LINE
  5
34F
330
22
100
AcDbEntity
  8
B.Cu
  6
CONTINUOUS
100
AcDbLine
 10
6.0536218110236222
 20
-3.5701822047244094
 30
0
 11
6.0520801574803151
 21
-3.5675120078740155
 31
0
  0
LINE
  5
350
330
22
100
AcDbEntity
  8
B.Cu
  6
CONTINUOUS
100
AcDbLine
 10
6.0520801574803151
 20
-3.5675120078740155
 30
0
 11
6.0512821653543307
 21
-3.5645337795275589
 31
0
  0
LINE
  5
351
330
22
100
AcDbEntity
  8
B.Cu
  6
CONTINUOUS
100
AcDbLine
 10
6.0512821653543307
 20
-3.5645337795275589
 30
0
 11
6.0511811023622046
 21
-3.5629921259842519
 31
0
  0
LINE
  5
352
330
22
100
AcDbEntity
  8
B.Cu
  6
CONTINUOUS
100
AcDbLine
 10
6.0511811023622046
 20
-3.5629921259842519
 30
0
 11
6.0511811023622046
 21
-3.2135537007874015
 31
0
  0
LINE
  5
353
330
22
100
AcDbEntity
  8
B.Cu
  6
CONTINUOUS
100
AcDbLine
 10
6.0511811023622046
 20
-3.2135537007874015
 30
0
 11
6.0349554330708663
 21
-3.1973280314960628
 31
0
  0
LINE
  5
354
330
22
100
AcDbEntity
  8
B.Cu
  6
CONTINUOUS
100
AcDbLine
 10
6.0349554330708663
 20
-3.1973280314960628
 30
0
 11
6.0339367716535435
 21
-3.1961664566929131
 31
0
  0
LINE
  5
355
330
22
100
AcDbEntity
  8
B.Cu
  6
CONTINUOUS
100
AcDbLine
 10
6.0339367716535435
 20
-3.1961664566929131
 30
0
 11
6.0323951181102364
 21
-3.1934962598425196
 31
0
  0
LINE
  5
356
330
22
100
AcDbEntity
  8
B.Cu
  6
CONTINUOUS
100
AcDbLine
 10
6.0323951181102364
 20
-3.1934962598425196
 30
0
 11
6.031597125984252
 21
-3.1905180314960631
 31
0
  0
LINE
  5
357
330
22
100
AcDbEntity
  8
B.Cu
  6
CONTINUOUS
100
AcDbLine
 10
6.031597125984252
 20
-3.1905180314960631
 30
0
 11
6.0314960629921259
 21
-3.188976377952756
 31
0
  0
LINE
  5
358
330
22
100
AcDbEntity
  8
B.Cu
  6
CONTINUOUS
100
AcDbLine
 10
6.0314960629921259
 20
-3.188976377952756
 30
0
 11
6.0314960629921259
 21
-3.123281023622047
 31
0
  0
LINE
  5
359
330
22
100
AcDbEntity
  8
B.Cu
  6
CONTINUOUS
100
AcDbLine
 10
6.0314960629921259
 20
-3.123281023622047
 30
0
 11
6.027532007874016
 21
-3.1216390944881889
 31
0
  0
LINE
  5
35A
330
22
100
AcDbEntity
  8
B.Cu
  6
CONTINUOUS
100
AcDbLine
 10
6.027532007874016
 20
-3.1216390944881889
 30
0
 11
6.0220774015748031
 21
-3.1179944488188975
 31
0
  0
LINE
  5
35B
330
22
100
AcDbEntity
  8
B.Cu
  6
CONTINUOUS
100
AcDbLine
 10
6.0220774015748031
 20
-3.1179944488188975
 30
0
 11
6.0174386220472442
 21
-3.1133556692913387
 31
0
  0
LINE
  5
35C
330
22
100
AcDbEntity
  8
B.Cu
  6
CONTINUOUS
100
AcDbLine
 10
6.0174386220472442
 20
-3.1133556692913387
 30
0
 11
6.0137939763779524
 21
-3.1079010629921258
 31
0
  0
LINE
  5
35D
330
22
100
AcDbEntity
  8
B.Cu
  6
CONTINUOUS
100
AcDbLine
 10
6.0137939763779524
 20
-3.1079010629921258
 30
0
 11
6.0112835039370074
 21
-3.1018402362204722
 31
0
  0
LINE
  5
35E
330
22
100
AcDbEntity
  8
B.Cu
  6
CONTINUOUS
100
AcDbLine
 10
6.0112835039370074
 20
-3.1018402362204722
 30
0
 11
6.0100036614173229
 21
-3.0954061023622046
 31
0
  0
LINE
  5
35F
330
22
100
AcDbEntity
  8
B.Cu
  6
CONTINUOUS
100
AcDbLine
 10
6.0100036614173229
 20
-3.0954061023622046
 30
0
 11
6.0100036614173229
 21
-3.0888458661417322
 31
0
  0
LINE
  5
360
330
22
100
AcDbEntity
  8
B.Cu
  6
CONTINUOUS
100
AcDbLine
 10
6.0100036614173229
 20
-3.0888458661417322
 30
0
 11
6.0112835039370074
 21
-3.0824117322834645
 31
0
  0
LINE
  5
361
330
22
100
AcDbEntity
  8
B.Cu
  6
CONTINUOUS
100
AcDbLine
 10
6.0112835039370074
 20
-3.0824117322834645
 30
0
 11
6.0137939763779524
 21
-3.076350905511811
 31
0
  0
LINE
  5
362
330
22
100
AcDbEntity
  8
B.Cu
  6
CONTINUOUS
100
AcDbLine
 10
6.0137939763779524
 20
-3.076350905511811
 30
0
 11
6.0174386220472442
 21
-3.0708962992125985
 31
0
  0
LINE
  5
363
330
22
100
AcDbEntity
  8
B.Cu
  6
CONTINUOUS
100
AcDbLine
 10
6.0174386220472442
 20
-3.0708962992125985
 30
0
 11
6.0220774015748031
 21
-3.0662575196850392
 31
0
  0
LINE
  5
364
330
22
100
AcDbEntity
  8
B.Cu
  6
CONTINUOUS
100
AcDbLine
 10
6.0220774015748031
 20
-3.0662575196850392
 30
0
 11
6.027532007874016
 21
-3.0626128740157479
 31
0
  0
LINE
  5
365
330
22
100
AcDbEntity
  8
B.Cu
  6
CONTINUOUS
100
AcDbLine
 10
6.027532007874016
 20
-3.0626128740157479
 30
0
 11
6.0335928346456695
 21
-3.0601024015748033
 31
0
  0
LINE
  5
366
330
22
100
AcDbEntity
  8
B.Cu
  6
CONTINUOUS
100
AcDbLine
 10
6.0335928346456695
 20
-3.0601024015748033
 30
0
 11
6.0400269685039367
 21
-3.0588225590551179
 31
0
  0
LINE
  5
367
330
22
100
AcDbEntity
  8
B.Cu
  6
CONTINUOUS
100
AcDbLine
 10
6.0400269685039367
 20
-3.0588225590551179
 30
0
 11
6.0465872047244096
 21
-3.0588225590551179
 31
0
  0
LINE
  5
368
330
22
100
AcDbEntity
  8
B.Cu
  6
CONTINUOUS
100
AcDbLine
 10
6.0465872047244096
 20
-3.0588225590551179
 30
0
 11
6.0530213385826768
 21
-3.0601024015748033
 31
0
  0
LINE
  5
369
330
22
100
AcDbEntity
  8
B.Cu
  6
CONTINUOUS
100
AcDbLine
 10
6.0530213385826768
 20
-2.9601024015748032
 30
0
 11
6.0590821653543303
 21
-2.9626128740157478
 31
0
  0
LINE
  5
36A
330
22
100
AcDbEntity
  8
B.Cu
  6
CONTINUOUS
100
AcDbLine
 10
6.0590821653543303
 20
-2.9626128740157478
 30
0
 11
6.0645367716535432
 21
-2.9662575196850391
 31
0
  0
LINE
  5
36B
330
22
100
AcDbEntity
  8
B.Cu
  6
CONTINUOUS
100
AcDbLine
 10
6.0645367716535432
 20
-2.9662575196850391
 30
0
 11
6.0691755511811021
 21
-2.9708962992125985
 31
0
  0
LINE
  5
36C
330
22
100
AcDbEntity
  8
B.Cu
  6
CONTINUOUS
100
AcDbLine
 10
6.0691755511811021
 20
-2.9708962992125985
 30
0
 11
6.0728201968503939
 21
-2.9763509055118109
 31
0
  0
LINE
  5
36D
330
22
100
AcDbEntity
  8
B.Cu
  6
CONTINUOUS
100
AcDbLine
 10
6.0728201968503939
 20
-2.9763509055118109
 30
0
 11
6.075330669291338
 21
-2.9824117322834645
 31
0
  0
LINE
  5
36E
330
22
100
AcDbEntity
  8
B.Cu
  6
CONTINUOUS
100
AcDbLine
 10
6.075330669291338
 20
-2.9824117322834645
 30
0
 11
6.0766105118110234
 21
-2.9888458661417321
 31
0
  0
LINE
  5
36F
330
22
100
AcDbEntity
  8
B.Cu
  6
CONTINUOUS
100
AcDbLine
 10
6.0766105118110234
 20
-2.9888458661417321
 30
0
 11
6.0766105118110234
 21
-2.9954061023622045
 31
0
  0
LINE
  5
370
330
22
100
AcDbEntity
  8
B.Cu
  6
CONTINUOUS
100
AcDbLine
 10
6.0766105118110234
 20
-2.9954061023622045
 30
0
 11
6.075330669291338
 21
-3.0018402362204726
 31
0
  0
LINE
  5
371
330
22
100
AcDbEntity
  8
B.Cu
  6
CONTINUOUS
100
AcDbLine
 10
6.075330669291338
 20
-3.0018402362204726
 30
0
 11
6.0736887007874012
 21
-3.0058042913385825
 31
0
  0
LINE
  5
372
330
22
100
AcDbEntity
  8
B.Cu
  6
CONTINUOUS
100
AcDbLine
 10
6.0736887007874012
 20
-3.0058042913385825
 30
0
 11
6.1303988976377948
 21
-3.0625144881889761
 31
0
  0
LINE
  5
373
330
22
100
AcDbEntity
  8
B.Cu
  6
CONTINUOUS
100
AcDbLine
 10
6.1303988976377948
 20
-3.0625144881889761
 30
0
 11
6.1314175590551176
 21
-3.0636760629921258
 31
0
  0
LINE
  5
374
330
22
100
AcDbEntity
  8
B.Cu
  6
CONTINUOUS
100
AcDbLine
 10
6.1314175590551176
 20
-3.0636760629921258
 30
0
 11
6.1329592125984247
 21
-3.0663462598425197
 31
0
  0
LINE
  5
375
330
22
100
AcDbEntity
  8
B.Cu
  6
CONTINUOUS
100
AcDbLine
 10
6.1329592125984247
 20
-3.0663462598425197
 30
0
 11
6.1337572047244091
 21
-3.0693244881889763
 31
0
  0
LINE
  5
376
330
22
100
AcDbEntity
  8
B.Cu
  6
CONTINUOUS
100
AcDbLine
 10
6.1337572047244091
 20
-3.0693244881889763
 30
0
 11
6.1338582677165352
 21
-3.0708661417322833
 31
0
  0
LINE
  5
377
330
22
100
AcDbEntity
  8
B.Cu
  6
CONTINUOUS
100
AcDbLine
 10
6.1338582677165352
 20
-3.0708661417322833
 30
0
 11
6.1338582677165352
 21
-3.4695076377952754
 31
0
  0
LINE
  5
378
330
22
100
AcDbEntity
  8
B.Cu
  6
CONTINUOUS
100
AcDbLine
 10
6.1338582677165352
 20
-3.4695076377952754
 30
0
 11
6.2638634645669287
 21
-3.5995128346456693
 31
0
  0
LINE
  5
379
330
22
100
AcDbEntity
  8
B.Cu
  6
CONTINUOUS
100
AcDbLine
 10
6.2638634645669287
 20
-3.5995128346456693
 30
0
 11
6.2648821259842515
 21
-3.600674409448819
 31
0
  0
LINE
  5
37A
330
22
100
AcDbEntity
  8
B.Cu
  6
CONTINUOUS
100
AcDbLine
 10
6.2648821259842515
 20
-3.600674409448819
 30
0
 11
6.2664237795275586
 21
-3.6033446062992125
 31
0
  0
LINE
  5
37B
330
22
100
AcDbEntity
  8
B.Cu
  6
CONTINUOUS
100
AcDbLine
 10
6.2664237795275586
 20
-3.6033446062992125
 30
0
 11
6.267221771653543
 21
-3.6063228346456691
 31
0
  0
LINE
  5
37C
330
22
100
AcDbEntity
  8
B.Cu
  6
CONTINUOUS
100
AcDbLine
 10
6.267221771653543
 20
-3.6063228346456691
 30
0
 11
6.2673228346456691
 21
-3.6078644881889761
 31
0
  0
LINE
  5
37D
330
22
100
AcDbEntity
  8
B.Cu
  6
CONTINUOUS
100
AcDbLine
 10
6.2673228346456691
 20
-3.6078644881889761
 30
0
 11
6.2673228346456691
 21
-3.7390022047244096
 31
0
  0
LINE
  5
37E
330
22
100
AcDbEntity
  8
B.Cu
  6
CONTINUOUS
100
AcDbLine
 10
6.2673228346456691
 20
-3.7390022047244096
 30
0
 11
6.2691729921259842
 21
-3.7400704330708661
 31
0
  0
LINE
  5
37F
330
22
100
AcDbEntity
  8
B.Cu
  6
CONTINUOUS
100
AcDbLine
 10
6.2691729921259842
 20
-3.7400704330708661
 30
0
 11
6.2733153937007868
 21
-3.7442128346456691
 31
0
  0
LINE
  5
380
330
22
100
AcDbEntity
  8
B.Cu
  6
CONTINUOUS
100
AcDbLine
 10
6.2733153937007868
 20
-3.7442128346456691
 30
0
 11
6.2762445275590553
 21
-3.7492862204724409
 31
0
  0
LINE
  5
381
330
22
100
AcDbEntity
  8
B.Cu
  6
CONTINUOUS
100
AcDbLine
 10
6.2762445275590553
 20
-3.7492862204724409
 30
0
 11
6.2777607874015748
 21
-3.7549448818897635
 31
0
  0
LINE
  5
382
330
22
100
AcDbEntity
  8
B.Cu
  6
CONTINUOUS
100
AcDbLine
 10
6.2777607874015748
 20
-3.7549448818897635
 30
0
 11
6.2779527559055115
 21
-3.7578740157480315
 31
0
  0
LINE
  5
383
330
22
100
AcDbEntity
  8
B.Cu
  6
CONTINUOUS
100
AcDbLine
 10
6.2779527559055115
 20
-3.7578740157480315
 30
0
 11
6.2779527559055115
 21
-3.791732283464567
 31
0
  0
LINE
  5
384
330
22
100
AcDbEntity
  8
B.Cu
  6
CONTINUOUS
100
AcDbLine
 10
6.2779527559055115
 20
-3.791732283464567
 30
0
 11
6.2777607874015748
 21
-3.7946614173228346
 31
0
  0
LINE
  5
385
330
22
100
AcDbEntity
  8
B.Cu
  6
CONTINUOUS
100
AcDbLine
 10
6.2777607874015748
 20
-3.7946614173228346
 30
0
 11
6.2762445275590553
 21
-3.8003200787401572
 31
0
  0
LINE
  5
386
330
22
100
AcDbEntity
  8
B.Cu
  6
CONTINUOUS
100
AcDbLine
 10
6.2762445275590553
 20
-3.8003200787401572
 30
0
 11
6.2733153937007868
 21
-3.805393464566929
 31
0
  0
LINE
  5
387
330
22
100
AcDbEntity
  8
B.Cu
  6
CONTINUOUS
100
AcDbLine
 10
6.2733153937007868
 20
-3.805393464566929
 30
0
 11
6.2691729921259842
 21
-3.809535866141732
 31
0
  0
LINE
  5
388
330
22
100
AcDbEntity
  8
B.Cu
  6
CONTINUOUS
100
AcDbLine
 10
6.2691729921259842
 20
-3.809535866141732
 30
0
 11
6.2640996062992125
 21
-3.812465
 31
0
  0
LINE
  5
389
330
22
100
AcDbEntity
  8
B.Cu
  6
CONTINUOUS
100
AcDbLine
 10
6.2640996062992125
 20
-3.812465
 30
0
 11
6.2584409448818894
 21
-3.8139812598425196
 31
0
  0
LINE
  5
38A
330
22
100
AcDbEntity
  8
B.Cu
  6
CONTINUOUS
100
AcDbLine
 10
6.2584409448818894
 20
-3.8139812598425196
 30
0
 11
6.2525826771653543
 21
-3.8139812598425196
 31
0
  0
LINE
  5
38B
330
22
100
AcDbEntity
  8
B.Cu
  6
CONTINUOUS
100
AcDbLine
 10
6.2525826771653543
 20
-3.8139812598425196
 30
0
 11
6.2469240157480312
 21
-3.812465
 31
0
  0
LINE
  5
38C
330
22
100
AcDbEntity
  8
B.Cu
  6
CONTINUOUS
100
AcDbLine
 10
6.2469240157480312
 20
-3.812465
 30
0
 11
6.2418506299212595
 21
-3.809535866141732
 31
0
  0
LINE
  5
38D
330
22
100
AcDbEntity
  8
B.Cu
  6
CONTINUOUS
100
AcDbLine
 10
6.2418506299212595
 20
-3.809535866141732
 30
0
 11
6.2377082283464569
 21
-3.805393464566929
 31
0
  0
LINE
  5
38E
330
22
100
AcDbEntity
  8
B.Cu
  6
CONTINUOUS
100
AcDbLine
 10
6.2377082283464569
 20
-3.805393464566929
 30
0
 11
6.2347790944881885
 21
-3.8003200787401572
 31
0
  0
LINE
  5
38F
330
22
100
AcDbEntity
  8
B.Cu
  6
CONTINUOUS
100
AcDbLine
 10
6.2347790944881885
 20
-3.8003200787401572
 30
0
 11
6.2332628346456689
 21
-3.7946614173228346
 31
0
  0
LINE
  5
390
330
22
100
AcDbEntity
  8
B.Cu
  6
CONTINUOUS
100
AcDbLine
 10
6.2332628346456689
 20
-3.7946614173228346
 30
0
 11
6.2330708661417322
 21
-3.791732283464567
 31
0
  0
LINE
  5
391
330
22
100
AcDbEntity
  8
B.Cu
  6
CONTINUOUS
100
AcDbLine
 10
6.2330708661417322
 20
-3.791732283464567
 30
0
 11
6.2330708661417322
 21
-3.7578740157480315
 31
0
  0
LINE
  5
392
330
22
100
AcDbEntity
  8
B.Cu
  6
CONTINUOUS
100
AcDbLine
 10
6.2330708661417322
 20
-3.7578740157480315
 30
0
 11
6.2332628346456689
 21
-3.7549448818897635
 31
0
  0
LINE
  5
393
330
22
100
AcDbEntity
  8
B.Cu
  6
CONTINUOUS
100
AcDbLine
 10
6.2332628346456689
 20
-3.7549448818897635
 30
0
 11
6.2347790944881885
 21
-3.7492862204724409
 31
0
  0
LINE
  5
394
330
22
100
AcDbEntity
  8
B.Cu
  6
CONTINUOUS
100
AcDbLine
 10
6.2347790944881885
 20
-3.7492862204724409
 30
0
 11
6.2377082283464569
 21
-3.7442128346456691
 31
0
  0
LINE
  5
395
330
22
100
AcDbEntity
  8
B.Cu
  6
CONTINUOUS
100
AcDbLine
 10
6.2377082283464569
 20
-3.7442128346456691
 30
0
 11
6.2418506299212595
 21
-3.7400704330708661
 31
0
  0
LINE
  5
396
330
22
100
AcDbEntity
  8
B.Cu
  6
CONTINUOUS
100
AcDbLine
 10
6.2418506299212595
 20
-3.7400704330708661
 30
0
 11
6.2437007874015746
 21
-3.7390022047244096
 31
0
  0
LINE
  5
397
330
22
100
AcDbEntity
  8
B.Cu
  6
CONTINUOUS
100
AcDbLine
 10
6.2437007874015746
 20
-3.7390022047244096
 30
0
 11
6.2437007874015746
 21
-3.6127567716535434
 31
0
  0
LINE
  5
398
330
22
100
AcDbEntity
  8
B.Cu
  6
CONTINUOUS
100
AcDbLine
 10
6.2437007874015746
 20
-3.6127567716535434
 30
0
 11
6.1136955905511812
 21
-3.4827515748031495
 31
0
  0
LINE
  5
399
330
22
100
AcDbEntity
  8
B.Cu
  6
CONTINUOUS
100
AcDbLine
 10
6.1136955905511812
 20
-3.4827515748031495
 30
0
 11
6.1126769291338583
 21
-3.4815899999999997
 31
0
  0
LINE
  5
39A
330
22
100
AcDbEntity
  8
B.Cu
  6
CONTINUOUS
100
AcDbLine
 10
6.1126769291338583
 20
-3.4815899999999997
 30
0
 11
6.1111352755905513
 21
-3.4789198031496062
 31
0
  0
LINE
  5
39B
330
22
100
AcDbEntity
  8
B.Cu
  6
CONTINUOUS
100
AcDbLine
 10
6.1111352755905513
 20
-3.4789198031496062
 30
0
 11
6.1103372834645668
 21
-3.4759415748031497
 31
0
  0
LINE
  5
39C
330
22
100
AcDbEntity
  8
B.Cu
  6
CONTINUOUS
100
AcDbLine
 10
6.1103372834645668
 20
-3.4759415748031497
 30
0
 11
6.1102362204724407
 21
-3.4743999212598426
 31
0
  0
LINE
  5
39D
330
22
100
AcDbEntity
  8
B.Cu
  6
CONTINUOUS
100
AcDbLine
 10
6.1102362204724407
 20
-3.4743999212598426
 30
0
 11
6.1102362204724407
 21
-3.0757584251968502
 31
0
  0
LINE
  5
39E
330
22
100
AcDbEntity
  8
B.Cu
  6
CONTINUOUS
100
AcDbLine
 10
6.1102362204724407
 20
-3.0757584251968502
 30
0
 11
6.0569853937007876
 21
-3.0225075984251966
 31
0
  0
LINE
  5
39F
330
22
100
AcDbEntity
  8
B.Cu
  6
CONTINUOUS
100
AcDbLine
 10
6.0569853937007876
 20
-3.0225075984251966
 30
0
 11
6.0530213385826768
 21
-3.0241495669291338
 31
0
  0
LINE
  5
3A0
330
22
100
AcDbEntity
  8
B.Cu
  6
CONTINUOUS
100
AcDbLine
 10
6.0530213385826768
 20
-3.0241495669291338
 30
0
 11
6.0465872047244096
 21
-3.0254294094488188
 31
0
  0
LINE
  5
3A1
330
22
100
AcDbEntity
  8
B.Cu
  6
CONTINUOUS
100
AcDbLine
 10
6.0465872047244096
 20
-3.0254294094488188
 30
0
 11
6.0400269685039367
 21
-3.0254294094488188
 31
0
  0
LINE
  5
3A2
330
22
100
AcDbEntity
  8
B.Cu
  6
CONTINUOUS
100
AcDbLine
 10
6.0400269685039367
 20
-3.0254294094488188
 30
0
 11
6.0335928346456695
 21
-3.0241495669291338
 31
0
  0
LINE
  5
3A3
330
22
100
AcDbEntity
  8
B.Cu
  6
CONTINUOUS
100
AcDbLine
 10
6.0335928346456695
 20
-3.0241495669291338
 30
0
 11
6.027532007874016
 21
-3.0216390944881888
 31
0
  0
LINE
  5
3A4
330
22
100
AcDbEntity
  8
B.Cu
  6
CONTINUOUS
100
AcDbLine
 10
6.027532007874016
 20
-3.0216390944881888
 30
0
 11
6.0220774015748031
 21
-3.0179944488188974
 31
0
  0
LINE
  5
3A5
330
22
100
AcDbEntity
  8
B.Cu
  6
CONTINUOUS
100
AcDbLine
 10
6.0220774015748031
 20
-3.0179944488188974
 30
0
 11
6.0174386220472442
 21
-3.0133556692913386
 31
0
  0
LINE
  5
3A6
330
22
100
AcDbEntity
  8
B.Cu
  6
CONTINUOUS
100
AcDbLine
 10
6.0174386220472442
 20
-3.0133556692913386
 30
0
 11
6.0137939763779524
 21
-3.0079010629921261
 31
0
  0
LINE
  5
3A7
330
22
100
AcDbEntity
  8
B.Cu
  6
CONTINUOUS
100
AcDbLine
 10
6.0137939763779524
 20
-3.0079010629921261
 30
0
 11
6.0112835039370074
 21
-3.0018402362204726
 31
0
  0
LINE
  5
3A8
330
22
100
AcDbEntity
  8
B.Cu
  6
CONTINUOUS
100
AcDbLine
 10
6.0112835039370074
 20
-3.0018402362204726
 30
0
 11
6.0100036614173229
 21
-2.9954061023622045
 31
0
  0
LINE
  5
3A9
330
22
100
AcDbEntity
  8
B.Cu
  6
CONTINUOUS
100
AcDbLine
 10
6.0100036614173229
 20
-2.9954061023622045
 30
0
 11
6.0100036614173229
 21
-2.9888458661417321
 31
0
  0
LINE
  5
3AA
330
22
100
AcDbEntity
  8
B.Cu
  6
CONTINUOUS
100
AcDbLine
 10
6.0100036614173229
 20
-2.9888458661417321
 30
0
 11
6.0112835039370074
 21
-2.9824117322834645
 31
0
  0
LINE
  5
3AB
330
22
100
AcDbEntity
  8
B.Cu
  6
CONTINUOUS
100
AcDbLine
 10
6.0112835039370074
 20
-2.9824117322834645
 30
0
 11
6.0137939763779524
 21
-2.9763509055118109
 31
0
  0
LINE
  5
3AC
330
22
100
AcDbEntity
  8
B.Cu
  6
CONTINUOUS
100
AcDbLine
 10
6.0137939763779524
 20
-2.9763509055118109
 30
0
 11
6.0174386220472442
 21
-2.9708962992125985
 31
0
  0
LINE
  5
3AD
330
22
100
AcDbEntity
  8
B.Cu
  6
CONTINUOUS
100
AcDbLine
 10
6.0174386220472442
 20
-2.9708962992125985
 30
0
 11
6.0220774015748031
 21
-2.9662575196850391
 31
0
  0
LINE
  5
3AE
330
22
100
AcDbEntity
  8
B.Cu
  6
CONTINUOUS
100
AcDbLine
 10
6.0220774015748031
 20
-2.9662575196850391
 30
0
 11
6.027532007874016
 21
-2.9626128740157478
 31
0
  0
LINE
  5
3AF
330
22
100
AcDbEntity
  8
B.Cu
  6
CONTINUOUS
100
AcDbLine
 10
6.027532007874016
 20
-2.9626128740157478
 30
0
 11
6.0335928346456695
 21
-2.9601024015748032
 31
0
  0
LINE
  5
3B0
330
22
100
AcDbEntity
  8
B.Cu
  6
CONTINUOUS
100
AcDbLine
 10
6.0335928346456695
 20
-2.9601024015748032
 30
0
 11
6.0400269685039367
 21
-2.9588225590551183
 31
0
  0
LINE
  5
3B1
330
22
100
AcDbEntity
  8
B.Cu
  6
CONTINUOUS
100
AcDbLine
 10
6.0400269685039367
 20
-2.9588225590551183
 30
0
 11
6.0465872047244096
 21
-2.9588225590551183
 31
0
  0
LINE
  5
3B2
330
22
100
AcDbEntity
  8
B.Cu
  6
CONTINUOUS
100
AcDbLine
 10
6.0465872047244096
 20
-2.9588225590551183
 30
0
 11
6.0530213385826768
 21
-2.9601024015748032
 31
0
  0
LINE
  5
3B3
330
22
100
AcDbEntity
  8
B.Cu
  6
CONTINUOUS
100
AcDbLine
 10
5.8640996062992121
 20
-3.7540704330708659
 30
0
 11
5.8691729921259839
 21
-3.7569995669291338
 31
0
  0
LINE
  5
3B4
330
22
100
AcDbEntity
  8
B.Cu
  6
CONTINUOUS
100
AcDbLine
 10
5.8691729921259839
 20
-3.7569995669291338
 30
0
 11
5.8733153937007874
 21
-3.7611419685039369
 31
0
  0
LINE
  5
3B5
330
22
100
AcDbEntity
  8
B.Cu
  6
CONTINUOUS
100
AcDbLine
 10
5.8733153937007874
 20
-3.7611419685039369
 30
0
 11
5.8762445275590549
 21
-3.7662153543307086
 31
0
  0
LINE
  5
3B6
330
22
100
AcDbEntity
  8
B.Cu
  6
CONTINUOUS
100
AcDbLine
 10
5.8762445275590549
 20
-3.7662153543307086
 30
0
 11
5.8777607874015745
 21
-3.7718740157480313
 31
0
  0
LINE
  5
3B7
330
22
100
AcDbEntity
  8
B.Cu
  6
CONTINUOUS
100
AcDbLine
 10
5.8777607874015745
 20
-3.7718740157480313
 30
0
 11
5.8777607874015745
 21
-3.7777322834645668
 31
0
  0
LINE
  5
3B8
330
22
100
AcDbEntity
  8
B.Cu
  6
CONTINUOUS
100
AcDbLine
 10
5.8777607874015745
 20
-3.7777322834645668
 30
0
 11
5.8762445275590549
 21
-3.7833909448818899
 31
0
  0
LINE
  5
3B9
330
22
100
AcDbEntity
  8
B.Cu
  6
CONTINUOUS
100
AcDbLine
 10
5.8762445275590549
 20
-3.7833909448818899
 30
0
 11
5.8733153937007874
 21
-3.7884643307086612
 31
0
  0
LINE
  5
3BA
330
22
100
AcDbEntity
  8
B.Cu
  6
CONTINUOUS
100
AcDbLine
 10
5.8733153937007874
 20
-3.7884643307086612
 30
0
 11
5.8691729921259839
 21
-3.7926067322834647
 31
0
  0
LINE
  5
3BB
330
22
100
AcDbEntity
  8
B.Cu
  6
CONTINUOUS
100
AcDbLine
 10
5.8691729921259839
 20
-3.7926067322834647
 30
0
 11
5.8640996062992121
 21
-3.7955358661417322
 31
0
  0
LINE
  5
3BC
330
22
100
AcDbEntity
  8
B.Cu
  6
CONTINUOUS
100
AcDbLine
 10
5.8640996062992121
 20
-3.7955358661417322
 30
0
 11
5.8584409448818899
 21
-3.7970521259842518
 31
0
  0
LINE
  5
3BD
330
22
100
AcDbEntity
  8
B.Cu
  6
CONTINUOUS
100
AcDbLine
 10
5.8584409448818899
 20
-3.7970521259842518
 30
0
 11
5.852582677165354
 21
-3.7970521259842518
 31
0
  0
LINE
  5
3BE
330
22
100
AcDbEntity
  8
B.Cu
  6
CONTINUOUS
100
AcDbLine
 10
5.852582677165354
 20
-3.7970521259842518
 30
0
 11
5.8469240157480318
 21
-3.7955358661417322
 31
0
  0
LINE
  5
3BF
330
22
100
AcDbEntity
  8
B.Cu
  6
CONTINUOUS
100
AcDbLine
 10
5.8469240157480318
 20
-3.7955358661417322
 30
0
 11
5.84185062992126
 21
-3.7926067322834647
 31
0
  0
LINE
  5
3C0
330
22
100
AcDbEntity
  8
B.Cu
  6
CONTINUOUS
100
AcDbLine
 10
5.84185062992126
 20
-3.7926067322834647
 30
0
 11
5.8377082283464565
 21
-3.7884643307086612
 31
0
  0
LINE
  5
3C1
330
22
100
AcDbEntity
  8
B.Cu
  6
CONTINUOUS
100
AcDbLine
 10
5.8377082283464565
 20
-3.7884643307086612
 30
0
 11
5.834779094488189
 21
-3.7833909448818899
 31
0
  0
LINE
  5
3C2
330
22
100
AcDbEntity
  8
B.Cu
  6
CONTINUOUS
100
AcDbLine
 10
5.834779094488189
 20
-3.7833909448818899
 30
0
 11
5.8332628346456694
 21
-3.7777322834645668
 31
0
  0
LINE
  5
3C3
330
22
100
AcDbEntity
  8
B.Cu
  6
CONTINUOUS
100
AcDbLine
 10
5.8332628346456694
 20
-3.7777322834645668
 30
0
 11
5.8332628346456694
 21
-3.7718740157480313
 31
0
  0
LINE
  5
3C4
330
22
100
AcDbEntity
  8
B.Cu
  6
CONTINUOUS
100
AcDbLine
 10
5.8332628346456694
 20
-3.7718740157480313
 30
0
 11
5.834779094488189
 21
-3.7662153543307086
 31
0
  0
LINE
  5
3C5
330
22
100
AcDbEntity
  8
B.Cu
  6
CONTINUOUS
100
AcDbLine
 10
5.834779094488189
 20
-3.7662153543307086
 30
0
 11
5.8377082283464565
 21
-3.7611419685039369
 31
0
  0
LINE
  5
3C6
330
22
100
AcDbEntity
  8
B.Cu
  6
CONTINUOUS
100
AcDbLine
 10
5.8377082283464565
 20
-3.7611419685039369
 30
0
 11
5.84185062992126
 21
-3.7569995669291338
 31
0
  0
LINE
  5
3C7
330
22
100
AcDbEntity
  8
B.Cu
  6
CONTINUOUS
100
AcDbLine
 10
5.84185062992126
 20
-3.7569995669291338
 30
0
 11
5.8469240157480318
 21
-3.7540704330708659
 31
0
  0
LINE
  5
3C8
330
22
100
AcDbEntity
  8
B.Cu
  6
CONTINUOUS
100
AcDbLine
 10
5.8469240157480318
 20
-3.7540704330708659
 30
0
 11
5.852582677165354
 21
-3.7525541732283463
 31
0
  0
LINE
  5
3C9
330
22
100
AcDbEntity
  8
B.Cu
  6
CONTINUOUS
100
AcDbLine
 10
5.852582677165354
 20
-3.7525541732283463
 30
0
 11
5.8584409448818899
 21
-3.7525541732283463
 31
0
  0
LINE
  5
3CA
330
22
100
AcDbEntity
  8
B.Cu
  6
CONTINUOUS
100
AcDbLine
 10
5.8584409448818899
 20
-3.7525541732283463
 30
0
 11
5.8640996062992121
 21
-3.7540704330708659
 31
0
  0
LINE
  5
3CB
330
22
100
AcDbEntity
  8
B.Cu
  6
CONTINUOUS
100
AcDbLine
 10
5.9640996062992127
 20
-3.7540704330708659
 30
0
 11
5.9691729921259844
 21
-3.7569995669291338
 31
0
  0
LINE
  5
3CC
330
22
100
AcDbEntity
  8
B.Cu
  6
CONTINUOUS
100
AcDbLine
 10
5.9691729921259844
 20
-3.7569995669291338
 30
0
 11
5.973315393700787
 21
-3.7611419685039369
 31
0
  0
LINE
  5
3CD
330
22
100
AcDbEntity
  8
B.Cu
  6
CONTINUOUS
100
AcDbLine
 10
5.973315393700787
 20
-3.7611419685039369
 30
0
 11
5.9762445275590546
 21
-3.7662153543307086
 31
0
  0
LINE
  5
3CE
330
22
100
AcDbEntity
  8
B.Cu
  6
CONTINUOUS
100
AcDbLine
 10
5.9762445275590546
 20
-3.7662153543307086
 30
0
 11
5.977760787401575
 21
-3.7718740157480313
 31
0
  0
LINE
  5
3CF
330
22
100
AcDbEntity
  8
B.Cu
  6
CONTINUOUS
100
AcDbLine
 10
5.977760787401575
 20
-3.7718740157480313
 30
0
 11
5.977760787401575
 21
-3.7777322834645668
 31
0
  0
LINE
  5
3D0
330
22
100
AcDbEntity
  8
B.Cu
  6
CONTINUOUS
100
AcDbLine
 10
5.977760787401575
 20
-3.7777322834645668
 30
0
 11
5.9762445275590546
 21
-3.7833909448818899
 31
0
  0
LINE
  5
3D1
330
22
100
AcDbEntity
  8
B.Cu
  6
CONTINUOUS
100
AcDbLine
 10
5.9762445275590546
 20
-3.7833909448818899
 30
0
 11
5.973315393700787
 21
-3.7884643307086612
 31
0
  0
LINE
  5
3D2
330
22
100
AcDbEntity
  8
B.Cu
  6
CONTINUOUS
100
AcDbLine
 10
5.973315393700787
 20
-3.7884643307086612
 30
0
 11
5.9691729921259844
 21
-3.7926067322834647
 31
0
  0
LINE
  5
3D3
330
22
100
AcDbEntity
  8
B.Cu
  6
CONTINUOUS
100
AcDbLine
 10
5.9691729921259844
 20
-3.7926067322834647
 30
0
 11
5.9640996062992127
 21
-3.7955358661417322
 31
0
  0
LINE
  5
3D4
330
22
100
AcDbEntity
  8
B.Cu
  6
CONTINUOUS
100
AcDbLine
 10
5.9640996062992127
 20
-3.7955358661417322
 30
0
 11
5.9584409448818896
 21
-3.7970521259842518
 31
0
  0
LINE
  5
3D5
330
22
100
AcDbEntity
  8
B.Cu
  6
CONTINUOUS
100
AcDbLine
 10
5.9584409448818896
 20
-3.7970521259842518
 30
0
 11
5.9525826771653545
 21
-3.7970521259842518
 31
0
  0
LINE
  5
3D6
330
22
100
AcDbEntity
  8
B.Cu
  6
CONTINUOUS
100
AcDbLine
 10
5.9525826771653545
 20
-3.7970521259842518
 30
0
 11
5.9469240157480314
 21
-3.7955358661417322
 31
0
  0
LINE
  5
3D7
330
22
100
AcDbEntity
  8
B.Cu
  6
CONTINUOUS
100
AcDbLine
 10
5.9469240157480314
 20
-3.7955358661417322
 30
0
 11
5.9418506299212597
 21
-3.7926067322834647
 31
0
  0
LINE
  5
3D8
330
22
100
AcDbEntity
  8
B.Cu
  6
CONTINUOUS
100
AcDbLine
 10
5.9418506299212597
 20
-3.7926067322834647
 30
0
 11
5.9377082283464562
 21
-3.7884643307086612
 31
0
  0
LINE
  5
3D9
330
22
100
AcDbEntity
  8
B.Cu
  6
CONTINUOUS
100
AcDbLine
 10
5.9377082283464562
 20
-3.7884643307086612
 30
0
 11
5.9347790944881886
 21
-3.7833909448818899
 31
0
  0
LINE
  5
3DA
330
22
100
AcDbEntity
  8
B.Cu
  6
CONTINUOUS
100
AcDbLine
 10
5.9347790944881886
 20
-3.7833909448818899
 30
0
 11
5.9332628346456691
 21
-3.7777322834645668
 31
0
  0
LINE
  5
3DB
330
22
100
AcDbEntity
  8
B.Cu
  6
CONTINUOUS
100
AcDbLine
 10
5.9332628346456691
 20
-3.7777322834645668
 30
0
 11
5.9332628346456691
 21
-3.7718740157480313
 31
0
  0
LINE
  5
3DC
330
22
100
AcDbEntity
  8
B.Cu
  6
CONTINUOUS
100
AcDbLine
 10
5.9332628346456691
 20
-3.7718740157480313
 30
0
 11
5.9347790944881886
 21
-3.7662153543307086
 31
0
  0
LINE
  5
3DD
330
22
100
AcDbEntity
  8
B.Cu
  6
CONTINUOUS
100
AcDbLine
 10
5.9347790944881886
 20
-3.7662153543307086
 30
0
 11
5.9377082283464562
 21
-3.7611419685039369
 31
0
  0
LINE
  5
3DE
330
22
100
AcDbEntity
  8
B.Cu
  6
CONTINUOUS
100
AcDbLine
 10
5.9377082283464562
 20
-3.7611419685039369
 30
0
 11
5.9418506299212597
 21
-3.7569995669291338
 31
0
  0
LINE
  5
3DF
330
22
100
AcDbEntity
  8
B.Cu
  6
CONTINUOUS
100
AcDbLine
 10
5.9418506299212597
 20
-3.7569995669291338
 30
0
 11
5.9469240157480314
 21
-3.7540704330708659
 31
0
  0
LINE
  5
3E0
330
22
100
AcDbEntity
  8
B.Cu
  6
CONTINUOUS
100
AcDbLine
 10
5.9469240157480314
 20
-3.7540704330708659
 30
0
 11
5.9525826771653545
 21
-3.7525541732283463
 31
0
  0
LINE
  5
3E1
330
22
100
AcDbEntity
  8
B.Cu
  6
CONTINUOUS
100
AcDbLine
 10
5.9525826771653545
 20
-3.7525541732283463
 30
0
 11
5.9584409448818896
 21
-3.7525541732283463
 31
0
  0
LINE
  5
3E2
330
22
100
AcDbEntity
  8
B.Cu
  6
CONTINUOUS
100
AcDbLine
 10
5.9584409448818896
 20
-3.7525541732283463
 30
0
 11
5.9640996062992127
 21
-3.7540704330708659
 31
0
  0
LINE
  5
3E3
330
22
100
AcDbEntity
  8
B.Cu
  6
CONTINUOUS
100
AcDbLine
 10
5.393700787401575
 20
-4.7440944881889759
 30
0
 11
5.3661417322834648
 21
-4.7440944881889759
 31
0
  0
LINE
  5
3E4
330
22
100
AcDbEntity
  8
B.Cu
  6
CONTINUOUS
100
AcDbLine
 10
5.3661417322834648
 20
-4.7440944881889759
 30
0
 11
5.3661417322834648
 21
-4.778572283464567
 31
0
  0
LINE
  5
3E5
330
22
100
AcDbEntity
  8
B.Cu
  6
CONTINUOUS
100
AcDbLine
 10
5.3661417322834648
 20
-4.778572283464567
 30
0
 11
5.3985930708661414
 21
-4.8110236220472435
 31
0
  0
LINE
  5
3E6
330
22
100
AcDbEntity
  8
B.Cu
  6
CONTINUOUS
100
AcDbLine
 10
5.3985930708661414
 20
-4.8110236220472435
 30
0
 11
5.5856588976377948
 21
-4.8110236220472435
 31
0
  0
LINE
  5
3E7
330
22
100
AcDbEntity
  8
B.Cu
  6
CONTINUOUS
100
AcDbLine
 10
5.5856588976377948
 20
-4.8110236220472435
 30
0
 11
5.6181102362204722
 21
-4.778572283464567
 31
0
  0
LINE
  5
3E8
330
22
100
AcDbEntity
  8
B.Cu
  6
CONTINUOUS
100
AcDbLine
 10
5.6181102362204722
 20
-4.778572283464567
 30
0
 11
5.6181102362204722
 21
-4.7358794488188973
 31
0
  0
LINE
  5
3E9
330
22
100
AcDbEntity
  8
B.Cu
  6
CONTINUOUS
100
AcDbLine
 10
5.6181102362204722
 20
-4.7358794488188973
 30
0
 11
5.6141461811023623
 21
-4.7342375196850393
 31
0
  0
LINE
  5
3EA
330
22
100
AcDbEntity
  8
B.Cu
  6
CONTINUOUS
100
AcDbLine
 10
5.6141461811023623
 20
-4.7342375196850393
 30
0
 11
5.6086915748031494
 21
-4.7305928740157484
 31
0
  0
LINE
  5
3EB
330
22
100
AcDbEntity
  8
B.Cu
  6
CONTINUOUS
100
AcDbLine
 10
5.6086915748031494
 20
-4.7305928740157484
 30
0
 11
5.6040527952755905
 21
-4.7259540944881886
 31
0
  0
LINE
  5
3EC
330
22
100
AcDbEntity
  8
B.Cu
  6
CONTINUOUS
100
AcDbLine
 10
5.6040527952755905
 20
-4.7259540944881886
 30
0
 11
5.6004081496062987
 21
-4.7204994881889766
 31
0
  0
LINE
  5
3ED
330
22
100
AcDbEntity
  8
B.Cu
  6
CONTINUOUS
100
AcDbLine
 10
5.6004081496062987
 20
-4.7204994881889766
 30
0
 11
5.5978976771653546
 21
-4.714438661417323
 31
0
  0
LINE
  5
3EE
330
22
100
AcDbEntity
  8
B.Cu
  6
CONTINUOUS
100
AcDbLine
 10
5.5978976771653546
 20
-4.714438661417323
 30
0
 11
5.5966178346456692
 21
-4.708004527559055
 31
0
  0
LINE
  5
3EF
330
22
100
AcDbEntity
  8
B.Cu
  6
CONTINUOUS
100
AcDbLine
 10
5.5966178346456692
 20
-4.708004527559055
 30
0
 11
5.5966178346456692
 21
-4.701444291338583
 31
0
  0
LINE
  5
3F0
330
22
100
AcDbEntity
  8
B.Cu
  6
CONTINUOUS
100
AcDbLine
 10
5.5966178346456692
 20
-4.701444291338583
 30
0
 11
5.5978976771653546
 21
-4.6950101574803149
 31
0
  0
LINE
  5
3F1
330
22
100
AcDbEntity
  8
B.Cu
  6
CONTINUOUS
100
AcDbLine
 10
5.5978976771653546
 20
-4.6950101574803149
 30
0
 11
5.6004081496062987
 21
-4.6889493307086614
 31
0
  0
LINE
  5
3F2
330
22
100
AcDbEntity
  8
B.Cu
  6
CONTINUOUS
100
AcDbLine
 10
5.6004081496062987
 20
-4.6889493307086614
 30
0
 11
5.6040527952755905
 21
-4.6834947244094485
 31
0
  0
LINE
  5
3F3
330
22
100
AcDbEntity
  8
B.Cu
  6
CONTINUOUS
100
AcDbLine
 10
5.6040527952755905
 20
-4.6834947244094485
 30
0
 11
5.6086915748031494
 21
-4.6788559448818896
 31
0
  0
LINE
  5
3F4
330
22
100
AcDbEntity
  8
B.Cu
  6
CONTINUOUS
100
AcDbLine
 10
5.6086915748031494
 20
-4.6788559448818896
 30
0
 11
5.6141461811023623
 21
-4.6752112992125987
 31
0
  0
LINE
  5
3F5
330
22
100
AcDbEntity
  8
B.Cu
  6
CONTINUOUS
100
AcDbLine
 10
5.6141461811023623
 20
-4.6752112992125987
 30
0
 11
5.6202070078740158
 21
-4.6727008267716537
 31
0
  0
LINE
  5
3F6
330
22
100
AcDbEntity
  8
B.Cu
  6
CONTINUOUS
100
AcDbLine
 10
5.6202070078740158
 20
-4.6727008267716537
 30
0
 11
5.626641141732283
 21
-4.6714209842519683
 31
0
  0
LINE
  5
3F7
330
22
100
AcDbEntity
  8
B.Cu
  6
CONTINUOUS
100
AcDbLine
 10
5.626641141732283
 20
-4.6714209842519683
 30
0
 11
5.6332013779527559
 21
-4.6714209842519683
 31
0
  0
LINE
  5
3F8
330
22
100
AcDbEntity
  8
B.Cu
  6
CONTINUOUS
100
AcDbLine
 10
5.6332013779527559
 20
-4.6714209842519683
 30
0
 11
5.6396355118110231
 21
-4.6727008267716537
 31
0
  0
LINE
  5
3F9
330
22
100
AcDbEntity
  8
B.Cu
  6
CONTINUOUS
100
AcDbLine
 10
5.6396355118110231
 20
-4.6727008267716537
 30
0
 11
5.6456963385826766
 21
-4.6752112992125987
 31
0
  0
LINE
  5
3FA
330
22
100
AcDbEntity
  8
B.Cu
  6
CONTINUOUS
100
AcDbLine
 10
5.6456963385826766
 20
-4.6752112992125987
 30
0
 11
5.6511509448818895
 21
-4.6788559448818896
 31
0
  0
LINE
  5
3FB
330
22
100
AcDbEntity
  8
B.Cu
  6
CONTINUOUS
100
AcDbLine
 10
5.6511509448818895
 20
-4.6788559448818896
 30
0
 11
5.6557897244094484
 21
-4.6834947244094485
 31
0
  0
LINE
  5
3FC
330
22
100
AcDbEntity
  8
B.Cu
  6
CONTINUOUS
100
AcDbLine
 10
5.6557897244094484
 20
-4.6834947244094485
 30
0
 11
5.6594343700787402
 21
-4.6889493307086614
 31
0
  0
LINE
  5
3FD
330
22
100
AcDbEntity
  8
B.Cu
  6
CONTINUOUS
100
AcDbLine
 10
5.6594343700787402
 20
-4.6889493307086614
 30
0
 11
5.6619448425196852
 21
-4.6950101574803149
 31
0
  0
LINE
  5
3FE
330
22
100
AcDbEntity
  8
B.Cu
  6
CONTINUOUS
100
AcDbLine
 10
5.6619448425196852
 20
-4.6950101574803149
 30
0
 11
5.6632246850393697
 21
-4.701444291338583
 31
0
  0
LINE
  5
3FF
330
22
100
AcDbEntity
  8
B.Cu
  6
CONTINUOUS
100
AcDbLine
 10
5.6632246850393697
 20
-4.701444291338583
 30
0
 11
5.6632246850393697
 21
-4.708004527559055
 31
0
  0
LINE
  5
400
330
22
100
AcDbEntity
  8
B.Cu
  6
CONTINUOUS
100
AcDbLine
 10
5.6632246850393697
 20
-4.708004527559055
 30
0
 11
5.6619448425196852
 21
-4.714438661417323
 31
0
  0
LINE
  5
401
330
22
100
AcDbEntity
  8
B.Cu
  6
CONTINUOUS
100
AcDbLine
 10
5.6619448425196852
 20
-4.714438661417323
 30
0
 11
5.6594343700787402
 21
-4.7204994881889766
 31
0
  0
LINE
  5
402
330
22
100
AcDbEntity
  8
B.Cu
  6
CONTINUOUS
100
AcDbLine
 10
5.6594343700787402
 20
-4.7204994881889766
 30
0
 11
5.6557897244094484
 21
-4.7259540944881886
 31
0
  0
LINE
  5
403
330
22
100
AcDbEntity
  8
B.Cu
  6
CONTINUOUS
100
AcDbLine
 10
5.6557897244094484
 20
-4.7259540944881886
 30
0
 11
5.6511509448818895
 21
-4.7305928740157484
 31
0
  0
LINE
  5
404
330
22
100
AcDbEntity
  8
B.Cu
  6
CONTINUOUS
100
AcDbLine
 10
5.6511509448818895
 20
-4.7305928740157484
 30
0
 11
5.6456963385826766
 21
-4.7342375196850393
 31
0
  0
LINE
  5
405
330
22
100
AcDbEntity
  8
B.Cu
  6
CONTINUOUS
100
AcDbLine
 10
5.6456963385826766
 20
-4.7342375196850393
 30
0
 11
5.6417322834645667
 21
-4.7358794488188973
 31
0
  0
LINE
  5
406
330
22
100
AcDbEntity
  8
B.Cu
  6
CONTINUOUS
100
AcDbLine
 10
5.6417322834645667
 20
-4.7358794488188973
 30
0
 11
5.6417322834645667
 21
-4.7834645669291334
 31
0
  0
LINE
  5
407
330
22
100
AcDbEntity
  8
B.Cu
  6
CONTINUOUS
100
AcDbLine
 10
5.6417322834645667
 20
-4.7834645669291334
 30
0
 11
5.6416312204724406
 21
-4.7850062204724404
 31
0
  0
LINE
  5
408
330
22
100
AcDbEntity
  8
B.Cu
  6
CONTINUOUS
100
AcDbLine
 10
5.6416312204724406
 20
-4.7850062204724404
 30
0
 11
5.6408332283464562
 21
-4.7879844488188974
 31
0
  0
LINE
  5
409
330
22
100
AcDbEntity
  8
B.Cu
  6
CONTINUOUS
100
AcDbLine
 10
5.6408332283464562
 20
-4.7879844488188974
 30
0
 11
5.6392915748031491
 21
-4.7906546456692913
 31
0
  0
LINE
  5
40A
330
22
100
AcDbEntity
  8
B.Cu
  6
CONTINUOUS
100
AcDbLine
 10
5.6392915748031491
 20
-4.7906546456692913
 30
0
 11
5.6382729133858263
 21
-4.791816220472441
 31
0
  0
LINE
  5
40B
330
22
100
AcDbEntity
  8
B.Cu
  6
CONTINUOUS
100
AcDbLine
 10
5.6382729133858263
 20
-4.791816220472441
 30
0
 11
5.5989028346456688
 21
-4.8311862992125985
 31
0
  0
LINE
  5
40C
330
22
100
AcDbEntity
  8
B.Cu
  6
CONTINUOUS
100
AcDbLine
 10
5.5989028346456688
 20
-4.8311862992125985
 30
0
 11
5.5977412598425191
 21
-4.8322049606299213
 31
0
  0
LINE
  5
40D
330
22
100
AcDbEntity
  8
B.Cu
  6
CONTINUOUS
100
AcDbLine
 10
5.5977412598425191
 20
-4.8322049606299213
 30
0
 11
5.5950710629921261
 21
-4.8337466141732284
 31
0
  0
LINE
  5
40E
330
22
100
AcDbEntity
  8
B.Cu
  6
CONTINUOUS
100
AcDbLine
 10
5.5950710629921261
 20
-4.8337466141732284
 30
0
 11
5.5920928346456691
 21
-4.8345446062992128
 31
0
  0
LINE
  5
40F
330
22
100
AcDbEntity
  8
B.Cu
  6
CONTINUOUS
100
AcDbLine
 10
5.5920928346456691
 20
-4.8345446062992128
 30
0
 11
5.590551181102362
 21
-4.8346456692913389
 31
0
  0
LINE
  5
410
330
22
100
AcDbEntity
  8
B.Cu
  6
CONTINUOUS
100
AcDbLine
 10
5.590551181102362
 20
-4.8346456692913389
 30
0
 11
5.393700787401575
 21
-4.8346456692913389
 31
0
  0
LINE
  5
411
330
22
100
AcDbEntity
  8
B.Cu
  6
CONTINUOUS
100
AcDbLine
 10
5.393700787401575
 20
-4.8346456692913389
 30
0
 11
5.3921591338582679
 21
-4.8345446062992128
 31
0
  0
LINE
  5
412
330
22
100
AcDbEntity
  8
B.Cu
  6
CONTINUOUS
100
AcDbLine
 10
5.3921591338582679
 20
-4.8345446062992128
 30
0
 11
5.3891809055118109
 21
-4.8337466141732284
 31
0
  0
LINE
  5
413
330
22
100
AcDbEntity
  8
B.Cu
  6
CONTINUOUS
100
AcDbLine
 10
5.3891809055118109
 20
-4.8337466141732284
 30
0
 11
5.386510708661417
 21
-4.8322049606299213
 31
0
  0
LINE
  5
414
330
22
100
AcDbEntity
  8
B.Cu
  6
CONTINUOUS
100
AcDbLine
 10
5.386510708661417
 20
-4.8322049606299213
 30
0
 11
5.3853491338582673
 21
-4.8311862992125985
 31
0
  0
LINE
  5
415
330
22
100
AcDbEntity
  8
B.Cu
  6
CONTINUOUS
100
AcDbLine
 10
5.3853491338582673
 20
-4.8311862992125985
 30
0
 11
5.3459790551181099
 21
-4.791816220472441
 31
0
  0
LINE
  5
416
330
22
100
AcDbEntity
  8
B.Cu
  6
CONTINUOUS
100
AcDbLine
 10
5.3459790551181099
 20
-4.791816220472441
 30
0
 11
5.344960393700787
 21
-4.7906546456692913
 31
0
  0
LINE
  5
417
330
22
100
AcDbEntity
  8
B.Cu
  6
CONTINUOUS
100
AcDbLine
 10
5.344960393700787
 20
-4.7906546456692913
 30
0
 11
5.34341874015748
 21
-4.7879844488188974
 31
0
  0
LINE
  5
418
330
22
100
AcDbEntity
  8
B.Cu
  6
CONTINUOUS
100
AcDbLine
 10
5.34341874015748
 20
-4.7879844488188974
 30
0
 11
5.3426207480314956
 21
-4.7850062204724404
 31
0
  0
LINE
  5
419
330
22
100
AcDbEntity
  8
B.Cu
  6
CONTINUOUS
100
AcDbLine
 10
5.3426207480314956
 20
-4.7850062204724404
 30
0
 11
5.3425196850393704
 21
-4.7834645669291334
 31
0
  0
LINE
  5
41A
330
22
100
AcDbEntity
  8
B.Cu
  6
CONTINUOUS
100
AcDbLine
 10
5.3425196850393704
 20
-4.7834645669291334
 30
0
 11
5.3425196850393704
 21
-4.7440944881889759
 31
0
  0
LINE
  5
41B
330
22
100
AcDbEntity
  8
B.Cu
  6
CONTINUOUS
100
AcDbLine
 10
5.3425196850393704
 20
-4.7440944881889759
 30
0
 11
5.3149606299212593
 21
-4.7440944881889759
 31
0
  0
LINE
  5
41C
330
22
100
AcDbEntity
  8
B.Cu
  6
CONTINUOUS
100
AcDbLine
 10
5.3149606299212593
 20
-4.7440944881889759
 30
0
 11
5.3149606299212593
 21
-4.6653543307086611
 31
0
  0
LINE
  5
41D
330
22
100
AcDbEntity
  8
B.Cu
  6
CONTINUOUS
100
AcDbLine
 10
5.3149606299212593
 20
-4.6653543307086611
 30
0
 11
5.393700787401575
 21
-4.6653543307086611
 31
0
  0
LINE
  5
41E
330
22
100
AcDbEntity
  8
B.Cu
  6
CONTINUOUS
100
AcDbLine
 10
5.393700787401575
 20
-4.6653543307086611
 30
0
 11
5.393700787401575
 21
-4.7440944881889759
 31
0
  0
LINE
  5
41F
330
22
100
AcDbEntity
  8
B.Cu
  6
CONTINUOUS
100
AcDbLine
 10
5.9640996062992127
 20
-4.3371412992125986
 30
0
 11
5.9691729921259844
 21
-4.3400704330708662
 31
0
  0
LINE
  5
420
330
22
100
AcDbEntity
  8
B.Cu
  6
CONTINUOUS
100
AcDbLine
 10
5.9691729921259844
 20
-4.3400704330708662
 30
0
 11
5.973315393700787
 21
-4.3442128346456688
 31
0
  0
LINE
  5
421
330
22
100
AcDbEntity
  8
B.Cu
  6
CONTINUOUS
100
AcDbLine
 10
5.973315393700787
 20
-4.3442128346456688
 30
0
 11
5.9762445275590546
 21
-4.3492862204724405
 31
0
  0
LINE
  5
422
330
22
100
AcDbEntity
  8
B.Cu
  6
CONTINUOUS
100
AcDbLine
 10
5.9762445275590546
 20
-4.3492862204724405
 30
0
 11
5.977760787401575
 21
-4.3549448818897636
 31
0
  0
LINE
  5
423
330
22
100
AcDbEntity
  8
B.Cu
  6
CONTINUOUS
100
AcDbLine
 10
5.977760787401575
 20
-4.3549448818897636
 30
0
 11
5.9779527559055117
 21
-4.3578740157480311
 31
0
  0
LINE
  5
424
330
22
100
AcDbEntity
  8
B.Cu
  6
CONTINUOUS
100
AcDbLine
 10
5.9779527559055117
 20
-4.3578740157480311
 30
0
 11
5.9779527559055117
 21
-4.3917322834645667
 31
0
  0
LINE
  5
425
330
22
100
AcDbEntity
  8
B.Cu
  6
CONTINUOUS
100
AcDbLine
 10
5.9779527559055117
 20
-4.3917322834645667
 30
0
 11
5.977760787401575
 21
-4.3946614173228342
 31
0
  0
LINE
  5
426
330
22
100
AcDbEntity
  8
B.Cu
  6
CONTINUOUS
100
AcDbLine
 10
5.977760787401575
 20
-4.3946614173228342
 30
0
 11
5.9762445275590546
 21
-4.4003200787401573
 31
0
  0
LINE
  5
427
330
22
100
AcDbEntity
  8
B.Cu
  6
CONTINUOUS
100
AcDbLine
 10
5.9762445275590546
 20
-4.4003200787401573
 30
0
 11
5.973315393700787
 21
-4.405393464566929
 31
0
  0
LINE
  5
428
330
22
100
AcDbEntity
  8
B.Cu
  6
CONTINUOUS
100
AcDbLine
 10
5.973315393700787
 20
-4.405393464566929
 30
0
 11
5.9691729921259844
 21
-4.4095358661417325
 31
0
  0
LINE
  5
429
330
22
100
AcDbEntity
  8
B.Cu
  6
CONTINUOUS
100
AcDbLine
 10
5.9691729921259844
 20
-4.4095358661417325
 30
0
 11
5.9673228346456693
 21
-4.4106040551181103
 31
0
  0
LINE
  5
42A
330
22
100
AcDbEntity
  8
B.Cu
  6
CONTINUOUS
100
AcDbLine
 10
5.9673228346456693
 20
-4.4106040551181103
 30
0
 11
5.9673228346456693
 21
-4.7334645669291335
 31
0
  0
LINE
  5
42B
330
22
100
AcDbEntity
  8
B.Cu
  6
CONTINUOUS
100
AcDbLine
 10
5.9673228346456693
 20
-4.7334645669291335
 30
0
 11
5.9672217716535432
 21
-4.7350062204724406
 31
0
  0
LINE
  5
42C
330
22
100
AcDbEntity
  8
B.Cu
  6
CONTINUOUS
100
AcDbLine
 10
5.9672217716535432
 20
-4.7350062204724406
 30
0
 11
5.9664237795275588
 21
-4.7379844488188976
 31
0
  0
LINE
  5
42D
330
22
100
AcDbEntity
  8
B.Cu
  6
CONTINUOUS
100
AcDbLine
 10
5.9664237795275588
 20
-4.7379844488188976
 30
0
 11
5.9648821259842517
 21
-4.7406546456692915
 31
0
  0
LINE
  5
42E
330
22
100
AcDbEntity
  8
B.Cu
  6
CONTINUOUS
100
AcDbLine
 10
5.9648821259842517
 20
-4.7406546456692915
 30
0
 11
5.9638634645669288
 21
-4.7418162204724412
 31
0
  0
LINE
  5
42F
330
22
100
AcDbEntity
  8
B.Cu
  6
CONTINUOUS
100
AcDbLine
 10
5.9638634645669288
 20
-4.7418162204724412
 30
0
 11
5.8941784251968503
 21
-4.8115012598425198
 31
0
  0
LINE
  5
430
330
22
100
AcDbEntity
  8
B.Cu
  6
CONTINUOUS
100
AcDbLine
 10
5.8941784251968503
 20
-4.8115012598425198
 30
0
 11
5.8930168503937006
 21
-4.8125199212598426
 31
0
  0
LINE
  5
431
330
22
100
AcDbEntity
  8
B.Cu
  6
CONTINUOUS
100
AcDbLine
 10
5.8930168503937006
 20
-4.8125199212598426
 30
0
 11
5.8903466535433067
 21
-4.8140615748031497
 31
0
  0
LINE
  5
432
330
22
100
AcDbEntity
  8
B.Cu
  6
CONTINUOUS
100
AcDbLine
 10
5.8903466535433067
 20
-4.8140615748031497
 30
0
 11
5.8873684251968506
 21
-4.8148595669291341
 31
0
  0
LINE
  5
433
330
22
100
AcDbEntity
  8
B.Cu
  6
CONTINUOUS
100
AcDbLine
 10
5.8873684251968506
 20
-4.8148595669291341
 30
0
 11
5.8858267716535435
 21
-4.8149606299212602
 31
0
  0
LINE
  5
434
330
22
100
AcDbEntity
  8
B.Cu
  6
CONTINUOUS
100
AcDbLine
 10
5.8858267716535435
 20
-4.8149606299212602
 30
0
 11
5.7480314960629917
 21
-4.8149606299212602
 31
0
  0
LINE
  5
435
330
22
100
AcDbEntity
  8
B.Cu
  6
CONTINUOUS
100
AcDbLine
 10
5.7480314960629917
 20
-4.8149606299212602
 30
0
 11
5.7464898425196846
 21
-4.8148595669291341
 31
0
  0
LINE
  5
436
330
22
100
AcDbEntity
  8
B.Cu
  6
CONTINUOUS
100
AcDbLine
 10
5.7464898425196846
 20
-4.8148595669291341
 30
0
 11
5.7435116141732285
 21
-4.8140615748031497
 31
0
  0
LINE
  5
437
330
22
100
AcDbEntity
  8
B.Cu
  6
CONTINUOUS
100
AcDbLine
 10
5.7435116141732285
 20
-4.8140615748031497
 30
0
 11
5.7408414173228346
 21
-4.8125199212598426
 31
0
  0
LINE
  5
438
330
22
100
AcDbEntity
  8
B.Cu
  6
CONTINUOUS
100
AcDbLine
 10
5.7408414173228346
 20
-4.8125199212598426
 30
0
 11
5.7396798425196849
 21
-4.8115012598425198
 31
0
  0
LINE
  5
439
330
22
100
AcDbEntity
  8
B.Cu
  6
CONTINUOUS
100
AcDbLine
 10
5.7396798425196849
 20
-4.8115012598425198
 30
0
 11
5.7215696062992123
 21
-4.7933910236220472
 31
0
  0
LINE
  5
43A
330
22
100
AcDbEntity
  8
B.Cu
  6
CONTINUOUS
100
AcDbLine
 10
5.7215696062992123
 20
-4.7933910236220472
 30
0
 11
5.7205509448818894
 21
-4.7922294488188975
 31
0
  0
LINE
  5
43B
330
22
100
AcDbEntity
  8
B.Cu
  6
CONTINUOUS
100
AcDbLine
 10
5.7205509448818894
 20
-4.7922294488188975
 30
0
 11
5.7190092913385824
 21
-4.7895592519685035
 31
0
  0
LINE
  5
43C
330
22
100
AcDbEntity
  8
B.Cu
  6
CONTINUOUS
100
AcDbLine
 10
5.7190092913385824
 20
-4.7895592519685035
 30
0
 11
5.718211299212598
 21
-4.7865810236220474
 31
0
  0
LINE
  5
43D
330
22
100
AcDbEntity
  8
B.Cu
  6
CONTINUOUS
100
AcDbLine
 10
5.718211299212598
 20
-4.7865810236220474
 30
0
 11
5.7181102362204719
 21
-4.7850393700787404
 31
0
  0
LINE
  5
43E
330
22
100
AcDbEntity
  8
B.Cu
  6
CONTINUOUS
100
AcDbLine
 10
5.7181102362204719
 20
-4.7850393700787404
 30
0
 11
5.7181102362204719
 21
-4.7358794488188973
 31
0
  0
LINE
  5
43F
330
22
100
AcDbEntity
  8
B.Cu
  6
CONTINUOUS
100
AcDbLine
 10
5.7181102362204719
 20
-4.7358794488188973
 30
0
 11
5.7141461811023619
 21
-4.7342375196850393
 31
0
  0
LINE
  5
440
330
22
100
AcDbEntity
  8
B.Cu
  6
CONTINUOUS
100
AcDbLine
 10
5.7141461811023619
 20
-4.7342375196850393
 30
0
 11
5.708691574803149
 21
-4.7305928740157484
 31
0
  0
LINE
  5
441
330
22
100
AcDbEntity
  8
B.Cu
  6
CONTINUOUS
100
AcDbLine
 10
5.708691574803149
 20
-4.7305928740157484
 30
0
 11
5.7040527952755902
 21
-4.7259540944881886
 31
0
  0
LINE
  5
442
330
22
100
AcDbEntity
  8
B.Cu
  6
CONTINUOUS
100
AcDbLine
 10
5.7040527952755902
 20
-4.7259540944881886
 30
0
 11
5.7004081496062993
 21
-4.7204994881889766
 31
0
  0
LINE
  5
443
330
22
100
AcDbEntity
  8
B.Cu
  6
CONTINUOUS
100
AcDbLine
 10
5.7004081496062993
 20
-4.7204994881889766
 30
0
 11
5.6978976771653542
 21
-4.714438661417323
 31
0
  0
LINE
  5
444
330
22
100
AcDbEntity
  8
B.Cu
  6
CONTINUOUS
100
AcDbLine
 10
5.6978976771653542
 20
-4.714438661417323
 30
0
 11
5.6966178346456688
 21
-4.708004527559055
 31
0
  0
LINE
  5
445
330
22
100
AcDbEntity
  8
B.Cu
  6
CONTINUOUS
100
AcDbLine
 10
5.6966178346456688
 20
-4.708004527559055
 30
0
 11
5.6966178346456688
 21
-4.701444291338583
 31
0
  0
LINE
  5
446
330
22
100
AcDbEntity
  8
B.Cu
  6
CONTINUOUS
100
AcDbLine
 10
5.6966178346456688
 20
-4.701444291338583
 30
0
 11
5.6978976771653542
 21
-4.6950101574803149
 31
0
  0
LINE
  5
447
330
22
100
AcDbEntity
  8
B.Cu
  6
CONTINUOUS
100
AcDbLine
 10
5.6978976771653542
 20
-4.6950101574803149
 30
0
 11
5.7004081496062993
 21
-4.6889493307086614
 31
0
  0
LINE
  5
448
330
22
100
AcDbEntity
  8
B.Cu
  6
CONTINUOUS
100
AcDbLine
 10
5.7004081496062993
 20
-4.6889493307086614
 30
0
 11
5.7040527952755902
 21
-4.6834947244094485
 31
0
  0
LINE
  5
449
330
22
100
AcDbEntity
  8
B.Cu
  6
CONTINUOUS
100
AcDbLine
 10
5.7040527952755902
 20
-4.6834947244094485
 30
0
 11
5.708691574803149
 21
-4.6788559448818896
 31
0
  0
LINE
  5
44A
330
22
100
AcDbEntity
  8
B.Cu
  6
CONTINUOUS
100
AcDbLine
 10
5.708691574803149
 20
-4.6788559448818896
 30
0
 11
5.7141461811023619
 21
-4.6752112992125987
 31
0
  0
LINE
  5
44B
330
22
100
AcDbEntity
  8
B.Cu
  6
CONTINUOUS
100
AcDbLine
 10
5.7141461811023619
 20
-4.6752112992125987
 30
0
 11
5.7202070078740155
 21
-4.6727008267716537
 31
0
  0
LINE
  5
44C
330
22
100
AcDbEntity
  8
B.Cu
  6
CONTINUOUS
100
AcDbLine
 10
5.7202070078740155
 20
-4.6727008267716537
 30
0
 11
5.7266411417322836
 21
-4.6714209842519683
 31
0
  0
LINE
  5
44D
330
22
100
AcDbEntity
  8
B.Cu
  6
CONTINUOUS
100
AcDbLine
 10
5.7266411417322836
 20
-4.6714209842519683
 30
0
 11
5.7332013779527555
 21
-4.6714209842519683
 31
0
  0
LINE
  5
44E
330
22
100
AcDbEntity
  8
B.Cu
  6
CONTINUOUS
100
AcDbLine
 10
5.7332013779527555
 20
-4.6714209842519683
 30
0
 11
5.7396355118110236
 21
-4.6727008267716537
 31
0
  0
LINE
  5
44F
330
22
100
AcDbEntity
  8
B.Cu
  6
CONTINUOUS
100
AcDbLine
 10
5.7396355118110236
 20
-4.6727008267716537
 30
0
 11
5.7456963385826771
 21
-4.6752112992125987
 31
0
  0
LINE
  5
450
330
22
100
AcDbEntity
  8
B.Cu
  6
CONTINUOUS
100
AcDbLine
 10
5.7456963385826771
 20
-4.6752112992125987
 30
0
 11
5.75115094488189
 21
-4.6788559448818896
 31
0
  0
LINE
  5
451
330
22
100
AcDbEntity
  8
B.Cu
  6
CONTINUOUS
100
AcDbLine
 10
5.75115094488189
 20
-4.6788559448818896
 30
0
 11
5.7557897244094489
 21
-4.6834947244094485
 31
0
  0
LINE
  5
452
330
22
100
AcDbEntity
  8
B.Cu
  6
CONTINUOUS
100
AcDbLine
 10
5.7557897244094489
 20
-4.6834947244094485
 30
0
 11
5.7594343700787398
 21
-4.6889493307086614
 31
0
  0
LINE
  5
453
330
22
100
AcDbEntity
  8
B.Cu
  6
CONTINUOUS
100
AcDbLine
 10
5.7594343700787398
 20
-4.6889493307086614
 30
0
 11
5.7619448425196849
 21
-4.6950101574803149
 31
0
  0
LINE
  5
454
330
22
100
AcDbEntity
  8
B.Cu
  6
CONTINUOUS
100
AcDbLine
 10
5.7619448425196849
 20
-4.6950101574803149
 30
0
 11
5.7632246850393702
 21
-4.701444291338583
 31
0
  0
LINE
  5
455
330
22
100
AcDbEntity
  8
B.Cu
  6
CONTINUOUS
100
AcDbLine
 10
5.7632246850393702
 20
-4.701444291338583
 30
0
 11
5.7632246850393702
 21
-4.708004527559055
 31
0
  0
LINE
  5
456
330
22
100
AcDbEntity
  8
B.Cu
  6
CONTINUOUS
100
AcDbLine
 10
5.7632246850393702
 20
-4.708004527559055
 30
0
 11
5.7619448425196849
 21
-4.714438661417323
 31
0
  0
LINE
  5
457
330
22
100
AcDbEntity
  8
B.Cu
  6
CONTINUOUS
100
AcDbLine
 10
5.7619448425196849
 20
-4.714438661417323
 30
0
 11
5.7594343700787398
 21
-4.7204994881889766
 31
0
  0
LINE
  5
458
330
22
100
AcDbEntity
  8
B.Cu
  6
CONTINUOUS
100
AcDbLine
 10
5.7594343700787398
 20
-4.7204994881889766
 30
0
 11
5.7557897244094489
 21
-4.7259540944881886
 31
0
  0
LINE
  5
459
330
22
100
AcDbEntity
  8
B.Cu
  6
CONTINUOUS
100
AcDbLine
 10
5.7557897244094489
 20
-4.7259540944881886
 30
0
 11
5.75115094488189
 21
-4.7305928740157484
 31
0
  0
LINE
  5
45A
330
22
100
AcDbEntity
  8
B.Cu
  6
CONTINUOUS
100
AcDbLine
 10
5.75115094488189
 20
-4.7305928740157484
 30
0
 11
5.7456963385826771
 21
-4.7342375196850393
 31
0
  0
LINE
  5
45B
330
22
100
AcDbEntity
  8
B.Cu
  6
CONTINUOUS
100
AcDbLine
 10
5.7456963385826771
 20
-4.7342375196850393
 30
0
 11
5.7417322834645672
 21
-4.7358794488188973
 31
0
  0
LINE
  5
45C
330
22
100
AcDbEntity
  8
B.Cu
  6
CONTINUOUS
100
AcDbLine
 10
5.7417322834645672
 20
-4.7358794488188973
 30
0
 11
5.7417322834645672
 21
-4.7801470866141731
 31
0
  0
LINE
  5
45D
330
22
100
AcDbEntity
  8
B.Cu
  6
CONTINUOUS
100
AcDbLine
 10
5.7417322834645672
 20
-4.7801470866141731
 30
0
 11
5.752923779527559
 21
-4.7913385826771648
 31
0
  0
LINE
  5
45E
330
22
100
AcDbEntity
  8
B.Cu
  6
CONTINUOUS
100
AcDbLine
 10
5.752923779527559
 20
-4.7913385826771648
 30
0
 11
5.8809344881889762
 21
-4.7913385826771648
 31
0
  0
LINE
  5
45F
330
22
100
AcDbEntity
  8
B.Cu
  6
CONTINUOUS
100
AcDbLine
 10
5.8809344881889762
 20
-4.7913385826771648
 30
0
 11
5.9437007874015748
 21
-4.7285722834645671
 31
0
  0
LINE
  5
460
330
22
100
AcDbEntity
  8
B.Cu
  6
CONTINUOUS
100
AcDbLine
 10
5.9437007874015748
 20
-4.7285722834645671
 30
0
 11
5.9437007874015748
 21
-4.4106040551181103
 31
0
  0
LINE
  5
461
330
22
100
AcDbEntity
  8
B.Cu
  6
CONTINUOUS
100
AcDbLine
 10
5.9437007874015748
 20
-4.4106040551181103
 30
0
 11
5.9418506299212597
 21
-4.4095358661417325
 31
0
  0
LINE
  5
462
330
22
100
AcDbEntity
  8
B.Cu
  6
CONTINUOUS
100
AcDbLine
 10
5.9418506299212597
 20
-4.4095358661417325
 30
0
 11
5.9377082283464562
 21
-4.405393464566929
 31
0
  0
LINE
  5
463
330
22
100
AcDbEntity
  8
B.Cu
  6
CONTINUOUS
100
AcDbLine
 10
5.9377082283464562
 20
-4.405393464566929
 30
0
 11
5.9347790944881886
 21
-4.4003200787401573
 31
0
  0
LINE
  5
464
330
22
100
AcDbEntity
  8
B.Cu
  6
CONTINUOUS
100
AcDbLine
 10
5.9347790944881886
 20
-4.4003200787401573
 30
0
 11
5.9332628346456691
 21
-4.3946614173228342
 31
0
  0
LINE
  5
465
330
22
100
AcDbEntity
  8
B.Cu
  6
CONTINUOUS
100
AcDbLine
 10
5.9332628346456691
 20
-4.3946614173228342
 30
0
 11
5.9330708661417324
 21
-4.3917322834645667
 31
0
  0
LINE
  5
466
330
22
100
AcDbEntity
  8
B.Cu
  6
CONTINUOUS
100
AcDbLine
 10
5.9330708661417324
 20
-4.3917322834645667
 30
0
 11
5.9330708661417324
 21
-4.3578740157480311
 31
0
  0
LINE
  5
467
330
22
100
AcDbEntity
  8
B.Cu
  6
CONTINUOUS
100
AcDbLine
 10
5.9330708661417324
 20
-4.3578740157480311
 30
0
 11
5.9332628346456691
 21
-4.3549448818897636
 31
0
  0
LINE
  5
468
330
22
100
AcDbEntity
  8
B.Cu
  6
CONTINUOUS
100
AcDbLine
 10
5.9332628346456691
 20
-4.3549448818897636
 30
0
 11
5.9347790944881886
 21
-4.3492862204724405
 31
0
  0
LINE
  5
469
330
22
100
AcDbEntity
  8
B.Cu
  6
CONTINUOUS
100
AcDbLine
 10
5.9347790944881886
 20
-4.3492862204724405
 30
0
 11
5.9377082283464562
 21
-4.3442128346456688
 31
0
  0
LINE
  5
46A
330
22
100
AcDbEntity
  8
B.Cu
  6
CONTINUOUS
100
AcDbLine
 10
5.9377082283464562
 20
-4.3442128346456688
 30
0
 11
5.9418506299212597
 21
-4.3400704330708662
 31
0
  0
LINE
  5
46B
330
22
100
AcDbEntity
  8
B.Cu
  6
CONTINUOUS
100
AcDbLine
 10
5.9418506299212597
 20
-4.3400704330708662
 30
0
 11
5.9469240157480314
 21
-4.3371412992125986
 31
0
  0
LINE
  5
46C
330
22
100
AcDbEntity
  8
B.Cu
  6
CONTINUOUS
100
AcDbLine
 10
5.9469240157480314
 20
-4.3371412992125986
 30
0
 11
5.9525826771653545
 21
-4.335625039370079
 31
0
  0
LINE
  5
46D
330
22
100
AcDbEntity
  8
B.Cu
  6
CONTINUOUS
100
AcDbLine
 10
5.9525826771653545
 20
-4.335625039370079
 30
0
 11
5.9584409448818896
 21
-4.335625039370079
 31
0
  0
LINE
  5
46E
330
22
100
AcDbEntity
  8
B.Cu
  6
CONTINUOUS
100
AcDbLine
 10
5.9584409448818896
 20
-4.335625039370079
 30
0
 11
5.9640996062992127
 21
-4.3371412992125986
 31
0
  0
LINE
  5
46F
330
22
100
AcDbEntity
  8
B.Cu
  6
CONTINUOUS
100
AcDbLine
 10
5.8640996062992121
 20
-4.3371412992125986
 30
0
 11
5.8691729921259839
 21
-4.3400704330708662
 31
0
  0
LINE
  5
470
330
22
100
AcDbEntity
  8
B.Cu
  6
CONTINUOUS
100
AcDbLine
 10
5.8691729921259839
 20
-4.3400704330708662
 30
0
 11
5.8733153937007874
 21
-4.3442128346456688
 31
0
  0
LINE
  5
471
330
22
100
AcDbEntity
  8
B.Cu
  6
CONTINUOUS
100
AcDbLine
 10
5.8733153937007874
 20
-4.3442128346456688
 30
0
 11
5.8762445275590549
 21
-4.3492862204724405
 31
0
  0
LINE
  5
472
330
22
100
AcDbEntity
  8
B.Cu
  6
CONTINUOUS
100
AcDbLine
 10
5.8762445275590549
 20
-4.3492862204724405
 30
0
 11
5.8777607874015745
 21
-4.3549448818897636
 31
0
  0
LINE
  5
473
330
22
100
AcDbEntity
  8
B.Cu
  6
CONTINUOUS
100
AcDbLine
 10
5.8777607874015745
 20
-4.3549448818897636
 30
0
 11
5.877952755905512
 21
-4.3578740157480311
 31
0
  0
LINE
  5
474
330
22
100
AcDbEntity
  8
B.Cu
  6
CONTINUOUS
100
AcDbLine
 10
5.877952755905512
 20
-4.3578740157480311
 30
0
 11
5.877952755905512
 21
-4.3917322834645667
 31
0
  0
LINE
  5
475
330
22
100
AcDbEntity
  8
B.Cu
  6
CONTINUOUS
100
AcDbLine
 10
5.877952755905512
 20
-4.3917322834645667
 30
0
 11
5.8777607874015745
 21
-4.3946614173228342
 31
0
  0
LINE
  5
476
330
22
100
AcDbEntity
  8
B.Cu
  6
CONTINUOUS
100
AcDbLine
 10
5.8777607874015745
 20
-4.3946614173228342
 30
0
 11
5.8762445275590549
 21
-4.4003200787401573
 31
0
  0
LINE
  5
477
330
22
100
AcDbEntity
  8
B.Cu
  6
CONTINUOUS
100
AcDbLine
 10
5.8762445275590549
 20
-4.4003200787401573
 30
0
 11
5.8733153937007874
 21
-4.405393464566929
 31
0
  0
LINE
  5
478
330
22
100
AcDbEntity
  8
B.Cu
  6
CONTINUOUS
100
AcDbLine
 10
5.8733153937007874
 20
-4.405393464566929
 30
0
 11
5.8691729921259839
 21
-4.4095358661417325
 31
0
  0
LINE
  5
479
330
22
100
AcDbEntity
  8
B.Cu
  6
CONTINUOUS
100
AcDbLine
 10
5.8691729921259839
 20
-4.4095358661417325
 30
0
 11
5.8673228346456687
 21
-4.4106040551181103
 31
0
  0
LINE
  5
47A
330
22
100
AcDbEntity
  8
B.Cu
  6
CONTINUOUS
100
AcDbLine
 10
5.8673228346456687
 20
-4.4106040551181103
 30
0
 11
5.8673228346456687
 21
-4.57755905511811
 31
0
  0
LINE
  5
47B
330
22
100
AcDbEntity
  8
B.Cu
  6
CONTINUOUS
100
AcDbLine
 10
5.8673228346456687
 20
-4.57755905511811
 30
0
 11
5.8672217716535435
 21
-4.5791007086614171
 31
0
  0
LINE
  5
47C
330
22
100
AcDbEntity
  8
B.Cu
  6
CONTINUOUS
100
AcDbLine
 10
5.8672217716535435
 20
-4.5791007086614171
 30
0
 11
5.8664237795275591
 21
-4.5820789370078741
 31
0
  0
LINE
  5
47D
330
22
100
AcDbEntity
  8
B.Cu
  6
CONTINUOUS
100
AcDbLine
 10
5.8664237795275591
 20
-4.5820789370078741
 30
0
 11
5.8648821259842521
 21
-4.584749133858268
 31
0
  0
LINE
  5
47E
330
22
100
AcDbEntity
  8
B.Cu
  6
CONTINUOUS
100
AcDbLine
 10
5.8648821259842521
 20
-4.584749133858268
 30
0
 11
5.8638634645669292
 21
-4.5859107086614168
 31
0
  0
LINE
  5
47F
330
22
100
AcDbEntity
  8
B.Cu
  6
CONTINUOUS
100
AcDbLine
 10
5.8638634645669292
 20
-4.5859107086614168
 30
0
 11
5.8385826771653546
 21
-4.6111914960629923
 31
0
  0
LINE
  5
480
330
22
100
AcDbEntity
  8
B.Cu
  6
CONTINUOUS
100
AcDbLine
 10
5.8385826771653546
 20
-4.6111914960629923
 30
0
 11
5.8385826771653546
 21
-4.6724913779527562
 31
0
  0
LINE
  5
481
330
22
100
AcDbEntity
  8
B.Cu
  6
CONTINUOUS
100
AcDbLine
 10
5.8385826771653546
 20
-4.6724913779527562
 30
0
 11
5.8396355118110232
 21
-4.6727008267716537
 31
0
  0
LINE
  5
482
330
22
100
AcDbEntity
  8
B.Cu
  6
CONTINUOUS
100
AcDbLine
 10
5.8396355118110232
 20
-4.6727008267716537
 30
0
 11
5.8456963385826768
 21
-4.6752112992125987
 31
0
  0
LINE
  5
483
330
22
100
AcDbEntity
  8
B.Cu
  6
CONTINUOUS
100
AcDbLine
 10
5.8456963385826768
 20
-4.6752112992125987
 30
0
 11
5.8511509448818897
 21
-4.6788559448818896
 31
0
  0
LINE
  5
484
330
22
100
AcDbEntity
  8
B.Cu
  6
CONTINUOUS
100
AcDbLine
 10
5.8511509448818897
 20
-4.6788559448818896
 30
0
 11
5.8557897244094486
 21
-4.6834947244094485
 31
0
  0
LINE
  5
485
330
22
100
AcDbEntity
  8
B.Cu
  6
CONTINUOUS
100
AcDbLine
 10
5.8557897244094486
 20
-4.6834947244094485
 30
0
 11
5.8594343700787404
 21
-4.6889493307086614
 31
0
  0
LINE
  5
486
330
22
100
AcDbEntity
  8
B.Cu
  6
CONTINUOUS
100
AcDbLine
 10
5.8594343700787404
 20
-4.6889493307086614
 30
0
 11
5.8619448425196845
 21
-4.6950101574803149
 31
0
  0
LINE
  5
487
330
22
100
AcDbEntity
  8
B.Cu
  6
CONTINUOUS
100
AcDbLine
 10
5.8619448425196845
 20
-4.6950101574803149
 30
0
 11
5.8632246850393699
 21
-4.701444291338583
 31
0
  0
LINE
  5
488
330
22
100
AcDbEntity
  8
B.Cu
  6
CONTINUOUS
100
AcDbLine
 10
5.8632246850393699
 20
-4.701444291338583
 30
0
 11
5.8632246850393699
 21
-4.708004527559055
 31
0
  0
LINE
  5
489
330
22
100
AcDbEntity
  8
B.Cu
  6
CONTINUOUS
100
AcDbLine
 10
5.8632246850393699
 20
-4.708004527559055
 30
0
 11
5.8619448425196845
 21
-4.714438661417323
 31
0
  0
LINE
  5
48A
330
22
100
AcDbEntity
  8
B.Cu
  6
CONTINUOUS
100
AcDbLine
 10
5.8619448425196845
 20
-4.714438661417323
 30
0
 11
5.8594343700787404
 21
-4.7204994881889766
 31
0
  0
LINE
  5
48B
330
22
100
AcDbEntity
  8
B.Cu
  6
CONTINUOUS
100
AcDbLine
 10
5.8594343700787404
 20
-4.7204994881889766
 30
0
 11
5.8557897244094486
 21
-4.7259540944881886
 31
0
  0
LINE
  5
48C
330
22
100
AcDbEntity
  8
B.Cu
  6
CONTINUOUS
100
AcDbLine
 10
5.8557897244094486
 20
-4.7259540944881886
 30
0
 11
5.8511509448818897
 21
-4.7305928740157484
 31
0
  0
LINE
  5
48D
330
22
100
AcDbEntity
  8
B.Cu
  6
CONTINUOUS
100
AcDbLine
 10
5.8511509448818897
 20
-4.7305928740157484
 30
0
 11
5.8456963385826768
 21
-4.7342375196850393
 31
0
  0
LINE
  5
48E
330
22
100
AcDbEntity
  8
B.Cu
  6
CONTINUOUS
100
AcDbLine
 10
5.8456963385826768
 20
-4.7342375196850393
 30
0
 11
5.8396355118110232
 21
-4.7367479921259843
 31
0
  0
LINE
  5
48F
330
22
100
AcDbEntity
  8
B.Cu
  6
CONTINUOUS
100
AcDbLine
 10
5.8396355118110232
 20
-4.7367479921259843
 30
0
 11
5.8332013779527561
 21
-4.7380278346456688
 31
0
  0
LINE
  5
490
330
22
100
AcDbEntity
  8
B.Cu
  6
CONTINUOUS
100
AcDbLine
 10
5.8332013779527561
 20
-4.7380278346456688
 30
0
 11
5.8266411417322832
 21
-4.7380278346456688
 31
0
  0
LINE
  5
491
330
22
100
AcDbEntity
  8
B.Cu
  6
CONTINUOUS
100
AcDbLine
 10
5.8266411417322832
 20
-4.7380278346456688
 30
0
 11
5.820207007874016
 21
-4.7367479921259843
 31
0
  0
LINE
  5
492
330
22
100
AcDbEntity
  8
B.Cu
  6
CONTINUOUS
100
AcDbLine
 10
5.820207007874016
 20
-4.7367479921259843
 30
0
 11
5.8141461811023625
 21
-4.7342375196850393
 31
0
  0
LINE
  5
493
330
22
100
AcDbEntity
  8
B.Cu
  6
CONTINUOUS
100
AcDbLine
 10
5.8141461811023625
 20
-4.7342375196850393
 30
0
 11
5.8086915748031496
 21
-4.7305928740157484
 31
0
  0
LINE
  5
494
330
22
100
AcDbEntity
  8
B.Cu
  6
CONTINUOUS
100
AcDbLine
 10
5.8086915748031496
 20
-4.7305928740157484
 30
0
 11
5.8040527952755907
 21
-4.7259540944881886
 31
0
  0
LINE
  5
495
330
22
100
AcDbEntity
  8
B.Cu
  6
CONTINUOUS
100
AcDbLine
 10
5.8040527952755907
 20
-4.7259540944881886
 30
0
 11
5.8004081496062989
 21
-4.7204994881889766
 31
0
  0
LINE
  5
496
330
22
100
AcDbEntity
  8
B.Cu
  6
CONTINUOUS
100
AcDbLine
 10
5.8004081496062989
 20
-4.7204994881889766
 30
0
 11
5.7978976771653539
 21
-4.714438661417323
 31
0
  0
LINE
  5
497
330
22
100
AcDbEntity
  8
B.Cu
  6
CONTINUOUS
100
AcDbLine
 10
5.7978976771653539
 20
-4.714438661417323
 30
0
 11
5.7966178346456694
 21
-4.708004527559055
 31
0
  0
LINE
  5
498
330
22
100
AcDbEntity
  8
B.Cu
  6
CONTINUOUS
100
AcDbLine
 10
5.7966178346456694
 20
-4.708004527559055
 30
0
 11
5.7966178346456694
 21
-4.701444291338583
 31
0
  0
LINE
  5
499
330
22
100
AcDbEntity
  8
B.Cu
  6
CONTINUOUS
100
AcDbLine
 10
5.7966178346456694
 20
-4.701444291338583
 30
0
 11
5.7978976771653539
 21
-4.6950101574803149
 31
0
  0
LINE
  5
49A
330
22
100
AcDbEntity
  8
B.Cu
  6
CONTINUOUS
100
AcDbLine
 10
5.7978976771653539
 20
-4.6950101574803149
 30
0
 11
5.8004081496062989
 21
-4.6889493307086614
 31
0
  0
LINE
  5
49B
330
22
100
AcDbEntity
  8
B.Cu
  6
CONTINUOUS
100
AcDbLine
 10
5.8004081496062989
 20
-4.6889493307086614
 30
0
 11
5.8040527952755907
 21
-4.6834947244094485
 31
0
  0
LINE
  5
49C
330
22
100
AcDbEntity
  8
B.Cu
  6
CONTINUOUS
100
AcDbLine
 10
5.8040527952755907
 20
-4.6834947244094485
 30
0
 11
5.8086915748031496
 21
-4.6788559448818896
 31
0
  0
LINE
  5
49D
330
22
100
AcDbEntity
  8
B.Cu
  6
CONTINUOUS
100
AcDbLine
 10
5.8086915748031496
 20
-4.6788559448818896
 30
0
 11
5.8141461811023625
 21
-4.6752112992125987
 31
0
  0
LINE
  5
49E
330
22
100
AcDbEntity
  8
B.Cu
  6
CONTINUOUS
100
AcDbLine
 10
5.8141461811023625
 20
-4.6752112992125987
 30
0
 11
5.8149606299212593
 21
-4.6748739370078738
 31
0
  0
LINE
  5
49F
330
22
100
AcDbEntity
  8
B.Cu
  6
CONTINUOUS
100
AcDbLine
 10
5.8149606299212593
 20
-4.6748739370078738
 30
0
 11
5.8149606299212593
 21
-4.606299212598425
 31
0
  0
LINE
  5
4A0
330
22
100
AcDbEntity
  8
B.Cu
  6
CONTINUOUS
100
AcDbLine
 10
5.8149606299212593
 20
-4.606299212598425
 30
0
 11
5.8150616929133854
 21
-4.604757559055118
 31
0
  0
LINE
  5
4A1
330
22
100
AcDbEntity
  8
B.Cu
  6
CONTINUOUS
100
AcDbLine
 10
5.8150616929133854
 20
-4.604757559055118
 30
0
 11
5.8158596850393698
 21
-4.601779330708661
 31
0
  0
LINE
  5
4A2
330
22
100
AcDbEntity
  8
B.Cu
  6
CONTINUOUS
100
AcDbLine
 10
5.8158596850393698
 20
-4.601779330708661
 30
0
 11
5.8174013385826768
 21
-4.5991091338582679
 31
0
  0
LINE
  5
4A3
330
22
100
AcDbEntity
  8
B.Cu
  6
CONTINUOUS
100
AcDbLine
 10
5.8174013385826768
 20
-4.5991091338582679
 30
0
 11
5.8184199999999997
 21
-4.5979475590551182
 31
0
  0
LINE
  5
4A4
330
22
100
AcDbEntity
  8
B.Cu
  6
CONTINUOUS
100
AcDbLine
 10
5.8184199999999997
 20
-4.5979475590551182
 30
0
 11
5.8437007874015743
 21
-4.5726667716535436
 31
0
  0
LINE
  5
4A5
330
22
100
AcDbEntity
  8
B.Cu
  6
CONTINUOUS
100
AcDbLine
 10
5.8437007874015743
 20
-4.5726667716535436
 30
0
 11
5.8437007874015743
 21
-4.4106040551181103
 31
0
  0
LINE
  5
4A6
330
22
100
AcDbEntity
  8
B.Cu
  6
CONTINUOUS
100
AcDbLine
 10
5.8437007874015743
 20
-4.4106040551181103
 30
0
 11
5.84185062992126
 21
-4.4095358661417325
 31
0
  0
LINE
  5
4A7
330
22
100
AcDbEntity
  8
B.Cu
  6
CONTINUOUS
100
AcDbLine
 10
5.84185062992126
 20
-4.4095358661417325
 30
0
 11
5.8377082283464565
 21
-4.405393464566929
 31
0
  0
LINE
  5
4A8
330
22
100
AcDbEntity
  8
B.Cu
  6
CONTINUOUS
100
AcDbLine
 10
5.8377082283464565
 20
-4.405393464566929
 30
0
 11
5.834779094488189
 21
-4.4003200787401573
 31
0
  0
LINE
  5
4A9
330
22
100
AcDbEntity
  8
B.Cu
  6
CONTINUOUS
100
AcDbLine
 10
5.834779094488189
 20
-4.4003200787401573
 30
0
 11
5.8332628346456694
 21
-4.3946614173228342
 31
0
  0
LINE
  5
4AA
330
22
100
AcDbEntity
  8
B.Cu
  6
CONTINUOUS
100
AcDbLine
 10
5.8332628346456694
 20
-4.3946614173228342
 30
0
 11
5.8330708661417319
 21
-4.3917322834645667
 31
0
  0
LINE
  5
4AB
330
22
100
AcDbEntity
  8
B.Cu
  6
CONTINUOUS
100
AcDbLine
 10
5.8330708661417319
 20
-4.3917322834645667
 30
0
 11
5.8330708661417319
 21
-4.3578740157480311
 31
0
  0
LINE
  5
4AC
330
22
100
AcDbEntity
  8
B.Cu
  6
CONTINUOUS
100
AcDbLine
 10
5.8330708661417319
 20
-4.3578740157480311
 30
0
 11
5.8332628346456694
 21
-4.3549448818897636
 31
0
  0
LINE
  5
4AD
330
22
100
AcDbEntity
  8
B.Cu
  6
CONTINUOUS
100
AcDbLine
 10
5.8332628346456694
 20
-4.3549448818897636
 30
0
 11
5.834779094488189
 21
-4.3492862204724405
 31
0
  0
LINE
  5
4AE
330
22
100
AcDbEntity
  8
B.Cu
  6
CONTINUOUS
100
AcDbLine
 10
5.834779094488189
 20
-4.3492862204724405
 30
0
 11
5.8377082283464565
 21
-4.3442128346456688
 31
0
  0
LINE
  5
4AF
330
22
100
AcDbEntity
  8
B.Cu
  6
CONTINUOUS
100
AcDbLine
 10
5.8377082283464565
 20
-4.3442128346456688
 30
0
 11
5.84185062992126
 21
-4.3400704330708662
 31
0
  0
LINE
  5
4B0
330
22
100
AcDbEntity
  8
B.Cu
  6
CONTINUOUS
100
AcDbLine
 10
5.84185062992126
 20
-4.3400704330708662
 30
0
 11
5.8469240157480318
 21
-4.3371412992125986
 31
0
  0
LINE
  5
4B1
330
22
100
AcDbEntity
  8
B.Cu
  6
CONTINUOUS
100
AcDbLine
 10
5.8469240157480318
 20
-4.3371412992125986
 30
0
 11
5.852582677165354
 21
-4.335625039370079
 31
0
  0
LINE
  5
4B2
330
22
100
AcDbEntity
  8
B.Cu
  6
CONTINUOUS
100
AcDbLine
 10
5.852582677165354
 20
-4.335625039370079
 30
0
 11
5.8584409448818899
 21
-4.335625039370079
 31
0
  0
LINE
  5
4B3
330
22
100
AcDbEntity
  8
B.Cu
  6
CONTINUOUS
100
AcDbLine
 10
5.8584409448818899
 20
-4.335625039370079
 30
0
 11
5.8640996062992121
 21
-4.3371412992125986
 31
0
  0
LINE
  5
4B4
330
22
100
AcDbEntity
  8
B.Cu
  6
CONTINUOUS
100
AcDbLine
 10
5.5708661417322833
 20
-3.2677165354330708
 30
0
 11
5.5433070866141732
 21
-3.2677165354330708
 31
0
  0
LINE
  5
4B5
330
22
100
AcDbEntity
  8
B.Cu
  6
CONTINUOUS
100
AcDbLine
 10
5.5433070866141732
 20
-3.2677165354330708
 30
0
 11
5.5433070866141732
 21
-3.3070866141732282
 31
0
  0
LINE
  5
4B6
330
22
100
AcDbEntity
  8
B.Cu
  6
CONTINUOUS
100
AcDbLine
 10
5.5433070866141732
 20
-3.3070866141732282
 30
0
 11
5.5432060236220471
 21
-3.3086282677165353
 31
0
  0
LINE
  5
4B7
330
22
100
AcDbEntity
  8
B.Cu
  6
CONTINUOUS
100
AcDbLine
 10
5.5432060236220471
 20
-3.3086282677165353
 30
0
 11
5.5424080314960626
 21
-3.3116064960629918
 31
0
  0
LINE
  5
4B8
330
22
100
AcDbEntity
  8
B.Cu
  6
CONTINUOUS
100
AcDbLine
 10
5.5424080314960626
 20
-3.3116064960629918
 30
0
 11
5.5408663779527556
 21
-3.3142766929133858
 31
0
  0
LINE
  5
4B9
330
22
100
AcDbEntity
  8
B.Cu
  6
CONTINUOUS
100
AcDbLine
 10
5.5408663779527556
 20
-3.3142766929133858
 30
0
 11
5.5398477165354327
 21
-3.3154382677165355
 31
0
  0
LINE
  5
4BA
330
22
100
AcDbEntity
  8
B.Cu
  6
CONTINUOUS
100
AcDbLine
 10
5.5398477165354327
 20
-3.3154382677165355
 30
0
 11
5.4645669291338583
 21
-3.3907190551181103
 31
0
  0
LINE
  5
4BB
330
22
100
AcDbEntity
  8
B.Cu
  6
CONTINUOUS
100
AcDbLine
 10
5.4645669291338583
 20
-3.3907190551181103
 30
0
 11
5.4645669291338583
 21
-3.5187297637795276
 31
0
  0
LINE
  5
4BC
330
22
100
AcDbEntity
  8
B.Cu
  6
CONTINUOUS
100
AcDbLine
 10
5.4645669291338583
 20
-3.5187297637795276
 30
0
 11
5.5390021259842515
 21
-3.5931649606299212
 31
0
  0
LINE
  5
4BD
330
22
100
AcDbEntity
  8
B.Cu
  6
CONTINUOUS
100
AcDbLine
 10
5.5390021259842515
 20
-3.5931649606299212
 30
0
 11
5.542038267716535
 21
-3.5919074015748031
 31
0
  0
LINE
  5
4BE
330
22
100
AcDbEntity
  8
B.Cu
  6
CONTINUOUS
100
AcDbLine
 10
5.542038267716535
 20
-3.5919074015748031
 30
0
 11
5.5480939370078737
 21
-3.5907028346456693
 31
0
  0
LINE
  5
4BF
330
22
100
AcDbEntity
  8
B.Cu
  6
CONTINUOUS
100
AcDbLine
 10
5.5480939370078737
 20
-3.5907028346456693
 30
0
 11
5.5542682677165356
 21
-3.5907028346456693
 31
0
  0
LINE
  5
4C0
330
22
100
AcDbEntity
  8
B.Cu
  6
CONTINUOUS
100
AcDbLine
 10
5.5542682677165356
 20
-3.5907028346456693
 30
0
 11
5.5603239370078743
 21
-3.5919074015748031
 31
0
  0
LINE
  5
4C1
330
22
100
AcDbEntity
  8
B.Cu
  6
CONTINUOUS
100
AcDbLine
 10
5.5603239370078743
 20
-3.5919074015748031
 30
0
 11
5.5660282283464566
 21
-3.5942701968503936
 31
0
  0
LINE
  5
4C2
330
22
100
AcDbEntity
  8
B.Cu
  6
CONTINUOUS
100
AcDbLine
 10
5.5660282283464566
 20
-3.5942701968503936
 30
0
 11
5.5711620078740154
 21
-3.5977004724409447
 31
0
  0
LINE
  5
4C3
330
22
100
AcDbEntity
  8
B.Cu
  6
CONTINUOUS
100
AcDbLine
 10
5.5711620078740154
 20
-3.5977004724409447
 30
0
 11
5.5755278740157479
 21
-3.6020663385826772
 31
0
  0
LINE
  5
4C4
330
22
100
AcDbEntity
  8
B.Cu
  6
CONTINUOUS
100
AcDbLine
 10
5.5755278740157479
 20
-3.6020663385826772
 30
0
 11
5.578958149606299
 21
-3.607200118110236
 31
0
  0
LINE
  5
4C5
330
22
100
AcDbEntity
  8
B.Cu
  6
CONTINUOUS
100
AcDbLine
 10
5.578958149606299
 20
-3.607200118110236
 30
0
 11
5.5813209448818899
 21
-3.6129044094488187
 31
0
  0
LINE
  5
4C6
330
22
100
AcDbEntity
  8
B.Cu
  6
CONTINUOUS
100
AcDbLine
 10
5.5813209448818899
 20
-3.6129044094488187
 30
0
 11
5.5825255118110233
 21
-3.6189600787401575
 31
0
  0
LINE
  5
4C7
330
22
100
AcDbEntity
  8
B.Cu
  6
CONTINUOUS
100
AcDbLine
 10
5.5825255118110233
 20
-3.6189600787401575
 30
0
 11
5.5825255118110233
 21
-3.6251344094488189
 31
0
  0
LINE
  5
4C8
330
22
100
AcDbEntity
  8
B.Cu
  6
CONTINUOUS
100
AcDbLine
 10
5.5825255118110233
 20
-3.6251344094488189
 30
0
 11
5.5813209448818899
 21
-3.6311900787401572
 31
0
  0
LINE
  5
4C9
330
22
100
AcDbEntity
  8
B.Cu
  6
CONTINUOUS
100
AcDbLine
 10
5.5813209448818899
 20
-3.6311900787401572
 30
0
 11
5.578958149606299
 21
-3.6368943700787399
 31
0
  0
LINE
  5
4CA
330
22
100
AcDbEntity
  8
B.Cu
  6
CONTINUOUS
100
AcDbLine
 10
5.578958149606299
 20
-3.6368943700787399
 30
0
 11
5.5755278740157479
 21
-3.6420281496062992
 31
0
  0
LINE
  5
4CB
330
22
100
AcDbEntity
  8
B.Cu
  6
CONTINUOUS
100
AcDbLine
 10
5.5755278740157479
 20
-3.6420281496062992
 30
0
 11
5.5711620078740154
 21
-3.6463940157480312
 31
0
  0
LINE
  5
4CC
330
22
100
AcDbEntity
  8
B.Cu
  6
CONTINUOUS
100
AcDbLine
 10
5.5711620078740154
 20
-3.6463940157480312
 30
0
 11
5.5673228346456689
 21
-3.6489592519685039
 31
0
  0
LINE
  5
4CD
330
22
100
AcDbEntity
  8
B.Cu
  6
CONTINUOUS
100
AcDbLine
 10
5.5673228346456689
 20
-3.6489592519685039
 30
0
 11
5.5673228346456689
 21
-3.7390022047244096
 31
0
  0
LINE
  5
4CE
330
22
100
AcDbEntity
  8
B.Cu
  6
CONTINUOUS
100
AcDbLine
 10
5.5673228346456689
 20
-3.7390022047244096
 30
0
 11
5.569172992125984
 21
-3.7400704330708661
 31
0
  0
LINE
  5
4CF
330
22
100
AcDbEntity
  8
B.Cu
  6
CONTINUOUS
100
AcDbLine
 10
5.569172992125984
 20
-3.7400704330708661
 30
0
 11
5.5733153937007875
 21
-3.7442128346456691
 31
0
  0
LINE
  5
4D0
330
22
100
AcDbEntity
  8
B.Cu
  6
CONTINUOUS
100
AcDbLine
 10
5.5733153937007875
 20
-3.7442128346456691
 30
0
 11
5.5762445275590551
 21
-3.7492862204724409
 31
0
  0
LINE
  5
4D1
330
22
100
AcDbEntity
  8
B.Cu
  6
CONTINUOUS
100
AcDbLine
 10
5.5762445275590551
 20
-3.7492862204724409
 30
0
 11
5.5777607874015747
 21
-3.7549448818897635
 31
0
  0
LINE
  5
4D2
330
22
100
AcDbEntity
  8
B.Cu
  6
CONTINUOUS
100
AcDbLine
 10
5.5777607874015747
 20
-3.7549448818897635
 30
0
 11
5.5779527559055113
 21
-3.7578740157480315
 31
0
  0
LINE
  5
4D3
330
22
100
AcDbEntity
  8
B.Cu
  6
CONTINUOUS
100
AcDbLine
 10
5.5779527559055113
 20
-3.7578740157480315
 30
0
 11
5.5779527559055113
 21
-3.791732283464567
 31
0
  0
LINE
  5
4D4
330
22
100
AcDbEntity
  8
B.Cu
  6
CONTINUOUS
100
AcDbLine
 10
5.5779527559055113
 20
-3.791732283464567
 30
0
 11
5.5777607874015747
 21
-3.7946614173228346
 31
0
  0
LINE
  5
4D5
330
22
100
AcDbEntity
  8
B.Cu
  6
CONTINUOUS
100
AcDbLine
 10
5.5777607874015747
 20
-3.7946614173228346
 30
0
 11
5.5762445275590551
 21
-3.8003200787401572
 31
0
  0
LINE
  5
4D6
330
22
100
AcDbEntity
  8
B.Cu
  6
CONTINUOUS
100
AcDbLine
 10
5.5762445275590551
 20
-3.8003200787401572
 30
0
 11
5.5733153937007875
 21
-3.805393464566929
 31
0
  0
LINE
  5
4D7
330
22
100
AcDbEntity
  8
B.Cu
  6
CONTINUOUS
100
AcDbLine
 10
5.5733153937007875
 20
-3.805393464566929
 30
0
 11
5.569172992125984
 21
-3.809535866141732
 31
0
  0
LINE
  5
4D8
330
22
100
AcDbEntity
  8
B.Cu
  6
CONTINUOUS
100
AcDbLine
 10
5.569172992125984
 20
-3.809535866141732
 30
0
 11
5.5640996062992123
 21
-3.812465
 31
0
  0
LINE
  5
4D9
330
22
100
AcDbEntity
  8
B.Cu
  6
CONTINUOUS
100
AcDbLine
 10
5.5640996062992123
 20
-3.812465
 30
0
 11
5.5584409448818892
 21
-3.8139812598425196
 31
0
  0
LINE
  5
4DA
330
22
100
AcDbEntity
  8
B.Cu
  6
CONTINUOUS
100
AcDbLine
 10
5.5584409448818892
 20
-3.8139812598425196
 30
0
 11
5.5525826771653541
 21
-3.8139812598425196
 31
0
  0
LINE
  5
4DB
330
22
100
AcDbEntity
  8
B.Cu
  6
CONTINUOUS
100
AcDbLine
 10
5.5525826771653541
 20
-3.8139812598425196
 30
0
 11
5.5469240157480311
 21
-3.812465
 31
0
  0
LINE
  5
4DC
330
22
100
AcDbEntity
  8
B.Cu
  6
CONTINUOUS
100
AcDbLine
 10
5.5469240157480311
 20
-3.812465
 30
0
 11
5.5418506299212593
 21
-3.809535866141732
 31
0
  0
LINE
  5
4DD
330
22
100
AcDbEntity
  8
B.Cu
  6
CONTINUOUS
100
AcDbLine
 10
5.5418506299212593
 20
-3.809535866141732
 30
0
 11
5.5377082283464567
 21
-3.805393464566929
 31
0
  0
LINE
  5
4DE
330
22
100
AcDbEntity
  8
B.Cu
  6
CONTINUOUS
100
AcDbLine
 10
5.5377082283464567
 20
-3.805393464566929
 30
0
 11
5.5347790944881892
 21
-3.8003200787401572
 31
0
  0
LINE
  5
4DF
330
22
100
AcDbEntity
  8
B.Cu
  6
CONTINUOUS
100
AcDbLine
 10
5.5347790944881892
 20
-3.8003200787401572
 30
0
 11
5.5332628346456696
 21
-3.7946614173228346
 31
0
  0
LINE
  5
4E0
330
22
100
AcDbEntity
  8
B.Cu
  6
CONTINUOUS
100
AcDbLine
 10
5.5332628346456696
 20
-3.7946614173228346
 30
0
 11
5.533070866141732
 21
-3.791732283464567
 31
0
  0
LINE
  5
4E1
330
22
100
AcDbEntity
  8
B.Cu
  6
CONTINUOUS
100
AcDbLine
 10
5.533070866141732
 20
-3.791732283464567
 30
0
 11
5.533070866141732
 21
-3.7578740157480315
 31
0
  0
LINE
  5
4E2
330
22
100
AcDbEntity
  8
B.Cu
  6
CONTINUOUS
100
AcDbLine
 10
5.533070866141732
 20
-3.7578740157480315
 30
0
 11
5.5332628346456696
 21
-3.7549448818897635
 31
0
  0
LINE
  5
4E3
330
22
100
AcDbEntity
  8
B.Cu
  6
CONTINUOUS
100
AcDbLine
 10
5.5332628346456696
 20
-3.7549448818897635
 30
0
 11
5.5347790944881892
 21
-3.7492862204724409
 31
0
  0
LINE
  5
4E4
330
22
100
AcDbEntity
  8
B.Cu
  6
CONTINUOUS
100
AcDbLine
 10
5.5347790944881892
 20
-3.7492862204724409
 30
0
 11
5.5377082283464567
 21
-3.7442128346456691
 31
0
  0
LINE
  5
4E5
330
22
100
AcDbEntity
  8
B.Cu
  6
CONTINUOUS
100
AcDbLine
 10
5.5377082283464567
 20
-3.7442128346456691
 30
0
 11
5.5418506299212593
 21
-3.7400704330708661
 31
0
  0
LINE
  5
4E6
330
22
100
AcDbEntity
  8
B.Cu
  6
CONTINUOUS
100
AcDbLine
 10
5.5418506299212593
 20
-3.7400704330708661
 30
0
 11
5.5437007874015745
 21
-3.7390022047244096
 31
0
  0
LINE
  5
4E7
330
22
100
AcDbEntity
  8
B.Cu
  6
CONTINUOUS
100
AcDbLine
 10
5.5437007874015745
 20
-3.7390022047244096
 30
0
 11
5.5437007874015745
 21
-3.6525177559055115
 31
0
  0
LINE
  5
4E8
330
22
100
AcDbEntity
  8
B.Cu
  6
CONTINUOUS
100
AcDbLine
 10
5.5437007874015745
 20
-3.6525177559055115
 30
0
 11
5.542038267716535
 21
-3.6521870866141732
 31
0
  0
LINE
  5
4E9
330
22
100
AcDbEntity
  8
B.Cu
  6
CONTINUOUS
100
AcDbLine
 10
5.542038267716535
 20
-3.6521870866141732
 30
0
 11
5.5363339763779527
 21
-3.6498242913385828
 31
0
  0
LINE
  5
4EA
330
22
100
AcDbEntity
  8
B.Cu
  6
CONTINUOUS
100
AcDbLine
 10
5.5363339763779527
 20
-3.6498242913385828
 30
0
 11
5.5312001968503939
 21
-3.6463940157480312
 31
0
  0
LINE
  5
4EB
330
22
100
AcDbEntity
  8
B.Cu
  6
CONTINUOUS
100
AcDbLine
 10
5.5312001968503939
 20
-3.6463940157480312
 30
0
 11
5.5268343307086614
 21
-3.6420281496062992
 31
0
  0
LINE
  5
4EC
330
22
100
AcDbEntity
  8
B.Cu
  6
CONTINUOUS
100
AcDbLine
 10
5.5268343307086614
 20
-3.6420281496062992
 30
0
 11
5.5234040551181103
 21
-3.6368943700787399
 31
0
  0
LINE
  5
4ED
330
22
100
AcDbEntity
  8
B.Cu
  6
CONTINUOUS
100
AcDbLine
 10
5.5234040551181103
 20
-3.6368943700787399
 30
0
 11
5.5210412598425194
 21
-3.6311900787401572
 31
0
  0
LINE
  5
4EE
330
22
100
AcDbEntity
  8
B.Cu
  6
CONTINUOUS
100
AcDbLine
 10
5.5210412598425194
 20
-3.6311900787401572
 30
0
 11
5.519836692913386
 21
-3.6251344094488189
 31
0
  0
LINE
  5
4EF
330
22
100
AcDbEntity
  8
B.Cu
  6
CONTINUOUS
100
AcDbLine
 10
5.519836692913386
 20
-3.6251344094488189
 30
0
 11
5.519836692913386
 21
-3.6189600787401575
 31
0
  0
LINE
  5
4F0
330
22
100
AcDbEntity
  8
B.Cu
  6
CONTINUOUS
100
AcDbLine
 10
5.519836692913386
 20
-3.6189600787401575
 30
0
 11
5.5210412598425194
 21
-3.6129044094488187
 31
0
  0
LINE
  5
4F1
330
22
100
AcDbEntity
  8
B.Cu
  6
CONTINUOUS
100
AcDbLine
 10
5.5210412598425194
 20
-3.6129044094488187
 30
0
 11
5.5222988188976379
 21
-3.6098682677165352
 31
0
  0
LINE
  5
4F2
330
22
100
AcDbEntity
  8
B.Cu
  6
CONTINUOUS
100
AcDbLine
 10
5.5222988188976379
 20
-3.6098682677165352
 30
0
 11
5.4444042519685034
 21
-3.5319737007874017
 31
0
  0
LINE
  5
4F3
330
22
100
AcDbEntity
  8
B.Cu
  6
CONTINUOUS
100
AcDbLine
 10
5.4444042519685034
 20
-3.5319737007874017
 30
0
 11
5.4433855905511805
 21
-3.530812125984252
 31
0
  0
LINE
  5
4F4
330
22
100
AcDbEntity
  8
B.Cu
  6
CONTINUOUS
100
AcDbLine
 10
5.4433855905511805
 20
-3.530812125984252
 30
0
 11
5.4418439370078735
 21
-3.528141929133858
 31
0
  0
LINE
  5
4F5
330
22
100
AcDbEntity
  8
B.Cu
  6
CONTINUOUS
100
AcDbLine
 10
5.4418439370078735
 20
-3.528141929133858
 30
0
 11
5.44104594488189
 21
-3.5251637007874015
 31
0
  0
LINE
  5
4F6
330
22
100
AcDbEntity
  8
B.Cu
  6
CONTINUOUS
100
AcDbLine
 10
5.44104594488189
 20
-3.5251637007874015
 30
0
 11
5.4409448818897639
 21
-3.5236220472440944
 31
0
  0
LINE
  5
4F7
330
22
100
AcDbEntity
  8
B.Cu
  6
CONTINUOUS
100
AcDbLine
 10
5.4409448818897639
 20
-3.5236220472440944
 30
0
 11
5.4409448818897639
 21
-3.3858267716535431
 31
0
  0
LINE
  5
4F8
330
22
100
AcDbEntity
  8
B.Cu
  6
CONTINUOUS
100
AcDbLine
 10
5.4409448818897639
 20
-3.3858267716535431
 30
0
 11
5.44104594488189
 21
-3.384285118110236
 31
0
  0
LINE
  5
4F9
330
22
100
AcDbEntity
  8
B.Cu
  6
CONTINUOUS
100
AcDbLine
 10
5.44104594488189
 20
-3.384285118110236
 30
0
 11
5.4418439370078735
 21
-3.3813068897637795
 31
0
  0
LINE
  5
4FA
330
22
100
AcDbEntity
  8
B.Cu
  6
CONTINUOUS
100
AcDbLine
 10
5.4418439370078735
 20
-3.3813068897637795
 30
0
 11
5.4433855905511805
 21
-3.3786366929133855
 31
0
  0
LINE
  5
4FB
330
22
100
AcDbEntity
  8
B.Cu
  6
CONTINUOUS
100
AcDbLine
 10
5.4433855905511805
 20
-3.3786366929133855
 30
0
 11
5.4444042519685034
 21
-3.3774751181102363
 31
0
  0
LINE
  5
4FC
330
22
100
AcDbEntity
  8
B.Cu
  6
CONTINUOUS
100
AcDbLine
 10
5.4444042519685034
 20
-3.3774751181102363
 30
0
 11
5.5196850393700787
 21
-3.3021943307086614
 31
0
  0
LINE
  5
4FD
330
22
100
AcDbEntity
  8
B.Cu
  6
CONTINUOUS
100
AcDbLine
 10
5.5196850393700787
 20
-3.3021943307086614
 30
0
 11
5.5196850393700787
 21
-3.2677165354330708
 31
0
  0
LINE
  5
4FE
330
22
100
AcDbEntity
  8
B.Cu
  6
CONTINUOUS
100
AcDbLine
 10
5.5196850393700787
 20
-3.2677165354330708
 30
0
 11
5.4921259842519685
 21
-3.2677165354330708
 31
0
  0
LINE
  5
4FF
330
22
100
AcDbEntity
  8
B.Cu
  6
CONTINUOUS
100
AcDbLine
 10
5.4921259842519685
 20
-3.2677165354330708
 30
0
 11
5.4921259842519685
 21
-3.188976377952756
 31
0
  0
LINE
  5
500
330
22
100
AcDbEntity
  8
B.Cu
  6
CONTINUOUS
100
AcDbLine
 10
5.4921259842519685
 20
-3.188976377952756
 30
0
 11
5.5708661417322833
 21
-3.188976377952756
 31
0
  0
LINE
  5
501
330
22
100
AcDbEntity
  8
B.Cu
  6
CONTINUOUS
100
AcDbLine
 10
5.5708661417322833
 20
-3.188976377952756
 30
0
 11
5.5708661417322833
 21
-3.2677165354330708
 31
0
  0
LINE
  5
502
330
22
100
AcDbEntity
  8
B.Cu
  6
CONTINUOUS
100
AcDbLine
 10
6.5749502362204719
 20
-2.7953041732283466
 30
0
 11
6.5863699212598421
 21
-2.7959949212598425
 31
0
  0
LINE
  5
503
330
22
100
AcDbEntity
  8
B.Cu
  6
CONTINUOUS
100
AcDbLine
 10
6.5863699212598421
 20
-2.7959949212598425
 30
0
 11
6.5869550787401572
 21
-2.7960659842519684
 31
0
  0
LINE
  5
504
330
22
100
AcDbEntity
  8
B.Cu
  6
CONTINUOUS
100
AcDbLine
 10
6.5869550787401572
 20
-2.7960659842519684
 30
0
 11
6.5980628740157483
 21
-2.7981015748031495
 31
0
  0
LINE
  5
505
330
22
100
AcDbEntity
  8
B.Cu
  6
CONTINUOUS
100
AcDbLine
 10
6.5980628740157483
 20
-2.7981015748031495
 30
0
 11
6.5986351968503936
 21
-2.7982426377952754
 31
0
  0
LINE
  5
506
330
22
100
AcDbEntity
  8
B.Cu
  6
CONTINUOUS
100
AcDbLine
 10
6.5986351968503936
 20
-2.7982426377952754
 30
0
 11
6.6094166141732282
 21
-2.8016022834645669
 31
0
  0
LINE
  5
507
330
22
100
AcDbEntity
  8
B.Cu
  6
CONTINUOUS
100
AcDbLine
 10
6.6094166141732282
 20
-2.8016022834645669
 30
0
 11
6.6099670472440941
 21
-2.8018110236220473
 31
0
  0
LINE
  5
508
330
22
100
AcDbEntity
  8
B.Cu
  6
CONTINUOUS
100
AcDbLine
 10
6.6099670472440941
 20
-2.8018110236220473
 30
0
 11
6.6202651181102361
 21
-2.8064458267716534
 31
0
  0
LINE
  5
509
330
22
100
AcDbEntity
  8
B.Cu
  6
CONTINUOUS
100
AcDbLine
 10
6.6202651181102361
 20
-2.8064458267716534
 30
0
 11
6.6207868897637789
 21
-2.8067196850393699
 31
0
  0
LINE
  5
50A
330
22
100
AcDbEntity
  8
B.Cu
  6
CONTINUOUS
100
AcDbLine
 10
6.6207868897637789
 20
-2.8067196850393699
 30
0
 11
6.6304511023622048
 21
-2.8125618503937009
 31
0
  0
LINE
  5
50B
330
22
100
AcDbEntity
  8
B.Cu
  6
CONTINUOUS
100
AcDbLine
 10
6.6304511023622048
 20
-2.8125618503937009
 30
0
 11
6.6309360629921255
 21
-2.8128965748031494
 31
0
  0
LINE
  5
50C
330
22
100
AcDbEntity
  8
B.Cu
  6
CONTINUOUS
100
AcDbLine
 10
6.6309360629921255
 20
-2.8128965748031494
 30
0
 11
6.6398257086614167
 21
-2.8198611811023619
 31
0
  0
LINE
  5
50D
330
22
100
AcDbEntity
  8
B.Cu
  6
CONTINUOUS
100
AcDbLine
 10
6.6398257086614167
 20
-2.8198611811023619
 30
0
 11
6.6402669685039371
 21
-2.8202521259842519
 31
0
  0
LINE
  5
50E
330
22
100
AcDbEntity
  8
B.Cu
  6
CONTINUOUS
100
AcDbLine
 10
6.6402669685039371
 20
-2.8202521259842519
 30
0
 11
6.648251771653543
 21
-2.8282369291338583
 31
0
  0
LINE
  5
50F
330
22
100
AcDbEntity
  8
B.Cu
  6
CONTINUOUS
100
AcDbLine
 10
6.648251771653543
 20
-2.8282369291338583
 30
0
 11
6.6486427165354325
 21
-2.8286781889763777
 31
0
  0
LINE
  5
510
330
22
100
AcDbEntity
  8
B.Cu
  6
CONTINUOUS
100
AcDbLine
 10
6.6486427165354325
 20
-2.8286781889763777
 30
0
 11
6.6556071653543309
 21
-2.8375675984251969
 31
0
  0
LINE
  5
511
330
22
100
AcDbEntity
  8
B.Cu
  6
CONTINUOUS
100
AcDbLine
 10
6.6556071653543309
 20
-2.8375675984251969
 30
0
 11
6.6559420472440944
 21
-2.8380527952755905
 31
0
  0
LINE
  5
512
330
22
100
AcDbEntity
  8
B.Cu
  6
CONTINUOUS
100
AcDbLine
 10
6.6559420472440944
 20
-2.8380527952755905
 30
0
 11
6.661784212598425
 21
-2.8477170078740155
 31
0
  0
LINE
  5
513
330
22
100
AcDbEntity
  8
B.Cu
  6
CONTINUOUS
100
AcDbLine
 10
6.661784212598425
 20
-2.8477170078740155
 30
0
 11
6.6620581496062989
 21
-2.8482389370078738
 31
0
  0
LINE
  5
514
330
22
100
AcDbEntity
  8
B.Cu
  6
CONTINUOUS
100
AcDbLine
 10
6.6620581496062989
 20
-2.8482389370078738
 30
0
 11
6.6649420866141726
 21
-2.8546467716535431
 31
0
  0
LINE
  5
515
330
22
100
AcDbEntity
  8
B.Cu
  6
CONTINUOUS
100
AcDbLine
 10
6.6649420866141726
 20
-2.8546467716535431
 30
0
 11
6.6666926771653543
 21
-2.858536338582677
 31
0
  0
LINE
  5
516
330
22
100
AcDbEntity
  8
B.Cu
  6
CONTINUOUS
100
AcDbLine
 10
6.6666926771653543
 20
-2.858536338582677
 30
0
 11
6.6669017322834643
 21
-2.8590875984251967
 31
0
  0
LINE
  5
517
330
22
100
AcDbEntity
  8
B.Cu
  6
CONTINUOUS
100
AcDbLine
 10
6.6669017322834643
 20
-2.8590875984251967
 30
0
 11
6.6702612204724412
 21
-2.8698686614173226
 31
0
  0
LINE
  5
518
330
22
100
AcDbEntity
  8
B.Cu
  6
CONTINUOUS
100
AcDbLine
 10
6.6702612204724412
 20
-2.8698686614173226
 30
0
 11
6.6704023228346454
 21
-2.870441023622047
 31
0
  0
LINE
  5
519
330
22
100
AcDbEntity
  8
B.Cu
  6
CONTINUOUS
100
AcDbLine
 10
6.6704023228346454
 20
-2.870441023622047
 30
0
 11
6.6724379133858269
 21
-2.8815488188976377
 31
0
  0
LINE
  5
51A
330
22
100
AcDbEntity
  8
B.Cu
  6
CONTINUOUS
100
AcDbLine
 10
6.6724379133858269
 20
-2.8815488188976377
 30
0
 11
6.6725089763779524
 21
-2.8821340551181103
 31
0
  0
LINE
  5
51B
330
22
100
AcDbEntity
  8
B.Cu
  6
CONTINUOUS
100
AcDbLine
 10
6.6725089763779524
 20
-2.8821340551181103
 30
0
 11
6.6731997637795271
 21
-2.893553661417323
 31
0
  0
LINE
  5
51C
330
22
100
AcDbEntity
  8
B.Cu
  6
CONTINUOUS
100
AcDbLine
 10
6.6731997637795271
 20
-2.893553661417323
 30
0
 11
6.6732086614173225
 21
-2.8938484251968504
 31
0
  0
LINE
  5
51D
330
22
100
AcDbEntity
  8
B.Cu
  6
CONTINUOUS
100
AcDbLine
 10
6.6732086614173225
 20
-2.8938484251968504
 30
0
 11
6.6732086614173225
 21
-5.0195373622047246
 31
0
  0
LINE
  5
51E
330
22
100
AcDbEntity
  8
B.Cu
  6
CONTINUOUS
100
AcDbLine
 10
6.6732086614173225
 20
-5.0195373622047246
 30
0
 11
6.6731997637795271
 21
-5.0198321259842515
 31
0
  0
LINE
  5
51F
330
22
100
AcDbEntity
  8
B.Cu
  6
CONTINUOUS
100
AcDbLine
 10
6.6731997637795271
 20
-5.0198321259842515
 30
0
 11
6.6725089763779524
 21
-5.0312517322834642
 31
0
  0
LINE
  5
520
330
22
100
AcDbEntity
  8
B.Cu
  6
CONTINUOUS
100
AcDbLine
 10
6.6725089763779524
 20
-5.0312517322834642
 30
0
 11
6.6724379133858269
 21
-5.0318369685039368
 31
0
  0
LINE
  5
521
330
22
100
AcDbEntity
  8
B.Cu
  6
CONTINUOUS
100
AcDbLine
 10
6.6724379133858269
 20
-5.0318369685039368
 30
0
 11
6.6704023228346454
 21
-5.0429447637795271
 31
0
  0
LINE
  5
522
330
22
100
AcDbEntity
  8
B.Cu
  6
CONTINUOUS
100
AcDbLine
 10
6.6704023228346454
 20
-5.0429447637795271
 30
0
 11
6.6702612204724412
 21
-5.0435171259842519
 31
0
  0
LINE
  5
523
330
22
100
AcDbEntity
  8
B.Cu
  6
CONTINUOUS
100
AcDbLine
 10
6.6702612204724412
 20
-5.0435171259842519
 30
0
 11
6.6669017322834643
 21
-5.0542981889763778
 31
0
  0
LINE
  5
524
330
22
100
AcDbEntity
  8
B.Cu
  6
CONTINUOUS
100
AcDbLine
 10
6.6669017322834643
 20
-5.0542981889763778
 30
0
 11
6.6666926771653543
 21
-5.0548494488188975
 31
0
  0
LINE
  5
525
330
22
100
AcDbEntity
  8
B.Cu
  6
CONTINUOUS
100
AcDbLine
 10
6.6666926771653543
 20
-5.0548494488188975
 30
0
 11
6.6620581496062989
 21
-5.0651468503937007
 31
0
  0
LINE
  5
526
330
22
100
AcDbEntity
  8
B.Cu
  6
CONTINUOUS
100
AcDbLine
 10
6.6620581496062989
 20
-5.0651468503937007
 30
0
 11
6.661784212598425
 21
-5.0656687795275586
 31
0
  0
LINE
  5
527
330
22
100
AcDbEntity
  8
B.Cu
  6
CONTINUOUS
100
AcDbLine
 10
6.661784212598425
 20
-5.0656687795275586
 30
0
 11
6.6559420472440944
 21
-5.0753329921259844
 31
0
  0
LINE
  5
528
330
22
100
AcDbEntity
  8
B.Cu
  6
CONTINUOUS
100
AcDbLine
 10
6.6559420472440944
 20
-5.0753329921259844
 30
0
 11
6.6556071653543309
 21
-5.0758181889763776
 31
0
  0
LINE
  5
529
330
22
100
AcDbEntity
  8
B.Cu
  6
CONTINUOUS
100
AcDbLine
 10
6.6556071653543309
 20
-5.0758181889763776
 30
0
 11
6.6486427165354325
 21
-5.0847075984251964
 31
0
  0
LINE
  5
52A
330
22
100
AcDbEntity
  8
B.Cu
  6
CONTINUOUS
100
AcDbLine
 10
6.6486427165354325
 20
-5.0847075984251964
 30
0
 11
6.648251771653543
 21
-5.0851488582677167
 31
0
  0
LINE
  5
52B
330
22
100
AcDbEntity
  8
B.Cu
  6
CONTINUOUS
100
AcDbLine
 10
6.648251771653543
 20
-5.0851488582677167
 30
0
 11
6.6402669685039371
 21
-5.0931336614173226
 31
0
  0
LINE
  5
52C
330
22
100
AcDbEntity
  8
B.Cu
  6
CONTINUOUS
100
AcDbLine
 10
6.6402669685039371
 20
-5.0931336614173226
 30
0
 11
6.6398257086614167
 21
-5.0935246062992121
 31
0
  0
LINE
  5
52D
330
22
100
AcDbEntity
  8
B.Cu
  6
CONTINUOUS
100
AcDbLine
 10
6.6398257086614167
 20
-5.0935246062992121
 30
0
 11
6.630936299212598
 21
-5.1004890551181097
 31
0
  0
LINE
  5
52E
330
22
100
AcDbEntity
  8
B.Cu
  6
CONTINUOUS
100
AcDbLine
 10
6.630936299212598
 20
-5.1004890551181097
 30
0
 11
6.6304511023622048
 21
-5.1008239370078741
 31
0
  0
LINE
  5
52F
330
22
100
AcDbEntity
  8
B.Cu
  6
CONTINUOUS
100
AcDbLine
 10
6.6304511023622048
 20
-5.1008239370078741
 30
0
 11
6.6207868897637789
 21
-5.1066661023622046
 31
0
  0
LINE
  5
530
330
22
100
AcDbEntity
  8
B.Cu
  6
CONTINUOUS
100
AcDbLine
 10
6.6207868897637789
 20
-5.1066661023622046
 30
0
 11
6.6202649606299211
 21
-5.1069400393700786
 31
0
  0
LINE
  5
531
330
22
100
AcDbEntity
  8
B.Cu
  6
CONTINUOUS
100
AcDbLine
 10
6.6202649606299211
 20
-5.1069400393700786
 30
0
 11
6.6099675590551179
 21
-5.1115745669291339
 31
0
  0
LINE
  5
532
330
22
100
AcDbEntity
  8
B.Cu
  6
CONTINUOUS
100
AcDbLine
 10
6.6099675590551179
 20
-5.1115745669291339
 30
0
 11
6.6094162992125982
 21
-5.1117836220472439
 31
0
  0
LINE
  5
533
330
22
100
AcDbEntity
  8
B.Cu
  6
CONTINUOUS
100
AcDbLine
 10
6.6094162992125982
 20
-5.1117836220472439
 30
0
 11
6.5986352362204723
 21
-5.1151431102362199
 31
0
  0
LINE
  5
534
330
22
100
AcDbEntity
  8
B.Cu
  6
CONTINUOUS
100
AcDbLine
 10
6.5986352362204723
 20
-5.1151431102362199
 30
0
 11
6.5980628740157483
 21
-5.115284212598425
 31
0
  0
LINE
  5
535
330
22
100
AcDbEntity
  8
B.Cu
  6
CONTINUOUS
100
AcDbLine
 10
6.5980628740157483
 20
-5.115284212598425
 30
0
 11
6.5869550787401572
 21
-5.1173198031496065
 31
0
  0
LINE
  5
536
330
22
100
AcDbEntity
  8
B.Cu
  6
CONTINUOUS
100
AcDbLine
 10
6.5869550787401572
 20
-5.1173198031496065
 30
0
 11
6.5863698425196846
 21
-5.117390866141732
 31
0
  0
LINE
  5
537
330
22
100
AcDbEntity
  8
B.Cu
  6
CONTINUOUS
100
AcDbLine
 10
6.5863698425196846
 20
-5.117390866141732
 30
0
 11
6.5749502362204719
 21
-5.1180816535433067
 31
0
  0
LINE
  5
538
330
22
100
AcDbEntity
  8
B.Cu
  6
CONTINUOUS
100
AcDbLine
 10
6.5749502362204719
 20
-5.1180816535433067
 30
0
 11
6.5746554724409449
 21
-5.1180905511811021
 31
0
  0
LINE
  5
539
330
22
100
AcDbEntity
  8
B.Cu
  6
CONTINUOUS
100
AcDbLine
 10
6.5746554724409449
 20
-5.1180905511811021
 30
0
 11
5.2363681496062995
 21
-5.1180905511811021
 31
0
  0
LINE
  5
53A
330
22
100
AcDbEntity
  8
B.Cu
  6
CONTINUOUS
100
AcDbLine
 10
5.2363681496062995
 20
-5.1180905511811021
 30
0
 11
5.2360733858267716
 21
-5.1180816535433067
 31
0
  0
LINE
  5
53B
330
22
100
AcDbEntity
  8
B.Cu
  6
CONTINUOUS
100
AcDbLine
 10
5.2360733858267716
 20
-5.1180816535433067
 30
0
 11
5.2246537401574802
 21
-5.117390866141732
 31
0
  0
LINE
  5
53C
330
22
100
AcDbEntity
  8
B.Cu
  6
CONTINUOUS
100
AcDbLine
 10
5.2246537401574802
 20
-5.117390866141732
 30
0
 11
5.2240685039370076
 21
-5.1173198031496065
 31
0
  0
LINE
  5
53D
330
22
100
AcDbEntity
  8
B.Cu
  6
CONTINUOUS
100
AcDbLine
 10
5.2240685039370076
 20
-5.1173198031496065
 30
0
 11
5.2129607086614174
 21
-5.115284212598425
 31
0
  0
LINE
  5
53E
330
22
100
AcDbEntity
  8
B.Cu
  6
CONTINUOUS
100
AcDbLine
 10
5.2129607086614174
 20
-5.115284212598425
 30
0
 11
5.2123883464566925
 21
-5.1151431102362199
 31
0
  0
LINE
  5
53F
330
22
100
AcDbEntity
  8
B.Cu
  6
CONTINUOUS
100
AcDbLine
 10
5.2123883464566925
 20
-5.1151431102362199
 30
0
 11
5.2016072834645666
 21
-5.1117836220472439
 31
0
  0
LINE
  5
540
330
22
100
AcDbEntity
  8
B.Cu
  6
CONTINUOUS
100
AcDbLine
 10
5.2016072834645666
 20
-5.1117836220472439
 30
0
 11
5.2010561811023619
 21
-5.1115746062992127
 31
0
  0
LINE
  5
541
330
22
100
AcDbEntity
  8
B.Cu
  6
CONTINUOUS
100
AcDbLine
 10
5.2010561811023619
 20
-5.1115746062992127
 30
0
 11
5.195043149606299
 21
-5.1088683464566929
 31
0
  0
LINE
  5
542
330
22
100
AcDbEntity
  8
B.Cu
  6
CONTINUOUS
100
AcDbLine
 10
5.195043149606299
 20
-5.1088683464566929
 30
0
 11
5.1907586220472437
 21
-5.1069400393700786
 31
0
  0
LINE
  5
543
330
22
100
AcDbEntity
  8
B.Cu
  6
CONTINUOUS
100
AcDbLine
 10
5.1907586220472437
 20
-5.1069400393700786
 30
0
 11
5.1902366929133859
 21
-5.1066661023622046
 31
0
  0
LINE
  5
544
330
22
100
AcDbEntity
  8
B.Cu
  6
CONTINUOUS
100
AcDbLine
 10
5.1902366929133859
 20
-5.1066661023622046
 30
0
 11
5.1805724803149609
 21
-5.1008239370078741
 31
0
  0
LINE
  5
545
330
22
100
AcDbEntity
  8
B.Cu
  6
CONTINUOUS
100
AcDbLine
 10
5.1805724803149609
 20
-5.1008239370078741
 30
0
 11
5.1800872834645668
 21
-5.1004890551181097
 31
0
  0
LINE
  5
546
330
22
100
AcDbEntity
  8
B.Cu
  6
CONTINUOUS
100
AcDbLine
 10
5.1800872834645668
 20
-5.1004890551181097
 30
0
 11
5.171197874015748
 21
-5.0935246062992121
 31
0
  0
LINE
  5
547
330
22
100
AcDbEntity
  8
B.Cu
  6
CONTINUOUS
100
AcDbLine
 10
5.171197874015748
 20
-5.0935246062992121
 30
0
 11
5.1707566141732286
 21
-5.0931336614173226
 31
0
  0
LINE
  5
548
330
22
100
AcDbEntity
  8
B.Cu
  6
CONTINUOUS
100
AcDbLine
 10
5.1707566141732286
 20
-5.0931336614173226
 30
0
 11
5.1627718110236218
 21
-5.0851488582677167
 31
0
  0
LINE
  5
549
330
22
100
AcDbEntity
  8
B.Cu
  6
CONTINUOUS
100
AcDbLine
 10
5.1627718110236218
 20
-5.0851488582677167
 30
0
 11
5.1623808661417323
 21
-5.0847075984251964
 31
0
  0
LINE
  5
54A
330
22
100
AcDbEntity
  8
B.Cu
  6
CONTINUOUS
100
AcDbLine
 10
5.1623808661417323
 20
-5.0847075984251964
 30
0
 11
5.1554162598425197
 21
-5.0758179527559051
 31
0
  0
LINE
  5
54B
330
22
100
AcDbEntity
  8
B.Cu
  6
CONTINUOUS
100
AcDbLine
 10
5.1554162598425197
 20
-5.0758179527559051
 30
0
 11
5.1550815354330703
 21
-5.0753329921259844
 31
0
  0
LINE
  5
54C
330
22
100
AcDbEntity
  8
B.Cu
  6
CONTINUOUS
100
AcDbLine
 10
5.1550815354330703
 20
-5.0753329921259844
 30
0
 11
5.1492393700787398
 21
-5.0656687795275586
 31
0
  0
LINE
  5
54D
330
22
100
AcDbEntity
  8
B.Cu
  6
CONTINUOUS
100
AcDbLine
 10
5.1492393700787398
 20
-5.0656687795275586
 30
0
 11
5.1489654330708658
 21
-5.0651468503937007
 31
0
  0
LINE
  5
54E
330
22
100
AcDbEntity
  8
B.Cu
  6
CONTINUOUS
100
AcDbLine
 10
5.1489654330708658
 20
-5.0651468503937007
 30
0
 11
5.1482133858267716
 21
-5.0634758661417321
 31
0
  0
LINE
  5
54F
330
22
100
AcDbEntity
  8
B.Cu
  6
CONTINUOUS
100
AcDbLine
 10
5.1482133858267716
 20
-5.0634758661417321
 30
0
 11
5.1443307086614176
 21
-5.0548489370078737
 31
0
  0
LINE
  5
550
330
22
100
AcDbEntity
  8
B.Cu
  6
CONTINUOUS
100
AcDbLine
 10
5.1443307086614176
 20
-5.0548489370078737
 30
0
 11
5.1441219685039368
 21
-5.0542985039370079
 31
0
  0
LINE
  5
551
330
22
100
AcDbEntity
  8
B.Cu
  6
CONTINUOUS
100
AcDbLine
 10
5.1441219685039368
 20
-5.0542985039370079
 30
0
 11
5.1407623228346457
 21
-5.0435170866141732
 31
0
  0
LINE
  5
552
330
22
100
AcDbEntity
  8
B.Cu
  6
CONTINUOUS
100
AcDbLine
 10
5.1407623228346457
 20
-5.0435170866141732
 30
0
 11
5.1406212598425194
 21
-5.0429447637795271
 31
0
  0
LINE
  5
553
330
22
100
AcDbEntity
  8
B.Cu
  6
CONTINUOUS
100
AcDbLine
 10
5.1406212598425194
 20
-5.0429447637795271
 30
0
 11
5.1385856692913388
 21
-5.0318369685039368
 31
0
  0
LINE
  5
554
330
22
100
AcDbEntity
  8
B.Cu
  6
CONTINUOUS
100
AcDbLine
 10
5.1385856692913388
 20
-5.0318369685039368
 30
0
 11
5.1385146062992124
 21
-5.0312517322834642
 31
0
  0
LINE
  5
555
330
22
100
AcDbEntity
  8
B.Cu
  6
CONTINUOUS
100
AcDbLine
 10
5.1385146062992124
 20
-5.0312517322834642
 30
0
 11
5.1378238582677165
 21
-5.0198321259842515
 31
0
  0
LINE
  5
556
330
22
100
AcDbEntity
  8
B.Cu
  6
CONTINUOUS
100
AcDbLine
 10
5.1378238582677165
 20
-5.0198321259842515
 30
0
 11
5.137814960629921
 21
-5.0195373622047246
 31
0
  0
LINE
  5
557
330
22
100
AcDbEntity
  8
B.Cu
  6
CONTINUOUS
100
AcDbLine
 10
5.137814960629921
 20
-5.0195373622047246
 30
0
 11
5.137814960629921
 21
-5.015655433070866
 31
0
  0
LINE
  5
558
330
22
100
AcDbEntity
  8
B.Cu
  6
CONTINUOUS
100
AcDbLine
 10
5.137814960629921
 20
-5.015655433070866
 30
0
 11
5.137814960629921
 21
-4.6641131889763781
 31
0
  0
LINE
  5
559
330
22
100
AcDbEntity
  8
B.Cu
  6
CONTINUOUS
100
AcDbLine
 10
5.137814960629921
 20
-4.6641131889763781
 30
0
 11
5.137814960629921
 21
-3.3294880314960631
 31
0
  0
LINE
  5
55A
330
22
100
AcDbEntity
  8
B.Cu
  6
CONTINUOUS
100
AcDbLine
 10
5.137814960629921
 20
-3.3294880314960631
 30
0
 11
5.137814960629921
 21
-2.8938484251968504
 31
0
  0
LINE
  5
55B
330
22
100
AcDbEntity
  8
B.Cu
  6
CONTINUOUS
100
AcDbLine
 10
5.137814960629921
 20
-2.8938484251968504
 30
0
 11
5.1378238582677165
 21
-2.893553661417323
 31
0
  0
LINE
  5
55C
330
22
100
AcDbEntity
  8
B.Cu
  6
CONTINUOUS
100
AcDbLine
 10
5.1378238582677165
 20
-2.893553661417323
 30
0
 11
5.1380587007874015
 21
-2.8896711811023623
 31
0
  0
LINE
  5
55D
330
22
100
AcDbEntity
  8
B.Cu
  6
CONTINUOUS
100
AcDbLine
 10
5.1380587007874015
 20
-2.8896711811023623
 30
0
 11
5.1380881496062987
 21
-2.8891846062992124
 31
0
  0
LINE
  5
55E
330
22
100
AcDbEntity
  8
B.Cu
  6
CONTINUOUS
100
AcDbLine
 10
5.1380881496062987
 20
-2.8891846062992124
 30
0
 11
5.1385146062992124
 21
-2.8821340551181103
 31
0
  0
LINE
  5
55F
330
22
100
AcDbEntity
  8
B.Cu
  6
CONTINUOUS
100
AcDbLine
 10
5.1385146062992124
 20
-2.8821340551181103
 30
0
 11
5.1385856692913388
 21
-2.8815488188976377
 31
0
  0
LINE
  5
560
330
22
100
AcDbEntity
  8
B.Cu
  6
CONTINUOUS
100
AcDbLine
 10
5.1385856692913388
 20
-2.8815488188976377
 30
0
 11
5.139960551181102
 21
-2.8740464960629919
 31
0
  0
LINE
  5
561
330
22
100
AcDbEntity
  8
B.Cu
  6
CONTINUOUS
100
AcDbLine
 10
5.139960551181102
 20
-2.8740464960629919
 30
0
 11
5.1406212598425194
 21
-2.8704408661417324
 31
0
  0
LINE
  5
562
330
22
100
AcDbEntity
  8
B.Cu
  6
CONTINUOUS
100
AcDbLine
 10
5.1406212598425194
 20
-2.8704408661417324
 30
0
 11
5.1407623622047245
 21
-2.8698686614173226
 31
0
  0
LINE
  5
563
330
22
100
AcDbEntity
  8
B.Cu
  6
CONTINUOUS
100
AcDbLine
 10
5.1407623622047245
 20
-2.8698686614173226
 30
0
 11
5.1413312598425192
 21
-2.868042992125984
 31
0
  0
LINE
  5
564
330
22
100
AcDbEntity
  8
B.Cu
  6
CONTINUOUS
100
AcDbLine
 10
5.1413312598425192
 20
-2.868042992125984
 30
0
 11
5.1441220078740155
 21
-2.8590870866141733
 31
0
  0
LINE
  5
565
330
22
100
AcDbEntity
  8
B.Cu
  6
CONTINUOUS
100
AcDbLine
 10
5.1441220078740155
 20
-2.8590870866141733
 30
0
 11
5.1443305905511814
 21
-2.8585370866141733
 31
0
  0
LINE
  5
566
330
22
100
AcDbEntity
  8
B.Cu
  6
CONTINUOUS
100
AcDbLine
 10
5.1443305905511814
 20
-2.8585370866141733
 30
0
 11
5.1489656299212596
 21
-2.8482385039370079
 31
0
  0
LINE
  5
567
330
22
100
AcDbEntity
  8
B.Cu
  6
CONTINUOUS
100
AcDbLine
 10
5.1489656299212596
 20
-2.8482385039370079
 30
0
 11
5.1492393700787398
 21
-2.8477170078740155
 31
0
  0
LINE
  5
568
330
22
100
AcDbEntity
  8
B.Cu
  6
CONTINUOUS
100
AcDbLine
 10
5.1492393700787398
 20
-2.8477170078740155
 30
0
 11
5.1523931496062989
 21
-2.8424999999999998
 31
0
  0
LINE
  5
569
330
22
100
AcDbEntity
  8
B.Cu
  6
CONTINUOUS
100
AcDbLine
 10
5.1523931496062989
 20
-2.8424999999999998
 30
0
 11
5.1550816929133854
 21
-2.8380525196850392
 31
0
  0
LINE
  5
56A
330
22
100
AcDbEntity
  8
B.Cu
  6
CONTINUOUS
100
AcDbLine
 10
5.1550816929133854
 20
-2.8380525196850392
 30
0
 11
5.1554160236220472
 21
-2.8375681102362202
 31
0
  0
LINE
  5
56B
330
22
100
AcDbEntity
  8
B.Cu
  6
CONTINUOUS
100
AcDbLine
 10
5.1554160236220472
 20
-2.8375681102362202
 30
0
 11
5.1623811417322836
 21
-2.8286778346456694
 31
0
  0
LINE
  5
56C
330
22
100
AcDbEntity
  8
B.Cu
  6
CONTINUOUS
100
AcDbLine
 10
5.1623811417322836
 20
-2.8286778346456694
 30
0
 11
5.1627714960629918
 21
-2.8282372440944883
 31
0
  0
LINE
  5
56D
330
22
100
AcDbEntity
  8
B.Cu
  6
CONTINUOUS
100
AcDbLine
 10
5.1627714960629918
 20
-2.8282372440944883
 30
0
 11
5.1707569291338578
 21
-2.8202518110236219
 31
0
  0
LINE
  5
56E
330
22
100
AcDbEntity
  8
B.Cu
  6
CONTINUOUS
100
AcDbLine
 10
5.1707569291338578
 20
-2.8202518110236219
 30
0
 11
5.1711975196850393
 21
-2.8198614566929132
 31
0
  0
LINE
  5
56F
330
22
100
AcDbEntity
  8
B.Cu
  6
CONTINUOUS
100
AcDbLine
 10
5.1711975196850393
 20
-2.8198614566929132
 30
0
 11
5.1800877952755906
 21
-2.8128963385826773
 31
0
  0
LINE
  5
570
330
22
100
AcDbEntity
  8
B.Cu
  6
CONTINUOUS
100
AcDbLine
 10
5.1800877952755906
 20
-2.8128963385826773
 30
0
 11
5.1805722047244096
 21
-2.8125620078740159
 31
0
  0
LINE
  5
571
330
22
100
AcDbEntity
  8
B.Cu
  6
CONTINUOUS
100
AcDbLine
 10
5.1805722047244096
 20
-2.8125620078740159
 30
0
 11
5.1902366929133859
 21
-2.8067196850393699
 31
0
  0
LINE
  5
572
330
22
100
AcDbEntity
  8
B.Cu
  6
CONTINUOUS
100
AcDbLine
 10
5.1902366929133859
 20
-2.8067196850393699
 30
0
 11
5.1907581889763774
 21
-2.8064459448818897
 31
0
  0
LINE
  5
573
330
22
100
AcDbEntity
  8
B.Cu
  6
CONTINUOUS
100
AcDbLine
 10
5.1907581889763774
 20
-2.8064459448818897
 30
0
 11
5.2010567716535432
 21
-2.801810905511811
 31
0
  0
LINE
  5
574
330
22
100
AcDbEntity
  8
B.Cu
  6
CONTINUOUS
100
AcDbLine
 10
5.2010567716535432
 20
-2.801810905511811
 30
0
 11
5.2016067716535428
 21
-2.8016023228346456
 31
0
  0
LINE
  5
575
330
22
100
AcDbEntity
  8
B.Cu
  6
CONTINUOUS
100
AcDbLine
 10
5.2016067716535428
 20
-2.8016023228346456
 30
0
 11
5.2123885039370075
 21
-2.7982425984251966
 31
0
  0
LINE
  5
576
330
22
100
AcDbEntity
  8
B.Cu
  6
CONTINUOUS
100
AcDbLine
 10
5.2123885039370075
 20
-2.7982425984251966
 30
0
 11
5.2129605511811024
 21
-2.7981015748031495
 31
0
  0
LINE
  5
577
330
22
100
AcDbEntity
  8
B.Cu
  6
CONTINUOUS
100
AcDbLine
 10
5.2129605511811024
 20
-2.7981015748031495
 30
0
 11
5.2240686614173226
 21
-2.7960659448818896
 31
0
  0
LINE
  5
578
330
22
100
AcDbEntity
  8
B.Cu
  6
CONTINUOUS
100
AcDbLine
 10
5.2240686614173226
 20
-2.7960659448818896
 30
0
 11
5.2246535826771652
 21
-2.7959949212598425
 31
0
  0
LINE
  5
579
330
22
100
AcDbEntity
  8
B.Cu
  6
CONTINUOUS
100
AcDbLine
 10
5.2246535826771652
 20
-2.7959949212598425
 30
0
 11
5.2360733858267716
 21
-2.7953041732283466
 31
0
  0
LINE
  5
57A
330
22
100
AcDbEntity
  8
B.Cu
  6
CONTINUOUS
100
AcDbLine
 10
5.2360733858267716
 20
-2.7953041732283466
 30
0
 11
5.2363681496062995
 21
-2.7952952755905511
 31
0
  0
LINE
  5
57B
330
22
100
AcDbEntity
  8
B.Cu
  6
CONTINUOUS
100
AcDbLine
 10
5.2363681496062995
 20
-2.7952952755905511
 30
0
 11
5.238814645669291
 21
-2.7952952755905511
 31
0
  0
LINE
  5
57C
330
22
100
AcDbEntity
  8
B.Cu
  6
CONTINUOUS
100
AcDbLine
 10
5.238814645669291
 20
-2.7952952755905511
 30
0
 11
6.5722089763779525
 21
-2.7952952755905511
 31
0
  0
LINE
  5
57D
330
22
100
AcDbEntity
  8
B.Cu
  6
CONTINUOUS
100
AcDbLine
 10
6.5722089763779525
 20
-2.7952952755905511
 30
0
 11
6.5746554724409449
 21
-2.7952952755905511
 31
0
  0
LINE
  5
57E
330
22
100
AcDbEntity
  8
B.Cu
  6
CONTINUOUS
100
AcDbLine
 10
6.5746554724409449
 20
-2.7952952755905511
 30
0
 11
6.5749502362204719
 21
-2.7953041732283466
 31
0
  0
LINE
  5
57F
330
22
100
AcDbEntity
  8
B.Cu
  6
CONTINUOUS
100
AcDbLine
 10
5.2490715748031498
 20
-3.3348158267716537
 30
0
 11
5.249071692913386
 21
-3.3348162204724408
 31
0
  0
LINE
  5
580
330
22
100
AcDbEntity
  8
B.Cu
  6
CONTINUOUS
100
AcDbLine
 10
5.249071692913386
 20
-3.3348162204724408
 30
0
 11
5.251150472440945
 21
-3.3398349212598424
 31
0
  0
LINE
  5
581
330
22
100
AcDbEntity
  8
B.Cu
  6
CONTINUOUS
100
AcDbLine
 10
5.251150472440945
 20
-3.3398349212598424
 30
0
 11
5.2541687795275589
 21
-3.3443521653543304
 31
0
  0
LINE
  5
582
330
22
100
AcDbEntity
  8
B.Cu
  6
CONTINUOUS
100
AcDbLine
 10
5.2541687795275589
 20
-3.3443521653543304
 30
0
 11
5.2541688188976376
 21
-3.3443522047244092
 31
0
  0
LINE
  5
583
330
22
100
AcDbEntity
  8
B.Cu
  6
CONTINUOUS
100
AcDbLine
 10
5.2541688188976376
 20
-3.3443522047244092
 30
0
 11
5.3450071259842522
 21
-3.435190472440945
 31
0
  0
LINE
  5
584
330
22
100
AcDbEntity
  8
B.Cu
  6
CONTINUOUS
100
AcDbLine
 10
5.3450071259842522
 20
-3.435190472440945
 30
0
 11
5.3463254330708656
 21
-3.4376047637795275
 31
0
  0
LINE
  5
585
330
22
100
AcDbEntity
  8
B.Cu
  6
CONTINUOUS
100
AcDbLine
 10
5.3463254330708656
 20
-3.4376047637795275
 30
0
 11
5.346437007874016
 21
-3.4386424803149604
 31
0
  0
LINE
  5
586
330
22
100
AcDbEntity
  8
B.Cu
  6
CONTINUOUS
100
AcDbLine
 10
5.346437007874016
 20
-3.4386424803149604
 30
0
 11
5.346437007874016
 21
-4.4264175590551176
 31
0
  0
LINE
  5
587
330
22
100
AcDbEntity
  8
B.Cu
  6
CONTINUOUS
100
AcDbLine
 10
5.346437007874016
 20
-4.4264175590551176
 30
0
 11
5.346437007874016
 21
-4.4318501574803149
 31
0
  0
LINE
  5
588
330
22
100
AcDbEntity
  8
B.Cu
  6
CONTINUOUS
100
AcDbLine
 10
5.346437007874016
 20
-4.4318501574803149
 30
0
 11
5.346437007874016
 21
-4.4318502362204724
 31
0
  0
LINE
  5
589
330
22
100
AcDbEntity
  8
B.Cu
  6
CONTINUOUS
100
AcDbLine
 10
5.346437007874016
 20
-4.4318502362204724
 30
0
 11
5.3464369685039372
 21
-4.4318502362204724
 31
0
  0
LINE
  5
58A
330
22
100
AcDbEntity
  8
B.Cu
  6
CONTINUOUS
100
AcDbLine
 10
5.3464369685039372
 20
-4.4318502362204724
 30
0
 11
5.3474967716535433
 21
-4.4371780314960629
 31
0
  0
LINE
  5
58B
330
22
100
AcDbEntity
  8
B.Cu
  6
CONTINUOUS
100
AcDbLine
 10
5.3474967716535433
 20
-4.4371780314960629
 30
0
 11
5.3474968897637796
 21
-4.4371784251968505
 31
0
  0
LINE
  5
58C
330
22
100
AcDbEntity
  8
B.Cu
  6
CONTINUOUS
100
AcDbLine
 10
5.3474968897637796
 20
-4.4371784251968505
 30
0
 11
5.3495756692913385
 21
-4.4421971259842516
 31
0
  0
LINE
  5
58D
330
22
100
AcDbEntity
  8
B.Cu
  6
CONTINUOUS
100
AcDbLine
 10
5.3495756692913385
 20
-4.4421971259842516
 30
0
 11
5.3525939763779524
 21
-4.4467143700787402
 31
0
  0
LINE
  5
58E
330
22
100
AcDbEntity
  8
B.Cu
  6
CONTINUOUS
100
AcDbLine
 10
5.3525939763779524
 20
-4.4467143700787402
 30
0
 11
5.3525940157480312
 21
-4.4467144094488189
 31
0
  0
LINE
  5
58F
330
22
100
AcDbEntity
  8
B.Cu
  6
CONTINUOUS
100
AcDbLine
 10
5.3525940157480312
 20
-4.4467144094488189
 30
0
 11
5.4116490551181098
 21
-4.50576937007874
 31
0
  0
LINE
  5
590
330
22
100
AcDbEntity
  8
B.Cu
  6
CONTINUOUS
100
AcDbLine
 10
5.4116490551181098
 20
-4.50576937007874
 30
0
 11
5.4154903937007877
 21
-4.509610708661417
 31
0
  0
LINE
  5
591
330
22
100
AcDbEntity
  8
B.Cu
  6
CONTINUOUS
100
AcDbLine
 10
5.4154903937007877
 20
-4.509610708661417
 30
0
 11
5.4154905118110239
 21
-4.5096108267716533
 31
0
  0
LINE
  5
592
330
22
100
AcDbEntity
  8
B.Cu
  6
CONTINUOUS
100
AcDbLine
 10
5.4154905118110239
 20
-4.5096108267716533
 30
0
 11
5.4200071653543302
 21
-4.5126287795275593
 31
0
  0
LINE
  5
593
330
22
100
AcDbEntity
  8
B.Cu
  6
CONTINUOUS
100
AcDbLine
 10
5.4200071653543302
 20
-4.5126287795275593
 30
0
 11
5.4200073228346453
 21
-4.5126288582677168
 31
0
  0
LINE
  5
594
330
22
100
AcDbEntity
  8
B.Cu
  6
CONTINUOUS
100
AcDbLine
 10
5.4200073228346453
 20
-4.5126288582677168
 30
0
 11
5.4200074409448815
 21
-4.5126289370078743
 31
0
  0
LINE
  5
595
330
22
100
AcDbEntity
  8
B.Cu
  6
CONTINUOUS
100
AcDbLine
 10
5.4200074409448815
 20
-4.5126289370078743
 30
0
 11
5.4229474803149609
 21
-4.5138467322834641
 31
0
  0
LINE
  5
596
330
22
100
AcDbEntity
  8
B.Cu
  6
CONTINUOUS
100
AcDbLine
 10
5.4229474803149609
 20
-4.5138467322834641
 30
0
 11
5.4229475196850396
 21
-4.5138467322834641
 31
0
  0
LINE
  5
597
330
22
100
AcDbEntity
  8
B.Cu
  6
CONTINUOUS
100
AcDbLine
 10
5.4229475196850396
 20
-4.5138467322834641
 30
0
 11
5.4229475984251971
 21
-4.5138468110236216
 31
0
  0
LINE
  5
598
330
22
100
AcDbEntity
  8
B.Cu
  6
CONTINUOUS
100
AcDbLine
 10
5.4229475984251971
 20
-4.5138468110236216
 30
0
 11
5.4250262204724411
 21
-4.5147077952755907
 31
0
  0
LINE
  5
599
330
22
100
AcDbEntity
  8
B.Cu
  6
CONTINUOUS
100
AcDbLine
 10
5.4250262204724411
 20
-4.5147077952755907
 30
0
 11
5.4250264173228349
 21
-4.5147078740157482
 31
0
  0
LINE
  5
59A
330
22
100
AcDbEntity
  8
B.Cu
  6
CONTINUOUS
100
AcDbLine
 10
5.4250264173228349
 20
-4.5147078740157482
 30
0
 11
5.4250267716535427
 21
-4.514707913385827
 31
0
  0
LINE
  5
59B
330
22
100
AcDbEntity
  8
B.Cu
  6
CONTINUOUS
100
AcDbLine
 10
5.4250267716535427
 20
-4.514707913385827
 30
0
 11
5.4250268110236215
 21
-4.5147079527559058
 31
0
  0
LINE
  5
59C
330
22
100
AcDbEntity
  8
B.Cu
  6
CONTINUOUS
100
AcDbLine
 10
5.4250268110236215
 20
-4.5147079527559058
 30
0
 11
5.426084448818898
 21
-4.5149183070866137
 31
0
  0
LINE
  5
59D
330
22
100
AcDbEntity
  8
B.Cu
  6
CONTINUOUS
100
AcDbLine
 10
5.426084448818898
 20
-4.5149183070866137
 30
0
 11
5.4260846850393696
 21
-4.5149183464566924
 31
0
  0
LINE
  5
59E
330
22
100
AcDbEntity
  8
B.Cu
  6
CONTINUOUS
100
AcDbLine
 10
5.4260846850393696
 20
-4.5149183464566924
 30
0
 11
5.4260862598425197
 21
-4.5149186614173225
 31
0
  0
LINE
  5
59F
330
22
100
AcDbEntity
  8
B.Cu
  6
CONTINUOUS
100
AcDbLine
 10
5.4260862598425197
 20
-4.5149186614173225
 30
0
 11
5.4296431889763781
 21
-4.5156261811023617
 31
0
  0
LINE
  5
5A0
330
22
100
AcDbEntity
  8
B.Cu
  6
CONTINUOUS
100
AcDbLine
 10
5.4296431889763781
 20
-4.5156261811023617
 30
0
 11
5.4303545669291333
 21
-4.5157677165354331
 31
0
  0
LINE
  5
5A1
330
22
100
AcDbEntity
  8
B.Cu
  6
CONTINUOUS
100
AcDbLine
 10
5.4303545669291333
 20
-4.5157677165354331
 30
0
 11
5.4303546062992121
 21
-4.5157677165354331
 31
0
  0
LINE
  5
5A2
330
22
100
AcDbEntity
  8
B.Cu
  6
CONTINUOUS
100
AcDbLine
 10
5.4303546062992121
 20
-4.5157677165354331
 30
0
 11
5.6129525984251964
 21
-4.5157677165354331
 31
0
  0
LINE
  5
5A3
330
22
100
AcDbEntity
  8
B.Cu
  6
CONTINUOUS
100
AcDbLine
 10
5.6129525984251964
 20
-4.5157677165354331
 30
0
 11
5.6172227165354327
 21
-4.5149183070866137
 31
0
  0
LINE
  5
5A4
330
22
100
AcDbEntity
  8
B.Cu
  6
CONTINUOUS
100
AcDbLine
 10
5.6172227165354327
 20
-4.5149183070866137
 30
0
 11
5.6182806299212595
 21
-4.5147078740157482
 31
0
  0
LINE
  5
5A5
330
22
100
AcDbEntity
  8
B.Cu
  6
CONTINUOUS
100
AcDbLine
 10
5.6182806299212595
 20
-4.5147078740157482
 30
0
 11
5.6207901181102358
 21
-4.5136683858267714
 31
0
  0
LINE
  5
5A6
330
22
100
AcDbEntity
  8
B.Cu
  6
CONTINUOUS
100
AcDbLine
 10
5.6207901181102358
 20
-4.5136683858267714
 30
0
 11
5.6232994881889766
 21
-4.5126290157480318
 31
0
  0
LINE
  5
5A7
330
22
100
AcDbEntity
  8
B.Cu
  6
CONTINUOUS
100
AcDbLine
 10
5.6232994881889766
 20
-4.5126290157480318
 30
0
 11
5.6232995275590554
 21
-4.512628976377953
 31
0
  0
LINE
  5
5A8
330
22
100
AcDbEntity
  8
B.Cu
  6
CONTINUOUS
100
AcDbLine
 10
5.6232995275590554
 20
-4.512628976377953
 30
0
 11
5.6232996456692916
 21
-4.5126289370078743
 31
0
  0
LINE
  5
5A9
330
22
100
AcDbEntity
  8
B.Cu
  6
CONTINUOUS
100
AcDbLine
 10
5.6232996456692916
 20
-4.5126289370078743
 30
0
 11
5.6278166535433067
 21
-4.5096107874015745
 31
0
  0
LINE
  5
5AA
330
22
100
AcDbEntity
  8
B.Cu
  6
CONTINUOUS
100
AcDbLine
 10
5.6278166535433067
 20
-4.5096107874015745
 30
0
 11
5.6769336220472439
 21
-4.4604938188976373
 31
0
  0
LINE
  5
5AB
330
22
100
AcDbEntity
  8
B.Cu
  6
CONTINUOUS
100
AcDbLine
 10
5.6769336220472439
 20
-4.4604938188976373
 30
0
 11
5.6799517716535428
 21
-4.4559768110236222
 31
0
  0
LINE
  5
5AC
330
22
100
AcDbEntity
  8
B.Cu
  6
CONTINUOUS
100
AcDbLine
 10
5.6799517716535428
 20
-4.4559768110236222
 30
0
 11
5.6820307086614168
 21
-4.4509577952755901
 31
0
  0
LINE
  5
5AD
330
22
100
AcDbEntity
  8
B.Cu
  6
CONTINUOUS
100
AcDbLine
 10
5.6820307086614168
 20
-4.4509577952755901
 30
0
 11
5.6823775196850397
 21
-4.4492141732283468
 31
0
  0
LINE
  5
5AE
330
22
100
AcDbEntity
  8
B.Cu
  6
CONTINUOUS
100
AcDbLine
 10
5.6823775196850397
 20
-4.4492141732283468
 30
0
 11
5.6830905511811025
 21
-4.4456297637795279
 31
0
  0
LINE
  5
5AF
330
22
100
AcDbEntity
  8
B.Cu
  6
CONTINUOUS
100
AcDbLine
 10
5.6830905511811025
 20
-4.4456297637795279
 30
0
 11
5.6830905511811025
 21
-4.4202109055118113
 31
0
  0
LINE
  5
5B0
330
22
100
AcDbEntity
  8
B.Cu
  6
CONTINUOUS
100
AcDbLine
 10
5.6830905511811025
 20
-4.4202109055118113
 30
0
 11
5.6838655511811025
 21
-4.4175715748031497
 31
0
  0
LINE
  5
5B1
330
22
100
AcDbEntity
  8
B.Cu
  6
CONTINUOUS
100
AcDbLine
 10
5.6838655511811025
 20
-4.4175715748031497
 30
0
 11
5.6845205118110238
 21
-4.4167588188976374
 31
0
  0
LINE
  5
5B2
330
22
100
AcDbEntity
  8
B.Cu
  6
CONTINUOUS
100
AcDbLine
 10
5.6845205118110238
 20
-4.4167588188976374
 30
0
 11
5.6851903543307083
 21
-4.4160889763779529
 31
0
  0
LINE
  5
5B3
330
22
100
AcDbEntity
  8
B.Cu
  6
CONTINUOUS
100
AcDbLine
 10
5.6851903543307083
 20
-4.4160889763779529
 30
0
 11
5.6851904330708658
 21
-4.4160888976377954
 31
0
  0
LINE
  5
5B4
330
22
100
AcDbEntity
  8
B.Cu
  6
CONTINUOUS
100
AcDbLine
 10
5.6851904330708658
 20
-4.4160888976377954
 30
0
 11
5.6893718897637795
 21
-4.409830866141732
 31
0
  0
LINE
  5
5B5
330
22
100
AcDbEntity
  8
B.Cu
  6
CONTINUOUS
100
AcDbLine
 10
5.6893718897637795
 20
-4.409830866141732
 30
0
 11
5.6922521259842522
 21
-4.4028773228346454
 31
0
  0
LINE
  5
5B6
330
22
100
AcDbEntity
  8
B.Cu
  6
CONTINUOUS
100
AcDbLine
 10
5.6922521259842522
 20
-4.4028773228346454
 30
0
 11
5.6937204724409449
 21
-4.3954955118110233
 31
0
  0
LINE
  5
5B7
330
22
100
AcDbEntity
  8
B.Cu
  6
CONTINUOUS
100
AcDbLine
 10
5.6937204724409449
 20
-4.3954955118110233
 30
0
 11
5.6937204724409449
 21
-4.3541107874015745
 31
0
  0
LINE
  5
5B8
330
22
100
AcDbEntity
  8
B.Cu
  6
CONTINUOUS
100
AcDbLine
 10
5.6937204724409449
 20
-4.3541107874015745
 30
0
 11
5.6937204724409449
 21
-4.3541106692913383
 31
0
  0
LINE
  5
5B9
330
22
100
AcDbEntity
  8
B.Cu
  6
CONTINUOUS
100
AcDbLine
 10
5.6937204724409449
 20
-4.3541106692913383
 30
0
 11
5.692252165354331
 21
-4.3467291732283462
 31
0
  0
LINE
  5
5BA
330
22
100
AcDbEntity
  8
B.Cu
  6
CONTINUOUS
100
AcDbLine
 10
5.692252165354331
 20
-4.3467291732283462
 30
0
 11
5.6922521259842522
 21
-4.3467291338582674
 31
0
  0
LINE
  5
5BB
330
22
100
AcDbEntity
  8
B.Cu
  6
CONTINUOUS
100
AcDbLine
 10
5.6922521259842522
 20
-4.3467291338582674
 30
0
 11
5.6922521259842522
 21
-4.3467289763779524
 31
0
  0
LINE
  5
5BC
330
22
100
AcDbEntity
  8
B.Cu
  6
CONTINUOUS
100
AcDbLine
 10
5.6922521259842522
 20
-4.3467289763779524
 30
0
 11
5.6898555511811022
 21
-4.3409430708661416
 31
0
  0
LINE
  5
5BD
330
22
100
AcDbEntity
  8
B.Cu
  6
CONTINUOUS
100
AcDbLine
 10
5.6898555511811022
 20
-4.3409430708661416
 30
0
 11
5.689371968503937
 21
-4.339775551181102
 31
0
  0
LINE
  5
5BE
330
22
100
AcDbEntity
  8
B.Cu
  6
CONTINUOUS
100
AcDbLine
 10
5.689371968503937
 20
-4.339775551181102
 30
0
 11
5.6851903543307083
 21
-4.333517283464567
 31
0
  0
LINE
  5
5BF
330
22
100
AcDbEntity
  8
B.Cu
  6
CONTINUOUS
100
AcDbLine
 10
5.6851903543307083
 20
-4.333517283464567
 30
0
 11
5.6798685039370076
 21
-4.3281954330708663
 31
0
  0
LINE
  5
5C0
330
22
100
AcDbEntity
  8
B.Cu
  6
CONTINUOUS
100
AcDbLine
 10
5.6798685039370076
 20
-4.3281954330708663
 30
0
 11
5.6736102362204726
 21
-4.3240138188976376
 31
0
  0
LINE
  5
5C1
330
22
100
AcDbEntity
  8
B.Cu
  6
CONTINUOUS
100
AcDbLine
 10
5.6736102362204726
 20
-4.3240138188976376
 30
0
 11
5.6666570078740159
 21
-4.3211337401574799
 31
0
  0
LINE
  5
5C2
330
22
100
AcDbEntity
  8
B.Cu
  6
CONTINUOUS
100
AcDbLine
 10
5.6666570078740159
 20
-4.3211337401574799
 30
0
 11
5.6666566141732284
 21
-4.3211336220472436
 31
0
  0
LINE
  5
5C3
330
22
100
AcDbEntity
  8
B.Cu
  6
CONTINUOUS
100
AcDbLine
 10
5.6666566141732284
 20
-4.3211336220472436
 30
0
 11
5.6592751181102363
 21
-4.3196653543307084
 31
0
  0
LINE
  5
5C4
330
22
100
AcDbEntity
  8
B.Cu
  6
CONTINUOUS
100
AcDbLine
 10
5.6592751181102363
 20
-4.3196653543307084
 30
0
 11
5.6592750393700788
 21
-4.3196653543307084
 31
0
  0
LINE
  5
5C5
330
22
100
AcDbEntity
  8
B.Cu
  6
CONTINUOUS
100
AcDbLine
 10
5.6592750393700788
 20
-4.3196653543307084
 30
0
 11
5.6517485826771656
 21
-4.3196653543307084
 31
0
  0
LINE
  5
5C6
330
22
100
AcDbEntity
  8
B.Cu
  6
CONTINUOUS
100
AcDbLine
 10
5.6517485826771656
 20
-4.3196653543307084
 30
0
 11
5.6517485039370081
 21
-4.3196653543307084
 31
0
  0
LINE
  5
5C7
330
22
100
AcDbEntity
  8
B.Cu
  6
CONTINUOUS
100
AcDbLine
 10
5.6517485039370081
 20
-4.3196653543307084
 30
0
 11
5.6443669685039373
 21
-4.3211336220472436
 31
0
  0
LINE
  5
5C8
330
22
100
AcDbEntity
  8
B.Cu
  6
CONTINUOUS
100
AcDbLine
 10
5.6443669685039373
 20
-4.3211336220472436
 30
0
 11
5.6443665748031497
 21
-4.3211337401574799
 31
0
  0
LINE
  5
5C9
330
22
100
AcDbEntity
  8
B.Cu
  6
CONTINUOUS
100
AcDbLine
 10
5.6443665748031497
 20
-4.3211337401574799
 30
0
 11
5.6374133464566931
 21
-4.3240138188976376
 31
0
  0
LINE
  5
5CA
330
22
100
AcDbEntity
  8
B.Cu
  6
CONTINUOUS
100
AcDbLine
 10
5.6374133464566931
 20
-4.3240138188976376
 30
0
 11
5.6311550787401572
 21
-4.3281954330708663
 31
0
  0
LINE
  5
5CB
330
22
100
AcDbEntity
  8
B.Cu
  6
CONTINUOUS
100
AcDbLine
 10
5.6311550787401572
 20
-4.3281954330708663
 30
0
 11
5.6258332283464565
 21
-4.333517283464567
 31
0
  0
LINE
  5
5CC
330
22
100
AcDbEntity
  8
B.Cu
  6
CONTINUOUS
100
AcDbLine
 10
5.6258332283464565
 20
-4.333517283464567
 30
0
 11
5.6216516141732278
 21
-4.339775551181102
 31
0
  0
LINE
  5
5CD
330
22
100
AcDbEntity
  8
B.Cu
  6
CONTINUOUS
100
AcDbLine
 10
5.6216516141732278
 20
-4.339775551181102
 30
0
 11
5.618771535433071
 21
-4.3467287795275587
 31
0
  0
LINE
  5
5CE
330
22
100
AcDbEntity
  8
B.Cu
  6
CONTINUOUS
100
AcDbLine
 10
5.618771535433071
 20
-4.3467287795275587
 30
0
 11
5.6187714173228347
 21
-4.3467291732283462
 31
0
  0
LINE
  5
5CF
330
22
100
AcDbEntity
  8
B.Cu
  6
CONTINUOUS
100
AcDbLine
 10
5.6187714173228347
 20
-4.3467291732283462
 30
0
 11
5.6173031496062995
 21
-4.3541106692913383
 31
0
  0
LINE
  5
5D0
330
22
100
AcDbEntity
  8
B.Cu
  6
CONTINUOUS
100
AcDbLine
 10
5.6173031496062995
 20
-4.3541106692913383
 30
0
 11
5.6173031496062995
 21
-4.3541107874015745
 31
0
  0
LINE
  5
5D1
330
22
100
AcDbEntity
  8
B.Cu
  6
CONTINUOUS
100
AcDbLine
 10
5.6173031496062995
 20
-4.3541107874015745
 30
0
 11
5.6173031496062995
 21
-4.3954955118110233
 31
0
  0
LINE
  5
5D2
330
22
100
AcDbEntity
  8
B.Cu
  6
CONTINUOUS
100
AcDbLine
 10
5.6173031496062995
 20
-4.3954955118110233
 30
0
 11
5.6173031496062995
 21
-4.3954955905511808
 31
0
  0
LINE
  5
5D3
330
22
100
AcDbEntity
  8
B.Cu
  6
CONTINUOUS
100
AcDbLine
 10
5.6173031496062995
 20
-4.3954955905511808
 30
0
 11
5.6173031102362208
 21
-4.3954955905511808
 31
0
  0
LINE
  5
5D4
330
22
100
AcDbEntity
  8
B.Cu
  6
CONTINUOUS
100
AcDbLine
 10
5.6173031102362208
 20
-4.3954955905511808
 30
0
 11
5.6187714173228347
 21
-4.4028770866141729
 31
0
  0
LINE
  5
5D5
330
22
100
AcDbEntity
  8
B.Cu
  6
CONTINUOUS
100
AcDbLine
 10
5.6187714173228347
 20
-4.4028770866141729
 30
0
 11
5.618771535433071
 21
-4.4028774803149604
 31
0
  0
LINE
  5
5D6
330
22
100
AcDbEntity
  8
B.Cu
  6
CONTINUOUS
100
AcDbLine
 10
5.618771535433071
 20
-4.4028774803149604
 30
0
 11
5.6216516141732278
 21
-4.409830708661417
 31
0
  0
LINE
  5
5D7
330
22
100
AcDbEntity
  8
B.Cu
  6
CONTINUOUS
100
AcDbLine
 10
5.6216516141732278
 20
-4.409830708661417
 30
0
 11
5.6258332283464565
 21
-4.4160889763779529
 31
0
  0
LINE
  5
5D8
330
22
100
AcDbEntity
  8
B.Cu
  6
CONTINUOUS
100
AcDbLine
 10
5.6258332283464565
 20
-4.4160889763779529
 30
0
 11
5.6265031102362206
 21
-4.4167588188976374
 31
0
  0
LINE
  5
5D9
330
22
100
AcDbEntity
  8
B.Cu
  6
CONTINUOUS
100
AcDbLine
 10
5.6265031102362206
 20
-4.4167588188976374
 30
0
 11
5.6278214960629924
 21
-4.4191730708661412
 31
0
  0
LINE
  5
5DA
330
22
100
AcDbEntity
  8
B.Cu
  6
CONTINUOUS
100
AcDbLine
 10
5.6278214960629924
 20
-4.4191730708661412
 30
0
 11
5.6279330708661419
 21
-4.4202109055118113
 31
0
  0
LINE
  5
5DB
330
22
100
AcDbEntity
  8
B.Cu
  6
CONTINUOUS
100
AcDbLine
 10
5.6279330708661419
 20
-4.4202109055118113
 30
0
 11
5.6279330708661419
 21
-4.4294677559055113
 31
0
  0
LINE
  5
5DC
330
22
100
AcDbEntity
  8
B.Cu
  6
CONTINUOUS
100
AcDbLine
 10
5.6279330708661419
 20
-4.4294677559055113
 30
0
 11
5.6271580708661419
 21
-4.432107086614173
 31
0
  0
LINE
  5
5DD
330
22
100
AcDbEntity
  8
B.Cu
  6
CONTINUOUS
100
AcDbLine
 10
5.6271580708661419
 20
-4.432107086614173
 30
0
 11
5.6265031889763781
 21
-4.4329197637795277
 31
0
  0
LINE
  5
5DE
330
22
100
AcDbEntity
  8
B.Cu
  6
CONTINUOUS
100
AcDbLine
 10
5.6265031889763781
 20
-4.4329197637795277
 30
0
 11
5.6002425984251971
 21
-4.4591803543307087
 31
0
  0
LINE
  5
5DF
330
22
100
AcDbEntity
  8
B.Cu
  6
CONTINUOUS
100
AcDbLine
 10
5.6002425984251971
 20
-4.4591803543307087
 30
0
 11
5.5978283070866137
 21
-4.460498661417323
 31
0
  0
LINE
  5
5E0
330
22
100
AcDbEntity
  8
B.Cu
  6
CONTINUOUS
100
AcDbLine
 10
5.5978283070866137
 20
-4.460498661417323
 30
0
 11
5.5967905905511808
 21
-4.4606102362204725
 31
0
  0
LINE
  5
5E1
330
22
100
AcDbEntity
  8
B.Cu
  6
CONTINUOUS
100
AcDbLine
 10
5.5967905905511808
 20
-4.4606102362204725
 30
0
 11
5.4465164566929136
 21
-4.4606102362204725
 31
0
  0
LINE
  5
5E2
330
22
100
AcDbEntity
  8
B.Cu
  6
CONTINUOUS
100
AcDbLine
 10
5.4465164566929136
 20
-4.4606102362204725
 30
0
 11
5.443877125984252
 21
-4.4598352362204725
 31
0
  0
LINE
  5
5E3
330
22
100
AcDbEntity
  8
B.Cu
  6
CONTINUOUS
100
AcDbLine
 10
5.443877125984252
 20
-4.4598352362204725
 30
0
 11
5.4430644488188973
 21
-4.4591803543307087
 31
0
  0
LINE
  5
5E4
330
22
100
AcDbEntity
  8
B.Cu
  6
CONTINUOUS
100
AcDbLine
 10
5.4430644488188973
 20
-4.4591803543307087
 30
0
 11
5.4030243700787404
 21
-4.4191402362204721
 31
0
  0
LINE
  5
5E5
330
22
100
AcDbEntity
  8
B.Cu
  6
CONTINUOUS
100
AcDbLine
 10
5.4030243700787404
 20
-4.4191402362204721
 30
0
 11
5.4017060629921261
 21
-4.4167259448818896
 31
0
  0
LINE
  5
5E6
330
22
100
AcDbEntity
  8
B.Cu
  6
CONTINUOUS
100
AcDbLine
 10
5.4017060629921261
 20
-4.4167259448818896
 30
0
 11
5.4015944881889766
 21
-4.4156882283464567
 31
0
  0
LINE
  5
5E7
330
22
100
AcDbEntity
  8
B.Cu
  6
CONTINUOUS
100
AcDbLine
 10
5.4015944881889766
 20
-4.4156882283464567
 30
0
 11
5.4015944881889766
 21
-3.5263384251968501
 31
0
  0
LINE
  5
5E8
330
22
100
AcDbEntity
  8
B.Cu
  6
CONTINUOUS
100
AcDbLine
 10
5.4015944881889766
 20
-3.5263384251968501
 30
0
 11
5.4015944881889766
 21
-3.4224804724409448
 31
0
  0
LINE
  5
5E9
330
22
100
AcDbEntity
  8
B.Cu
  6
CONTINUOUS
100
AcDbLine
 10
5.4015944881889766
 20
-3.4224804724409448
 30
0
 11
5.4005346850393696
 21
-3.4171526377952754
 31
0
  0
LINE
  5
5EA
330
22
100
AcDbEntity
  8
B.Cu
  6
CONTINUOUS
100
AcDbLine
 10
5.4005346850393696
 20
-3.4171526377952754
 30
0
 11
5.4005346456692909
 21
-3.4171525984251967
 31
0
  0
LINE
  5
5EB
330
22
100
AcDbEntity
  8
B.Cu
  6
CONTINUOUS
100
AcDbLine
 10
5.4005346456692909
 20
-3.4171525984251967
 30
0
 11
5.4005346456692909
 21
-3.4171524409448817
 31
0
  0
LINE
  5
5EC
330
22
100
AcDbEntity
  8
B.Cu
  6
CONTINUOUS
100
AcDbLine
 10
5.4005346456692909
 20
-3.4171524409448817
 30
0
 11
5.398902440944882
 21
-3.4132118897637795
 31
0
  0
LINE
  5
5ED
330
22
100
AcDbEntity
  8
B.Cu
  6
CONTINUOUS
100
AcDbLine
 10
5.398902440944882
 20
-3.4132118897637795
 30
0
 11
5.3984558267716531
 21
-3.4121336614173225
 31
0
  0
LINE
  5
5EE
330
22
100
AcDbEntity
  8
B.Cu
  6
CONTINUOUS
100
AcDbLine
 10
5.3984558267716531
 20
-3.4121336614173225
 30
0
 11
5.3984556692913381
 21
-3.4121333858267717
 31
0
  0
LINE
  5
5EF
330
22
100
AcDbEntity
  8
B.Cu
  6
CONTINUOUS
100
AcDbLine
 10
5.3984556692913381
 20
-3.4121333858267717
 30
0
 11
5.3972084251968502
 21
-3.4102667322834646
 31
0
  0
LINE
  5
5F0
330
22
100
AcDbEntity
  8
B.Cu
  6
CONTINUOUS
100
AcDbLine
 10
5.3972084251968502
 20
-3.4102667322834646
 30
0
 11
5.395437559055118
 21
-3.4076164173228345
 31
0
  0
LINE
  5
5F1
330
22
100
AcDbEntity
  8
B.Cu
  6
CONTINUOUS
100
AcDbLine
 10
5.395437559055118
 20
-3.4076164173228345
 30
0
 11
5.3954374803149605
 21
-3.4076162992125982
 31
0
  0
LINE
  5
5F2
330
22
100
AcDbEntity
  8
B.Cu
  6
CONTINUOUS
100
AcDbLine
 10
5.3954374803149605
 20
-3.4076162992125982
 30
0
 11
5.304599173228346
 21
-3.3167779921259841
 31
0
  0
LINE
  5
5F3
330
22
100
AcDbEntity
  8
B.Cu
  6
CONTINUOUS
100
AcDbLine
 10
5.304599173228346
 20
-3.3167779921259841
 30
0
 11
5.3032808661417326
 21
-3.3143637007874016
 31
0
  0
LINE
  5
5F4
330
22
100
AcDbEntity
  8
B.Cu
  6
CONTINUOUS
100
AcDbLine
 10
5.3032808661417326
 20
-3.3143637007874016
 30
0
 11
5.3031692913385822
 21
-3.3133259842519682
 31
0
  0
LINE
  5
5F5
330
22
100
AcDbEntity
  8
B.Cu
  6
CONTINUOUS
100
AcDbLine
 10
5.3031692913385822
 20
-3.3133259842519682
 30
0
 11
5.3031692913385822
 21
-3.187092716535433
 31
0
  0
LINE
  5
5F6
330
22
100
AcDbEntity
  8
B.Cu
  6
CONTINUOUS
100
AcDbLine
 10
5.3031692913385822
 20
-3.187092716535433
 30
0
 11
5.3031692913385822
 21
-3.1433668503937007
 31
0
  0
LINE
  5
5F7
330
22
100
AcDbEntity
  8
B.Cu
  6
CONTINUOUS
100
AcDbLine
 10
5.3031692913385822
 20
-3.1433668503937007
 30
0
 11
5.3039442913385821
 21
-3.1407275196850395
 31
0
  0
LINE
  5
5F8
330
22
100
AcDbEntity
  8
B.Cu
  6
CONTINUOUS
100
AcDbLine
 10
5.3039442913385821
 20
-3.1407275196850395
 30
0
 11
5.304599173228346
 21
-3.1399148425196848
 31
0
  0
LINE
  5
5F9
330
22
100
AcDbEntity
  8
B.Cu
  6
CONTINUOUS
100
AcDbLine
 10
5.304599173228346
 20
-3.1399148425196848
 30
0
 11
5.5218046062992121
 21
-2.9227094094488186
 31
0
  0
LINE
  5
5FA
330
22
100
AcDbEntity
  8
B.Cu
  6
CONTINUOUS
100
AcDbLine
 10
5.5218046062992121
 20
-2.9227094094488186
 30
0
 11
5.5242188976377955
 21
-2.9213911023622048
 31
0
  0
LINE
  5
5FB
330
22
100
AcDbEntity
  8
B.Cu
  6
CONTINUOUS
100
AcDbLine
 10
5.5242188976377955
 20
-2.9213911023622048
 30
0
 11
5.5252566141732284
 21
-2.9212795275590548
 31
0
  0
LINE
  5
5FC
330
22
100
AcDbEntity
  8
B.Cu
  6
CONTINUOUS
100
AcDbLine
 10
5.5252566141732284
 20
-2.9212795275590548
 30
0
 11
5.7936409842519687
 21
-2.9212795275590548
 31
0
  0
LINE
  5
5FD
330
22
100
AcDbEntity
  8
B.Cu
  6
CONTINUOUS
100
AcDbLine
 10
5.7936409842519687
 20
-2.9212795275590548
 30
0
 11
5.7962803149606295
 21
-2.9220545275590553
 31
0
  0
LINE
  5
5FE
330
22
100
AcDbEntity
  8
B.Cu
  6
CONTINUOUS
100
AcDbLine
 10
5.7962803149606295
 20
-2.9220545275590553
 30
0
 11
5.7970929921259842
 21
-2.9227094094488186
 31
0
  0
LINE
  5
5FF
330
22
100
AcDbEntity
  8
B.Cu
  6
CONTINUOUS
100
AcDbLine
 10
5.7970929921259842
 20
-2.9227094094488186
 30
0
 11
5.8142984645669289
 21
-2.939914842519685
 31
0
  0
LINE
  5
600
330
22
100
AcDbEntity
  8
B.Cu
  6
CONTINUOUS
100
AcDbLine
 10
5.8142984645669289
 20
-2.939914842519685
 30
0
 11
5.8156167716535432
 21
-2.9423291338582676
 31
0
  0
LINE
  5
601
330
22
100
AcDbEntity
  8
B.Cu
  6
CONTINUOUS
100
AcDbLine
 10
5.8156167716535432
 20
-2.9423291338582676
 30
0
 11
5.8157283464566927
 21
-2.9433668503937009
 31
0
  0
LINE
  5
602
330
22
100
AcDbEntity
  8
B.Cu
  6
CONTINUOUS
100
AcDbLine
 10
5.8157283464566927
 20
-2.9433668503937009
 30
0
 11
5.8157283464566927
 21
-2.9488211811023621
 31
0
  0
LINE
  5
603
330
22
100
AcDbEntity
  8
B.Cu
  6
CONTINUOUS
100
AcDbLine
 10
5.8157283464566927
 20
-2.9488211811023621
 30
0
 11
5.8149533464566927
 21
-2.9514605118110238
 31
0
  0
LINE
  5
604
330
22
100
AcDbEntity
  8
B.Cu
  6
CONTINUOUS
100
AcDbLine
 10
5.8149533464566927
 20
-2.9514605118110238
 30
0
 11
5.8137160236220469
 21
-2.9527706692913385
 31
0
  0
LINE
  5
605
330
22
100
AcDbEntity
  8
B.Cu
  6
CONTINUOUS
100
AcDbLine
 10
5.8137160236220469
 20
-2.9527706692913385
 30
0
 11
5.8112344094488186
 21
-2.9545736614173226
 31
0
  0
LINE
  5
606
330
22
100
AcDbEntity
  8
B.Cu
  6
CONTINUOUS
100
AcDbLine
 10
5.8112344094488186
 20
-2.9545736614173226
 30
0
 11
5.8057548818897633
 21
-2.9600531889763779
 31
0
  0
LINE
  5
607
330
22
100
AcDbEntity
  8
B.Cu
  6
CONTINUOUS
100
AcDbLine
 10
5.8057548818897633
 20
-2.9600531889763779
 30
0
 11
5.8057548818897633
 21
-2.9600532283464567
 31
0
  0
LINE
  5
608
330
22
100
AcDbEntity
  8
B.Cu
  6
CONTINUOUS
100
AcDbLine
 10
5.8057548818897633
 20
-2.9600532283464567
 30
0
 11
5.8057548031496058
 21
-2.9600533070866142
 31
0
  0
LINE
  5
609
330
22
100
AcDbEntity
  8
B.Cu
  6
CONTINUOUS
100
AcDbLine
 10
5.8057548031496058
 20
-2.9600533070866142
 30
0
 11
5.8039518110236221
 21
-2.9625348818897637
 31
0
  0
LINE
  5
60A
330
22
100
AcDbEntity
  8
B.Cu
  6
CONTINUOUS
100
AcDbLine
 10
5.8039518110236221
 20
-2.9625348818897637
 30
0
 11
5.8011998425196847
 21
-2.9663225984251969
 31
0
  0
LINE
  5
60B
330
22
100
AcDbEntity
  8
B.Cu
  6
CONTINUOUS
100
AcDbLine
 10
5.8011998425196847
 20
-2.9663225984251969
 30
0
 11
5.797656889763779
 21
-2.9732761023622047
 31
0
  0
LINE
  5
60C
330
22
100
AcDbEntity
  8
B.Cu
  6
CONTINUOUS
100
AcDbLine
 10
5.797656889763779
 20
-2.9732761023622047
 30
0
 11
5.7957681496062987
 21
-2.9752759448818895
 31
0
  0
LINE
  5
60D
330
22
100
AcDbEntity
  8
B.Cu
  6
CONTINUOUS
100
AcDbLine
 10
5.7957681496062987
 20
-2.9752759448818895
 30
0
 11
5.7930980314960632
 21
-2.9759371653543307
 31
0
  0
LINE
  5
60E
330
22
100
AcDbEntity
  8
B.Cu
  6
CONTINUOUS
100
AcDbLine
 10
5.7930980314960632
 20
-2.9759371653543307
 30
0
 11
5.7904942913385824
 21
-2.9750498818897637
 31
0
  0
LINE
  5
60F
330
22
100
AcDbEntity
  8
B.Cu
  6
CONTINUOUS
100
AcDbLine
 10
5.7904942913385824
 20
-2.9750498818897637
 30
0
 11
5.7889572834645664
 21
-2.9732761023622047
 31
0
  0
LINE
  5
610
330
22
100
AcDbEntity
  8
B.Cu
  6
CONTINUOUS
100
AcDbLine
 10
5.7889572834645664
 20
-2.9732761023622047
 30
0
 11
5.7876468110236221
 21
-2.9707041732283463
 31
0
  0
LINE
  5
611
330
22
100
AcDbEntity
  8
B.Cu
  6
CONTINUOUS
100
AcDbLine
 10
5.7876468110236221
 20
-2.9707041732283463
 30
0
 11
5.7854143307086616
 21
-2.9663226377952756
 31
0
  0
LINE
  5
612
330
22
100
AcDbEntity
  8
B.Cu
  6
CONTINUOUS
100
AcDbLine
 10
5.7854143307086616
 20
-2.9663226377952756
 30
0
 11
5.7808593700787396
 21
-2.9600533070866142
 31
0
  0
LINE
  5
613
330
22
100
AcDbEntity
  8
B.Cu
  6
CONTINUOUS
100
AcDbLine
 10
5.7808593700787396
 20
-2.9600533070866142
 30
0
 11
5.7753797637795277
 21
-2.9545737007874013
 31
0
  0
LINE
  5
614
330
22
100
AcDbEntity
  8
B.Cu
  6
CONTINUOUS
100
AcDbLine
 10
5.7753797637795277
 20
-2.9545737007874013
 30
0
 11
5.7691104330708658
 21
-2.9500187401574802
 31
0
  0
LINE
  5
615
330
22
100
AcDbEntity
  8
B.Cu
  6
CONTINUOUS
100
AcDbLine
 10
5.7691104330708658
 20
-2.9500187401574802
 30
0
 11
5.7622058661417324
 21
-2.9465006692913387
 31
0
  0
LINE
  5
616
330
22
100
AcDbEntity
  8
B.Cu
  6
CONTINUOUS
100
AcDbLine
 10
5.7622058661417324
 20
-2.9465006692913387
 30
0
 11
5.7548356692913387
 21
-2.9441059055118108
 31
0
  0
LINE
  5
617
330
22
100
AcDbEntity
  8
B.Cu
  6
CONTINUOUS
100
AcDbLine
 10
5.7548356692913387
 20
-2.9441059055118108
 30
0
 11
5.7471819685039369
 21
-2.9428937007874016
 31
0
  0
LINE
  5
618
330
22
100
AcDbEntity
  8
B.Cu
  6
CONTINUOUS
100
AcDbLine
 10
5.7471819685039369
 20
-2.9428937007874016
 30
0
 11
5.7471817716535432
 21
-2.9428937007874016
 31
0
  0
LINE
  5
619
330
22
100
AcDbEntity
  8
B.Cu
  6
CONTINUOUS
100
AcDbLine
 10
5.7471817716535432
 20
-2.9428937007874016
 30
0
 11
5.7394324015748026
 21
-2.9428937007874016
 31
0
  0
LINE
  5
61A
330
22
100
AcDbEntity
  8
B.Cu
  6
CONTINUOUS
100
AcDbLine
 10
5.7394324015748026
 20
-2.9428937007874016
 30
0
 11
5.7394322047244097
 21
-2.9428937007874016
 31
0
  0
LINE
  5
61B
330
22
100
AcDbEntity
  8
B.Cu
  6
CONTINUOUS
100
AcDbLine
 10
5.7394322047244097
 20
-2.9428937007874016
 30
0
 11
5.7317784645669292
 21
-2.9441059055118108
 31
0
  0
LINE
  5
61C
330
22
100
AcDbEntity
  8
B.Cu
  6
CONTINUOUS
100
AcDbLine
 10
5.7317784645669292
 20
-2.9441059055118108
 30
0
 11
5.7244082677165355
 21
-2.9465006692913387
 31
0
  0
LINE
  5
61D
330
22
100
AcDbEntity
  8
B.Cu
  6
CONTINUOUS
100
AcDbLine
 10
5.7244082677165355
 20
-2.9465006692913387
 30
0
 11
5.7175037007874012
 21
-2.9500187401574802
 31
0
  0
LINE
  5
61E
330
22
100
AcDbEntity
  8
B.Cu
  6
CONTINUOUS
100
AcDbLine
 10
5.7175037007874012
 20
-2.9500187401574802
 30
0
 11
5.7139268110236223
 21
-2.9526175196850395
 31
0
  0
LINE
  5
61F
330
22
100
AcDbEntity
  8
B.Cu
  6
CONTINUOUS
100
AcDbLine
 10
5.7139268110236223
 20
-2.9526175196850395
 30
0
 11
5.711234409448819
 21
-2.9545737007874013
 31
0
  0
LINE
  5
620
330
22
100
AcDbEntity
  8
B.Cu
  6
CONTINUOUS
100
AcDbLine
 10
5.711234409448819
 20
-2.9545737007874013
 30
0
 11
5.7112343307086615
 21
-2.9545737795275588
 31
0
  0
LINE
  5
621
330
22
100
AcDbEntity
  8
B.Cu
  6
CONTINUOUS
100
AcDbLine
 10
5.7112343307086615
 20
-2.9545737795275588
 30
0
 11
5.7112342913385827
 21
-2.9545737795275588
 31
0
  0
LINE
  5
622
330
22
100
AcDbEntity
  8
B.Cu
  6
CONTINUOUS
100
AcDbLine
 10
5.7112342913385827
 20
-2.9545737795275588
 30
0
 11
5.7057548818897637
 21
-2.9600531889763779
 31
0
  0
LINE
  5
623
330
22
100
AcDbEntity
  8
B.Cu
  6
CONTINUOUS
100
AcDbLine
 10
5.7057548818897637
 20
-2.9600531889763779
 30
0
 11
5.7057548818897637
 21
-2.9600532283464567
 31
0
  0
LINE
  5
624
330
22
100
AcDbEntity
  8
B.Cu
  6
CONTINUOUS
100
AcDbLine
 10
5.7057548818897637
 20
-2.9600532283464567
 30
0
 11
5.7057548031496061
 21
-2.9600533070866142
 31
0
  0
LINE
  5
625
330
22
100
AcDbEntity
  8
B.Cu
  6
CONTINUOUS
100
AcDbLine
 10
5.7057548031496061
 20
-2.9600533070866142
 30
0
 11
5.7039518503937003
 21
-2.9625348818897637
 31
0
  0
LINE
  5
626
330
22
100
AcDbEntity
  8
B.Cu
  6
CONTINUOUS
100
AcDbLine
 10
5.7039518503937003
 20
-2.9625348818897637
 30
0
 11
5.7017735039370079
 21
-2.9642146062992127
 31
0
  0
LINE
  5
627
330
22
100
AcDbEntity
  8
B.Cu
  6
CONTINUOUS
100
AcDbLine
 10
5.7017735039370079
 20
-2.9642146062992127
 30
0
 11
5.7000023228346457
 21
-2.9645472440944882
 31
0
  0
LINE
  5
628
330
22
100
AcDbEntity
  8
B.Cu
  6
CONTINUOUS
100
AcDbLine
 10
5.7000023228346457
 20
-2.9645472440944882
 30
0
 11
5.6862599999999999
 21
-2.9645472440944882
 31
0
  0
LINE
  5
629
330
22
100
AcDbEntity
  8
B.Cu
  6
CONTINUOUS
100
AcDbLine
 10
5.6862599999999999
 20
-2.9645472440944882
 30
0
 11
5.6809321653543305
 21
-2.9656070078740155
 31
0
  0
LINE
  5
62A
330
22
100
AcDbEntity
  8
B.Cu
  6
CONTINUOUS
100
AcDbLine
 10
5.6809321653543305
 20
-2.9656070078740155
 30
0
 11
5.680931771653543
 21
-2.9656071259842518
 31
0
  0
LINE
  5
62B
330
22
100
AcDbEntity
  8
B.Cu
  6
CONTINUOUS
100
AcDbLine
 10
5.680931771653543
 20
-2.9656071259842518
 30
0
 11
5.6759130708661418
 21
-2.9676859055118108
 31
0
  0
LINE
  5
62C
330
22
100
AcDbEntity
  8
B.Cu
  6
CONTINUOUS
100
AcDbLine
 10
5.6759130708661418
 20
-2.9676859055118108
 30
0
 11
5.6713958267716533
 21
-2.9707042125984251
 31
0
  0
LINE
  5
62D
330
22
100
AcDbEntity
  8
B.Cu
  6
CONTINUOUS
100
AcDbLine
 10
5.6713958267716533
 20
-2.9707042125984251
 30
0
 11
5.6281845275590552
 21
-3.0139155118110237
 31
0
  0
LINE
  5
62E
330
22
100
AcDbEntity
  8
B.Cu
  6
CONTINUOUS
100
AcDbLine
 10
5.6281845275590552
 20
-3.0139155118110237
 30
0
 11
5.6264136220472443
 21
-3.0165659448818896
 31
0
  0
LINE
  5
62F
330
22
100
AcDbEntity
  8
B.Cu
  6
CONTINUOUS
100
AcDbLine
 10
5.6264136220472443
 20
-3.0165659448818896
 30
0
 11
5.6257899606299215
 21
-3.0174992913385825
 31
0
  0
LINE
  5
630
330
22
100
AcDbEntity
  8
B.Cu
  6
CONTINUOUS
100
AcDbLine
 10
5.6257899606299215
 20
-3.0174992913385825
 30
0
 11
5.6251663385826767
 21
-3.0184325984251967
 31
0
  0
LINE
  5
631
330
22
100
AcDbEntity
  8
B.Cu
  6
CONTINUOUS
100
AcDbLine
 10
5.6251663385826767
 20
-3.0184325984251967
 30
0
 11
5.6251661811023617
 21
-3.018432874015748
 31
0
  0
LINE
  5
632
330
22
100
AcDbEntity
  8
B.Cu
  6
CONTINUOUS
100
AcDbLine
 10
5.6251661811023617
 20
-3.018432874015748
 30
0
 11
5.6230874409448814
 21
-3.0234514566929134
 31
0
  0
LINE
  5
633
330
22
100
AcDbEntity
  8
B.Cu
  6
CONTINUOUS
100
AcDbLine
 10
5.6230874409448814
 20
-3.0234514566929134
 30
0
 11
5.6230873228346452
 21
-3.0234518503937009
 31
0
  0
LINE
  5
634
330
22
100
AcDbEntity
  8
B.Cu
  6
CONTINUOUS
100
AcDbLine
 10
5.6230873228346452
 20
-3.0234518503937009
 30
0
 11
5.6220275590551179
 21
-3.0287796850393702
 31
0
  0
LINE
  5
635
330
22
100
AcDbEntity
  8
B.Cu
  6
CONTINUOUS
100
AcDbLine
 10
5.6220275590551179
 20
-3.0287796850393702
 30
0
 11
5.6220275590551179
 21
-3.028779803149606
 31
0
  0
LINE
  5
636
330
22
100
AcDbEntity
  8
B.Cu
  6
CONTINUOUS
100
AcDbLine
 10
5.6220275590551179
 20
-3.028779803149606
 30
0
 11
5.6220275590551179
 21
-3.5209057480314958
 31
0
  0
LINE
  5
637
330
22
100
AcDbEntity
  8
B.Cu
  6
CONTINUOUS
100
AcDbLine
 10
5.6220275590551179
 20
-3.5209057480314958
 30
0
 11
5.6220275590551179
 21
-3.5263383464566926
 31
0
  0
LINE
  5
638
330
22
100
AcDbEntity
  8
B.Cu
  6
CONTINUOUS
100
AcDbLine
 10
5.6220275590551179
 20
-3.5263383464566926
 30
0
 11
5.6220275590551179
 21
-3.5263384251968501
 31
0
  0
LINE
  5
639
330
22
100
AcDbEntity
  8
B.Cu
  6
CONTINUOUS
100
AcDbLine
 10
5.6220275590551179
 20
-3.5263384251968501
 30
0
 11
5.6220275196850391
 21
-3.5263384251968501
 31
0
  0
LINE
  5
63A
330
22
100
AcDbEntity
  8
B.Cu
  6
CONTINUOUS
100
AcDbLine
 10
5.6220275196850391
 20
-3.5263384251968501
 30
0
 11
5.6230873228346452
 21
-3.5316662204724407
 31
0
  0
LINE
  5
63B
330
22
100
AcDbEntity
  8
B.Cu
  6
CONTINUOUS
100
AcDbLine
 10
5.6230873228346452
 20
-3.5316662204724407
 30
0
 11
5.6230874409448814
 21
-3.5316666141732282
 31
0
  0
LINE
  5
63C
330
22
100
AcDbEntity
  8
B.Cu
  6
CONTINUOUS
100
AcDbLine
 10
5.6230874409448814
 20
-3.5316666141732282
 30
0
 11
5.6251662204724404
 21
-3.5366853149606299
 31
0
  0
LINE
  5
63D
330
22
100
AcDbEntity
  8
B.Cu
  6
CONTINUOUS
100
AcDbLine
 10
5.6251662204724404
 20
-3.5366853149606299
 30
0
 11
5.6281845275590552
 21
-3.5412025590551179
 31
0
  0
LINE
  5
63E
330
22
100
AcDbEntity
  8
B.Cu
  6
CONTINUOUS
100
AcDbLine
 10
5.6281845275590552
 20
-3.5412025590551179
 30
0
 11
5.6281845669291339
 21
-3.5412025984251967
 31
0
  0
LINE
  5
63F
330
22
100
AcDbEntity
  8
B.Cu
  6
CONTINUOUS
100
AcDbLine
 10
5.6281845669291339
 20
-3.5412025984251967
 30
0
 11
5.6996298031496062
 21
-3.6126477952755907
 31
0
  0
LINE
  5
640
330
22
100
AcDbEntity
  8
B.Cu
  6
CONTINUOUS
100
AcDbLine
 10
5.6996298031496062
 20
-3.6126477952755907
 30
0
 11
5.7009481102362205
 21
-3.6150620866141732
 31
0
  0
LINE
  5
641
330
22
100
AcDbEntity
  8
B.Cu
  6
CONTINUOUS
100
AcDbLine
 10
5.7009481102362205
 20
-3.6150620866141732
 30
0
 11
5.7009995669291333
 21
-3.6168635039370076
 31
0
  0
LINE
  5
642
330
22
100
AcDbEntity
  8
B.Cu
  6
CONTINUOUS
100
AcDbLine
 10
5.7009995669291333
 20
-3.6168635039370076
 30
0
 11
5.7007677165354327
 21
-3.6183272834645668
 31
0
  0
LINE
  5
643
330
22
100
AcDbEntity
  8
B.Cu
  6
CONTINUOUS
100
AcDbLine
 10
5.7007677165354327
 20
-3.6183272834645668
 30
0
 11
5.7007677165354327
 21
-3.6257671653543304
 31
0
  0
LINE
  5
644
330
22
100
AcDbEntity
  8
B.Cu
  6
CONTINUOUS
100
AcDbLine
 10
5.7007677165354327
 20
-3.6257671653543304
 30
0
 11
5.7019314566929129
 21
-3.6331148818897638
 31
0
  0
LINE
  5
645
330
22
100
AcDbEntity
  8
B.Cu
  6
CONTINUOUS
100
AcDbLine
 10
5.7019314566929129
 20
-3.6331148818897638
 30
0
 11
5.7042304724409449
 21
-3.6401903937007871
 31
0
  0
LINE
  5
646
330
22
100
AcDbEntity
  8
B.Cu
  6
CONTINUOUS
100
AcDbLine
 10
5.7042304724409449
 20
-3.6401903937007871
 30
0
 11
5.705381102362205
 21
-3.6424485826771651
 31
0
  0
LINE
  5
647
330
22
100
AcDbEntity
  8
B.Cu
  6
CONTINUOUS
100
AcDbLine
 10
5.705381102362205
 20
-3.6424485826771651
 30
0
 11
5.7076078740157481
 21
-3.6468188582677166
 31
0
  0
LINE
  5
648
330
22
100
AcDbEntity
  8
B.Cu
  6
CONTINUOUS
100
AcDbLine
 10
5.7076078740157481
 20
-3.6468188582677166
 30
0
 11
5.7119807086614172
 21
-3.6528375196850393
 31
0
  0
LINE
  5
649
330
22
100
AcDbEntity
  8
B.Cu
  6
CONTINUOUS
100
AcDbLine
 10
5.7119807086614172
 20
-3.6528375196850393
 30
0
 11
5.7172412204724408
 21
-3.6580980314960629
 31
0
  0
LINE
  5
64A
330
22
100
AcDbEntity
  8
B.Cu
  6
CONTINUOUS
100
AcDbLine
 10
5.7172412204724408
 20
-3.6580980314960629
 30
0
 11
5.7206389370078741
 21
-3.6605666535433068
 31
0
  0
LINE
  5
64B
330
22
100
AcDbEntity
  8
B.Cu
  6
CONTINUOUS
100
AcDbLine
 10
5.7206389370078741
 20
-3.6605666535433068
 30
0
 11
5.7232596850393698
 21
-3.6624707480314962
 31
0
  0
LINE
  5
64C
330
22
100
AcDbEntity
  8
B.Cu
  6
CONTINUOUS
100
AcDbLine
 10
5.7232596850393698
 20
-3.6624707480314962
 30
0
 11
5.7232597637795273
 21
-3.6624707874015745
 31
0
  0
LINE
  5
64D
330
22
100
AcDbEntity
  8
B.Cu
  6
CONTINUOUS
100
AcDbLine
 10
5.7232597637795273
 20
-3.6624707874015745
 30
0
 11
5.7232598818897635
 21
-3.662470866141732
 31
0
  0
LINE
  5
64E
330
22
100
AcDbEntity
  8
B.Cu
  6
CONTINUOUS
100
AcDbLine
 10
5.7232598818897635
 20
-3.662470866141732
 30
0
 11
5.7252675196850396
 21
-3.6634937795275588
 31
0
  0
LINE
  5
64F
330
22
100
AcDbEntity
  8
B.Cu
  6
CONTINUOUS
100
AcDbLine
 10
5.7252675196850396
 20
-3.6634937795275588
 30
0
 11
5.7272673228346456
 21
-3.6653824409448816
 31
0
  0
LINE
  5
650
330
22
100
AcDbEntity
  8
B.Cu
  6
CONTINUOUS
100
AcDbLine
 10
5.7272673228346456
 20
-3.6653824409448816
 30
0
 11
5.7279330708661416
 21
-3.6678435433070864
 31
0
  0
LINE
  5
651
330
22
100
AcDbEntity
  8
B.Cu
  6
CONTINUOUS
100
AcDbLine
 10
5.7279330708661416
 20
-3.6678435433070864
 30
0
 11
5.7279330708661416
 21
-3.7293953543307086
 31
0
  0
LINE
  5
652
330
22
100
AcDbEntity
  8
B.Cu
  6
CONTINUOUS
100
AcDbLine
 10
5.7279330708661416
 20
-3.7293953543307086
 30
0
 11
5.7271580708661416
 21
-3.7320346850393702
 31
0
  0
LINE
  5
653
330
22
100
AcDbEntity
  8
B.Cu
  6
CONTINUOUS
100
AcDbLine
 10
5.7271580708661416
 20
-3.7320346850393702
 30
0
 11
5.7265031889763778
 21
-3.7328473622047245
 31
0
  0
LINE
  5
654
330
22
100
AcDbEntity
  8
B.Cu
  6
CONTINUOUS
100
AcDbLine
 10
5.7265031889763778
 20
-3.7328473622047245
 30
0
 11
5.7258332677165349
 21
-3.7335172440944882
 31
0
  0
LINE
  5
655
330
22
100
AcDbEntity
  8
B.Cu
  6
CONTINUOUS
100
AcDbLine
 10
5.7258332677165349
 20
-3.7335172440944882
 30
0
 11
5.7258332283464561
 21
-3.7335172834645669
 31
0
  0
LINE
  5
656
330
22
100
AcDbEntity
  8
B.Cu
  6
CONTINUOUS
100
AcDbLine
 10
5.7258332283464561
 20
-3.7335172834645669
 30
0
 11
5.7216516141732283
 21
-3.7397755511811024
 31
0
  0
LINE
  5
657
330
22
100
AcDbEntity
  8
B.Cu
  6
CONTINUOUS
100
AcDbLine
 10
5.7216516141732283
 20
-3.7397755511811024
 30
0
 11
5.7187715354330706
 21
-3.746728779527559
 31
0
  0
LINE
  5
658
330
22
100
AcDbEntity
  8
B.Cu
  6
CONTINUOUS
100
AcDbLine
 10
5.7187715354330706
 20
-3.746728779527559
 30
0
 11
5.7187714173228343
 21
-3.7467291732283465
 31
0
  0
LINE
  5
659
330
22
100
AcDbEntity
  8
B.Cu
  6
CONTINUOUS
100
AcDbLine
 10
5.7187714173228343
 20
-3.7467291732283465
 30
0
 11
5.7173031496062992
 21
-3.7541106692913386
 31
0
  0
LINE
  5
65A
330
22
100
AcDbEntity
  8
B.Cu
  6
CONTINUOUS
100
AcDbLine
 10
5.7173031496062992
 20
-3.7541106692913386
 30
0
 11
5.7173031496062992
 21
-3.7541107874015749
 31
0
  0
LINE
  5
65B
330
22
100
AcDbEntity
  8
B.Cu
  6
CONTINUOUS
100
AcDbLine
 10
5.7173031496062992
 20
-3.7541107874015749
 30
0
 11
5.7173031496062992
 21
-3.7954955118110236
 31
0
  0
LINE
  5
65C
330
22
100
AcDbEntity
  8
B.Cu
  6
CONTINUOUS
100
AcDbLine
 10
5.7173031496062992
 20
-3.7954955118110236
 30
0
 11
5.7173031496062992
 21
-3.7954955905511811
 31
0
  0
LINE
  5
65D
330
22
100
AcDbEntity
  8
B.Cu
  6
CONTINUOUS
100
AcDbLine
 10
5.7173031496062992
 20
-3.7954955905511811
 30
0
 11
5.7173031102362204
 21
-3.7954955905511811
 31
0
  0
LINE
  5
65E
330
22
100
AcDbEntity
  8
B.Cu
  6
CONTINUOUS
100
AcDbLine
 10
5.7173031102362204
 20
-3.7954955905511811
 30
0
 11
5.7187714173228343
 21
-3.8028770866141732
 31
0
  0
LINE
  5
65F
330
22
100
AcDbEntity
  8
B.Cu
  6
CONTINUOUS
100
AcDbLine
 10
5.7187714173228343
 20
-3.8028770866141732
 30
0
 11
5.7187715354330706
 21
-3.8028774803149608
 31
0
  0
LINE
  5
660
330
22
100
AcDbEntity
  8
B.Cu
  6
CONTINUOUS
100
AcDbLine
 10
5.7187715354330706
 20
-3.8028774803149608
 30
0
 11
5.7215528740157477
 21
-3.8095923228346456
 31
0
  0
LINE
  5
661
330
22
100
AcDbEntity
  8
B.Cu
  6
CONTINUOUS
100
AcDbLine
 10
5.7215528740157477
 20
-3.8095923228346456
 30
0
 11
5.7218469291338581
 21
-3.8123273228346455
 31
0
  0
LINE
  5
662
330
22
100
AcDbEntity
  8
B.Cu
  6
CONTINUOUS
100
AcDbLine
 10
5.7218469291338581
 20
-3.8123273228346455
 30
0
 11
5.7206155905511809
 21
-3.8147871259842518
 31
0
  0
LINE
  5
663
330
22
100
AcDbEntity
  8
B.Cu
  6
CONTINUOUS
100
AcDbLine
 10
5.7206155905511809
 20
-3.8147871259842518
 30
0
 11
5.7204946062992121
 21
-3.8149125196850391
 31
0
  0
LINE
  5
664
330
22
100
AcDbEntity
  8
B.Cu
  6
CONTINUOUS
100
AcDbLine
 10
5.7204946062992121
 20
-3.8149125196850391
 30
0
 11
5.5888144488188978
 21
-3.9465926771653543
 31
0
  0
LINE
  5
665
330
22
100
AcDbEntity
  8
B.Cu
  6
CONTINUOUS
100
AcDbLine
 10
5.5888144488188978
 20
-3.9465926771653543
 30
0
 11
5.58764968503937
 21
-3.948335905511811
 31
0
  0
LINE
  5
666
330
22
100
AcDbEntity
  8
B.Cu
  6
CONTINUOUS
100
AcDbLine
 10
5.58764968503937
 20
-3.948335905511811
 30
0
 11
5.5864901574803145
 21
-3.9500712992125981
 31
0
  0
LINE
  5
667
330
22
100
AcDbEntity
  8
B.Cu
  6
CONTINUOUS
100
AcDbLine
 10
5.5864901574803145
 20
-3.9500712992125981
 30
0
 11
5.5857962598425193
 21
-3.9511098031496061
 31
0
  0
LINE
  5
668
330
22
100
AcDbEntity
  8
B.Cu
  6
CONTINUOUS
100
AcDbLine
 10
5.5857962598425193
 20
-3.9511098031496061
 30
0
 11
5.585796141732283
 21
-3.9511099999999999
 31
0
  0
LINE
  5
669
330
22
100
AcDbEntity
  8
B.Cu
  6
CONTINUOUS
100
AcDbLine
 10
5.585796141732283
 20
-3.9511099999999999
 30
0
 11
5.583717362204724
 21
-3.956128622047244
 31
0
  0
LINE
  5
66A
330
22
100
AcDbEntity
  8
B.Cu
  6
CONTINUOUS
100
AcDbLine
 10
5.583717362204724
 20
-3.956128622047244
 30
0
 11
5.5837172440944878
 21
-3.9561290157480316
 31
0
  0
LINE
  5
66B
330
22
100
AcDbEntity
  8
B.Cu
  6
CONTINUOUS
100
AcDbLine
 10
5.5837172440944878
 20
-3.9561290157480316
 30
0
 11
5.5826574803149605
 21
-3.9614568503937009
 31
0
  0
LINE
  5
66C
330
22
100
AcDbEntity
  8
B.Cu
  6
CONTINUOUS
100
AcDbLine
 10
5.5826574803149605
 20
-3.9614568503937009
 30
0
 11
5.5826574803149605
 21
-3.9754133858267715
 31
0
  0
LINE
  5
66D
330
22
100
AcDbEntity
  8
B.Cu
  6
CONTINUOUS
100
AcDbLine
 10
5.5826574803149605
 20
-3.9754133858267715
 30
0
 11
5.5818824803149605
 21
-3.9780527165354331
 31
0
  0
LINE
  5
66E
330
22
100
AcDbEntity
  8
B.Cu
  6
CONTINUOUS
100
AcDbLine
 10
5.5818824803149605
 20
-3.9780527165354331
 30
0
 11
5.5798035826771653
 21
-3.9798540944881888
 31
0
  0
LINE
  5
66F
330
22
100
AcDbEntity
  8
B.Cu
  6
CONTINUOUS
100
AcDbLine
 10
5.5798035826771653
 20
-3.9798540944881888
 30
0
 11
5.57777562992126
 21
-3.9802952755905512
 31
0
  0
LINE
  5
670
330
22
100
AcDbEntity
  8
B.Cu
  6
CONTINUOUS
100
AcDbLine
 10
5.57777562992126
 20
-3.9802952755905512
 30
0
 11
5.5696252755905507
 21
-3.9802952755905512
 31
0
  0
LINE
  5
671
330
22
100
AcDbEntity
  8
B.Cu
  6
CONTINUOUS
100
AcDbLine
 10
5.5696252755905507
 20
-3.9802952755905512
 30
0
 11
5.566437755905512
 21
-3.9808001181102362
 31
0
  0
LINE
  5
672
330
22
100
AcDbEntity
  8
B.Cu
  6
CONTINUOUS
100
AcDbLine
 10
5.566437755905512
 20
-3.9808001181102362
 30
0
 11
5.5659329133858266
 21
-3.9808800787401575
 31
0
  0
LINE
  5
673
330
22
100
AcDbEntity
  8
B.Cu
  6
CONTINUOUS
100
AcDbLine
 10
5.5659329133858266
 20
-3.9808800787401575
 30
0
 11
5.5614825984251963
 21
-3.9831476377952755
 31
0
  0
LINE
  5
674
330
22
100
AcDbEntity
  8
B.Cu
  6
CONTINUOUS
100
AcDbLine
 10
5.5614825984251963
 20
-3.9831476377952755
 30
0
 11
5.5614825590551176
 21
-3.9831476771653542
 31
0
  0
LINE
  5
675
330
22
100
AcDbEntity
  8
B.Cu
  6
CONTINUOUS
100
AcDbLine
 10
5.5614825590551176
 20
-3.9831476771653542
 30
0
 11
5.5614823622047247
 21
-3.9831477952755905
 31
0
  0
LINE
  5
676
330
22
100
AcDbEntity
  8
B.Cu
  6
CONTINUOUS
100
AcDbLine
 10
5.5614823622047247
 20
-3.9831477952755905
 30
0
 11
5.55795094488189
 21
-3.9866792125984252
 31
0
  0
LINE
  5
677
330
22
100
AcDbEntity
  8
B.Cu
  6
CONTINUOUS
100
AcDbLine
 10
5.55795094488189
 20
-3.9866792125984252
 30
0
 11
5.5579508267716538
 21
-3.9866794094488189
 31
0
  0
LINE
  5
678
330
22
100
AcDbEntity
  8
B.Cu
  6
CONTINUOUS
100
AcDbLine
 10
5.5579508267716538
 20
-3.9866794094488189
 30
0
 11
5.5556831496062991
 21
-3.9911298425196851
 31
0
  0
LINE
  5
679
330
22
100
AcDbEntity
  8
B.Cu
  6
CONTINUOUS
100
AcDbLine
 10
5.5556831496062991
 20
-3.9911298425196851
 30
0
 11
5.5550984251968503
 21
-3.9948218503937007
 31
0
  0
LINE
  5
67A
330
22
100
AcDbEntity
  8
B.Cu
  6
CONTINUOUS
100
AcDbLine
 10
5.5550984251968503
 20
-3.9948218503937007
 30
0
 11
5.5550984251968503
 21
-4.076043976377953
 31
0
  0
LINE
  5
67B
330
22
100
AcDbEntity
  8
B.Cu
  6
CONTINUOUS
100
AcDbLine
 10
5.5550984251968503
 20
-4.076043976377953
 30
0
 11
5.5555233070866139
 21
-4.0787266535433071
 31
0
  0
LINE
  5
67C
330
22
100
AcDbEntity
  8
B.Cu
  6
CONTINUOUS
100
AcDbLine
 10
5.5555233070866139
 20
-4.0787266535433071
 30
0
 11
5.5556832283464566
 21
-4.0797363779527558
 31
0
  0
LINE
  5
67D
330
22
100
AcDbEntity
  8
B.Cu
  6
CONTINUOUS
100
AcDbLine
 10
5.5556832283464566
 20
-4.0797363779527558
 30
0
 11
5.557950787401575
 21
-4.0841866929133861
 31
0
  0
LINE
  5
67E
330
22
100
AcDbEntity
  8
B.Cu
  6
CONTINUOUS
100
AcDbLine
 10
5.557950787401575
 20
-4.0841866929133861
 30
0
 11
5.5579508661417325
 21
-4.0841867716535436
 31
0
  0
LINE
  5
67F
330
22
100
AcDbEntity
  8
B.Cu
  6
CONTINUOUS
100
AcDbLine
 10
5.5579508661417325
 20
-4.0841867716535436
 30
0
 11
5.55795094488189
 21
-4.0841868897637799
 31
0
  0
LINE
  5
680
330
22
100
AcDbEntity
  8
B.Cu
  6
CONTINUOUS
100
AcDbLine
 10
5.55795094488189
 20
-4.0841868897637799
 30
0
 11
5.5614823622047247
 21
-4.0877183070866137
 31
0
  0
LINE
  5
681
330
22
100
AcDbEntity
  8
B.Cu
  6
CONTINUOUS
100
AcDbLine
 10
5.5614823622047247
 20
-4.0877183070866137
 30
0
 11
5.5614824409448822
 21
-4.0877183464566924
 31
0
  0
LINE
  5
682
330
22
100
AcDbEntity
  8
B.Cu
  6
CONTINUOUS
100
AcDbLine
 10
5.5614824409448822
 20
-4.0877183464566924
 30
0
 11
5.5614825984251963
 21
-4.0877185039370074
 31
0
  0
LINE
  5
683
330
22
100
AcDbEntity
  8
B.Cu
  6
CONTINUOUS
100
AcDbLine
 10
5.5614825984251963
 20
-4.0877185039370074
 30
0
 11
5.5659328346456691
 21
-4.0899860236220471
 31
0
  0
LINE
  5
684
330
22
100
AcDbEntity
  8
B.Cu
  6
CONTINUOUS
100
AcDbLine
 10
5.5659328346456691
 20
-4.0899860236220471
 30
0
 11
5.5659329921259841
 21
-4.0899861023622046
 31
0
  0
LINE
  5
685
330
22
100
AcDbEntity
  8
B.Cu
  6
CONTINUOUS
100
AcDbLine
 10
5.5659329921259841
 20
-4.0899861023622046
 30
0
 11
5.5696250000000003
 21
-4.0905708267716534
 31
0
  0
LINE
  5
686
330
22
100
AcDbEntity
  8
B.Cu
  6
CONTINUOUS
100
AcDbLine
 10
5.5696250000000003
 20
-4.0905708267716534
 30
0
 11
5.5696252362204719
 21
-4.0905708661417322
 31
0
  0
LINE
  5
687
330
22
100
AcDbEntity
  8
B.Cu
  6
CONTINUOUS
100
AcDbLine
 10
5.5696252362204719
 20
-4.0905708661417322
 30
0
 11
5.6508471653543308
 21
-4.0905708267716534
 31
0
  0
LINE
  5
688
330
22
100
AcDbEntity
  8
B.Cu
  6
CONTINUOUS
100
AcDbLine
 10
5.6508471653543308
 20
-4.0905708267716534
 30
0
 11
5.6545395275590549
 21
-4.0899860629921259
 31
0
  0
LINE
  5
689
330
22
100
AcDbEntity
  8
B.Cu
  6
CONTINUOUS
100
AcDbLine
 10
5.6545395275590549
 20
-4.0899860629921259
 30
0
 11
5.6589898425196852
 21
-4.0877185039370074
 31
0
  0
LINE
  5
68A
330
22
100
AcDbEntity
  8
B.Cu
  6
CONTINUOUS
100
AcDbLine
 10
5.6589898425196852
 20
-4.0877185039370074
 30
0
 11
5.6625216535433074
 21
-4.0841866929133861
 31
0
  0
LINE
  5
68B
330
22
100
AcDbEntity
  8
B.Cu
  6
CONTINUOUS
100
AcDbLine
 10
5.6625216535433074
 20
-4.0841866929133861
 30
0
 11
5.6647892125984249
 21
-4.0797363779527558
 31
0
  0
LINE
  5
68C
330
22
100
AcDbEntity
  8
B.Cu
  6
CONTINUOUS
100
AcDbLine
 10
5.6647892125984249
 20
-4.0797363779527558
 30
0
 11
5.6647892125984249
 21
-4.0797362992125983
 31
0
  0
LINE
  5
68D
330
22
100
AcDbEntity
  8
B.Cu
  6
CONTINUOUS
100
AcDbLine
 10
5.6647892125984249
 20
-4.0797362992125983
 30
0
 11
5.6647892519685037
 21
-4.0797362598425195
 31
0
  0
LINE
  5
68E
330
22
100
AcDbEntity
  8
B.Cu
  6
CONTINUOUS
100
AcDbLine
 10
5.6647892519685037
 20
-4.0797362598425195
 30
0
 11
5.6653739763779525
 21
-4.0760442519685043
 31
0
  0
LINE
  5
68F
330
22
100
AcDbEntity
  8
B.Cu
  6
CONTINUOUS
100
AcDbLine
 10
5.6653739763779525
 20
-4.0760442519685043
 30
0
 11
5.6653740157480312
 21
-4.0760440551181105
 31
0
  0
LINE
  5
690
330
22
100
AcDbEntity
  8
B.Cu
  6
CONTINUOUS
100
AcDbLine
 10
5.6653740157480312
 20
-4.0760440551181105
 30
0
 11
5.6653739763779525
 21
-3.994822125984252
 31
0
  0
LINE
  5
691
330
22
100
AcDbEntity
  8
B.Cu
  6
CONTINUOUS
100
AcDbLine
 10
5.6653739763779525
 20
-3.994822125984252
 30
0
 11
5.6647892125984249
 21
-3.9911297637795276
 31
0
  0
LINE
  5
692
330
22
100
AcDbEntity
  8
B.Cu
  6
CONTINUOUS
100
AcDbLine
 10
5.6647892125984249
 20
-3.9911297637795276
 30
0
 11
5.6625216535433074
 21
-3.9866794488188977
 31
0
  0
LINE
  5
693
330
22
100
AcDbEntity
  8
B.Cu
  6
CONTINUOUS
100
AcDbLine
 10
5.6625216535433074
 20
-3.9866794488188977
 30
0
 11
5.6625214960629924
 21
-3.9866792913385827
 31
0
  0
LINE
  5
694
330
22
100
AcDbEntity
  8
B.Cu
  6
CONTINUOUS
100
AcDbLine
 10
5.6625214960629924
 20
-3.9866792913385827
 30
0
 11
5.6625214566929136
 21
-3.9866792125984252
 31
0
  0
LINE
  5
695
330
22
100
AcDbEntity
  8
B.Cu
  6
CONTINUOUS
100
AcDbLine
 10
5.6625214566929136
 20
-3.9866792125984252
 30
0
 11
5.6589900393700789
 21
-3.9831477952755905
 31
0
  0
LINE
  5
696
330
22
100
AcDbEntity
  8
B.Cu
  6
CONTINUOUS
100
AcDbLine
 10
5.6589900393700789
 20
-3.9831477952755905
 30
0
 11
5.6589899212598427
 21
-3.983147716535433
 31
0
  0
LINE
  5
697
330
22
100
AcDbEntity
  8
B.Cu
  6
CONTINUOUS
100
AcDbLine
 10
5.6589899212598427
 20
-3.983147716535433
 30
0
 11
5.6589898425196852
 21
-3.9831476377952755
 31
0
  0
LINE
  5
698
330
22
100
AcDbEntity
  8
B.Cu
  6
CONTINUOUS
100
AcDbLine
 10
5.6589898425196852
 20
-3.9831476377952755
 30
0
 11
5.6559652362204726
 21
-3.9816064960629922
 31
0
  0
LINE
  5
699
330
22
100
AcDbEntity
  8
B.Cu
  6
CONTINUOUS
100
AcDbLine
 10
5.6559652362204726
 20
-3.9816064960629922
 30
0
 11
5.6545394094488186
 21
-3.98088
 31
0
  0
LINE
  5
69A
330
22
100
AcDbEntity
  8
B.Cu
  6
CONTINUOUS
100
AcDbLine
 10
5.6545394094488186
 20
-3.98088
 30
0
 11
5.6508474015748034
 21
-3.9802952755905512
 31
0
  0
LINE
  5
69B
330
22
100
AcDbEntity
  8
B.Cu
  6
CONTINUOUS
100
AcDbLine
 10
5.6508474015748034
 20
-3.9802952755905512
 30
0
 11
5.6508472047244096
 21
-3.9802952755905512
 31
0
  0
LINE
  5
69C
330
22
100
AcDbEntity
  8
B.Cu
  6
CONTINUOUS
100
AcDbLine
 10
5.6508472047244096
 20
-3.9802952755905512
 30
0
 11
5.6449023228346453
 21
-3.9802952755905512
 31
0
  0
LINE
  5
69D
330
22
100
AcDbEntity
  8
B.Cu
  6
CONTINUOUS
100
AcDbLine
 10
5.6449023228346453
 20
-3.9802952755905512
 30
0
 11
5.6422629921259837
 21
-3.9795202755905512
 31
0
  0
LINE
  5
69E
330
22
100
AcDbEntity
  8
B.Cu
  6
CONTINUOUS
100
AcDbLine
 10
5.6422629921259837
 20
-3.9795202755905512
 30
0
 11
5.640461614173228
 21
-3.977441377952756
 31
0
  0
LINE
  5
69F
330
22
100
AcDbEntity
  8
B.Cu
  6
CONTINUOUS
100
AcDbLine
 10
5.640461614173228
 20
-3.977441377952756
 30
0
 11
5.640070118110236
 21
-3.9747186220472441
 31
0
  0
LINE
  5
6A0
330
22
100
AcDbEntity
  8
B.Cu
  6
CONTINUOUS
100
AcDbLine
 10
5.640070118110236
 20
-3.9747186220472441
 30
0
 11
5.6412128346456694
 21
-3.9722164173228345
 31
0
  0
LINE
  5
6A1
330
22
100
AcDbEntity
  8
B.Cu
  6
CONTINUOUS
100
AcDbLine
 10
5.6412128346456694
 20
-3.9722164173228345
 30
0
 11
5.6414503149606299
 21
-3.9719613779527556
 31
0
  0
LINE
  5
6A2
330
22
100
AcDbEntity
  8
B.Cu
  6
CONTINUOUS
100
AcDbLine
 10
5.6414503149606299
 20
-3.9719613779527556
 30
0
 11
5.7769335433070861
 21
-3.836478149606299
 31
0
  0
LINE
  5
6A3
330
22
100
AcDbEntity
  8
B.Cu
  6
CONTINUOUS
100
AcDbLine
 10
5.7769335433070861
 20
-3.836478149606299
 30
0
 11
5.7769336220472436
 21
-3.8364780708661415
 31
0
  0
LINE
  5
6A4
330
22
100
AcDbEntity
  8
B.Cu
  6
CONTINUOUS
100
AcDbLine
 10
5.7769336220472436
 20
-3.8364780708661415
 30
0
 11
5.7799517716535433
 21
-3.8319610629921259
 31
0
  0
LINE
  5
6A5
330
22
100
AcDbEntity
  8
B.Cu
  6
CONTINUOUS
100
AcDbLine
 10
5.7799517716535433
 20
-3.8319610629921259
 30
0
 11
5.7820307086614173
 21
-3.8269420472440943
 31
0
  0
LINE
  5
6A6
330
22
100
AcDbEntity
  8
B.Cu
  6
CONTINUOUS
100
AcDbLine
 10
5.7820307086614173
 20
-3.8269420472440943
 30
0
 11
5.7823775196850393
 21
-3.8251984251968505
 31
0
  0
LINE
  5
6A7
330
22
100
AcDbEntity
  8
B.Cu
  6
CONTINUOUS
100
AcDbLine
 10
5.7823775196850393
 20
-3.8251984251968505
 30
0
 11
5.7830905511811022
 21
-3.8216140157480316
 31
0
  0
LINE
  5
6A8
330
22
100
AcDbEntity
  8
B.Cu
  6
CONTINUOUS
100
AcDbLine
 10
5.7830905511811022
 20
-3.8216140157480316
 30
0
 11
5.7830905511811022
 21
-3.8202109055118108
 31
0
  0
LINE
  5
6A9
330
22
100
AcDbEntity
  8
B.Cu
  6
CONTINUOUS
100
AcDbLine
 10
5.7830905511811022
 20
-3.8202109055118108
 30
0
 11
5.7838655511811021
 21
-3.8175715748031496
 31
0
  0
LINE
  5
6AA
330
22
100
AcDbEntity
  8
B.Cu
  6
CONTINUOUS
100
AcDbLine
 10
5.7838655511811021
 20
-3.8175715748031496
 30
0
 11
5.7845205118110234
 21
-3.8167588188976378
 31
0
  0
LINE
  5
6AB
330
22
100
AcDbEntity
  8
B.Cu
  6
CONTINUOUS
100
AcDbLine
 10
5.7845205118110234
 20
-3.8167588188976378
 30
0
 11
5.7851903543307088
 21
-3.8160889763779529
 31
0
  0
LINE
  5
6AC
330
22
100
AcDbEntity
  8
B.Cu
  6
CONTINUOUS
100
AcDbLine
 10
5.7851903543307088
 20
-3.8160889763779529
 30
0
 11
5.7851904330708663
 21
-3.8160888976377954
 31
0
  0
LINE
  5
6AD
330
22
100
AcDbEntity
  8
B.Cu
  6
CONTINUOUS
100
AcDbLine
 10
5.7851904330708663
 20
-3.8160888976377954
 30
0
 11
5.7893718897637791
 21
-3.8098308661417324
 31
0
  0
LINE
  5
6AE
330
22
100
AcDbEntity
  8
B.Cu
  6
CONTINUOUS
100
AcDbLine
 10
5.7893718897637791
 20
-3.8098308661417324
 30
0
 11
5.7905188188976373
 21
-3.8070619685039371
 31
0
  0
LINE
  5
6AF
330
22
100
AcDbEntity
  8
B.Cu
  6
CONTINUOUS
100
AcDbLine
 10
5.7905188188976373
 20
-3.8070619685039371
 30
0
 11
5.790812007874016
 21
-3.8063540944881891
 31
0
  0
LINE
  5
6B0
330
22
100
AcDbEntity
  8
B.Cu
  6
CONTINUOUS
100
AcDbLine
 10
5.790812007874016
 20
-3.8063540944881891
 30
0
 11
5.7922521259842519
 21
-3.8028773228346457
 31
0
  0
LINE
  5
6B1
330
22
100
AcDbEntity
  8
B.Cu
  6
CONTINUOUS
100
AcDbLine
 10
5.7922521259842519
 20
-3.8028773228346457
 30
0
 11
5.7937204724409446
 21
-3.7954955118110236
 31
0
  0
LINE
  5
6B2
330
22
100
AcDbEntity
  8
B.Cu
  6
CONTINUOUS
100
AcDbLine
 10
5.7937204724409446
 20
-3.7954955118110236
 30
0
 11
5.7937204724409446
 21
-3.7541107874015749
 31
0
  0
LINE
  5
6B3
330
22
100
AcDbEntity
  8
B.Cu
  6
CONTINUOUS
100
AcDbLine
 10
5.7937204724409446
 20
-3.7541107874015749
 30
0
 11
5.7937204724409446
 21
-3.7541106692913386
 31
0
  0
LINE
  5
6B4
330
22
100
AcDbEntity
  8
B.Cu
  6
CONTINUOUS
100
AcDbLine
 10
5.7937204724409446
 20
-3.7541106692913386
 30
0
 11
5.7922521653543306
 21
-3.7467291732283465
 31
0
  0
LINE
  5
6B5
330
22
100
AcDbEntity
  8
B.Cu
  6
CONTINUOUS
100
AcDbLine
 10
5.7922521653543306
 20
-3.7467291732283465
 30
0
 11
5.7922521259842519
 21
-3.7467291338582678
 31
0
  0
LINE
  5
6B6
330
22
100
AcDbEntity
  8
B.Cu
  6
CONTINUOUS
100
AcDbLine
 10
5.7922521259842519
 20
-3.7467291338582678
 30
0
 11
5.7922521259842519
 21
-3.7467289763779528
 31
0
  0
LINE
  5
6B7
330
22
100
AcDbEntity
  8
B.Cu
  6
CONTINUOUS
100
AcDbLine
 10
5.7922521259842519
 20
-3.7467289763779528
 30
0
 11
5.7915875590551176
 21
-3.7451245275590552
 31
0
  0
LINE
  5
6B8
330
22
100
AcDbEntity
  8
B.Cu
  6
CONTINUOUS
100
AcDbLine
 10
5.7915875590551176
 20
-3.7451245275590552
 30
0
 11
5.7893719685039366
 21
-3.7397755511811024
 31
0
  0
LINE
  5
6B9
330
22
100
AcDbEntity
  8
B.Cu
  6
CONTINUOUS
100
AcDbLine
 10
5.7893719685039366
 20
-3.7397755511811024
 30
0
 11
5.7851903543307088
 21
-3.7335172834645669
 31
0
  0
LINE
  5
6BA
330
22
100
AcDbEntity
  8
B.Cu
  6
CONTINUOUS
100
AcDbLine
 10
5.7851903543307088
 20
-3.7335172834645669
 30
0
 11
5.7845204330708659
 21
-3.7328473622047245
 31
0
  0
LINE
  5
6BB
330
22
100
AcDbEntity
  8
B.Cu
  6
CONTINUOUS
100
AcDbLine
 10
5.7845204330708659
 20
-3.7328473622047245
 30
0
 11
5.7832021259842517
 21
-3.7304330708661415
 31
0
  0
LINE
  5
6BC
330
22
100
AcDbEntity
  8
B.Cu
  6
CONTINUOUS
100
AcDbLine
 10
5.7832021259842517
 20
-3.7304330708661415
 30
0
 11
5.7830905511811022
 21
-3.7293953543307086
 31
0
  0
LINE
  5
6BD
330
22
100
AcDbEntity
  8
B.Cu
  6
CONTINUOUS
100
AcDbLine
 10
5.7830905511811022
 20
-3.7293953543307086
 30
0
 11
5.7830905511811022
 21
-3.6557887007874017
 31
0
  0
LINE
  5
6BE
330
22
100
AcDbEntity
  8
B.Cu
  6
CONTINUOUS
100
AcDbLine
 10
5.7830905511811022
 20
-3.6557887007874017
 30
0
 11
5.7838655511811021
 21
-3.6531493700787401
 31
0
  0
LINE
  5
6BF
330
22
100
AcDbEntity
  8
B.Cu
  6
CONTINUOUS
100
AcDbLine
 10
5.7838655511811021
 20
-3.6531493700787401
 30
0
 11
5.7840229133858267
 21
-3.6529191732283466
 31
0
  0
LINE
  5
6C0
330
22
100
AcDbEntity
  8
B.Cu
  6
CONTINUOUS
100
AcDbLine
 10
5.7840229133858267
 20
-3.6529191732283466
 30
0
 11
5.7840820866141733
 21
-3.6528376771653543
 31
0
  0
LINE
  5
6C1
330
22
100
AcDbEntity
  8
B.Cu
  6
CONTINUOUS
100
AcDbLine
 10
5.7840820866141733
 20
-3.6528376771653543
 30
0
 11
5.7840822834645671
 21
-3.6528375196850393
 31
0
  0
LINE
  5
6C2
330
22
100
AcDbEntity
  8
B.Cu
  6
CONTINUOUS
100
AcDbLine
 10
5.7840822834645671
 20
-3.6528375196850393
 30
0
 11
5.7884551181102362
 21
-3.6468188582677166
 31
0
  0
LINE
  5
6C3
330
22
100
AcDbEntity
  8
B.Cu
  6
CONTINUOUS
100
AcDbLine
 10
5.7884551181102362
 20
-3.6468188582677166
 30
0
 11
5.7918325590551181
 21
-3.6401902362204726
 31
0
  0
LINE
  5
6C4
330
22
100
AcDbEntity
  8
B.Cu
  6
CONTINUOUS
100
AcDbLine
 10
5.7918325590551181
 20
-3.6401902362204726
 30
0
 11
5.7941314960629917
 21
-3.6331148818897638
 31
0
  0
LINE
  5
6C5
330
22
100
AcDbEntity
  8
B.Cu
  6
CONTINUOUS
100
AcDbLine
 10
5.7941314960629917
 20
-3.6331148818897638
 30
0
 11
5.7952952755905507
 21
-3.6257671653543304
 31
0
  0
LINE
  5
6C6
330
22
100
AcDbEntity
  8
B.Cu
  6
CONTINUOUS
100
AcDbLine
 10
5.7952952755905507
 20
-3.6257671653543304
 30
0
 11
5.7952952755905507
 21
-3.6183272834645668
 31
0
  0
LINE
  5
6C7
330
22
100
AcDbEntity
  8
B.Cu
  6
CONTINUOUS
100
AcDbLine
 10
5.7952952755905507
 20
-3.6183272834645668
 30
0
 11
5.7941314960629917
 21
-3.6109795669291338
 31
0
  0
LINE
  5
6C8
330
22
100
AcDbEntity
  8
B.Cu
  6
CONTINUOUS
100
AcDbLine
 10
5.7941314960629917
 20
-3.6109795669291338
 30
0
 11
5.7930648031496066
 21
-3.6076967322834643
 31
0
  0
LINE
  5
6C9
330
22
100
AcDbEntity
  8
B.Cu
  6
CONTINUOUS
100
AcDbLine
 10
5.7930648031496066
 20
-3.6076967322834643
 30
0
 11
5.7918325590551181
 21
-3.6039042519685038
 31
0
  0
LINE
  5
6CA
330
22
100
AcDbEntity
  8
B.Cu
  6
CONTINUOUS
100
AcDbLine
 10
5.7918325590551181
 20
-3.6039042519685038
 30
0
 11
5.7918324803149606
 21
-3.6039041338582676
 31
0
  0
LINE
  5
6CB
330
22
100
AcDbEntity
  8
B.Cu
  6
CONTINUOUS
100
AcDbLine
 10
5.7918324803149606
 20
-3.6039041338582676
 30
0
 11
5.7918324803149606
 21
-3.6039040551181101
 31
0
  0
LINE
  5
6CC
330
22
100
AcDbEntity
  8
B.Cu
  6
CONTINUOUS
100
AcDbLine
 10
5.7918324803149606
 20
-3.6039040551181101
 30
0
 11
5.790050787401575
 21
-3.6004073622047241
 31
0
  0
LINE
  5
6CD
330
22
100
AcDbEntity
  8
B.Cu
  6
CONTINUOUS
100
AcDbLine
 10
5.790050787401575
 20
-3.6004073622047241
 30
0
 11
5.7884551181102362
 21
-3.5972756299212598
 31
0
  0
LINE
  5
6CE
330
22
100
AcDbEntity
  8
B.Cu
  6
CONTINUOUS
100
AcDbLine
 10
5.7884551181102362
 20
-3.5972756299212598
 30
0
 11
5.7840822834645671
 21
-3.5912569685039371
 31
0
  0
LINE
  5
6CF
330
22
100
AcDbEntity
  8
B.Cu
  6
CONTINUOUS
100
AcDbLine
 10
5.7840822834645671
 20
-3.5912569685039371
 30
0
 11
5.7788217716535435
 21
-3.5859964566929134
 31
0
  0
LINE
  5
6D0
330
22
100
AcDbEntity
  8
B.Cu
  6
CONTINUOUS
100
AcDbLine
 10
5.7788217716535435
 20
-3.5859964566929134
 30
0
 11
5.7728031102362207
 21
-3.5816236220472439
 31
0
  0
LINE
  5
6D1
330
22
100
AcDbEntity
  8
B.Cu
  6
CONTINUOUS
100
AcDbLine
 10
5.7728031102362207
 20
-3.5816236220472439
 30
0
 11
5.7727925984251964
 21
-3.5816182677165354
 31
0
  0
LINE
  5
6D2
330
22
100
AcDbEntity
  8
B.Cu
  6
CONTINUOUS
100
AcDbLine
 10
5.7727925984251964
 20
-3.5816182677165354
 30
0
 11
5.7661746456692908
 21
-3.5782462204724408
 31
0
  0
LINE
  5
6D3
330
22
100
AcDbEntity
  8
B.Cu
  6
CONTINUOUS
100
AcDbLine
 10
5.7661746456692908
 20
-3.5782462204724408
 30
0
 11
5.7590991338582675
 21
-3.5759472047244092
 31
0
  0
LINE
  5
6D4
330
22
100
AcDbEntity
  8
B.Cu
  6
CONTINUOUS
100
AcDbLine
 10
5.7590991338582675
 20
-3.5759472047244092
 30
0
 11
5.7517514173228346
 21
-3.574783464566929
 31
0
  0
LINE
  5
6D5
330
22
100
AcDbEntity
  8
B.Cu
  6
CONTINUOUS
100
AcDbLine
 10
5.7517514173228346
 20
-3.574783464566929
 30
0
 11
5.7517512204724408
 21
-3.574783464566929
 31
0
  0
LINE
  5
6D6
330
22
100
AcDbEntity
  8
B.Cu
  6
CONTINUOUS
100
AcDbLine
 10
5.7517512204724408
 20
-3.574783464566929
 30
0
 11
5.7443117716535435
 21
-3.574783464566929
 31
0
  0
LINE
  5
6D7
330
22
100
AcDbEntity
  8
B.Cu
  6
CONTINUOUS
100
AcDbLine
 10
5.7443117716535435
 20
-3.574783464566929
 30
0
 11
5.7443115748031497
 21
-3.574783464566929
 31
0
  0
LINE
  5
6D8
330
22
100
AcDbEntity
  8
B.Cu
  6
CONTINUOUS
100
AcDbLine
 10
5.7443115748031497
 20
-3.574783464566929
 30
0
 11
5.7428477559055118
 21
-3.5750153149606296
 31
0
  0
LINE
  5
6D9
330
22
100
AcDbEntity
  8
B.Cu
  6
CONTINUOUS
100
AcDbLine
 10
5.7428477559055118
 20
-3.5750153149606296
 30
0
 11
5.7401196850393701
 21
-3.5746627952755903
 31
0
  0
LINE
  5
6DA
330
22
100
AcDbEntity
  8
B.Cu
  6
CONTINUOUS
100
AcDbLine
 10
5.7401196850393701
 20
-3.5746627952755903
 30
0
 11
5.7386320472440939
 21
-3.5736455511811025
 31
0
  0
LINE
  5
6DB
330
22
100
AcDbEntity
  8
B.Cu
  6
CONTINUOUS
100
AcDbLine
 10
5.7386320472440939
 20
-3.5736455511811025
 30
0
 11
5.6786149212598422
 21
-3.5136284251968504
 31
0
  0
LINE
  5
6DC
330
22
100
AcDbEntity
  8
B.Cu
  6
CONTINUOUS
100
AcDbLine
 10
5.6786149212598422
 20
-3.5136284251968504
 30
0
 11
5.677296614173228
 21
-3.5112141338582674
 31
0
  0
LINE
  5
6DD
330
22
100
AcDbEntity
  8
B.Cu
  6
CONTINUOUS
100
AcDbLine
 10
5.677296614173228
 20
-3.5112141338582674
 30
0
 11
5.6771850393700785
 21
-3.5101764173228345
 31
0
  0
LINE
  5
6DE
330
22
100
AcDbEntity
  8
B.Cu
  6
CONTINUOUS
100
AcDbLine
 10
5.6771850393700785
 20
-3.5101764173228345
 30
0
 11
5.6771850393700785
 21
-3.4211685826771654
 31
0
  0
LINE
  5
6DF
330
22
100
AcDbEntity
  8
B.Cu
  6
CONTINUOUS
100
AcDbLine
 10
5.6771850393700785
 20
-3.4211685826771654
 30
0
 11
5.6771850393700785
 21
-3.0449416929133859
 31
0
  0
LINE
  5
6E0
330
22
100
AcDbEntity
  8
B.Cu
  6
CONTINUOUS
100
AcDbLine
 10
5.6771850393700785
 20
-3.0449416929133859
 30
0
 11
5.6779600393700784
 21
-3.0423023622047243
 31
0
  0
LINE
  5
6E1
330
22
100
AcDbEntity
  8
B.Cu
  6
CONTINUOUS
100
AcDbLine
 10
5.6779600393700784
 20
-3.0423023622047243
 30
0
 11
5.6786149212598422
 21
-3.04148968503937
 31
0
  0
LINE
  5
6E2
330
22
100
AcDbEntity
  8
B.Cu
  6
CONTINUOUS
100
AcDbLine
 10
5.6786149212598422
 20
-3.04148968503937
 30
0
 11
5.6877812598425193
 21
-3.032323346456693
 31
0
  0
LINE
  5
6E3
330
22
100
AcDbEntity
  8
B.Cu
  6
CONTINUOUS
100
AcDbLine
 10
5.6877812598425193
 20
-3.032323346456693
 30
0
 11
5.6975685826771656
 21
-3.0225359842519683
 31
0
  0
LINE
  5
6E4
330
22
100
AcDbEntity
  8
B.Cu
  6
CONTINUOUS
100
AcDbLine
 10
5.6975685826771656
 20
-3.0225359842519683
 30
0
 11
5.6999827952755906
 21
-3.0212177559055116
 31
0
  0
LINE
  5
6E5
330
22
100
AcDbEntity
  8
B.Cu
  6
CONTINUOUS
100
AcDbLine
 10
5.6999827952755906
 20
-3.0212177559055116
 30
0
 11
5.7027265354330705
 21
-3.0214139763779526
 31
0
  0
LINE
  5
6E6
330
22
100
AcDbEntity
  8
B.Cu
  6
CONTINUOUS
100
AcDbLine
 10
5.7027265354330705
 20
-3.0214139763779526
 30
0
 11
5.7049286614173225
 21
-3.0230624409448819
 31
0
  0
LINE
  5
6E7
330
22
100
AcDbEntity
  8
B.Cu
  6
CONTINUOUS
100
AcDbLine
 10
5.7049286614173225
 20
-3.0230624409448819
 30
0
 11
5.7049699999999994
 21
-3.0231185039370079
 31
0
  0
LINE
  5
6E8
330
22
100
AcDbEntity
  8
B.Cu
  6
CONTINUOUS
100
AcDbLine
 10
5.7049699999999994
 20
-3.0231185039370079
 30
0
 11
5.7057547637795274
 21
-3.0241985826771653
 31
0
  0
LINE
  5
6E9
330
22
100
AcDbEntity
  8
B.Cu
  6
CONTINUOUS
100
AcDbLine
 10
5.7057547637795274
 20
-3.0241985826771653
 30
0
 11
5.7057548818897637
 21
-3.0241987401574804
 31
0
  0
LINE
  5
6EA
330
22
100
AcDbEntity
  8
B.Cu
  6
CONTINUOUS
100
AcDbLine
 10
5.7057548818897637
 20
-3.0241987401574804
 30
0
 11
5.711234409448819
 21
-3.0296782677165353
 31
0
  0
LINE
  5
6EB
330
22
100
AcDbEntity
  8
B.Cu
  6
CONTINUOUS
100
AcDbLine
 10
5.711234409448819
 20
-3.0296782677165353
 30
0
 11
5.7118768110236218
 21
-3.0301450000000001
 31
0
  0
LINE
  5
6EC
330
22
100
AcDbEntity
  8
B.Cu
  6
CONTINUOUS
100
AcDbLine
 10
5.7118768110236218
 20
-3.0301450000000001
 30
0
 11
5.7135565354330708
 21
-3.032323346456693
 31
0
  0
LINE
  5
6ED
330
22
100
AcDbEntity
  8
B.Cu
  6
CONTINUOUS
100
AcDbLine
 10
5.7135565354330708
 20
-3.032323346456693
 30
0
 11
5.7137918897637796
 21
-3.0350640551181103
 31
0
  0
LINE
  5
6EE
330
22
100
AcDbEntity
  8
B.Cu
  6
CONTINUOUS
100
AcDbLine
 10
5.7137918897637796
 20
-3.0350640551181103
 30
0
 11
5.7125081496062995
 21
-3.0374968897637795
 31
0
  0
LINE
  5
6EF
330
22
100
AcDbEntity
  8
B.Cu
  6
CONTINUOUS
100
AcDbLine
 10
5.7125081496062995
 20
-3.0374968897637795
 30
0
 11
5.710112913385827
 21
-3.038849527559055
 31
0
  0
LINE
  5
6F0
330
22
100
AcDbEntity
  8
B.Cu
  6
CONTINUOUS
100
AcDbLine
 10
5.710112913385827
 20
-3.038849527559055
 30
0
 11
5.7090072440944883
 21
-3.0389763779527557
 31
0
  0
LINE
  5
6F1
330
22
100
AcDbEntity
  8
B.Cu
  6
CONTINUOUS
100
AcDbLine
 10
5.7090072440944883
 20
-3.0389763779527557
 30
0
 11
5.7079588582677161
 21
-3.0389763779527557
 31
0
  0
LINE
  5
6F2
330
22
100
AcDbEntity
  8
B.Cu
  6
CONTINUOUS
100
AcDbLine
 10
5.7079588582677161
 20
-3.0389763779527557
 30
0
 11
5.7056152362204724
 21
-3.0392283858267715
 31
0
  0
LINE
  5
6F3
330
22
100
AcDbEntity
  8
B.Cu
  6
CONTINUOUS
100
AcDbLine
 10
5.7056152362204724
 20
-3.0392283858267715
 30
0
 11
5.7056149606299211
 21
-3.039228464566929
 31
0
  0
LINE
  5
6F4
330
22
100
AcDbEntity
  8
B.Cu
  6
CONTINUOUS
100
AcDbLine
 10
5.7056149606299211
 20
-3.039228464566929
 30
0
 11
5.7003115354330705
 21
-3.0412064960629919
 31
0
  0
LINE
  5
6F5
330
22
100
AcDbEntity
  8
B.Cu
  6
CONTINUOUS
100
AcDbLine
 10
5.7003115354330705
 20
-3.0412064960629919
 30
0
 11
5.7003112598425192
 21
-3.0412066535433069
 31
0
  0
LINE
  5
6F6
330
22
100
AcDbEntity
  8
B.Cu
  6
CONTINUOUS
100
AcDbLine
 10
5.7003112598425192
 20
-3.0412066535433069
 30
0
 11
5.6957800000000001
 21
-3.0445987795275591
 31
0
  0
LINE
  5
6F7
330
22
100
AcDbEntity
  8
B.Cu
  6
CONTINUOUS
100
AcDbLine
 10
5.6957800000000001
 20
-3.0445987795275591
 30
0
 11
5.6957798818897638
 21
-3.0445988976377953
 31
0
  0
LINE
  5
6F8
330
22
100
AcDbEntity
  8
B.Cu
  6
CONTINUOUS
100
AcDbLine
 10
5.6957798818897638
 20
-3.0445988976377953
 30
0
 11
5.6923877559055116
 21
-3.0491301574803149
 31
0
  0
LINE
  5
6F9
330
22
100
AcDbEntity
  8
B.Cu
  6
CONTINUOUS
100
AcDbLine
 10
5.6923877559055116
 20
-3.0491301574803149
 30
0
 11
5.6923875984251966
 21
-3.0491304330708662
 31
0
  0
LINE
  5
6FA
330
22
100
AcDbEntity
  8
B.Cu
  6
CONTINUOUS
100
AcDbLine
 10
5.6923875984251966
 20
-3.0491304330708662
 30
0
 11
5.6904095669291337
 21
-3.0544338582677164
 31
0
  0
LINE
  5
6FB
330
22
100
AcDbEntity
  8
B.Cu
  6
CONTINUOUS
100
AcDbLine
 10
5.6904095669291337
 20
-3.0544338582677164
 30
0
 11
5.6904094881889762
 21
-3.0544341338582677
 31
0
  0
LINE
  5
6FC
330
22
100
AcDbEntity
  8
B.Cu
  6
CONTINUOUS
100
AcDbLine
 10
5.6904094881889762
 20
-3.0544341338582677
 30
0
 11
5.6901574803149604
 21
-3.0567777559055118
 31
0
  0
LINE
  5
6FD
330
22
100
AcDbEntity
  8
B.Cu
  6
CONTINUOUS
100
AcDbLine
 10
5.6901574803149604
 20
-3.0567777559055118
 30
0
 11
5.6901574803149604
 21
-3.0822834645669293
 31
0
  0
LINE
  5
6FE
330
22
100
AcDbEntity
  8
B.Cu
  6
CONTINUOUS
100
AcDbLine
 10
5.6901574803149604
 20
-3.0822834645669293
 30
0
 11
5.7098425196850391
 21
-3.0822834645669293
 31
0
  0
LINE
  5
6FF
330
22
100
AcDbEntity
  8
B.Cu
  6
CONTINUOUS
100
AcDbLine
 10
5.7098425196850391
 20
-3.0822834645669293
 30
0
 11
5.7098425196850391
 21
-3.0586614173228344
 31
0
  0
LINE
  5
700
330
22
100
AcDbEntity
  8
B.Cu
  6
CONTINUOUS
100
AcDbLine
 10
5.7098425196850391
 20
-3.0586614173228344
 30
0
 11
5.7767716535433067
 21
-3.0586614173228344
 31
0
  0
LINE
  5
701
330
22
100
AcDbEntity
  8
B.Cu
  6
CONTINUOUS
100
AcDbLine
 10
5.7767716535433067
 20
-3.0586614173228344
 30
0
 11
5.7767716535433067
 21
-3.1255905511811024
 31
0
  0
LINE
  5
702
330
22
100
AcDbEntity
  8
B.Cu
  6
CONTINUOUS
100
AcDbLine
 10
5.7767716535433067
 20
-3.1255905511811024
 30
0
 11
5.7531496062992122
 21
-3.1255905511811024
 31
0
  0
LINE
  5
703
330
22
100
AcDbEntity
  8
B.Cu
  6
CONTINUOUS
100
AcDbLine
 10
5.7531496062992122
 20
-3.1255905511811024
 30
0
 11
5.7531496062992122
 21
-3.1452755905511811
 31
0
  0
LINE
  5
704
330
22
100
AcDbEntity
  8
B.Cu
  6
CONTINUOUS
100
AcDbLine
 10
5.7531496062992122
 20
-3.1452755905511811
 30
0
 11
5.7786546456692909
 21
-3.1452755905511811
 31
0
  0
LINE
  5
705
330
22
100
AcDbEntity
  8
B.Cu
  6
CONTINUOUS
100
AcDbLine
 10
5.7786546456692909
 20
-3.1452755905511811
 30
0
 11
5.7786552755905509
 21
-3.1452755511811024
 31
0
  0
LINE
  5
706
330
22
100
AcDbEntity
  8
B.Cu
  6
CONTINUOUS
100
AcDbLine
 10
5.7786552755905509
 20
-3.1452755511811024
 30
0
 11
5.7809988976377955
 21
-3.1450235433070866
 31
0
  0
LINE
  5
707
330
22
100
AcDbEntity
  8
B.Cu
  6
CONTINUOUS
100
AcDbLine
 10
5.7809988976377955
 20
-3.1450235433070866
 30
0
 11
5.7809991732283459
 21
-3.1450234645669291
 31
0
  0
LINE
  5
708
330
22
100
AcDbEntity
  8
B.Cu
  6
CONTINUOUS
100
AcDbLine
 10
5.7809991732283459
 20
-3.1450234645669291
 30
0
 11
5.7863025984251966
 21
-3.1430454330708661
 31
0
  0
LINE
  5
709
330
22
100
AcDbEntity
  8
B.Cu
  6
CONTINUOUS
100
AcDbLine
 10
5.7863025984251966
 20
-3.1430454330708661
 30
0
 11
5.7863028740157478
 21
-3.1430452755905511
 31
0
  0
LINE
  5
70A
330
22
100
AcDbEntity
  8
B.Cu
  6
CONTINUOUS
100
AcDbLine
 10
5.7863028740157478
 20
-3.1430452755905511
 30
0
 11
5.7908341338582678
 21
-3.1396531496062989
 31
0
  0
LINE
  5
70B
330
22
100
AcDbEntity
  8
B.Cu
  6
CONTINUOUS
100
AcDbLine
 10
5.7908341338582678
 20
-3.1396531496062989
 30
0
 11
5.7908342519685041
 21
-3.1396530314960631
 31
0
  0
LINE
  5
70C
330
22
100
AcDbEntity
  8
B.Cu
  6
CONTINUOUS
100
AcDbLine
 10
5.7908342519685041
 20
-3.1396530314960631
 30
0
 11
5.7942263779527554
 21
-3.1351217716535431
 31
0
  0
LINE
  5
70D
330
22
100
AcDbEntity
  8
B.Cu
  6
CONTINUOUS
100
AcDbLine
 10
5.7942263779527554
 20
-3.1351217716535431
 30
0
 11
5.7942265354330704
 21
-3.1351214960629918
 31
0
  0
LINE
  5
70E
330
22
100
AcDbEntity
  8
B.Cu
  6
CONTINUOUS
100
AcDbLine
 10
5.7942265354330704
 20
-3.1351214960629918
 30
0
 11
5.7962045669291333
 21
-3.1298180708661416
 31
0
  0
LINE
  5
70F
330
22
100
AcDbEntity
  8
B.Cu
  6
CONTINUOUS
100
AcDbLine
 10
5.7962045669291333
 20
-3.1298180708661416
 30
0
 11
5.7962046456692908
 21
-3.1298177952755903
 31
0
  0
LINE
  5
710
330
22
100
AcDbEntity
  8
B.Cu
  6
CONTINUOUS
100
AcDbLine
 10
5.7962046456692908
 20
-3.1298177952755903
 30
0
 11
5.7964566535433066
 21
-3.1274741732283462
 31
0
  0
LINE
  5
711
330
22
100
AcDbEntity
  8
B.Cu
  6
CONTINUOUS
100
AcDbLine
 10
5.7964566535433066
 20
-3.1274741732283462
 30
0
 11
5.7964566929133854
 21
-3.1274735039370078
 31
0
  0
LINE
  5
712
330
22
100
AcDbEntity
  8
B.Cu
  6
CONTINUOUS
100
AcDbLine
 10
5.7964566929133854
 20
-3.1274735039370078
 30
0
 11
5.7964566929133854
 21
-3.1264257874015748
 31
0
  0
LINE
  5
713
330
22
100
AcDbEntity
  8
B.Cu
  6
CONTINUOUS
100
AcDbLine
 10
5.7964566929133854
 20
-3.1264257874015748
 30
0
 11
5.7972316929133854
 21
-3.1237864566929132
 31
0
  0
LINE
  5
714
330
22
100
AcDbEntity
  8
B.Cu
  6
CONTINUOUS
100
AcDbLine
 10
5.7972316929133854
 20
-3.1237864566929132
 30
0
 11
5.7993105905511806
 21
-3.1219850787401575
 31
0
  0
LINE
  5
715
330
22
100
AcDbEntity
  8
B.Cu
  6
CONTINUOUS
100
AcDbLine
 10
5.7993105905511806
 20
-3.1219850787401575
 30
0
 11
5.8020333464566924
 21
-3.1215935826771655
 31
0
  0
LINE
  5
716
330
22
100
AcDbEntity
  8
B.Cu
  6
CONTINUOUS
100
AcDbLine
 10
5.8020333464566924
 20
-3.1215935826771655
 30
0
 11
5.8045355511811021
 21
-3.1227362992125984
 31
0
  0
LINE
  5
717
330
22
100
AcDbEntity
  8
B.Cu
  6
CONTINUOUS
100
AcDbLine
 10
5.8045355511811021
 20
-3.1227362992125984
 30
0
 11
5.8052880314960627
 21
-3.1235561811023622
 31
0
  0
LINE
  5
718
330
22
100
AcDbEntity
  8
B.Cu
  6
CONTINUOUS
100
AcDbLine
 10
5.8052880314960627
 20
-3.1235561811023622
 30
0
 11
5.8057548031496058
 21
-3.1241986614173229
 31
0
  0
LINE
  5
719
330
22
100
AcDbEntity
  8
B.Cu
  6
CONTINUOUS
100
AcDbLine
 10
5.8057548031496058
 20
-3.1241986614173229
 30
0
 11
5.8112344094488186
 21
-3.1296782677165353
 31
0
  0
LINE
  5
71A
330
22
100
AcDbEntity
  8
B.Cu
  6
CONTINUOUS
100
AcDbLine
 10
5.8112344094488186
 20
-3.1296782677165353
 30
0
 11
5.8168655905511812
 21
-3.1337695669291339
 31
0
  0
LINE
  5
71B
330
22
100
AcDbEntity
  8
B.Cu
  6
CONTINUOUS
100
AcDbLine
 10
5.8168655905511812
 20
-3.1337695669291339
 30
0
 11
5.8185453149606294
 21
-3.1359479133858268
 31
0
  0
LINE
  5
71C
330
22
100
AcDbEntity
  8
B.Cu
  6
CONTINUOUS
100
AcDbLine
 10
5.8185453149606294
 20
-3.1359479133858268
 30
0
 11
5.8188779527559058
 21
-3.137719094488189
 31
0
  0
LINE
  5
71D
330
22
100
AcDbEntity
  8
B.Cu
  6
CONTINUOUS
100
AcDbLine
 10
5.8188779527559058
 20
-3.137719094488189
 30
0
 11
5.8188779527559058
 21
-3.1862600787401574
 31
0
  0
LINE
  5
71E
330
22
100
AcDbEntity
  8
B.Cu
  6
CONTINUOUS
100
AcDbLine
 10
5.8188779527559058
 20
-3.1862600787401574
 30
0
 11
5.8188779527559058
 21
-3.1916926771653542
 31
0
  0
LINE
  5
71F
330
22
100
AcDbEntity
  8
B.Cu
  6
CONTINUOUS
100
AcDbLine
 10
5.8188779527559058
 20
-3.1916926771653542
 30
0
 11
5.8188779527559058
 21
-3.1916927559055117
 31
0
  0
LINE
  5
720
330
22
100
AcDbEntity
  8
B.Cu
  6
CONTINUOUS
100
AcDbLine
 10
5.8188779527559058
 20
-3.1916927559055117
 30
0
 11
5.818877913385827
 21
-3.1916927559055117
 31
0
  0
LINE
  5
721
330
22
100
AcDbEntity
  8
B.Cu
  6
CONTINUOUS
100
AcDbLine
 10
5.818877913385827
 20
-3.1916927559055117
 30
0
 11
5.8199377165354331
 21
-3.1970205511811023
 31
0
  0
LINE
  5
722
330
22
100
AcDbEntity
  8
B.Cu
  6
CONTINUOUS
100
AcDbLine
 10
5.8199377165354331
 20
-3.1970205511811023
 30
0
 11
5.8199378346456694
 21
-3.1970209448818898
 31
0
  0
LINE
  5
723
330
22
100
AcDbEntity
  8
B.Cu
  6
CONTINUOUS
100
AcDbLine
 10
5.8199378346456694
 20
-3.1970209448818898
 30
0
 11
5.8220166141732284
 21
-3.2020396456692914
 31
0
  0
LINE
  5
724
330
22
100
AcDbEntity
  8
B.Cu
  6
CONTINUOUS
100
AcDbLine
 10
5.8220166141732284
 20
-3.2020396456692914
 30
0
 11
5.8250349212598422
 21
-3.2065568897637795
 31
0
  0
LINE
  5
725
330
22
100
AcDbEntity
  8
B.Cu
  6
CONTINUOUS
100
AcDbLine
 10
5.8250349212598422
 20
-3.2065568897637795
 30
0
 11
5.825034960629921
 21
-3.2065569291338583
 31
0
  0
LINE
  5
726
330
22
100
AcDbEntity
  8
B.Cu
  6
CONTINUOUS
100
AcDbLine
 10
5.825034960629921
 20
-3.2065569291338583
 30
0
 11
5.8765031889763781
 21
-3.2580250787401575
 31
0
  0
LINE
  5
727
330
22
100
AcDbEntity
  8
B.Cu
  6
CONTINUOUS
100
AcDbLine
 10
5.8765031889763781
 20
-3.2580250787401575
 30
0
 11
5.8778214960629924
 21
-3.26043937007874
 31
0
  0
LINE
  5
728
330
22
100
AcDbEntity
  8
B.Cu
  6
CONTINUOUS
100
AcDbLine
 10
5.8778214960629924
 20
-3.26043937007874
 30
0
 11
5.8779330708661419
 21
-3.2614770866141733
 31
0
  0
LINE
  5
729
330
22
100
AcDbEntity
  8
B.Cu
  6
CONTINUOUS
100
AcDbLine
 10
5.8779330708661419
 20
-3.2614770866141733
 30
0
 11
5.8779330708661419
 21
-3.717438622047244
 31
0
  0
LINE
  5
72A
330
22
100
AcDbEntity
  8
B.Cu
  6
CONTINUOUS
100
AcDbLine
 10
5.8779330708661419
 20
-3.717438622047244
 30
0
 11
5.8779330708661419
 21
-3.7174387007874015
 31
0
  0
LINE
  5
72B
330
22
100
AcDbEntity
  8
B.Cu
  6
CONTINUOUS
100
AcDbLine
 10
5.8779330708661419
 20
-3.7174387007874015
 30
0
 11
5.8779330314960632
 21
-3.7174387007874015
 31
0
  0
LINE
  5
72C
330
22
100
AcDbEntity
  8
B.Cu
  6
CONTINUOUS
100
AcDbLine
 10
5.8779330314960632
 20
-3.7174387007874015
 30
0
 11
5.8789928346456692
 21
-3.7227665354330708
 31
0
  0
LINE
  5
72D
330
22
100
AcDbEntity
  8
B.Cu
  6
CONTINUOUS
100
AcDbLine
 10
5.8789928346456692
 20
-3.7227665354330708
 30
0
 11
5.8789929527559055
 21
-3.7227669291338583
 31
0
  0
LINE
  5
72E
330
22
100
AcDbEntity
  8
B.Cu
  6
CONTINUOUS
100
AcDbLine
 10
5.8789929527559055
 20
-3.7227669291338583
 30
0
 11
5.8810717322834645
 21
-3.7277855905511812
 31
0
  0
LINE
  5
72F
330
22
100
AcDbEntity
  8
B.Cu
  6
CONTINUOUS
100
AcDbLine
 10
5.8810717322834645
 20
-3.7277855905511812
 30
0
 11
5.8811848031496066
 21
-3.727997086614173
 31
0
  0
LINE
  5
730
330
22
100
AcDbEntity
  8
B.Cu
  6
CONTINUOUS
100
AcDbLine
 10
5.8811848031496066
 20
-3.727997086614173
 30
0
 11
5.8811335433070866
 21
-3.7280244881889764
 31
0
  0
LINE
  5
731
330
22
100
AcDbEntity
  8
B.Cu
  6
CONTINUOUS
100
AcDbLine
 10
5.8811335433070866
 20
-3.7280244881889764
 30
0
 11
5.8818692913385826
 21
-3.7303740944881887
 31
0
  0
LINE
  5
732
330
22
100
AcDbEntity
  8
B.Cu
  6
CONTINUOUS
100
AcDbLine
 10
5.8818692913385826
 20
-3.7303740944881887
 30
0
 11
5.8818700787401577
 21
-3.7304612992125983
 31
0
  0
LINE
  5
733
330
22
100
AcDbEntity
  8
B.Cu
  6
CONTINUOUS
100
AcDbLine
 10
5.8818700787401577
 20
-3.7304612992125983
 30
0
 11
5.8818700787401577
 21
-3.7373286220472441
 31
0
  0
LINE
  5
734
330
22
100
AcDbEntity
  8
B.Cu
  6
CONTINUOUS
100
AcDbLine
 10
5.8818700787401577
 20
-3.7373286220472441
 30
0
 11
5.8810950787401577
 21
-3.7399679527559053
 31
0
  0
LINE
  5
735
330
22
100
AcDbEntity
  8
B.Cu
  6
CONTINUOUS
100
AcDbLine
 10
5.8810950787401577
 20
-3.7399679527559053
 30
0
 11
5.8790161811023625
 21
-3.7417693307086615
 31
0
  0
LINE
  5
736
330
22
100
AcDbEntity
  8
B.Cu
  6
CONTINUOUS
100
AcDbLine
 10
5.8790161811023625
 20
-3.7417693307086615
 30
0
 11
5.8762934251968506
 21
-3.7421608267716535
 31
0
  0
LINE
  5
737
330
22
100
AcDbEntity
  8
B.Cu
  6
CONTINUOUS
100
AcDbLine
 10
5.8762934251968506
 20
-3.7421608267716535
 30
0
 11
5.8742760236220475
 21
-3.7413877952755903
 31
0
  0
LINE
  5
738
330
22
100
AcDbEntity
  8
B.Cu
  6
CONTINUOUS
100
AcDbLine
 10
5.8742760236220475
 20
-3.7413877952755903
 30
0
 11
5.8736103937007869
 21
-3.7409430314960628
 31
0
  0
LINE
  5
739
330
22
100
AcDbEntity
  8
B.Cu
  6
CONTINUOUS
100
AcDbLine
 10
5.8736103937007869
 20
-3.7409430314960628
 30
0
 11
5.8736103149606294
 21
-3.740942992125984
 31
0
  0
LINE
  5
73A
330
22
100
AcDbEntity
  8
B.Cu
  6
CONTINUOUS
100
AcDbLine
 10
5.8736103149606294
 20
-3.740942992125984
 30
0
 11
5.8666570078740152
 21
-3.738062874015748
 31
0
  0
LINE
  5
73B
330
22
100
AcDbEntity
  8
B.Cu
  6
CONTINUOUS
100
AcDbLine
 10
5.8666570078740152
 20
-3.738062874015748
 30
0
 11
5.8666566141732286
 21
-3.7380627559055117
 31
0
  0
LINE
  5
73C
330
22
100
AcDbEntity
  8
B.Cu
  6
CONTINUOUS
100
AcDbLine
 10
5.8666566141732286
 20
-3.7380627559055117
 30
0
 11
5.8592751181102365
 21
-3.7365944881889761
 31
0
  0
LINE
  5
73D
330
22
100
AcDbEntity
  8
B.Cu
  6
CONTINUOUS
100
AcDbLine
 10
5.8592751181102365
 20
-3.7365944881889761
 30
0
 11
5.859275039370079
 21
-3.7365944881889761
 31
0
  0
LINE
  5
73E
330
22
100
AcDbEntity
  8
B.Cu
  6
CONTINUOUS
100
AcDbLine
 10
5.859275039370079
 20
-3.7365944881889761
 30
0
 11
5.8517485826771649
 21
-3.7365944881889761
 31
0
  0
LINE
  5
73F
330
22
100
AcDbEntity
  8
B.Cu
  6
CONTINUOUS
100
AcDbLine
 10
5.8517485826771649
 20
-3.7365944881889761
 30
0
 11
5.8517485039370074
 21
-3.7365944881889761
 31
0
  0
LINE
  5
740
330
22
100
AcDbEntity
  8
B.Cu
  6
CONTINUOUS
100
AcDbLine
 10
5.8517485039370074
 20
-3.7365944881889761
 30
0
 11
5.8443669685039366
 21
-3.7380627559055117
 31
0
  0
LINE
  5
741
330
22
100
AcDbEntity
  8
B.Cu
  6
CONTINUOUS
100
AcDbLine
 10
5.8443669685039366
 20
-3.7380627559055117
 30
0
 11
5.8443665748031499
 21
-3.738062874015748
 31
0
  0
LINE
  5
742
330
22
100
AcDbEntity
  8
B.Cu
  6
CONTINUOUS
100
AcDbLine
 10
5.8443665748031499
 20
-3.738062874015748
 30
0
 11
5.8374133464566924
 21
-3.7409429527559053
 31
0
  0
LINE
  5
743
330
22
100
AcDbEntity
  8
B.Cu
  6
CONTINUOUS
100
AcDbLine
 10
5.8374133464566924
 20
-3.7409429527559053
 30
0
 11
5.8311550787401574
 21
-3.745124566929134
 31
0
  0
LINE
  5
744
330
22
100
AcDbEntity
  8
B.Cu
  6
CONTINUOUS
100
AcDbLine
 10
5.8311550787401574
 20
-3.745124566929134
 30
0
 11
5.8258332283464567
 21
-3.7504464173228347
 31
0
  0
LINE
  5
745
330
22
100
AcDbEntity
  8
B.Cu
  6
CONTINUOUS
100
AcDbLine
 10
5.8258332283464567
 20
-3.7504464173228347
 30
0
 11
5.821651614173228
 21
-3.7567046850393702
 31
0
  0
LINE
  5
746
330
22
100
AcDbEntity
  8
B.Cu
  6
CONTINUOUS
100
AcDbLine
 10
5.821651614173228
 20
-3.7567046850393702
 30
0
 11
5.8187715354330711
 21
-3.7636579133858268
 31
0
  0
LINE
  5
747
330
22
100
AcDbEntity
  8
B.Cu
  6
CONTINUOUS
100
AcDbLine
 10
5.8187715354330711
 20
-3.7636579133858268
 30
0
 11
5.8187714173228349
 21
-3.7636583070866143
 31
0
  0
LINE
  5
748
330
22
100
AcDbEntity
  8
B.Cu
  6
CONTINUOUS
100
AcDbLine
 10
5.8187714173228349
 20
-3.7636583070866143
 30
0
 11
5.8173031496062988
 21
-3.7710398031496064
 31
0
  0
LINE
  5
749
330
22
100
AcDbEntity
  8
B.Cu
  6
CONTINUOUS
100
AcDbLine
 10
5.8173031496062988
 20
-3.7710398031496064
 30
0
 11
5.8173031496062988
 21
-3.7710399212598422
 31
0
  0
LINE
  5
74A
330
22
100
AcDbEntity
  8
B.Cu
  6
CONTINUOUS
100
AcDbLine
 10
5.8173031496062988
 20
-3.7710399212598422
 30
0
 11
5.8173031496062988
 21
-3.7785663779527559
 31
0
  0
LINE
  5
74B
330
22
100
AcDbEntity
  8
B.Cu
  6
CONTINUOUS
100
AcDbLine
 10
5.8173031496062988
 20
-3.7785663779527559
 30
0
 11
5.8173031496062988
 21
-3.7785664566929134
 31
0
  0
LINE
  5
74C
330
22
100
AcDbEntity
  8
B.Cu
  6
CONTINUOUS
100
AcDbLine
 10
5.8173031496062988
 20
-3.7785664566929134
 30
0
 11
5.81730311023622
 21
-3.7785664566929134
 31
0
  0
LINE
  5
74D
330
22
100
AcDbEntity
  8
B.Cu
  6
CONTINUOUS
100
AcDbLine
 10
5.81730311023622
 20
-3.7785664566929134
 30
0
 11
5.8187714173228349
 21
-3.7859479527559055
 31
0
  0
LINE
  5
74E
330
22
100
AcDbEntity
  8
B.Cu
  6
CONTINUOUS
100
AcDbLine
 10
5.8187714173228349
 20
-3.7859479527559055
 30
0
 11
5.8187715354330711
 21
-3.785948346456693
 31
0
  0
LINE
  5
74F
330
22
100
AcDbEntity
  8
B.Cu
  6
CONTINUOUS
100
AcDbLine
 10
5.8187715354330711
 20
-3.785948346456693
 30
0
 11
5.821651614173228
 21
-3.7929015748031496
 31
0
  0
LINE
  5
750
330
22
100
AcDbEntity
  8
B.Cu
  6
CONTINUOUS
100
AcDbLine
 10
5.821651614173228
 20
-3.7929015748031496
 30
0
 11
5.8258332283464567
 21
-3.7991598425196851
 31
0
  0
LINE
  5
751
330
22
100
AcDbEntity
  8
B.Cu
  6
CONTINUOUS
100
AcDbLine
 10
5.8258332283464567
 20
-3.7991598425196851
 30
0
 11
5.8311550787401574
 21
-3.8044816929133858
 31
0
  0
LINE
  5
752
330
22
100
AcDbEntity
  8
B.Cu
  6
CONTINUOUS
100
AcDbLine
 10
5.8311550787401574
 20
-3.8044816929133858
 30
0
 11
5.8374133464566924
 21
-3.808663307086614
 31
0
  0
LINE
  5
753
330
22
100
AcDbEntity
  8
B.Cu
  6
CONTINUOUS
100
AcDbLine
 10
5.8374133464566924
 20
-3.808663307086614
 30
0
 11
5.8443665748031499
 21
-3.8115433858267718
 31
0
  0
LINE
  5
754
330
22
100
AcDbEntity
  8
B.Cu
  6
CONTINUOUS
100
AcDbLine
 10
5.8443665748031499
 20
-3.8115433858267718
 30
0
 11
5.8443667716535428
 21
-3.8115434645669288
 31
0
  0
LINE
  5
755
330
22
100
AcDbEntity
  8
B.Cu
  6
CONTINUOUS
100
AcDbLine
 10
5.8443667716535428
 20
-3.8115434645669288
 30
0
 11
5.8443669291338578
 21
-3.8115434645669288
 31
0
  0
LINE
  5
756
330
22
100
AcDbEntity
  8
B.Cu
  6
CONTINUOUS
100
AcDbLine
 10
5.8443669291338578
 20
-3.8115434645669288
 30
0
 11
5.8443669685039366
 21
-3.8115435039370076
 31
0
  0
LINE
  5
757
330
22
100
AcDbEntity
  8
B.Cu
  6
CONTINUOUS
100
AcDbLine
 10
5.8443669685039366
 20
-3.8115435039370076
 30
0
 11
5.8517484645669287
 21
-3.813011811023622
 31
0
  0
LINE
  5
758
330
22
100
AcDbEntity
  8
B.Cu
  6
CONTINUOUS
100
AcDbLine
 10
5.8517484645669287
 20
-3.813011811023622
 30
0
 11
5.8517485826771649
 21
-3.813011811023622
 31
0
  0
LINE
  5
759
330
22
100
AcDbEntity
  8
B.Cu
  6
CONTINUOUS
100
AcDbLine
 10
5.8517485826771649
 20
-3.813011811023622
 30
0
 11
5.8592751181102365
 21
-3.813011811023622
 31
0
  0
LINE
  5
75A
330
22
100
AcDbEntity
  8
B.Cu
  6
CONTINUOUS
100
AcDbLine
 10
5.8592751181102365
 20
-3.813011811023622
 30
0
 11
5.8643959448818892
 21
-3.8119931889763778
 31
0
  0
LINE
  5
75B
330
22
100
AcDbEntity
  8
B.Cu
  6
CONTINUOUS
100
AcDbLine
 10
5.8643959448818892
 20
-3.8119931889763778
 30
0
 11
5.8666568503937002
 21
-3.8115434645669288
 31
0
  0
LINE
  5
75C
330
22
100
AcDbEntity
  8
B.Cu
  6
CONTINUOUS
100
AcDbLine
 10
5.8666568503937002
 20
-3.8115434645669288
 30
0
 11
5.8735451968503938
 21
-3.8086902362204724
 31
0
  0
LINE
  5
75D
330
22
100
AcDbEntity
  8
B.Cu
  6
CONTINUOUS
100
AcDbLine
 10
5.8735451968503938
 20
-3.8086902362204724
 30
0
 11
5.8736103149606294
 21
-3.8086632677165353
 31
0
  0
LINE
  5
75E
330
22
100
AcDbEntity
  8
B.Cu
  6
CONTINUOUS
100
AcDbLine
 10
5.8736103149606294
 20
-3.8086632677165353
 30
0
 11
5.8736103149606294
 21
-3.8086632283464565
 31
0
  0
LINE
  5
75F
330
22
100
AcDbEntity
  8
B.Cu
  6
CONTINUOUS
100
AcDbLine
 10
5.8736103149606294
 20
-3.8086632283464565
 30
0
 11
5.8736103937007869
 21
-3.8086632283464565
 31
0
  0
LINE
  5
760
330
22
100
AcDbEntity
  8
B.Cu
  6
CONTINUOUS
100
AcDbLine
 10
5.8736103937007869
 20
-3.8086632283464565
 30
0
 11
5.8742759055118112
 21
-3.8082185039370078
 31
0
  0
LINE
  5
761
330
22
100
AcDbEntity
  8
B.Cu
  6
CONTINUOUS
100
AcDbLine
 10
5.8742759055118112
 20
-3.8082185039370078
 30
0
 11
5.8769009842519679
 21
-3.807396535433071
 31
0
  0
LINE
  5
762
330
22
100
AcDbEntity
  8
B.Cu
  6
CONTINUOUS
100
AcDbLine
 10
5.8769009842519679
 20
-3.807396535433071
 30
0
 11
5.8795537401574798
 21
-3.8081242519685037
 31
0
  0
LINE
  5
763
330
22
100
AcDbEntity
  8
B.Cu
  6
CONTINUOUS
100
AcDbLine
 10
5.8795537401574798
 20
-3.8081242519685037
 30
0
 11
5.8813919685039373
 21
-3.8101706299212599
 31
0
  0
LINE
  5
764
330
22
100
AcDbEntity
  8
B.Cu
  6
CONTINUOUS
100
AcDbLine
 10
5.8813919685039373
 20
-3.8101706299212599
 30
0
 11
5.8818700787401577
 21
-3.8122776377952756
 31
0
  0
LINE
  5
765
330
22
100
AcDbEntity
  8
B.Cu
  6
CONTINUOUS
100
AcDbLine
 10
5.8818700787401577
 20
-3.8122776377952756
 30
0
 11
5.8818700787401577
 21
-3.819144960629921
 31
0
  0
LINE
  5
766
330
22
100
AcDbEntity
  8
B.Cu
  6
CONTINUOUS
100
AcDbLine
 10
5.8818700787401577
 20
-3.819144960629921
 30
0
 11
5.8811516929133854
 21
-3.8215913779527559
 31
0
  0
LINE
  5
767
330
22
100
AcDbEntity
  8
B.Cu
  6
CONTINUOUS
100
AcDbLine
 10
5.8811516929133854
 20
-3.8215913779527559
 30
0
 11
5.8811848425196853
 21
-3.8216090944881889
 31
0
  0
LINE
  5
768
330
22
100
AcDbEntity
  8
B.Cu
  6
CONTINUOUS
100
AcDbLine
 10
5.8811848425196853
 20
-3.8216090944881889
 30
0
 11
5.8810998031496062
 21
-3.821768149606299
 31
0
  0
LINE
  5
769
330
22
100
AcDbEntity
  8
B.Cu
  6
CONTINUOUS
100
AcDbLine
 10
5.8810998031496062
 20
-3.821768149606299
 30
0
 11
5.8810950787401577
 21
-3.8217842913385827
 31
0
  0
LINE
  5
76A
330
22
100
AcDbEntity
  8
B.Cu
  6
CONTINUOUS
100
AcDbLine
 10
5.8810950787401577
 20
-3.8217842913385827
 30
0
 11
5.8810739370078737
 21
-3.8218164960629921
 31
0
  0
LINE
  5
76B
330
22
100
AcDbEntity
  8
B.Cu
  6
CONTINUOUS
100
AcDbLine
 10
5.8810739370078737
 20
-3.8218164960629921
 30
0
 11
5.8810717716535432
 21
-3.8218205511811023
 31
0
  0
LINE
  5
76C
330
22
100
AcDbEntity
  8
B.Cu
  6
CONTINUOUS
100
AcDbLine
 10
5.8810717716535432
 20
-3.8218205511811023
 30
0
 11
5.8789929527559055
 21
-3.8268393307086614
 31
0
  0
LINE
  5
76D
330
22
100
AcDbEntity
  8
B.Cu
  6
CONTINUOUS
100
AcDbLine
 10
5.8789929527559055
 20
-3.8268393307086614
 30
0
 11
5.8789928346456692
 21
-3.8268397244094485
 31
0
  0
LINE
  5
76E
330
22
100
AcDbEntity
  8
B.Cu
  6
CONTINUOUS
100
AcDbLine
 10
5.8789928346456692
 20
-3.8268397244094485
 30
0
 11
5.8779330708661419
 21
-3.8321675590551179
 31
0
  0
LINE
  5
76F
330
22
100
AcDbEntity
  8
B.Cu
  6
CONTINUOUS
100
AcDbLine
 10
5.8779330708661419
 20
-3.8321675590551179
 30
0
 11
5.8779330708661419
 21
-3.9235622047244094
 31
0
  0
LINE
  5
770
330
22
100
AcDbEntity
  8
B.Cu
  6
CONTINUOUS
100
AcDbLine
 10
5.8779330708661419
 20
-3.9235622047244094
 30
0
 11
5.8771580708661419
 21
-3.9262015354330706
 31
0
  0
LINE
  5
771
330
22
100
AcDbEntity
  8
B.Cu
  6
CONTINUOUS
100
AcDbLine
 10
5.8771580708661419
 20
-3.9262015354330706
 30
0
 11
5.8765031889763781
 21
-3.9270142125984253
 31
0
  0
LINE
  5
772
330
22
100
AcDbEntity
  8
B.Cu
  6
CONTINUOUS
100
AcDbLine
 10
5.8765031889763781
 20
-3.9270142125984253
 30
0
 11
5.5340900787401575
 21
-4.2694272834645668
 31
0
  0
LINE
  5
773
330
22
100
AcDbEntity
  8
B.Cu
  6
CONTINUOUS
100
AcDbLine
 10
5.5340900787401575
 20
-4.2694272834645668
 30
0
 11
5.5340900393700787
 21
-4.2694273228346455
 31
0
  0
LINE
  5
774
330
22
100
AcDbEntity
  8
B.Cu
  6
CONTINUOUS
100
AcDbLine
 10
5.5340900393700787
 20
-4.2694273228346455
 30
0
 11
5.5310717322834648
 21
-4.273944566929134
 31
0
  0
LINE
  5
775
330
22
100
AcDbEntity
  8
B.Cu
  6
CONTINUOUS
100
AcDbLine
 10
5.5310717322834648
 20
-4.273944566929134
 30
0
 11
5.528992952755905
 21
-4.2789632677165352
 31
0
  0
LINE
  5
776
330
22
100
AcDbEntity
  8
B.Cu
  6
CONTINUOUS
100
AcDbLine
 10
5.528992952755905
 20
-4.2789632677165352
 30
0
 11
5.5289928346456696
 21
-4.2789637007874015
 31
0
  0
LINE
  5
777
330
22
100
AcDbEntity
  8
B.Cu
  6
CONTINUOUS
100
AcDbLine
 10
5.5289928346456696
 20
-4.2789637007874015
 30
0
 11
5.528240039370079
 21
-4.28274842519685
 31
0
  0
LINE
  5
778
330
22
100
AcDbEntity
  8
B.Cu
  6
CONTINUOUS
100
AcDbLine
 10
5.528240039370079
 20
-4.28274842519685
 30
0
 11
5.528240039370079
 21
-4.2827485433070862
 31
0
  0
LINE
  5
779
330
22
100
AcDbEntity
  8
B.Cu
  6
CONTINUOUS
100
AcDbLine
 10
5.528240039370079
 20
-4.2827485433070862
 30
0
 11
5.5279330708661414
 21
-4.2842916141732283
 31
0
  0
LINE
  5
77A
330
22
100
AcDbEntity
  8
B.Cu
  6
CONTINUOUS
100
AcDbLine
 10
5.5279330708661414
 20
-4.2842916141732283
 30
0
 11
5.5279330708661414
 21
-4.3293953543307087
 31
0
  0
LINE
  5
77B
330
22
100
AcDbEntity
  8
B.Cu
  6
CONTINUOUS
100
AcDbLine
 10
5.5279330708661414
 20
-4.3293953543307087
 30
0
 11
5.5271580708661414
 21
-4.3320346850393703
 31
0
  0
LINE
  5
77C
330
22
100
AcDbEntity
  8
B.Cu
  6
CONTINUOUS
100
AcDbLine
 10
5.5271580708661414
 20
-4.3320346850393703
 30
0
 11
5.5265031889763776
 21
-4.3328473622047241
 31
0
  0
LINE
  5
77D
330
22
100
AcDbEntity
  8
B.Cu
  6
CONTINUOUS
100
AcDbLine
 10
5.5265031889763776
 20
-4.3328473622047241
 30
0
 11
5.5258332677165356
 21
-4.3335172440944882
 31
0
  0
LINE
  5
77E
330
22
100
AcDbEntity
  8
B.Cu
  6
CONTINUOUS
100
AcDbLine
 10
5.5258332677165356
 20
-4.3335172440944882
 30
0
 11
5.5258332283464568
 21
-4.333517283464567
 31
0
  0
LINE
  5
77F
330
22
100
AcDbEntity
  8
B.Cu
  6
CONTINUOUS
100
AcDbLine
 10
5.5258332283464568
 20
-4.333517283464567
 30
0
 11
5.5216516141732281
 21
-4.339775551181102
 31
0
  0
LINE
  5
780
330
22
100
AcDbEntity
  8
B.Cu
  6
CONTINUOUS
100
AcDbLine
 10
5.5216516141732281
 20
-4.339775551181102
 30
0
 11
5.5187715354330704
 21
-4.3467287795275587
 31
0
  0
LINE
  5
781
330
22
100
AcDbEntity
  8
B.Cu
  6
CONTINUOUS
100
AcDbLine
 10
5.5187715354330704
 20
-4.3467287795275587
 30
0
 11
5.5187714173228342
 21
-4.3467291732283462
 31
0
  0
LINE
  5
782
330
22
100
AcDbEntity
  8
B.Cu
  6
CONTINUOUS
100
AcDbLine
 10
5.5187714173228342
 20
-4.3467291732283462
 30
0
 11
5.517303149606299
 21
-4.3541106692913383
 31
0
  0
LINE
  5
783
330
22
100
AcDbEntity
  8
B.Cu
  6
CONTINUOUS
100
AcDbLine
 10
5.517303149606299
 20
-4.3541106692913383
 30
0
 11
5.517303149606299
 21
-4.3541107874015745
 31
0
  0
LINE
  5
784
330
22
100
AcDbEntity
  8
B.Cu
  6
CONTINUOUS
100
AcDbLine
 10
5.517303149606299
 20
-4.3541107874015745
 30
0
 11
5.517303149606299
 21
-4.3954955118110233
 31
0
  0
LINE
  5
785
330
22
100
AcDbEntity
  8
B.Cu
  6
CONTINUOUS
100
AcDbLine
 10
5.517303149606299
 20
-4.3954955118110233
 30
0
 11
5.517303149606299
 21
-4.3954955905511808
 31
0
  0
LINE
  5
786
330
22
100
AcDbEntity
  8
B.Cu
  6
CONTINUOUS
100
AcDbLine
 10
5.517303149606299
 20
-4.3954955905511808
 30
0
 11
5.5173031102362202
 21
-4.3954955905511808
 31
0
  0
LINE
  5
787
330
22
100
AcDbEntity
  8
B.Cu
  6
CONTINUOUS
100
AcDbLine
 10
5.5173031102362202
 20
-4.3954955905511808
 30
0
 11
5.5187714173228342
 21
-4.4028770866141729
 31
0
  0
LINE
  5
788
330
22
100
AcDbEntity
  8
B.Cu
  6
CONTINUOUS
100
AcDbLine
 10
5.5187714173228342
 20
-4.4028770866141729
 30
0
 11
5.5187715354330704
 21
-4.4028774803149604
 31
0
  0
LINE
  5
789
330
22
100
AcDbEntity
  8
B.Cu
  6
CONTINUOUS
100
AcDbLine
 10
5.5187715354330704
 20
-4.4028774803149604
 30
0
 11
5.5216516141732281
 21
-4.409830708661417
 31
0
  0
LINE
  5
78A
330
22
100
AcDbEntity
  8
B.Cu
  6
CONTINUOUS
100
AcDbLine
 10
5.5216516141732281
 20
-4.409830708661417
 30
0
 11
5.5258332283464568
 21
-4.4160889763779529
 31
0
  0
LINE
  5
78B
330
22
100
AcDbEntity
  8
B.Cu
  6
CONTINUOUS
100
AcDbLine
 10
5.5258332283464568
 20
-4.4160889763779529
 30
0
 11
5.5311550787401575
 21
-4.4214108267716536
 31
0
  0
LINE
  5
78C
330
22
100
AcDbEntity
  8
B.Cu
  6
CONTINUOUS
100
AcDbLine
 10
5.5311550787401575
 20
-4.4214108267716536
 30
0
 11
5.5374133464566926
 21
-4.4255924409448815
 31
0
  0
LINE
  5
78D
330
22
100
AcDbEntity
  8
B.Cu
  6
CONTINUOUS
100
AcDbLine
 10
5.5374133464566926
 20
-4.4255924409448815
 30
0
 11
5.5443665748031492
 21
-4.4284725196850392
 31
0
  0
LINE
  5
78E
330
22
100
AcDbEntity
  8
B.Cu
  6
CONTINUOUS
100
AcDbLine
 10
5.5443665748031492
 20
-4.4284725196850392
 30
0
 11
5.544366771653543
 21
-4.4284725984251967
 31
0
  0
LINE
  5
78F
330
22
100
AcDbEntity
  8
B.Cu
  6
CONTINUOUS
100
AcDbLine
 10
5.544366771653543
 20
-4.4284725984251967
 30
0
 11
5.544366929133858
 21
-4.4284725984251967
 31
0
  0
LINE
  5
790
330
22
100
AcDbEntity
  8
B.Cu
  6
CONTINUOUS
100
AcDbLine
 10
5.544366929133858
 20
-4.4284725984251967
 30
0
 11
5.5443669685039367
 21
-4.4284726377952754
 31
0
  0
LINE
  5
791
330
22
100
AcDbEntity
  8
B.Cu
  6
CONTINUOUS
100
AcDbLine
 10
5.5443669685039367
 20
-4.4284726377952754
 30
0
 11
5.5517484645669288
 21
-4.4299409448818894
 31
0
  0
LINE
  5
792
330
22
100
AcDbEntity
  8
B.Cu
  6
CONTINUOUS
100
AcDbLine
 10
5.5517484645669288
 20
-4.4299409448818894
 30
0
 11
5.5517485826771651
 21
-4.4299409448818894
 31
0
  0
LINE
  5
793
330
22
100
AcDbEntity
  8
B.Cu
  6
CONTINUOUS
100
AcDbLine
 10
5.5517485826771651
 20
-4.4299409448818894
 30
0
 11
5.5592751181102358
 21
-4.4299409448818894
 31
0
  0
LINE
  5
794
330
22
100
AcDbEntity
  8
B.Cu
  6
CONTINUOUS
100
AcDbLine
 10
5.5592751181102358
 20
-4.4299409448818894
 30
0
 11
5.5642412992125987
 21
-4.4289530708661413
 31
0
  0
LINE
  5
795
330
22
100
AcDbEntity
  8
B.Cu
  6
CONTINUOUS
100
AcDbLine
 10
5.5642412992125987
 20
-4.4289530708661413
 30
0
 11
5.5666568503937004
 21
-4.4284725984251967
 31
0
  0
LINE
  5
796
330
22
100
AcDbEntity
  8
B.Cu
  6
CONTINUOUS
100
AcDbLine
 10
5.5666568503937004
 20
-4.4284725984251967
 30
0
 11
5.5716181889763776
 21
-4.4264175590551176
 31
0
  0
LINE
  5
797
330
22
100
AcDbEntity
  8
B.Cu
  6
CONTINUOUS
100
AcDbLine
 10
5.5716181889763776
 20
-4.4264175590551176
 30
0
 11
5.573610236220472
 21
-4.4255924409448815
 31
0
  0
LINE
  5
798
330
22
100
AcDbEntity
  8
B.Cu
  6
CONTINUOUS
100
AcDbLine
 10
5.573610236220472
 20
-4.4255924409448815
 30
0
 11
5.5736102755905508
 21
-4.4255924015748027
 31
0
  0
LINE
  5
799
330
22
100
AcDbEntity
  8
B.Cu
  6
CONTINUOUS
100
AcDbLine
 10
5.5736102755905508
 20
-4.4255924015748027
 30
0
 11
5.573610393700787
 21
-4.425592362204724
 31
0
  0
LINE
  5
79A
330
22
100
AcDbEntity
  8
B.Cu
  6
CONTINUOUS
100
AcDbLine
 10
5.573610393700787
 20
-4.425592362204724
 30
0
 11
5.5798684251968504
 21
-4.4214109055118112
 31
0
  0
LINE
  5
79B
330
22
100
AcDbEntity
  8
B.Cu
  6
CONTINUOUS
100
AcDbLine
 10
5.5798684251968504
 20
-4.4214109055118112
 30
0
 11
5.5851904330708662
 21
-4.4160888976377954
 31
0
  0
LINE
  5
79C
330
22
100
AcDbEntity
  8
B.Cu
  6
CONTINUOUS
100
AcDbLine
 10
5.5851904330708662
 20
-4.4160888976377954
 30
0
 11
5.589371889763779
 21
-4.409830866141732
 31
0
  0
LINE
  5
79D
330
22
100
AcDbEntity
  8
B.Cu
  6
CONTINUOUS
100
AcDbLine
 10
5.589371889763779
 20
-4.409830866141732
 30
0
 11
5.5922521259842517
 21
-4.4028773228346454
 31
0
  0
LINE
  5
79E
330
22
100
AcDbEntity
  8
B.Cu
  6
CONTINUOUS
100
AcDbLine
 10
5.5922521259842517
 20
-4.4028773228346454
 30
0
 11
5.5937204724409444
 21
-4.3954955118110233
 31
0
  0
LINE
  5
79F
330
22
100
AcDbEntity
  8
B.Cu
  6
CONTINUOUS
100
AcDbLine
 10
5.5937204724409444
 20
-4.3954955118110233
 30
0
 11
5.5937204724409444
 21
-4.3541107874015745
 31
0
  0
LINE
  5
7A0
330
22
100
AcDbEntity
  8
B.Cu
  6
CONTINUOUS
100
AcDbLine
 10
5.5937204724409444
 20
-4.3541107874015745
 30
0
 11
5.5937204724409444
 21
-4.3541106692913383
 31
0
  0
LINE
  5
7A1
330
22
100
AcDbEntity
  8
B.Cu
  6
CONTINUOUS
100
AcDbLine
 10
5.5937204724409444
 20
-4.3541106692913383
 30
0
 11
5.5922521653543305
 21
-4.3467291732283462
 31
0
  0
LINE
  5
7A2
330
22
100
AcDbEntity
  8
B.Cu
  6
CONTINUOUS
100
AcDbLine
 10
5.5922521653543305
 20
-4.3467291732283462
 30
0
 11
5.5922521259842517
 21
-4.3467291338582674
 31
0
  0
LINE
  5
7A3
330
22
100
AcDbEntity
  8
B.Cu
  6
CONTINUOUS
100
AcDbLine
 10
5.5922521259842517
 20
-4.3467291338582674
 30
0
 11
5.5922521259842517
 21
-4.3467289763779524
 31
0
  0
LINE
  5
7A4
330
22
100
AcDbEntity
  8
B.Cu
  6
CONTINUOUS
100
AcDbLine
 10
5.5922521259842517
 20
-4.3467289763779524
 30
0
 11
5.5898555511811026
 21
-4.3409430708661416
 31
0
  0
LINE
  5
7A5
330
22
100
AcDbEntity
  8
B.Cu
  6
CONTINUOUS
100
AcDbLine
 10
5.5898555511811026
 20
-4.3409430708661416
 30
0
 11
5.5893719685039365
 21
-4.339775551181102
 31
0
  0
LINE
  5
7A6
330
22
100
AcDbEntity
  8
B.Cu
  6
CONTINUOUS
100
AcDbLine
 10
5.5893719685039365
 20
-4.339775551181102
 30
0
 11
5.5851903543307087
 21
-4.333517283464567
 31
0
  0
LINE
  5
7A7
330
22
100
AcDbEntity
  8
B.Cu
  6
CONTINUOUS
100
AcDbLine
 10
5.5851903543307087
 20
-4.333517283464567
 30
0
 11
5.5845204330708658
 21
-4.3328473622047241
 31
0
  0
LINE
  5
7A8
330
22
100
AcDbEntity
  8
B.Cu
  6
CONTINUOUS
100
AcDbLine
 10
5.5845204330708658
 20
-4.3328473622047241
 30
0
 11
5.5832021259842515
 21
-4.3304330708661416
 31
0
  0
LINE
  5
7A9
330
22
100
AcDbEntity
  8
B.Cu
  6
CONTINUOUS
100
AcDbLine
 10
5.5832021259842515
 20
-4.3304330708661416
 30
0
 11
5.583090551181102
 21
-4.3293953543307087
 31
0
  0
LINE
  5
7AA
330
22
100
AcDbEntity
  8
B.Cu
  6
CONTINUOUS
100
AcDbLine
 10
5.583090551181102
 20
-4.3293953543307087
 30
0
 11
5.583090551181102
 21
-4.3004535039370078
 31
0
  0
LINE
  5
7AB
330
22
100
AcDbEntity
  8
B.Cu
  6
CONTINUOUS
100
AcDbLine
 10
5.583090551181102
 20
-4.3004535039370078
 30
0
 11
5.5838655511811019
 21
-4.2978141732283461
 31
0
  0
LINE
  5
7AC
330
22
100
AcDbEntity
  8
B.Cu
  6
CONTINUOUS
100
AcDbLine
 10
5.5838655511811019
 20
-4.2978141732283461
 30
0
 11
5.5845204330708658
 21
-4.2970014960629923
 31
0
  0
LINE
  5
7AD
330
22
100
AcDbEntity
  8
B.Cu
  6
CONTINUOUS
100
AcDbLine
 10
5.5845204330708658
 20
-4.2970014960629923
 30
0
 11
5.9269335433070864
 21
-3.9545883858267716
 31
0
  0
LINE
  5
7AE
330
22
100
AcDbEntity
  8
B.Cu
  6
CONTINUOUS
100
AcDbLine
 10
5.9269335433070864
 20
-3.9545883858267716
 30
0
 11
5.9269336220472439
 21
-3.9545883070866141
 31
0
  0
LINE
  5
7AF
330
22
100
AcDbEntity
  8
B.Cu
  6
CONTINUOUS
100
AcDbLine
 10
5.9269336220472439
 20
-3.9545883070866141
 30
0
 11
5.9299517716535428
 21
-3.9500712992125981
 31
0
  0
LINE
  5
7B0
330
22
100
AcDbEntity
  8
B.Cu
  6
CONTINUOUS
100
AcDbLine
 10
5.9299517716535428
 20
-3.9500712992125981
 30
0
 11
5.9320307086614168
 21
-3.9450522834645669
 31
0
  0
LINE
  5
7B1
330
22
100
AcDbEntity
  8
B.Cu
  6
CONTINUOUS
100
AcDbLine
 10
5.9320307086614168
 20
-3.9450522834645669
 30
0
 11
5.9330905511811025
 21
-3.9397241732283463
 31
0
  0
LINE
  5
7B2
330
22
100
AcDbEntity
  8
B.Cu
  6
CONTINUOUS
100
AcDbLine
 10
5.9330905511811025
 20
-3.9397241732283463
 30
0
 11
5.9330905511811025
 21
-3.9342915748031495
 31
0
  0
LINE
  5
7B3
330
22
100
AcDbEntity
  8
B.Cu
  6
CONTINUOUS
100
AcDbLine
 10
5.9330905511811025
 20
-3.9342915748031495
 30
0
 11
5.9330905511811025
 21
-3.8321676771653541
 31
0
  0
LINE
  5
7B4
330
22
100
AcDbEntity
  8
B.Cu
  6
CONTINUOUS
100
AcDbLine
 10
5.9330905511811025
 20
-3.8321676771653541
 30
0
 11
5.9330905511811025
 21
-3.8321675590551179
 31
0
  0
LINE
  5
7B5
330
22
100
AcDbEntity
  8
B.Cu
  6
CONTINUOUS
100
AcDbLine
 10
5.9330905511811025
 20
-3.8321675590551179
 30
0
 11
5.9320307480314955
 21
-3.8268397244094485
 31
0
  0
LINE
  5
7B6
330
22
100
AcDbEntity
  8
B.Cu
  6
CONTINUOUS
100
AcDbLine
 10
5.9320307480314955
 20
-3.8268397244094485
 30
0
 11
5.9320307086614168
 21
-3.8268396850393698
 31
0
  0
LINE
  5
7B7
330
22
100
AcDbEntity
  8
B.Cu
  6
CONTINUOUS
100
AcDbLine
 10
5.9320307086614168
 20
-3.8268396850393698
 30
0
 11
5.9320307086614168
 21
-3.8268395275590552
 31
0
  0
LINE
  5
7B8
330
22
100
AcDbEntity
  8
B.Cu
  6
CONTINUOUS
100
AcDbLine
 10
5.9320307086614168
 20
-3.8268395275590552
 30
0
 11
5.9320306299212593
 21
-3.8268393307086614
 31
0
  0
LINE
  5
7B9
330
22
100
AcDbEntity
  8
B.Cu
  6
CONTINUOUS
100
AcDbLine
 10
5.9320306299212593
 20
-3.8268393307086614
 30
0
 11
5.9299518110236216
 21
-3.8218205511811023
 31
0
  0
LINE
  5
7BA
330
22
100
AcDbEntity
  8
B.Cu
  6
CONTINUOUS
100
AcDbLine
 10
5.9299518110236216
 20
-3.8218205511811023
 30
0
 11
5.9298387795275591
 21
-3.8216090944881889
 31
0
  0
LINE
  5
7BB
330
22
100
AcDbEntity
  8
B.Cu
  6
CONTINUOUS
100
AcDbLine
 10
5.9298387795275591
 20
-3.8216090944881889
 30
0
 11
5.9298899606299207
 21
-3.8215816929133859
 31
0
  0
LINE
  5
7BC
330
22
100
AcDbEntity
  8
B.Cu
  6
CONTINUOUS
100
AcDbLine
 10
5.9298899606299207
 20
-3.8215816929133859
 30
0
 11
5.9291543307086609
 21
-3.8192318897637794
 31
0
  0
LINE
  5
7BD
330
22
100
AcDbEntity
  8
B.Cu
  6
CONTINUOUS
100
AcDbLine
 10
5.9291543307086609
 20
-3.8192318897637794
 30
0
 11
5.9291535433070868
 21
-3.819144960629921
 31
0
  0
LINE
  5
7BE
330
22
100
AcDbEntity
  8
B.Cu
  6
CONTINUOUS
100
AcDbLine
 10
5.9291535433070868
 20
-3.819144960629921
 30
0
 11
5.9291535433070868
 21
-3.8122776377952756
 31
0
  0
LINE
  5
7BF
330
22
100
AcDbEntity
  8
B.Cu
  6
CONTINUOUS
100
AcDbLine
 10
5.9291535433070868
 20
-3.8122776377952756
 30
0
 11
5.9299285433070867
 21
-3.809638307086614
 31
0
  0
LINE
  5
7C0
330
22
100
AcDbEntity
  8
B.Cu
  6
CONTINUOUS
100
AcDbLine
 10
5.9299285433070867
 20
-3.809638307086614
 30
0
 11
5.932007440944882
 21
-3.8078369291338583
 31
0
  0
LINE
  5
7C1
330
22
100
AcDbEntity
  8
B.Cu
  6
CONTINUOUS
100
AcDbLine
 10
5.932007440944882
 20
-3.8078369291338583
 30
0
 11
5.9347301968503938
 21
-3.8074454330708662
 31
0
  0
LINE
  5
7C2
330
22
100
AcDbEntity
  8
B.Cu
  6
CONTINUOUS
100
AcDbLine
 10
5.9347301968503938
 20
-3.8074454330708662
 30
0
 11
5.9367477165354332
 21
-3.8082185433070865
 31
0
  0
LINE
  5
7C3
330
22
100
AcDbEntity
  8
B.Cu
  6
CONTINUOUS
100
AcDbLine
 10
5.9367477165354332
 20
-3.8082185433070865
 30
0
 11
5.9374132677165354
 21
-3.8086632677165353
 31
0
  0
LINE
  5
7C4
330
22
100
AcDbEntity
  8
B.Cu
  6
CONTINUOUS
100
AcDbLine
 10
5.9374132677165354
 20
-3.8086632677165353
 30
0
 11
5.9424501181102363
 21
-3.8107495669291338
 31
0
  0
LINE
  5
7C5
330
22
100
AcDbEntity
  8
B.Cu
  6
CONTINUOUS
100
AcDbLine
 10
5.9424501181102363
 20
-3.8107495669291338
 30
0
 11
5.9443667716535433
 21
-3.8115434645669288
 31
0
  0
LINE
  5
7C6
330
22
100
AcDbEntity
  8
B.Cu
  6
CONTINUOUS
100
AcDbLine
 10
5.9443667716535433
 20
-3.8115434645669288
 30
0
 11
5.9443669291338583
 21
-3.8115434645669288
 31
0
  0
LINE
  5
7C7
330
22
100
AcDbEntity
  8
B.Cu
  6
CONTINUOUS
100
AcDbLine
 10
5.9443669291338583
 20
-3.8115434645669288
 30
0
 11
5.9443669685039371
 21
-3.8115435039370076
 31
0
  0
LINE
  5
7C8
330
22
100
AcDbEntity
  8
B.Cu
  6
CONTINUOUS
100
AcDbLine
 10
5.9443669685039371
 20
-3.8115435039370076
 30
0
 11
5.9517484645669292
 21
-3.813011811023622
 31
0
  0
LINE
  5
7C9
330
22
100
AcDbEntity
  8
B.Cu
  6
CONTINUOUS
100
AcDbLine
 10
5.9517484645669292
 20
-3.813011811023622
 30
0
 11
5.9517485826771654
 21
-3.813011811023622
 31
0
  0
LINE
  5
7CA
330
22
100
AcDbEntity
  8
B.Cu
  6
CONTINUOUS
100
AcDbLine
 10
5.9517485826771654
 20
-3.813011811023622
 30
0
 11
5.9592751181102361
 21
-3.813011811023622
 31
0
  0
LINE
  5
7CB
330
22
100
AcDbEntity
  8
B.Cu
  6
CONTINUOUS
100
AcDbLine
 10
5.9592751181102361
 20
-3.813011811023622
 30
0
 11
5.9643959448818897
 21
-3.8119931889763778
 31
0
  0
LINE
  5
7CC
330
22
100
AcDbEntity
  8
B.Cu
  6
CONTINUOUS
100
AcDbLine
 10
5.9643959448818897
 20
-3.8119931889763778
 30
0
 11
5.9666568503937008
 21
-3.8115434645669288
 31
0
  0
LINE
  5
7CD
330
22
100
AcDbEntity
  8
B.Cu
  6
CONTINUOUS
100
AcDbLine
 10
5.9666568503937008
 20
-3.8115434645669288
 30
0
 11
5.9735451968503934
 21
-3.8086901968503937
 31
0
  0
LINE
  5
7CE
330
22
100
AcDbEntity
  8
B.Cu
  6
CONTINUOUS
100
AcDbLine
 10
5.9735451968503934
 20
-3.8086901968503937
 30
0
 11
5.9762801968503938
 21
-3.8083961811023621
 31
0
  0
LINE
  5
7CF
330
22
100
AcDbEntity
  8
B.Cu
  6
CONTINUOUS
100
AcDbLine
 10
5.9762801968503938
 20
-3.8083961811023621
 30
0
 11
5.9787400000000002
 21
-3.8096274803149606
 31
0
  0
LINE
  5
7D0
330
22
100
AcDbEntity
  8
B.Cu
  6
CONTINUOUS
100
AcDbLine
 10
5.9787400000000002
 20
-3.8096274803149606
 30
0
 11
5.9801436220472439
 21
-3.8119931889763778
 31
0
  0
LINE
  5
7D1
330
22
100
AcDbEntity
  8
B.Cu
  6
CONTINUOUS
100
AcDbLine
 10
5.9801436220472439
 20
-3.8119931889763778
 30
0
 11
5.9802952755905512
 21
-3.8132005118110235
 31
0
  0
LINE
  5
7D2
330
22
100
AcDbEntity
  8
B.Cu
  6
CONTINUOUS
100
AcDbLine
 10
5.9802952755905512
 20
-3.8132005118110235
 30
0
 11
5.9802952755905512
 21
-3.8207197637795276
 31
0
  0
LINE
  5
7D3
330
22
100
AcDbEntity
  8
B.Cu
  6
CONTINUOUS
100
AcDbLine
 10
5.9802952755905512
 20
-3.8207197637795276
 30
0
 11
5.9795768897637798
 21
-3.8231661811023621
 31
0
  0
LINE
  5
7D4
330
22
100
AcDbEntity
  8
B.Cu
  6
CONTINUOUS
100
AcDbLine
 10
5.9795768897637798
 20
-3.8231661811023621
 30
0
 11
5.9796100393700788
 21
-3.823183897637795
 31
0
  0
LINE
  5
7D5
330
22
100
AcDbEntity
  8
B.Cu
  6
CONTINUOUS
100
AcDbLine
 10
5.9796100393700788
 20
-3.823183897637795
 30
0
 11
5.9795249999999998
 21
-3.8233429527559055
 31
0
  0
LINE
  5
7D6
330
22
100
AcDbEntity
  8
B.Cu
  6
CONTINUOUS
100
AcDbLine
 10
5.9795249999999998
 20
-3.8233429527559055
 30
0
 11
5.9795202755905512
 21
-3.8233590944881888
 31
0
  0
LINE
  5
7D7
330
22
100
AcDbEntity
  8
B.Cu
  6
CONTINUOUS
100
AcDbLine
 10
5.9795202755905512
 20
-3.8233590944881888
 30
0
 11
5.9794991338582673
 21
-3.8233912992125982
 31
0
  0
LINE
  5
7D8
330
22
100
AcDbEntity
  8
B.Cu
  6
CONTINUOUS
100
AcDbLine
 10
5.9794991338582673
 20
-3.8233912992125982
 30
0
 11
5.9794969685039367
 21
-3.8233953543307084
 31
0
  0
LINE
  5
7D9
330
22
100
AcDbEntity
  8
B.Cu
  6
CONTINUOUS
100
AcDbLine
 10
5.9794969685039367
 20
-3.8233953543307084
 30
0
 11
5.977418149606299
 21
-3.8284141338582676
 31
0
  0
LINE
  5
7DA
330
22
100
AcDbEntity
  8
B.Cu
  6
CONTINUOUS
100
AcDbLine
 10
5.977418149606299
 20
-3.8284141338582676
 30
0
 11
5.9774180314960628
 21
-3.8284145275590551
 31
0
  0
LINE
  5
7DB
330
22
100
AcDbEntity
  8
B.Cu
  6
CONTINUOUS
100
AcDbLine
 10
5.9774180314960628
 20
-3.8284145275590551
 30
0
 11
5.9763582677165354
 21
-3.8337423622047244
 31
0
  0
LINE
  5
7DC
330
22
100
AcDbEntity
  8
B.Cu
  6
CONTINUOUS
100
AcDbLine
 10
5.9763582677165354
 20
-3.8337423622047244
 30
0
 11
5.9763582677165354
 21
-4.0078141732283461
 31
0
  0
LINE
  5
7DD
330
22
100
AcDbEntity
  8
B.Cu
  6
CONTINUOUS
100
AcDbLine
 10
5.9763582677165354
 20
-4.0078141732283461
 30
0
 11
5.9755832677165355
 21
-4.0104535039370077
 31
0
  0
LINE
  5
7DE
330
22
100
AcDbEntity
  8
B.Cu
  6
CONTINUOUS
100
AcDbLine
 10
5.9755832677165355
 20
-4.0104535039370077
 30
0
 11
5.9749283858267717
 21
-4.0112661811023624
 31
0
  0
LINE
  5
7DF
330
22
100
AcDbEntity
  8
B.Cu
  6
CONTINUOUS
100
AcDbLine
 10
5.9749283858267717
 20
-4.0112661811023624
 30
0
 11
5.7340900787401576
 21
-4.2521044488188977
 31
0
  0
LINE
  5
7E0
330
22
100
AcDbEntity
  8
B.Cu
  6
CONTINUOUS
100
AcDbLine
 10
5.7340900787401576
 20
-4.2521044488188977
 30
0
 11
5.7340900393700789
 21
-4.2521044881889765
 31
0
  0
LINE
  5
7E1
330
22
100
AcDbEntity
  8
B.Cu
  6
CONTINUOUS
100
AcDbLine
 10
5.7340900393700789
 20
-4.2521044881889765
 30
0
 11
5.7310717322834641
 21
-4.2566217322834641
 31
0
  0
LINE
  5
7E2
330
22
100
AcDbEntity
  8
B.Cu
  6
CONTINUOUS
100
AcDbLine
 10
5.7310717322834641
 20
-4.2566217322834641
 30
0
 11
5.7289929527559051
 21
-4.2616404330708662
 31
0
  0
LINE
  5
7E3
330
22
100
AcDbEntity
  8
B.Cu
  6
CONTINUOUS
100
AcDbLine
 10
5.7289929527559051
 20
-4.2616404330708662
 30
0
 11
5.7289928346456689
 21
-4.2616409055118112
 31
0
  0
LINE
  5
7E4
330
22
100
AcDbEntity
  8
B.Cu
  6
CONTINUOUS
100
AcDbLine
 10
5.7289928346456689
 20
-4.2616409055118112
 30
0
 11
5.7281898818897634
 21
-4.2656777165354329
 31
0
  0
LINE
  5
7E5
330
22
100
AcDbEntity
  8
B.Cu
  6
CONTINUOUS
100
AcDbLine
 10
5.7281898818897634
 20
-4.2656777165354329
 30
0
 11
5.7281898818897634
 21
-4.2656778346456692
 31
0
  0
LINE
  5
7E6
330
22
100
AcDbEntity
  8
B.Cu
  6
CONTINUOUS
100
AcDbLine
 10
5.7281898818897634
 20
-4.2656778346456692
 30
0
 11
5.7279330708661416
 21
-4.2669687401574805
 31
0
  0
LINE
  5
7E7
330
22
100
AcDbEntity
  8
B.Cu
  6
CONTINUOUS
100
AcDbLine
 10
5.7279330708661416
 20
-4.2669687401574805
 30
0
 11
5.7279330708661416
 21
-4.3293953543307087
 31
0
  0
LINE
  5
7E8
330
22
100
AcDbEntity
  8
B.Cu
  6
CONTINUOUS
100
AcDbLine
 10
5.7279330708661416
 20
-4.3293953543307087
 30
0
 11
5.7271580708661416
 21
-4.3320346850393703
 31
0
  0
LINE
  5
7E9
330
22
100
AcDbEntity
  8
B.Cu
  6
CONTINUOUS
100
AcDbLine
 10
5.7271580708661416
 20
-4.3320346850393703
 30
0
 11
5.7265031889763778
 21
-4.3328473622047241
 31
0
  0
LINE
  5
7EA
330
22
100
AcDbEntity
  8
B.Cu
  6
CONTINUOUS
100
AcDbLine
 10
5.7265031889763778
 20
-4.3328473622047241
 30
0
 11
5.7258332677165349
 21
-4.3335172440944882
 31
0
  0
LINE
  5
7EB
330
22
100
AcDbEntity
  8
B.Cu
  6
CONTINUOUS
100
AcDbLine
 10
5.7258332677165349
 20
-4.3335172440944882
 30
0
 11
5.7258332283464561
 21
-4.333517283464567
 31
0
  0
LINE
  5
7EC
330
22
100
AcDbEntity
  8
B.Cu
  6
CONTINUOUS
100
AcDbLine
 10
5.7258332283464561
 20
-4.333517283464567
 30
0
 11
5.7216516141732283
 21
-4.339775551181102
 31
0
  0
LINE
  5
7ED
330
22
100
AcDbEntity
  8
B.Cu
  6
CONTINUOUS
100
AcDbLine
 10
5.7216516141732283
 20
-4.339775551181102
 30
0
 11
5.7187715354330706
 21
-4.3467287795275587
 31
0
  0
LINE
  5
7EE
330
22
100
AcDbEntity
  8
B.Cu
  6
CONTINUOUS
100
AcDbLine
 10
5.7187715354330706
 20
-4.3467287795275587
 30
0
 11
5.7187714173228343
 21
-4.3467291732283462
 31
0
  0
LINE
  5
7EF
330
22
100
AcDbEntity
  8
B.Cu
  6
CONTINUOUS
100
AcDbLine
 10
5.7187714173228343
 20
-4.3467291732283462
 30
0
 11
5.7173031496062992
 21
-4.3541106692913383
 31
0
  0
LINE
  5
7F0
330
22
100
AcDbEntity
  8
B.Cu
  6
CONTINUOUS
100
AcDbLine
 10
5.7173031496062992
 20
-4.3541106692913383
 30
0
 11
5.7173031496062992
 21
-4.3541107874015745
 31
0
  0
LINE
  5
7F1
330
22
100
AcDbEntity
  8
B.Cu
  6
CONTINUOUS
100
AcDbLine
 10
5.7173031496062992
 20
-4.3541107874015745
 30
0
 11
5.7173031496062992
 21
-4.3954955118110233
 31
0
  0
LINE
  5
7F2
330
22
100
AcDbEntity
  8
B.Cu
  6
CONTINUOUS
100
AcDbLine
 10
5.7173031496062992
 20
-4.3954955118110233
 30
0
 11
5.7173031496062992
 21
-4.3954955905511808
 31
0
  0
LINE
  5
7F3
330
22
100
AcDbEntity
  8
B.Cu
  6
CONTINUOUS
100
AcDbLine
 10
5.7173031496062992
 20
-4.3954955905511808
 30
0
 11
5.7173031102362204
 21
-4.3954955905511808
 31
0
  0
LINE
  5
7F4
330
22
100
AcDbEntity
  8
B.Cu
  6
CONTINUOUS
100
AcDbLine
 10
5.7173031102362204
 20
-4.3954955905511808
 30
0
 11
5.7187714173228343
 21
-4.4028770866141729
 31
0
  0
LINE
  5
7F5
330
22
100
AcDbEntity
  8
B.Cu
  6
CONTINUOUS
100
AcDbLine
 10
5.7187714173228343
 20
-4.4028770866141729
 30
0
 11
5.7187715354330706
 21
-4.4028774803149604
 31
0
  0
LINE
  5
7F6
330
22
100
AcDbEntity
  8
B.Cu
  6
CONTINUOUS
100
AcDbLine
 10
5.7187715354330706
 20
-4.4028774803149604
 30
0
 11
5.7216516141732283
 21
-4.409830708661417
 31
0
  0
LINE
  5
7F7
330
22
100
AcDbEntity
  8
B.Cu
  6
CONTINUOUS
100
AcDbLine
 10
5.7216516141732283
 20
-4.409830708661417
 30
0
 11
5.7258332283464561
 21
-4.4160889763779529
 31
0
  0
LINE
  5
7F8
330
22
100
AcDbEntity
  8
B.Cu
  6
CONTINUOUS
100
AcDbLine
 10
5.7258332283464561
 20
-4.4160889763779529
 30
0
 11
5.7311550787401577
 21
-4.4214108267716536
 31
0
  0
LINE
  5
7F9
330
22
100
AcDbEntity
  8
B.Cu
  6
CONTINUOUS
100
AcDbLine
 10
5.7311550787401577
 20
-4.4214108267716536
 30
0
 11
5.7374133464566928
 21
-4.4255924409448815
 31
0
  0
LINE
  5
7FA
330
22
100
AcDbEntity
  8
B.Cu
  6
CONTINUOUS
100
AcDbLine
 10
5.7374133464566928
 20
-4.4255924409448815
 30
0
 11
5.7443665748031494
 21
-4.4284725196850392
 31
0
  0
LINE
  5
7FB
330
22
100
AcDbEntity
  8
B.Cu
  6
CONTINUOUS
100
AcDbLine
 10
5.7443665748031494
 20
-4.4284725196850392
 30
0
 11
5.7443667716535431
 21
-4.4284725984251967
 31
0
  0
LINE
  5
7FC
330
22
100
AcDbEntity
  8
B.Cu
  6
CONTINUOUS
100
AcDbLine
 10
5.7443667716535431
 20
-4.4284725984251967
 30
0
 11
5.7443669291338582
 21
-4.4284725984251967
 31
0
  0
LINE
  5
7FD
330
22
100
AcDbEntity
  8
B.Cu
  6
CONTINUOUS
100
AcDbLine
 10
5.7443669291338582
 20
-4.4284725984251967
 30
0
 11
5.7443669685039369
 21
-4.4284726377952754
 31
0
  0
LINE
  5
7FE
330
22
100
AcDbEntity
  8
B.Cu
  6
CONTINUOUS
100
AcDbLine
 10
5.7443669685039369
 20
-4.4284726377952754
 30
0
 11
5.751748464566929
 21
-4.4299409448818894
 31
0
  0
LINE
  5
7FF
330
22
100
AcDbEntity
  8
B.Cu
  6
CONTINUOUS
100
AcDbLine
 10
5.751748464566929
 20
-4.4299409448818894
 30
0
 11
5.7517485826771653
 21
-4.4299409448818894
 31
0
  0
LINE
  5
800
330
22
100
AcDbEntity
  8
B.Cu
  6
CONTINUOUS
100
AcDbLine
 10
5.7517485826771653
 20
-4.4299409448818894
 30
0
 11
5.759275118110236
 21
-4.4299409448818894
 31
0
  0
LINE
  5
801
330
22
100
AcDbEntity
  8
B.Cu
  6
CONTINUOUS
100
AcDbLine
 10
5.759275118110236
 20
-4.4299409448818894
 30
0
 11
5.764241299212598
 21
-4.4289530708661413
 31
0
  0
LINE
  5
802
330
22
100
AcDbEntity
  8
B.Cu
  6
CONTINUOUS
100
AcDbLine
 10
5.764241299212598
 20
-4.4289530708661413
 30
0
 11
5.7666568503937006
 21
-4.4284725984251967
 31
0
  0
LINE
  5
803
330
22
100
AcDbEntity
  8
B.Cu
  6
CONTINUOUS
100
AcDbLine
 10
5.7666568503937006
 20
-4.4284725984251967
 30
0
 11
5.7716181889763778
 21
-4.4264175590551176
 31
0
  0
LINE
  5
804
330
22
100
AcDbEntity
  8
B.Cu
  6
CONTINUOUS
100
AcDbLine
 10
5.7716181889763778
 20
-4.4264175590551176
 30
0
 11
5.7736102362204722
 21
-4.4255924409448815
 31
0
  0
LINE
  5
805
330
22
100
AcDbEntity
  8
B.Cu
  6
CONTINUOUS
100
AcDbLine
 10
5.7736102362204722
 20
-4.4255924409448815
 30
0
 11
5.773610275590551
 21
-4.4255924015748027
 31
0
  0
LINE
  5
806
330
22
100
AcDbEntity
  8
B.Cu
  6
CONTINUOUS
100
AcDbLine
 10
5.773610275590551
 20
-4.4255924015748027
 30
0
 11
5.7736103937007872
 21
-4.425592362204724
 31
0
  0
LINE
  5
807
330
22
100
AcDbEntity
  8
B.Cu
  6
CONTINUOUS
100
AcDbLine
 10
5.7736103937007872
 20
-4.425592362204724
 30
0
 11
5.7798684251968506
 21
-4.4214109055118112
 31
0
  0
LINE
  5
808
330
22
100
AcDbEntity
  8
B.Cu
  6
CONTINUOUS
100
AcDbLine
 10
5.7798684251968506
 20
-4.4214109055118112
 30
0
 11
5.7851904330708663
 21
-4.4160888976377954
 31
0
  0
LINE
  5
809
330
22
100
AcDbEntity
  8
B.Cu
  6
CONTINUOUS
100
AcDbLine
 10
5.7851904330708663
 20
-4.4160888976377954
 30
0
 11
5.7893718897637791
 21
-4.409830866141732
 31
0
  0
LINE
  5
80A
330
22
100
AcDbEntity
  8
B.Cu
  6
CONTINUOUS
100
AcDbLine
 10
5.7893718897637791
 20
-4.409830866141732
 30
0
 11
5.7922521259842519
 21
-4.4028773228346454
 31
0
  0
LINE
  5
80B
330
22
100
AcDbEntity
  8
B.Cu
  6
CONTINUOUS
100
AcDbLine
 10
5.7922521259842519
 20
-4.4028773228346454
 30
0
 11
5.7937204724409446
 21
-4.3954955118110233
 31
0
  0
LINE
  5
80C
330
22
100
AcDbEntity
  8
B.Cu
  6
CONTINUOUS
100
AcDbLine
 10
5.7937204724409446
 20
-4.3954955118110233
 30
0
 11
5.7937204724409446
 21
-4.3541107874015745
 31
0
  0
LINE
  5
80D
330
22
100
AcDbEntity
  8
B.Cu
  6
CONTINUOUS
100
AcDbLine
 10
5.7937204724409446
 20
-4.3541107874015745
 30
0
 11
5.7937204724409446
 21
-4.3541106692913383
 31
0
  0
LINE
  5
80E
330
22
100
AcDbEntity
  8
B.Cu
  6
CONTINUOUS
100
AcDbLine
 10
5.7937204724409446
 20
-4.3541106692913383
 30
0
 11
5.7922521653543306
 21
-4.3467291732283462
 31
0
  0
LINE
  5
80F
330
22
100
AcDbEntity
  8
B.Cu
  6
CONTINUOUS
100
AcDbLine
 10
5.7922521653543306
 20
-4.3467291732283462
 30
0
 11
5.7922521259842519
 21
-4.3467291338582674
 31
0
  0
LINE
  5
810
330
22
100
AcDbEntity
  8
B.Cu
  6
CONTINUOUS
100
AcDbLine
 10
5.7922521259842519
 20
-4.3467291338582674
 30
0
 11
5.7922521259842519
 21
-4.3467289763779524
 31
0
  0
LINE
  5
811
330
22
100
AcDbEntity
  8
B.Cu
  6
CONTINUOUS
100
AcDbLine
 10
5.7922521259842519
 20
-4.3467289763779524
 30
0
 11
5.7898555511811018
 21
-4.3409430708661416
 31
0
  0
LINE
  5
812
330
22
100
AcDbEntity
  8
B.Cu
  6
CONTINUOUS
100
AcDbLine
 10
5.7898555511811018
 20
-4.3409430708661416
 30
0
 11
5.7893719685039366
 21
-4.339775551181102
 31
0
  0
LINE
  5
813
330
22
100
AcDbEntity
  8
B.Cu
  6
CONTINUOUS
100
AcDbLine
 10
5.7893719685039366
 20
-4.339775551181102
 30
0
 11
5.7851903543307088
 21
-4.333517283464567
 31
0
  0
LINE
  5
814
330
22
100
AcDbEntity
  8
B.Cu
  6
CONTINUOUS
100
AcDbLine
 10
5.7851903543307088
 20
-4.333517283464567
 30
0
 11
5.7845204330708659
 21
-4.3328473622047241
 31
0
  0
LINE
  5
815
330
22
100
AcDbEntity
  8
B.Cu
  6
CONTINUOUS
100
AcDbLine
 10
5.7845204330708659
 20
-4.3328473622047241
 30
0
 11
5.7832021259842517
 21
-4.3304330708661416
 31
0
  0
LINE
  5
816
330
22
100
AcDbEntity
  8
B.Cu
  6
CONTINUOUS
100
AcDbLine
 10
5.7832021259842517
 20
-4.3304330708661416
 30
0
 11
5.7830905511811022
 21
-4.3293953543307087
 31
0
  0
LINE
  5
817
330
22
100
AcDbEntity
  8
B.Cu
  6
CONTINUOUS
100
AcDbLine
 10
5.7830905511811022
 20
-4.3293953543307087
 30
0
 11
5.7830905511811022
 21
-4.2831306692913387
 31
0
  0
LINE
  5
818
330
22
100
AcDbEntity
  8
B.Cu
  6
CONTINUOUS
100
AcDbLine
 10
5.7830905511811022
 20
-4.2831306692913387
 30
0
 11
5.7838655511811021
 21
-4.2804913385826771
 31
0
  0
LINE
  5
819
330
22
100
AcDbEntity
  8
B.Cu
  6
CONTINUOUS
100
AcDbLine
 10
5.7838655511811021
 20
-4.2804913385826771
 30
0
 11
5.7845204330708659
 21
-4.2796786614173223
 31
0
  0
LINE
  5
81A
330
22
100
AcDbEntity
  8
B.Cu
  6
CONTINUOUS
100
AcDbLine
 10
5.7845204330708659
 20
-4.2796786614173223
 30
0
 11
6.02535874015748
 21
-4.0388403543307083
 31
0
  0
LINE
  5
81B
330
22
100
AcDbEntity
  8
B.Cu
  6
CONTINUOUS
100
AcDbLine
 10
6.02535874015748
 20
-4.0388403543307083
 30
0
 11
6.0253588188976375
 21
-4.0388402755905508
 31
0
  0
LINE
  5
81C
330
22
100
AcDbEntity
  8
B.Cu
  6
CONTINUOUS
100
AcDbLine
 10
6.0253588188976375
 20
-4.0388402755905508
 30
0
 11
6.0283769685039372
 21
-4.0343232677165357
 31
0
  0
LINE
  5
81D
330
22
100
AcDbEntity
  8
B.Cu
  6
CONTINUOUS
100
AcDbLine
 10
6.0283769685039372
 20
-4.0343232677165357
 30
0
 11
6.0304559055118112
 21
-4.0293042519685036
 31
0
  0
LINE
  5
81E
330
22
100
AcDbEntity
  8
B.Cu
  6
CONTINUOUS
100
AcDbLine
 10
6.0304559055118112
 20
-4.0293042519685036
 30
0
 11
6.031515748031496
 21
-4.023976141732283
 31
0
  0
LINE
  5
81F
330
22
100
AcDbEntity
  8
B.Cu
  6
CONTINUOUS
100
AcDbLine
 10
6.031515748031496
 20
-4.023976141732283
 30
0
 11
6.031515748031496
 21
-4.0185435433070866
 31
0
  0
LINE
  5
820
330
22
100
AcDbEntity
  8
B.Cu
  6
CONTINUOUS
100
AcDbLine
 10
6.031515748031496
 20
-4.0185435433070866
 30
0
 11
6.031515748031496
 21
-3.8578944488188975
 31
0
  0
LINE
  5
821
330
22
100
AcDbEntity
  8
B.Cu
  6
CONTINUOUS
100
AcDbLine
 10
6.031515748031496
 20
-3.8578944488188975
 30
0
 11
6.032290748031496
 21
-3.8552551181102359
 31
0
  0
LINE
  5
822
330
22
100
AcDbEntity
  8
B.Cu
  6
CONTINUOUS
100
AcDbLine
 10
6.032290748031496
 20
-3.8552551181102359
 30
0
 11
6.0343696456692912
 21
-3.8534537401574802
 31
0
  0
LINE
  5
823
330
22
100
AcDbEntity
  8
B.Cu
  6
CONTINUOUS
100
AcDbLine
 10
6.0343696456692912
 20
-3.8534537401574802
 30
0
 11
6.0370924015748031
 21
-3.8530622440944882
 31
0
  0
LINE
  5
824
330
22
100
AcDbEntity
  8
B.Cu
  6
CONTINUOUS
100
AcDbLine
 10
6.0370924015748031
 20
-3.8530622440944882
 30
0
 11
6.0395946062992127
 21
-3.8542049606299211
 31
0
  0
LINE
  5
825
330
22
100
AcDbEntity
  8
B.Cu
  6
CONTINUOUS
100
AcDbLine
 10
6.0395946062992127
 20
-3.8542049606299211
 30
0
 11
6.0398496456692916
 21
-3.8544424409448816
 31
0
  0
LINE
  5
826
330
22
100
AcDbEntity
  8
B.Cu
  6
CONTINUOUS
100
AcDbLine
 10
6.0398496456692916
 20
-3.8544424409448816
 30
0
 11
6.0765031889763774
 21
-3.8910959842519683
 31
0
  0
LINE
  5
827
330
22
100
AcDbEntity
  8
B.Cu
  6
CONTINUOUS
100
AcDbLine
 10
6.0765031889763774
 20
-3.8910959842519683
 30
0
 11
6.0778214960629917
 21
-3.8935102755905513
 31
0
  0
LINE
  5
828
330
22
100
AcDbEntity
  8
B.Cu
  6
CONTINUOUS
100
AcDbLine
 10
6.0778214960629917
 20
-3.8935102755905513
 30
0
 11
6.0779330708661412
 21
-3.8945479921259842
 31
0
  0
LINE
  5
829
330
22
100
AcDbEntity
  8
B.Cu
  6
CONTINUOUS
100
AcDbLine
 10
6.0779330708661412
 20
-3.8945479921259842
 30
0
 11
6.0779330708661412
 21
-4.2712201968503933
 31
0
  0
LINE
  5
82A
330
22
100
AcDbEntity
  8
B.Cu
  6
CONTINUOUS
100
AcDbLine
 10
6.0779330708661412
 20
-4.2712201968503933
 30
0
 11
6.0779330708661412
 21
-4.2712202755905508
 31
0
  0
LINE
  5
82B
330
22
100
AcDbEntity
  8
B.Cu
  6
CONTINUOUS
100
AcDbLine
 10
6.0779330708661412
 20
-4.2712202755905508
 30
0
 11
6.0779330314960625
 21
-4.2712202755905508
 31
0
  0
LINE
  5
82C
330
22
100
AcDbEntity
  8
B.Cu
  6
CONTINUOUS
100
AcDbLine
 10
6.0779330314960625
 20
-4.2712202755905508
 30
0
 11
6.0789928346456694
 21
-4.2765481102362202
 31
0
  0
LINE
  5
82D
330
22
100
AcDbEntity
  8
B.Cu
  6
CONTINUOUS
100
AcDbLine
 10
6.0789928346456694
 20
-4.2765481102362202
 30
0
 11
6.0789929527559057
 21
-4.2765485039370077
 31
0
  0
LINE
  5
82E
330
22
100
AcDbEntity
  8
B.Cu
  6
CONTINUOUS
100
AcDbLine
 10
6.0789929527559057
 20
-4.2765485039370077
 30
0
 11
6.0810717322834646
 21
-4.281567165354331
 31
0
  0
LINE
  5
82F
330
22
100
AcDbEntity
  8
B.Cu
  6
CONTINUOUS
100
AcDbLine
 10
6.0810717322834646
 20
-4.281567165354331
 30
0
 11
6.0811848031496059
 21
-4.2817786614173228
 31
0
  0
LINE
  5
830
330
22
100
AcDbEntity
  8
B.Cu
  6
CONTINUOUS
100
AcDbLine
 10
6.0811848031496059
 20
-4.2817786614173228
 30
0
 11
6.0811335433070868
 21
-4.2818060629921257
 31
0
  0
LINE
  5
831
330
22
100
AcDbEntity
  8
B.Cu
  6
CONTINUOUS
100
AcDbLine
 10
6.0811335433070868
 20
-4.2818060629921257
 30
0
 11
6.0818692913385828
 21
-4.2841556692913381
 31
0
  0
LINE
  5
832
330
22
100
AcDbEntity
  8
B.Cu
  6
CONTINUOUS
100
AcDbLine
 10
6.0818692913385828
 20
-4.2841556692913381
 30
0
 11
6.0818700787401569
 21
-4.2842428740157477
 31
0
  0
LINE
  5
833
330
22
100
AcDbEntity
  8
B.Cu
  6
CONTINUOUS
100
AcDbLine
 10
6.0818700787401569
 20
-4.2842428740157477
 30
0
 11
6.0818700787401569
 21
-4.3203994881889765
 31
0
  0
LINE
  5
834
330
22
100
AcDbEntity
  8
B.Cu
  6
CONTINUOUS
100
AcDbLine
 10
6.0818700787401569
 20
-4.3203994881889765
 30
0
 11
6.081095078740157
 21
-4.3230388188976381
 31
0
  0
LINE
  5
835
330
22
100
AcDbEntity
  8
B.Cu
  6
CONTINUOUS
100
AcDbLine
 10
6.081095078740157
 20
-4.3230388188976381
 30
0
 11
6.0790161811023617
 21
-4.3248401968503938
 31
0
  0
LINE
  5
836
330
22
100
AcDbEntity
  8
B.Cu
  6
CONTINUOUS
100
AcDbLine
 10
6.0790161811023617
 20
-4.3248401968503938
 30
0
 11
6.0762934251968499
 21
-4.3252316929133858
 31
0
  0
LINE
  5
837
330
22
100
AcDbEntity
  8
B.Cu
  6
CONTINUOUS
100
AcDbLine
 10
6.0762934251968499
 20
-4.3252316929133858
 30
0
 11
6.0742760236220468
 21
-4.3244586614173226
 31
0
  0
LINE
  5
838
330
22
100
AcDbEntity
  8
B.Cu
  6
CONTINUOUS
100
AcDbLine
 10
6.0742760236220468
 20
-4.3244586614173226
 30
0
 11
6.073610393700787
 21
-4.3240138976377951
 31
0
  0
LINE
  5
839
330
22
100
AcDbEntity
  8
B.Cu
  6
CONTINUOUS
100
AcDbLine
 10
6.073610393700787
 20
-4.3240138976377951
 30
0
 11
6.0736103149606295
 21
-4.3240138582677163
 31
0
  0
LINE
  5
83A
330
22
100
AcDbEntity
  8
B.Cu
  6
CONTINUOUS
100
AcDbLine
 10
6.0736103149606295
 20
-4.3240138582677163
 30
0
 11
6.0666570078740154
 21
-4.3211337401574799
 31
0
  0
LINE
  5
83B
330
22
100
AcDbEntity
  8
B.Cu
  6
CONTINUOUS
100
AcDbLine
 10
6.0666570078740154
 20
-4.3211337401574799
 30
0
 11
6.0666566141732279
 21
-4.3211336220472436
 31
0
  0
LINE
  5
83C
330
22
100
AcDbEntity
  8
B.Cu
  6
CONTINUOUS
100
AcDbLine
 10
6.0666566141732279
 20
-4.3211336220472436
 30
0
 11
6.0592751181102358
 21
-4.3196653543307084
 31
0
  0
LINE
  5
83D
330
22
100
AcDbEntity
  8
B.Cu
  6
CONTINUOUS
100
AcDbLine
 10
6.0592751181102358
 20
-4.3196653543307084
 30
0
 11
6.0592750393700783
 21
-4.3196653543307084
 31
0
  0
LINE
  5
83E
330
22
100
AcDbEntity
  8
B.Cu
  6
CONTINUOUS
100
AcDbLine
 10
6.0592750393700783
 20
-4.3196653543307084
 30
0
 11
6.0517485826771651
 21
-4.3196653543307084
 31
0
  0
LINE
  5
83F
330
22
100
AcDbEntity
  8
B.Cu
  6
CONTINUOUS
100
AcDbLine
 10
6.0517485826771651
 20
-4.3196653543307084
 30
0
 11
6.0517485039370076
 21
-4.3196653543307084
 31
0
  0
LINE
  5
840
330
22
100
AcDbEntity
  8
B.Cu
  6
CONTINUOUS
100
AcDbLine
 10
6.0517485039370076
 20
-4.3196653543307084
 30
0
 11
6.0443669685039367
 21
-4.3211336220472436
 31
0
  0
LINE
  5
841
330
22
100
AcDbEntity
  8
B.Cu
  6
CONTINUOUS
100
AcDbLine
 10
6.0443669685039367
 20
-4.3211336220472436
 30
0
 11
6.0443665748031492
 21
-4.3211337401574799
 31
0
  0
LINE
  5
842
330
22
100
AcDbEntity
  8
B.Cu
  6
CONTINUOUS
100
AcDbLine
 10
6.0443665748031492
 20
-4.3211337401574799
 30
0
 11
6.0374133464566926
 21
-4.3240138188976376
 31
0
  0
LINE
  5
843
330
22
100
AcDbEntity
  8
B.Cu
  6
CONTINUOUS
100
AcDbLine
 10
6.0374133464566926
 20
-4.3240138188976376
 30
0
 11
6.0311550787401575
 21
-4.3281954330708663
 31
0
  0
LINE
  5
844
330
22
100
AcDbEntity
  8
B.Cu
  6
CONTINUOUS
100
AcDbLine
 10
6.0311550787401575
 20
-4.3281954330708663
 30
0
 11
6.0258332283464568
 21
-4.333517283464567
 31
0
  0
LINE
  5
845
330
22
100
AcDbEntity
  8
B.Cu
  6
CONTINUOUS
100
AcDbLine
 10
6.0258332283464568
 20
-4.333517283464567
 30
0
 11
6.0216516141732281
 21
-4.339775551181102
 31
0
  0
LINE
  5
846
330
22
100
AcDbEntity
  8
B.Cu
  6
CONTINUOUS
100
AcDbLine
 10
6.0216516141732281
 20
-4.339775551181102
 30
0
 11
6.0187715354330704
 21
-4.3467287795275587
 31
0
  0
LINE
  5
847
330
22
100
AcDbEntity
  8
B.Cu
  6
CONTINUOUS
100
AcDbLine
 10
6.0187715354330704
 20
-4.3467287795275587
 30
0
 11
6.0187714173228342
 21
-4.3467291732283462
 31
0
  0
LINE
  5
848
330
22
100
AcDbEntity
  8
B.Cu
  6
CONTINUOUS
100
AcDbLine
 10
6.0187714173228342
 20
-4.3467291732283462
 30
0
 11
6.017303149606299
 21
-4.3541106692913383
 31
0
  0
LINE
  5
849
330
22
100
AcDbEntity
  8
B.Cu
  6
CONTINUOUS
100
AcDbLine
 10
6.017303149606299
 20
-4.3541106692913383
 30
0
 11
6.017303149606299
 21
-4.3541107874015745
 31
0
  0
LINE
  5
84A
330
22
100
AcDbEntity
  8
B.Cu
  6
CONTINUOUS
100
AcDbLine
 10
6.017303149606299
 20
-4.3541107874015745
 30
0
 11
6.017303149606299
 21
-4.3954955118110233
 31
0
  0
LINE
  5
84B
330
22
100
AcDbEntity
  8
B.Cu
  6
CONTINUOUS
100
AcDbLine
 10
6.017303149606299
 20
-4.3954955118110233
 30
0
 11
6.017303149606299
 21
-4.3954955905511808
 31
0
  0
LINE
  5
84C
330
22
100
AcDbEntity
  8
B.Cu
  6
CONTINUOUS
100
AcDbLine
 10
6.017303149606299
 20
-4.3954955905511808
 30
0
 11
6.0173031102362202
 21
-4.3954955905511808
 31
0
  0
LINE
  5
84D
330
22
100
AcDbEntity
  8
B.Cu
  6
CONTINUOUS
100
AcDbLine
 10
6.0173031102362202
 20
-4.3954955905511808
 30
0
 11
6.0187714173228342
 21
-4.4028770866141729
 31
0
  0
LINE
  5
84E
330
22
100
AcDbEntity
  8
B.Cu
  6
CONTINUOUS
100
AcDbLine
 10
6.0187714173228342
 20
-4.4028770866141729
 30
0
 11
6.0187715354330704
 21
-4.4028774803149604
 31
0
  0
LINE
  5
84F
330
22
100
AcDbEntity
  8
B.Cu
  6
CONTINUOUS
100
AcDbLine
 10
6.0187715354330704
 20
-4.4028774803149604
 30
0
 11
6.0216516141732281
 21
-4.409830708661417
 31
0
  0
LINE
  5
850
330
22
100
AcDbEntity
  8
B.Cu
  6
CONTINUOUS
100
AcDbLine
 10
6.0216516141732281
 20
-4.409830708661417
 30
0
 11
6.0258332283464568
 21
-4.4160889763779529
 31
0
  0
LINE
  5
851
330
22
100
AcDbEntity
  8
B.Cu
  6
CONTINUOUS
100
AcDbLine
 10
6.0258332283464568
 20
-4.4160889763779529
 30
0
 11
6.0265031102362201
 21
-4.4167588188976374
 31
0
  0
LINE
  5
852
330
22
100
AcDbEntity
  8
B.Cu
  6
CONTINUOUS
100
AcDbLine
 10
6.0265031102362201
 20
-4.4167588188976374
 30
0
 11
6.0278214960629919
 21
-4.4191730708661412
 31
0
  0
LINE
  5
853
330
22
100
AcDbEntity
  8
B.Cu
  6
CONTINUOUS
100
AcDbLine
 10
6.0278214960629919
 20
-4.4191730708661412
 30
0
 11
6.0279330708661414
 21
-4.4202109055118113
 31
0
  0
LINE
  5
854
330
22
100
AcDbEntity
  8
B.Cu
  6
CONTINUOUS
100
AcDbLine
 10
6.0279330708661414
 20
-4.4202109055118113
 30
0
 11
6.0279330708661414
 21
-4.6846852755905513
 31
0
  0
LINE
  5
855
330
22
100
AcDbEntity
  8
B.Cu
  6
CONTINUOUS
100
AcDbLine
 10
6.0279330708661414
 20
-4.6846852755905513
 30
0
 11
6.0279330708661414
 21
-4.6901178740157476
 31
0
  0
LINE
  5
856
330
22
100
AcDbEntity
  8
B.Cu
  6
CONTINUOUS
100
AcDbLine
 10
6.0279330708661414
 20
-4.6901178740157476
 30
0
 11
6.0279330708661414
 21
-4.6901179527559052
 31
0
  0
LINE
  5
857
330
22
100
AcDbEntity
  8
B.Cu
  6
CONTINUOUS
100
AcDbLine
 10
6.0279330708661414
 20
-4.6901179527559052
 30
0
 11
6.0279330314960626
 21
-4.6901179527559052
 31
0
  0
LINE
  5
858
330
22
100
AcDbEntity
  8
B.Cu
  6
CONTINUOUS
100
AcDbLine
 10
6.0279330314960626
 20
-4.6901179527559052
 30
0
 11
6.0289928346456696
 21
-4.6954457480314957
 31
0
  0
LINE
  5
859
330
22
100
AcDbEntity
  8
B.Cu
  6
CONTINUOUS
100
AcDbLine
 10
6.0289928346456696
 20
-4.6954457480314957
 30
0
 11
6.028992952755905
 21
-4.6954461417322833
 31
0
  0
LINE
  5
85A
330
22
100
AcDbEntity
  8
B.Cu
  6
CONTINUOUS
100
AcDbLine
 10
6.028992952755905
 20
-4.6954461417322833
 30
0
 11
6.0310717322834648
 21
-4.7004648425196853
 31
0
  0
LINE
  5
85B
330
22
100
AcDbEntity
  8
B.Cu
  6
CONTINUOUS
100
AcDbLine
 10
6.0310717322834648
 20
-4.7004648425196853
 30
0
 11
6.0340900393700787
 21
-4.7049820866141729
 31
0
  0
LINE
  5
85C
330
22
100
AcDbEntity
  8
B.Cu
  6
CONTINUOUS
100
AcDbLine
 10
6.0340900393700787
 20
-4.7049820866141729
 30
0
 11
6.0340900787401575
 21
-4.7049821259842517
 31
0
  0
LINE
  5
85D
330
22
100
AcDbEntity
  8
B.Cu
  6
CONTINUOUS
100
AcDbLine
 10
6.0340900787401575
 20
-4.7049821259842517
 30
0
 11
6.1159760236220473
 21
-4.7868680314960628
 31
0
  0
LINE
  5
85E
330
22
100
AcDbEntity
  8
B.Cu
  6
CONTINUOUS
100
AcDbLine
 10
6.1159760236220473
 20
-4.7868680314960628
 30
0
 11
6.1172943307086616
 21
-4.7892823228346453
 31
0
  0
LINE
  5
85F
330
22
100
AcDbEntity
  8
B.Cu
  6
CONTINUOUS
100
AcDbLine
 10
6.1172943307086616
 20
-4.7892823228346453
 30
0
 11
6.1173457874015744
 21
-4.7910837401574806
 31
0
  0
LINE
  5
860
330
22
100
AcDbEntity
  8
B.Cu
  6
CONTINUOUS
100
AcDbLine
 10
6.1173457874015744
 20
-4.7910837401574806
 30
0
 11
6.1161220472440947
 21
-4.7988101574803146
 31
0
  0
LINE
  5
861
330
22
100
AcDbEntity
  8
B.Cu
  6
CONTINUOUS
100
AcDbLine
 10
6.1161220472440947
 20
-4.7988101574803146
 30
0
 11
6.1161220472440947
 21
-4.8074890157480317
 31
0
  0
LINE
  5
862
330
22
100
AcDbEntity
  8
B.Cu
  6
CONTINUOUS
100
AcDbLine
 10
6.1161220472440947
 20
-4.8074890157480317
 30
0
 11
6.1174797244094483
 21
-4.8160611023622044
 31
0
  0
LINE
  5
863
330
22
100
AcDbEntity
  8
B.Cu
  6
CONTINUOUS
100
AcDbLine
 10
6.1174797244094483
 20
-4.8160611023622044
 30
0
 11
6.1201615354330707
 21
-4.824315078740157
 31
0
  0
LINE
  5
864
330
22
100
AcDbEntity
  8
B.Cu
  6
CONTINUOUS
100
AcDbLine
 10
6.1201615354330707
 20
-4.824315078740157
 30
0
 11
6.1201615748031495
 21
-4.8243151968503932
 31
0
  0
LINE
  5
865
330
22
100
AcDbEntity
  8
B.Cu
  6
CONTINUOUS
100
AcDbLine
 10
6.1201615748031495
 20
-4.8243151968503932
 30
0
 11
6.1241018503937008
 21
-4.8320482283464568
 31
0
  0
LINE
  5
866
330
22
100
AcDbEntity
  8
B.Cu
  6
CONTINUOUS
100
AcDbLine
 10
6.1241018503937008
 20
-4.8320482283464568
 30
0
 11
6.1292028346456693
 21
-4.8390692125984254
 31
0
  0
LINE
  5
867
330
22
100
AcDbEntity
  8
B.Cu
  6
CONTINUOUS
100
AcDbLine
 10
6.1292028346456693
 20
-4.8390692125984254
 30
0
 11
6.1292029921259843
 21
-4.8390694094488191
 31
0
  0
LINE
  5
868
330
22
100
AcDbEntity
  8
B.Cu
  6
CONTINUOUS
100
AcDbLine
 10
6.1292029921259843
 20
-4.8390694094488191
 30
0
 11
6.1353400000000002
 21
-4.8452064173228342
 31
0
  0
LINE
  5
869
330
22
100
AcDbEntity
  8
B.Cu
  6
CONTINUOUS
100
AcDbLine
 10
6.1353400000000002
 20
-4.8452064173228342
 30
0
 11
6.135340196850394
 21
-4.8452065748031492
 31
0
  0
LINE
  5
86A
330
22
100
AcDbEntity
  8
B.Cu
  6
CONTINUOUS
100
AcDbLine
 10
6.135340196850394
 20
-4.8452065748031492
 30
0
 11
6.1410479527559056
 21
-4.8493534645669287
 31
0
  0
LINE
  5
86B
330
22
100
AcDbEntity
  8
B.Cu
  6
CONTINUOUS
100
AcDbLine
 10
6.1410479527559056
 20
-4.8493534645669287
 30
0
 11
6.1423613385826767
 21
-4.8503076771653539
 31
0
  0
LINE
  5
86C
330
22
100
AcDbEntity
  8
B.Cu
  6
CONTINUOUS
100
AcDbLine
 10
6.1423613385826767
 20
-4.8503076771653539
 30
0
 11
6.1474163385826772
 21
-4.8528833464566929
 31
0
  0
LINE
  5
86D
330
22
100
AcDbEntity
  8
B.Cu
  6
CONTINUOUS
100
AcDbLine
 10
6.1474163385826772
 20
-4.8528833464566929
 30
0
 11
6.1500942125984253
 21
-4.854247834645669
 31
0
  0
LINE
  5
86E
330
22
100
AcDbEntity
  8
B.Cu
  6
CONTINUOUS
100
AcDbLine
 10
6.1500942125984253
 20
-4.854247834645669
 30
0
 11
6.1500943307086615
 21
-4.8542478740157478
 31
0
  0
LINE
  5
86F
330
22
100
AcDbEntity
  8
B.Cu
  6
CONTINUOUS
100
AcDbLine
 10
6.1500943307086615
 20
-4.8542478740157478
 30
0
 11
6.1542212992125984
 21
-4.855588779527559
 31
0
  0
LINE
  5
870
330
22
100
AcDbEntity
  8
B.Cu
  6
CONTINUOUS
100
AcDbLine
 10
6.1542212992125984
 20
-4.855588779527559
 30
0
 11
6.1583483858267716
 21
-4.8569297244094489
 31
0
  0
LINE
  5
871
330
22
100
AcDbEntity
  8
B.Cu
  6
CONTINUOUS
100
AcDbLine
 10
6.1583483858267716
 20
-4.8569297244094489
 30
0
 11
6.1669203937007868
 21
-4.8582874015748034
 31
0
  0
LINE
  5
872
330
22
100
AcDbEntity
  8
B.Cu
  6
CONTINUOUS
100
AcDbLine
 10
6.1669203937007868
 20
-4.8582874015748034
 30
0
 11
6.1669204330708656
 21
-4.8582874015748034
 31
0
  0
LINE
  5
873
330
22
100
AcDbEntity
  8
B.Cu
  6
CONTINUOUS
100
AcDbLine
 10
6.1669204330708656
 20
-4.8582874015748034
 30
0
 11
6.1755992519685039
 21
-4.8582874015748034
 31
0
  0
LINE
  5
874
330
22
100
AcDbEntity
  8
B.Cu
  6
CONTINUOUS
100
AcDbLine
 10
6.1755992519685039
 20
-4.8582874015748034
 30
0
 11
6.1755992913385827
 21
-4.8582874015748034
 31
0
  0
LINE
  5
875
330
22
100
AcDbEntity
  8
B.Cu
  6
CONTINUOUS
100
AcDbLine
 10
6.1755992913385827
 20
-4.8582874015748034
 30
0
 11
6.1841712992125979
 21
-4.8569297244094489
 31
0
  0
LINE
  5
876
330
22
100
AcDbEntity
  8
B.Cu
  6
CONTINUOUS
100
AcDbLine
 10
6.1841712992125979
 20
-4.8569297244094489
 30
0
 11
6.1924254330708663
 21
-4.854247834645669
 31
0
  0
LINE
  5
877
330
22
100
AcDbEntity
  8
B.Cu
  6
CONTINUOUS
100
AcDbLine
 10
6.1924254330708663
 20
-4.854247834645669
 30
0
 11
6.2001583464566927
 21
-4.8503076771653539
 31
0
  0
LINE
  5
878
330
22
100
AcDbEntity
  8
B.Cu
  6
CONTINUOUS
100
AcDbLine
 10
6.2001583464566927
 20
-4.8503076771653539
 30
0
 11
6.2071797244094489
 21
-4.8452063779527554
 31
0
  0
LINE
  5
879
330
22
100
AcDbEntity
  8
B.Cu
  6
CONTINUOUS
100
AcDbLine
 10
6.2071797244094489
 20
-4.8452063779527554
 30
0
 11
6.2133166141732286
 21
-4.8390694881889766
 31
0
  0
LINE
  5
87A
330
22
100
AcDbEntity
  8
B.Cu
  6
CONTINUOUS
100
AcDbLine
 10
6.2133166141732286
 20
-4.8390694881889766
 30
0
 11
6.2179147244094484
 21
-4.8327406692913382
 31
0
  0
LINE
  5
87B
330
22
100
AcDbEntity
  8
B.Cu
  6
CONTINUOUS
100
AcDbLine
 10
6.2179147244094484
 20
-4.8327406692913382
 30
0
 11
6.2200929921259842
 21
-4.8310609842519687
 31
0
  0
LINE
  5
87C
330
22
100
AcDbEntity
  8
B.Cu
  6
CONTINUOUS
100
AcDbLine
 10
6.2200929921259842
 20
-4.8310609842519687
 30
0
 11
6.2218642125984251
 21
-4.8307283464566932
 31
0
  0
LINE
  5
87D
330
22
100
AcDbEntity
  8
B.Cu
  6
CONTINUOUS
100
AcDbLine
 10
6.2218642125984251
 20
-4.8307283464566932
 30
0
 11
6.3765609842519684
 21
-4.8307283464566932
 31
0
  0
LINE
  5
87E
330
22
100
AcDbEntity
  8
B.Cu
  6
CONTINUOUS
100
AcDbLine
 10
6.3765609842519684
 20
-4.8307283464566932
 30
0
 11
6.37920031496063
 21
-4.8315033464566932
 31
0
  0
LINE
  5
87F
330
22
100
AcDbEntity
  8
B.Cu
  6
CONTINUOUS
100
AcDbLine
 10
6.37920031496063
 20
-4.8315033464566932
 30
0
 11
6.3805103937007877
 21
-4.8327405905511807
 31
0
  0
LINE
  5
880
330
22
100
AcDbEntity
  8
B.Cu
  6
CONTINUOUS
100
AcDbLine
 10
6.3805103937007877
 20
-4.8327405905511807
 30
0
 11
6.3851083858267712
 21
-4.8390692125984254
 31
0
  0
LINE
  5
881
330
22
100
AcDbEntity
  8
B.Cu
  6
CONTINUOUS
100
AcDbLine
 10
6.3851083858267712
 20
-4.8390692125984254
 30
0
 11
6.385108582677165
 21
-4.8390694881889766
 31
0
  0
LINE
  5
882
330
22
100
AcDbEntity
  8
B.Cu
  6
CONTINUOUS
100
AcDbLine
 10
6.385108582677165
 20
-4.8390694881889766
 30
0
 11
6.3912455118110234
 21
-4.8452064173228342
 31
0
  0
LINE
  5
883
330
22
100
AcDbEntity
  8
B.Cu
  6
CONTINUOUS
100
AcDbLine
 10
6.3912455118110234
 20
-4.8452064173228342
 30
0
 11
6.3912457086614172
 21
-4.8452065748031492
 31
0
  0
LINE
  5
884
330
22
100
AcDbEntity
  8
B.Cu
  6
CONTINUOUS
100
AcDbLine
 10
6.3912457086614172
 20
-4.8452065748031492
 30
0
 11
6.3969534645669288
 21
-4.8493534645669287
 31
0
  0
LINE
  5
885
330
22
100
AcDbEntity
  8
B.Cu
  6
CONTINUOUS
100
AcDbLine
 10
6.3969534645669288
 20
-4.8493534645669287
 30
0
 11
6.3982668503937008
 21
-4.8503076771653539
 31
0
  0
LINE
  5
886
330
22
100
AcDbEntity
  8
B.Cu
  6
CONTINUOUS
100
AcDbLine
 10
6.3982668503937008
 20
-4.8503076771653539
 30
0
 11
6.4033218503937004
 21
-4.8528833464566929
 31
0
  0
LINE
  5
887
330
22
100
AcDbEntity
  8
B.Cu
  6
CONTINUOUS
100
AcDbLine
 10
6.4033218503937004
 20
-4.8528833464566929
 30
0
 11
6.4059997244094484
 21
-4.854247834645669
 31
0
  0
LINE
  5
888
330
22
100
AcDbEntity
  8
B.Cu
  6
CONTINUOUS
100
AcDbLine
 10
6.4059997244094484
 20
-4.854247834645669
 30
0
 11
6.4059998425196847
 21
-4.8542478740157478
 31
0
  0
LINE
  5
889
330
22
100
AcDbEntity
  8
B.Cu
  6
CONTINUOUS
100
AcDbLine
 10
6.4059998425196847
 20
-4.8542478740157478
 30
0
 11
6.4101268110236216
 21
-4.855588779527559
 31
0
  0
LINE
  5
88A
330
22
100
AcDbEntity
  8
B.Cu
  6
CONTINUOUS
100
AcDbLine
 10
6.4101268110236216
 20
-4.855588779527559
 30
0
 11
6.4142538976377947
 21
-4.8569297244094489
 31
0
  0
LINE
  5
88B
330
22
100
AcDbEntity
  8
B.Cu
  6
CONTINUOUS
100
AcDbLine
 10
6.4142538976377947
 20
-4.8569297244094489
 30
0
 11
6.4228259055118109
 21
-4.8582874015748034
 31
0
  0
LINE
  5
88C
330
22
100
AcDbEntity
  8
B.Cu
  6
CONTINUOUS
100
AcDbLine
 10
6.4228259055118109
 20
-4.8582874015748034
 30
0
 11
6.4228259448818896
 21
-4.8582874015748034
 31
0
  0
LINE
  5
88D
330
22
100
AcDbEntity
  8
B.Cu
  6
CONTINUOUS
100
AcDbLine
 10
6.4228259448818896
 20
-4.8582874015748034
 30
0
 11
6.4315047637795271
 21
-4.8582874015748034
 31
0
  0
LINE
  5
88E
330
22
100
AcDbEntity
  8
B.Cu
  6
CONTINUOUS
100
AcDbLine
 10
6.4315047637795271
 20
-4.8582874015748034
 30
0
 11
6.4315048031496058
 21
-4.8582874015748034
 31
0
  0
LINE
  5
88F
330
22
100
AcDbEntity
  8
B.Cu
  6
CONTINUOUS
100
AcDbLine
 10
6.4315048031496058
 20
-4.8582874015748034
 30
0
 11
6.4400768110236219
 21
-4.8569297244094489
 31
0
  0
LINE
  5
890
330
22
100
AcDbEntity
  8
B.Cu
  6
CONTINUOUS
100
AcDbLine
 10
6.4400768110236219
 20
-4.8569297244094489
 30
0
 11
6.4483309448818895
 21
-4.854247834645669
 31
0
  0
LINE
  5
891
330
22
100
AcDbEntity
  8
B.Cu
  6
CONTINUOUS
100
AcDbLine
 10
6.4483309448818895
 20
-4.854247834645669
 30
0
 11
6.4560638582677168
 21
-4.8503076771653539
 31
0
  0
LINE
  5
892
330
22
100
AcDbEntity
  8
B.Cu
  6
CONTINUOUS
100
AcDbLine
 10
6.4560638582677168
 20
-4.8503076771653539
 30
0
 11
6.463085236220472
 21
-4.8452063779527554
 31
0
  0
LINE
  5
893
330
22
100
AcDbEntity
  8
B.Cu
  6
CONTINUOUS
100
AcDbLine
 10
6.463085236220472
 20
-4.8452063779527554
 30
0
 11
6.4692221259842517
 21
-4.8390694881889766
 31
0
  0
LINE
  5
894
330
22
100
AcDbEntity
  8
B.Cu
  6
CONTINUOUS
100
AcDbLine
 10
6.4692221259842517
 20
-4.8390694881889766
 30
0
 11
6.4743234251968502
 21
-4.8320481102362205
 31
0
  0
LINE
  5
895
330
22
100
AcDbEntity
  8
B.Cu
  6
CONTINUOUS
100
AcDbLine
 10
6.4743234251968502
 20
-4.8320481102362205
 30
0
 11
6.4782635826771653
 21
-4.8243151968503932
 31
0
  0
LINE
  5
896
330
22
100
AcDbEntity
  8
B.Cu
  6
CONTINUOUS
100
AcDbLine
 10
6.4782635826771653
 20
-4.8243151968503932
 30
0
 11
6.4809454724409443
 21
-4.8160610629921257
 31
0
  0
LINE
  5
897
330
22
100
AcDbEntity
  8
B.Cu
  6
CONTINUOUS
100
AcDbLine
 10
6.4809454724409443
 20
-4.8160610629921257
 30
0
 11
6.4823031496062988
 21
-4.8074890551181104
 31
0
  0
LINE
  5
898
330
22
100
AcDbEntity
  8
B.Cu
  6
CONTINUOUS
100
AcDbLine
 10
6.4823031496062988
 20
-4.8074890551181104
 30
0
 11
6.4823031496062988
 21
-4.7988101574803146
 31
0
  0
LINE
  5
899
330
22
100
AcDbEntity
  8
B.Cu
  6
CONTINUOUS
100
AcDbLine
 10
6.4823031496062988
 20
-4.7988101574803146
 30
0
 11
6.4809454724409443
 21
-4.7902381496062993
 31
0
  0
LINE
  5
89A
330
22
100
AcDbEntity
  8
B.Cu
  6
CONTINUOUS
100
AcDbLine
 10
6.4809454724409443
 20
-4.7902381496062993
 30
0
 11
6.4782635826771653
 21
-4.7819840157480318
 31
0
  0
LINE
  5
89B
330
22
100
AcDbEntity
  8
B.Cu
  6
CONTINUOUS
100
AcDbLine
 10
6.4782635826771653
 20
-4.7819840157480318
 30
0
 11
6.4782635826771653
 21
-4.781983976377953
 31
0
  0
LINE
  5
89C
330
22
100
AcDbEntity
  8
B.Cu
  6
CONTINUOUS
100
AcDbLine
 10
6.4782635826771653
 20
-4.781983976377953
 30
0
 11
6.4746009842519685
 21
-4.7747958661417318
 31
0
  0
LINE
  5
89D
330
22
100
AcDbEntity
  8
B.Cu
  6
CONTINUOUS
100
AcDbLine
 10
6.4746009842519685
 20
-4.7747958661417318
 30
0
 11
6.4743234251968502
 21
-4.7742511023622045
 31
0
  0
LINE
  5
89E
330
22
100
AcDbEntity
  8
B.Cu
  6
CONTINUOUS
100
AcDbLine
 10
6.4743234251968502
 20
-4.7742511023622045
 30
0
 11
6.4727177559055118
 21
-4.7720410629921259
 31
0
  0
LINE
  5
89F
330
22
100
AcDbEntity
  8
B.Cu
  6
CONTINUOUS
100
AcDbLine
 10
6.4727177559055118
 20
-4.7720410629921259
 30
0
 11
6.4692223228346455
 21
-4.7672299606299209
 31
0
  0
LINE
  5
8A0
330
22
100
AcDbEntity
  8
B.Cu
  6
CONTINUOUS
100
AcDbLine
 10
6.4692223228346455
 20
-4.7672299606299209
 30
0
 11
6.4692221653543305
 21
-4.7672297637795271
 31
0
  0
LINE
  5
8A1
330
22
100
AcDbEntity
  8
B.Cu
  6
CONTINUOUS
100
AcDbLine
 10
6.4692221653543305
 20
-4.7672297637795271
 30
0
 11
6.4630851574803145
 21
-4.7610927559055121
 31
0
  0
LINE
  5
8A2
330
22
100
AcDbEntity
  8
B.Cu
  6
CONTINUOUS
100
AcDbLine
 10
6.4630851574803145
 20
-4.7610927559055121
 30
0
 11
6.4630849606299208
 21
-4.7610925984251971
 31
0
  0
LINE
  5
8A3
330
22
100
AcDbEntity
  8
B.Cu
  6
CONTINUOUS
100
AcDbLine
 10
6.4630849606299208
 20
-4.7610925984251971
 30
0
 11
6.456063976377953
 21
-4.7559916141732286
 31
0
  0
LINE
  5
8A4
330
22
100
AcDbEntity
  8
B.Cu
  6
CONTINUOUS
100
AcDbLine
 10
6.456063976377953
 20
-4.7559916141732286
 30
0
 11
6.4560639370078743
 21
-4.7559915748031498
 31
0
  0
LINE
  5
8A5
330
22
100
AcDbEntity
  8
B.Cu
  6
CONTINUOUS
100
AcDbLine
 10
6.4560639370078743
 20
-4.7559915748031498
 30
0
 11
6.4560638582677168
 21
-4.7559915354330711
 31
0
  0
LINE
  5
8A6
330
22
100
AcDbEntity
  8
B.Cu
  6
CONTINUOUS
100
AcDbLine
 10
6.4560638582677168
 20
-4.7559915354330711
 30
0
 11
6.45207031496063
 21
-4.7539566929133859
 31
0
  0
LINE
  5
8A7
330
22
100
AcDbEntity
  8
B.Cu
  6
CONTINUOUS
100
AcDbLine
 10
6.45207031496063
 20
-4.7539566929133859
 30
0
 11
6.4483309448818895
 21
-4.7520513385826773
 31
0
  0
LINE
  5
8A8
330
22
100
AcDbEntity
  8
B.Cu
  6
CONTINUOUS
100
AcDbLine
 10
6.4483309448818895
 20
-4.7520513385826773
 30
0
 11
6.4483308267716533
 21
-4.7520512992125985
 31
0
  0
LINE
  5
8A9
330
22
100
AcDbEntity
  8
B.Cu
  6
CONTINUOUS
100
AcDbLine
 10
6.4483308267716533
 20
-4.7520512992125985
 30
0
 11
6.4400768503937007
 21
-4.7493694881889761
 31
0
  0
LINE
  5
8AA
330
22
100
AcDbEntity
  8
B.Cu
  6
CONTINUOUS
100
AcDbLine
 10
6.4400768503937007
 20
-4.7493694881889761
 30
0
 11
6.435790787401575
 21
-4.7486906299212599
 31
0
  0
LINE
  5
8AB
330
22
100
AcDbEntity
  8
B.Cu
  6
CONTINUOUS
100
AcDbLine
 10
6.435790787401575
 20
-4.7486906299212599
 30
0
 11
6.4315048031496058
 21
-4.7480118110236216
 31
0
  0
LINE
  5
8AC
330
22
100
AcDbEntity
  8
B.Cu
  6
CONTINUOUS
100
AcDbLine
 10
6.4315048031496058
 20
-4.7480118110236216
 30
0
 11
6.4228259055118109
 21
-4.7480118110236216
 31
0
  0
LINE
  5
8AD
330
22
100
AcDbEntity
  8
B.Cu
  6
CONTINUOUS
100
AcDbLine
 10
6.4228259055118109
 20
-4.7480118110236216
 30
0
 11
6.4199685433070863
 21
-4.7484643700787403
 31
0
  0
LINE
  5
8AE
330
22
100
AcDbEntity
  8
B.Cu
  6
CONTINUOUS
100
AcDbLine
 10
6.4199685433070863
 20
-4.7484643700787403
 30
0
 11
6.4142538188976372
 21
-4.7493694881889761
 31
0
  0
LINE
  5
8AF
330
22
100
AcDbEntity
  8
B.Cu
  6
CONTINUOUS
100
AcDbLine
 10
6.4142538188976372
 20
-4.7493694881889761
 30
0
 11
6.4059998425196847
 21
-4.7520512992125985
 31
0
  0
LINE
  5
8B0
330
22
100
AcDbEntity
  8
B.Cu
  6
CONTINUOUS
100
AcDbLine
 10
6.4059998425196847
 20
-4.7520512992125985
 30
0
 11
6.4059997244094484
 21
-4.7520513385826773
 31
0
  0
LINE
  5
8B1
330
22
100
AcDbEntity
  8
B.Cu
  6
CONTINUOUS
100
AcDbLine
 10
6.4059997244094484
 20
-4.7520513385826773
 30
0
 11
6.3982666929133858
 21
-4.7559916141732286
 31
0
  0
LINE
  5
8B2
330
22
100
AcDbEntity
  8
B.Cu
  6
CONTINUOUS
100
AcDbLine
 10
6.3982666929133858
 20
-4.7559916141732286
 30
0
 11
6.3912457086614172
 21
-4.7610925984251971
 31
0
  0
LINE
  5
8B3
330
22
100
AcDbEntity
  8
B.Cu
  6
CONTINUOUS
100
AcDbLine
 10
6.3912457086614172
 20
-4.7610925984251971
 30
0
 11
6.3912455118110234
 21
-4.7610927559055121
 31
0
  0
LINE
  5
8B4
330
22
100
AcDbEntity
  8
B.Cu
  6
CONTINUOUS
100
AcDbLine
 10
6.3912455118110234
 20
-4.7610927559055121
 30
0
 11
6.385108582677165
 21
-4.7672296850393696
 31
0
  0
LINE
  5
8B5
330
22
100
AcDbEntity
  8
B.Cu
  6
CONTINUOUS
100
AcDbLine
 10
6.385108582677165
 20
-4.7672296850393696
 30
0
 11
6.3831888582677161
 21
-4.769871929133858
 31
0
  0
LINE
  5
8B6
330
22
100
AcDbEntity
  8
B.Cu
  6
CONTINUOUS
100
AcDbLine
 10
6.3831888582677161
 20
-4.769871929133858
 30
0
 11
6.3805104330708664
 21
-4.7735585039370081
 31
0
  0
LINE
  5
8B7
330
22
100
AcDbEntity
  8
B.Cu
  6
CONTINUOUS
100
AcDbLine
 10
6.3805104330708664
 20
-4.7735585039370081
 30
0
 11
6.3783322047244093
 21
-4.7752382283464563
 31
0
  0
LINE
  5
8B8
330
22
100
AcDbEntity
  8
B.Cu
  6
CONTINUOUS
100
AcDbLine
 10
6.3783322047244093
 20
-4.7752382283464563
 30
0
 11
6.3765609842519684
 21
-4.7755708661417318
 31
0
  0
LINE
  5
8B9
330
22
100
AcDbEntity
  8
B.Cu
  6
CONTINUOUS
100
AcDbLine
 10
6.3765609842519684
 20
-4.7755708661417318
 30
0
 11
6.2218642125984251
 21
-4.7755708661417318
 31
0
  0
LINE
  5
8BA
330
22
100
AcDbEntity
  8
B.Cu
  6
CONTINUOUS
100
AcDbLine
 10
6.2218642125984251
 20
-4.7755708661417318
 30
0
 11
6.2192248818897635
 21
-4.7747958661417318
 31
0
  0
LINE
  5
8BB
330
22
100
AcDbEntity
  8
B.Cu
  6
CONTINUOUS
100
AcDbLine
 10
6.2192248818897635
 20
-4.7747958661417318
 30
0
 11
6.2179147637795271
 21
-4.7735585826771656
 31
0
  0
LINE
  5
8BC
330
22
100
AcDbEntity
  8
B.Cu
  6
CONTINUOUS
100
AcDbLine
 10
6.2179147637795271
 20
-4.7735585826771656
 30
0
 11
6.2133166141732286
 21
-4.7672297244094484
 31
0
  0
LINE
  5
8BD
330
22
100
AcDbEntity
  8
B.Cu
  6
CONTINUOUS
100
AcDbLine
 10
6.2133166141732286
 20
-4.7672297244094484
 30
0
 11
6.2071797244094489
 21
-4.7610928346456696
 31
0
  0
LINE
  5
8BE
330
22
100
AcDbEntity
  8
B.Cu
  6
CONTINUOUS
100
AcDbLine
 10
6.2071797244094489
 20
-4.7610928346456696
 30
0
 11
6.2071796456692914
 21
-4.7610927559055121
 31
0
  0
LINE
  5
8BF
330
22
100
AcDbEntity
  8
B.Cu
  6
CONTINUOUS
100
AcDbLine
 10
6.2071796456692914
 20
-4.7610927559055121
 30
0
 11
6.2071794488188976
 21
-4.7610925984251971
 31
0
  0
LINE
  5
8C0
330
22
100
AcDbEntity
  8
B.Cu
  6
CONTINUOUS
100
AcDbLine
 10
6.2071794488188976
 20
-4.7610925984251971
 30
0
 11
6.200158464566929
 21
-4.7559916141732286
 31
0
  0
LINE
  5
8C1
330
22
100
AcDbEntity
  8
B.Cu
  6
CONTINUOUS
100
AcDbLine
 10
6.200158464566929
 20
-4.7559916141732286
 30
0
 11
6.2001584251968502
 21
-4.7559915748031498
 31
0
  0
LINE
  5
8C2
330
22
100
AcDbEntity
  8
B.Cu
  6
CONTINUOUS
100
AcDbLine
 10
6.2001584251968502
 20
-4.7559915748031498
 30
0
 11
6.2001583464566927
 21
-4.7559915354330711
 31
0
  0
LINE
  5
8C3
330
22
100
AcDbEntity
  8
B.Cu
  6
CONTINUOUS
100
AcDbLine
 10
6.2001583464566927
 20
-4.7559915354330711
 30
0
 11
6.1961648031496059
 21
-4.7539566929133859
 31
0
  0
LINE
  5
8C4
330
22
100
AcDbEntity
  8
B.Cu
  6
CONTINUOUS
100
AcDbLine
 10
6.1961648031496059
 20
-4.7539566929133859
 30
0
 11
6.1924254330708663
 21
-4.7520513385826773
 31
0
  0
LINE
  5
8C5
330
22
100
AcDbEntity
  8
B.Cu
  6
CONTINUOUS
100
AcDbLine
 10
6.1924254330708663
 20
-4.7520513385826773
 30
0
 11
6.1924253149606301
 21
-4.7520512992125985
 31
0
  0
LINE
  5
8C6
330
22
100
AcDbEntity
  8
B.Cu
  6
CONTINUOUS
100
AcDbLine
 10
6.1924253149606301
 20
-4.7520512992125985
 30
0
 11
6.1841713385826766
 21
-4.7493694881889761
 31
0
  0
LINE
  5
8C7
330
22
100
AcDbEntity
  8
B.Cu
  6
CONTINUOUS
100
AcDbLine
 10
6.1841713385826766
 20
-4.7493694881889761
 30
0
 11
6.1798852755905509
 21
-4.7486906299212599
 31
0
  0
LINE
  5
8C8
330
22
100
AcDbEntity
  8
B.Cu
  6
CONTINUOUS
100
AcDbLine
 10
6.1798852755905509
 20
-4.7486906299212599
 30
0
 11
6.1755992913385827
 21
-4.7480118110236216
 31
0
  0
LINE
  5
8C9
330
22
100
AcDbEntity
  8
B.Cu
  6
CONTINUOUS
100
AcDbLine
 10
6.1755992913385827
 20
-4.7480118110236216
 30
0
 11
6.1669203937007868
 21
-4.7480118110236216
 31
0
  0
LINE
  5
8CA
330
22
100
AcDbEntity
  8
B.Cu
  6
CONTINUOUS
100
AcDbLine
 10
6.1669203937007868
 20
-4.7480118110236216
 30
0
 11
6.1635778346456691
 21
-4.7485411811023619
 31
0
  0
LINE
  5
8CB
330
22
100
AcDbEntity
  8
B.Cu
  6
CONTINUOUS
100
AcDbLine
 10
6.1635778346456691
 20
-4.7485411811023619
 30
0
 11
6.1591939763779529
 21
-4.7492355511811022
 31
0
  0
LINE
  5
8CC
330
22
100
AcDbEntity
  8
B.Cu
  6
CONTINUOUS
100
AcDbLine
 10
6.1591939763779529
 20
-4.7492355511811022
 30
0
 11
6.1564658661417324
 21
-4.7488829921259841
 31
0
  0
LINE
  5
8CD
330
22
100
AcDbEntity
  8
B.Cu
  6
CONTINUOUS
100
AcDbLine
 10
6.1564658661417324
 20
-4.7488829921259841
 30
0
 11
6.154978267716535
 21
-4.7478657874015751
 31
0
  0
LINE
  5
8CE
330
22
100
AcDbEntity
  8
B.Cu
  6
CONTINUOUS
100
AcDbLine
 10
6.154978267716535
 20
-4.7478657874015751
 30
0
 11
6.0845204330708658
 21
-4.6774079527559058
 31
0
  0
LINE
  5
8CF
330
22
100
AcDbEntity
  8
B.Cu
  6
CONTINUOUS
100
AcDbLine
 10
6.0845204330708658
 20
-4.6774079527559058
 30
0
 11
6.0832021259842515
 21
-4.6749936614173224
 31
0
  0
LINE
  5
8D0
330
22
100
AcDbEntity
  8
B.Cu
  6
CONTINUOUS
100
AcDbLine
 10
6.0832021259842515
 20
-4.6749936614173224
 30
0
 11
6.083090551181102
 21
-4.6739559448818895
 31
0
  0
LINE
  5
8D1
330
22
100
AcDbEntity
  8
B.Cu
  6
CONTINUOUS
100
AcDbLine
 10
6.083090551181102
 20
-4.6739559448818895
 30
0
 11
6.083090551181102
 21
-4.6213364960629919
 31
0
  0
LINE
  5
8D2
330
22
100
AcDbEntity
  8
B.Cu
  6
CONTINUOUS
100
AcDbLine
 10
6.083090551181102
 20
-4.6213364960629919
 30
0
 11
6.083090551181102
 21
-4.4296742913385829
 31
0
  0
LINE
  5
8D3
330
22
100
AcDbEntity
  8
B.Cu
  6
CONTINUOUS
100
AcDbLine
 10
6.083090551181102
 20
-4.4296742913385829
 30
0
 11
6.0838655511811019
 21
-4.4270349606299213
 31
0
  0
LINE
  5
8D4
330
22
100
AcDbEntity
  8
B.Cu
  6
CONTINUOUS
100
AcDbLine
 10
6.0838655511811019
 20
-4.4270349606299213
 30
0
 11
6.0859444488188972
 21
-4.4252335826771656
 31
0
  0
LINE
  5
8D5
330
22
100
AcDbEntity
  8
B.Cu
  6
CONTINUOUS
100
AcDbLine
 10
6.0859444488188972
 20
-4.4252335826771656
 30
0
 11
6.088667204724409
 21
-4.4248420866141736
 31
0
  0
LINE
  5
8D6
330
22
100
AcDbEntity
  8
B.Cu
  6
CONTINUOUS
100
AcDbLine
 10
6.088667204724409
 20
-4.4248420866141736
 30
0
 11
6.0911694094488187
 21
-4.4259848031496061
 31
0
  0
LINE
  5
8D7
330
22
100
AcDbEntity
  8
B.Cu
  6
CONTINUOUS
100
AcDbLine
 10
6.0911694094488187
 20
-4.4259848031496061
 30
0
 11
6.0914244094488188
 21
-4.4262222440944878
 31
0
  0
LINE
  5
8D8
330
22
100
AcDbEntity
  8
B.Cu
  6
CONTINUOUS
100
AcDbLine
 10
6.0914244094488188
 20
-4.4262222440944878
 30
0
 11
6.1329391338582679
 21
-4.4677370078740157
 31
0
  0
LINE
  5
8D9
330
22
100
AcDbEntity
  8
B.Cu
  6
CONTINUOUS
100
AcDbLine
 10
6.1329391338582679
 20
-4.4677370078740157
 30
0
 11
6.1329392125984254
 21
-4.4677370472440945
 31
0
  0
LINE
  5
8DA
330
22
100
AcDbEntity
  8
B.Cu
  6
CONTINUOUS
100
AcDbLine
 10
6.1329392125984254
 20
-4.4677370472440945
 30
0
 11
6.1329393700787405
 21
-4.4677371653543307
 31
0
  0
LINE
  5
8DB
330
22
100
AcDbEntity
  8
B.Cu
  6
CONTINUOUS
100
AcDbLine
 10
6.1329393700787405
 20
-4.4677371653543307
 30
0
 11
6.1383298818897636
 21
-4.4708493307086616
 31
0
  0
LINE
  5
8DC
330
22
100
AcDbEntity
  8
B.Cu
  6
CONTINUOUS
100
AcDbLine
 10
6.1383298818897636
 20
-4.4708493307086616
 30
0
 11
6.1383301574803149
 21
-4.4708494881889767
 31
0
  0
LINE
  5
8DD
330
22
100
AcDbEntity
  8
B.Cu
  6
CONTINUOUS
100
AcDbLine
 10
6.1383301574803149
 20
-4.4708494881889767
 30
0
 11
6.1418683464566932
 21
-4.4717975590551182
 31
0
  0
LINE
  5
8DE
330
22
100
AcDbEntity
  8
B.Cu
  6
CONTINUOUS
100
AcDbLine
 10
6.1418683464566932
 20
-4.4717975590551182
 30
0
 11
6.1440567716535428
 21
-4.4730610629921257
 31
0
  0
LINE
  5
8DF
330
22
100
AcDbEntity
  8
B.Cu
  6
CONTINUOUS
100
AcDbLine
 10
6.1440567716535428
 20
-4.4730610629921257
 30
0
 11
6.1609212992125979
 21
-4.4899256299212595
 31
0
  0
LINE
  5
8E0
330
22
100
AcDbEntity
  8
B.Cu
  6
CONTINUOUS
100
AcDbLine
 10
6.1609212992125979
 20
-4.4899256299212595
 30
0
 11
6.1609213385826767
 21
-4.4899256692913383
 31
0
  0
LINE
  5
8E1
330
22
100
AcDbEntity
  8
B.Cu
  6
CONTINUOUS
100
AcDbLine
 10
6.1609213385826767
 20
-4.4899256692913383
 30
0
 11
6.1654385826771652
 21
-4.4929439763779531
 31
0
  0
LINE
  5
8E2
330
22
100
AcDbEntity
  8
B.Cu
  6
CONTINUOUS
100
AcDbLine
 10
6.1654385826771652
 20
-4.4929439763779531
 30
0
 11
6.1704572834645663
 21
-4.495022755905512
 31
0
  0
LINE
  5
8E3
330
22
100
AcDbEntity
  8
B.Cu
  6
CONTINUOUS
100
AcDbLine
 10
6.1704572834645663
 20
-4.495022755905512
 30
0
 11
6.1704574803149601
 21
-4.4950228346456695
 31
0
  0
LINE
  5
8E4
330
22
100
AcDbEntity
  8
B.Cu
  6
CONTINUOUS
100
AcDbLine
 10
6.1704574803149601
 20
-4.4950228346456695
 30
0
 11
6.1704576377952751
 21
-4.4950228346456695
 31
0
  0
LINE
  5
8E5
330
22
100
AcDbEntity
  8
B.Cu
  6
CONTINUOUS
100
AcDbLine
 10
6.1704576377952751
 20
-4.4950228346456695
 30
0
 11
6.1704576771653539
 21
-4.4950228740157483
 31
0
  0
LINE
  5
8E6
330
22
100
AcDbEntity
  8
B.Cu
  6
CONTINUOUS
100
AcDbLine
 10
6.1704576771653539
 20
-4.4950228740157483
 30
0
 11
6.1757854724409444
 21
-4.4960826771653544
 31
0
  0
LINE
  5
8E7
330
22
100
AcDbEntity
  8
B.Cu
  6
CONTINUOUS
100
AcDbLine
 10
6.1757854724409444
 20
-4.4960826771653544
 30
0
 11
6.1757855905511807
 21
-4.4960826771653544
 31
0
  0
LINE
  5
8E8
330
22
100
AcDbEntity
  8
B.Cu
  6
CONTINUOUS
100
AcDbLine
 10
6.1757855905511807
 20
-4.4960826771653544
 30
0
 11
6.3019289763779529
 21
-4.4960826771653544
 31
0
  0
LINE
  5
8E9
330
22
100
AcDbEntity
  8
B.Cu
  6
CONTINUOUS
100
AcDbLine
 10
6.3019289763779529
 20
-4.4960826771653544
 30
0
 11
6.3055133858267718
 21
-4.4953696456692915
 31
0
  0
LINE
  5
8EA
330
22
100
AcDbEntity
  8
B.Cu
  6
CONTINUOUS
100
AcDbLine
 10
6.3055133858267718
 20
-4.4953696456692915
 30
0
 11
6.307257007874016
 21
-4.4950228346456695
 31
0
  0
LINE
  5
8EB
330
22
100
AcDbEntity
  8
B.Cu
  6
CONTINUOUS
100
AcDbLine
 10
6.307257007874016
 20
-4.4950228346456695
 30
0
 11
6.3097664960629922
 21
-4.4939833464566927
 31
0
  0
LINE
  5
8EC
330
22
100
AcDbEntity
  8
B.Cu
  6
CONTINUOUS
100
AcDbLine
 10
6.3097664960629922
 20
-4.4939833464566927
 30
0
 11
6.3122758661417322
 21
-4.4929439763779531
 31
0
  0
LINE
  5
8ED
330
22
100
AcDbEntity
  8
B.Cu
  6
CONTINUOUS
100
AcDbLine
 10
6.3122758661417322
 20
-4.4929439763779531
 30
0
 11
6.3122759055118109
 21
-4.4929439370078743
 31
0
  0
LINE
  5
8EE
330
22
100
AcDbEntity
  8
B.Cu
  6
CONTINUOUS
100
AcDbLine
 10
6.3122759055118109
 20
-4.4929439370078743
 30
0
 11
6.3122760236220472
 21
-4.4929438976377956
 31
0
  0
LINE
  5
8EF
330
22
100
AcDbEntity
  8
B.Cu
  6
CONTINUOUS
100
AcDbLine
 10
6.3122760236220472
 20
-4.4929438976377956
 30
0
 11
6.3167930314960632
 21
-4.4899257480314958
 31
0
  0
LINE
  5
8F0
330
22
100
AcDbEntity
  8
B.Cu
  6
CONTINUOUS
100
AcDbLine
 10
6.3167930314960632
 20
-4.4899257480314958
 30
0
 11
6.4190596062992125
 21
-4.3876591732283465
 31
0
  0
LINE
  5
8F1
330
22
100
AcDbEntity
  8
B.Cu
  6
CONTINUOUS
100
AcDbLine
 10
6.4190596062992125
 20
-4.3876591732283465
 30
0
 11
6.4220777559055113
 21
-4.3831421653543305
 31
0
  0
LINE
  5
8F2
330
22
100
AcDbEntity
  8
B.Cu
  6
CONTINUOUS
100
AcDbLine
 10
6.4220777559055113
 20
-4.3831421653543305
 30
0
 11
6.4241566929133853
 21
-4.3781231496062993
 31
0
  0
LINE
  5
8F3
330
22
100
AcDbEntity
  8
B.Cu
  6
CONTINUOUS
100
AcDbLine
 10
6.4241566929133853
 20
-4.3781231496062993
 30
0
 11
6.425216535433071
 21
-4.3727950393700787
 31
0
  0
LINE
  5
8F4
330
22
100
AcDbEntity
  8
B.Cu
  6
CONTINUOUS
100
AcDbLine
 10
6.425216535433071
 20
-4.3727950393700787
 30
0
 11
6.425216535433071
 21
-4.3673624409448815
 31
0
  0
LINE
  5
8F5
330
22
100
AcDbEntity
  8
B.Cu
  6
CONTINUOUS
100
AcDbLine
 10
6.425216535433071
 20
-4.3673624409448815
 30
0
 11
6.425216535433071
 21
-3.3811790157480313
 31
0
  0
LINE
  5
8F6
330
22
100
AcDbEntity
  8
B.Cu
  6
CONTINUOUS
100
AcDbLine
 10
6.425216535433071
 20
-3.3811790157480313
 30
0
 11
6.425216535433071
 21
-3.127205
 31
0
  0
LINE
  5
8F7
330
22
100
AcDbEntity
  8
B.Cu
  6
CONTINUOUS
100
AcDbLine
 10
6.425216535433071
 20
-3.127205
 30
0
 11
6.425216535433071
 21
-3.1272048818897638
 31
0
  0
LINE
  5
8F8
330
22
100
AcDbEntity
  8
B.Cu
  6
CONTINUOUS
100
AcDbLine
 10
6.425216535433071
 20
-3.1272048818897638
 30
0
 11
6.4241567322834641
 21
-3.1218770472440944
 31
0
  0
LINE
  5
8F9
330
22
100
AcDbEntity
  8
B.Cu
  6
CONTINUOUS
100
AcDbLine
 10
6.4241567322834641
 20
-3.1218770472440944
 30
0
 11
6.4241566929133853
 21
-3.1218770078740157
 31
0
  0
LINE
  5
8FA
330
22
100
AcDbEntity
  8
B.Cu
  6
CONTINUOUS
100
AcDbLine
 10
6.4241566929133853
 20
-3.1218770078740157
 30
0
 11
6.4241566929133853
 21
-3.1218768503937007
 31
0
  0
LINE
  5
8FB
330
22
100
AcDbEntity
  8
B.Cu
  6
CONTINUOUS
100
AcDbLine
 10
6.4241566929133853
 20
-3.1218768503937007
 30
0
 11
6.4235715354330711
 21
-3.1204641338582677
 31
0
  0
LINE
  5
8FC
330
22
100
AcDbEntity
  8
B.Cu
  6
CONTINUOUS
100
AcDbLine
 10
6.4235715354330711
 20
-3.1204641338582677
 30
0
 11
6.4220778740157476
 21
-3.1168580708661415
 31
0
  0
LINE
  5
8FD
330
22
100
AcDbEntity
  8
B.Cu
  6
CONTINUOUS
100
AcDbLine
 10
6.4220778740157476
 20
-3.1168580708661415
 30
0
 11
6.4220775984251963
 21
-3.1168575590551182
 31
0
  0
LINE
  5
8FE
330
22
100
AcDbEntity
  8
B.Cu
  6
CONTINUOUS
100
AcDbLine
 10
6.4220775984251963
 20
-3.1168575590551182
 30
0
 11
6.4190596456692912
 21
-3.112340905511811
 31
0
  0
LINE
  5
8FF
330
22
100
AcDbEntity
  8
B.Cu
  6
CONTINUOUS
100
AcDbLine
 10
6.4190596456692912
 20
-3.112340905511811
 30
0
 11
6.4171882283464567
 21
-3.1104694881889765
 31
0
  0
LINE
  5
900
330
22
100
AcDbEntity
  8
B.Cu
  6
CONTINUOUS
100
AcDbLine
 10
6.4171882283464567
 20
-3.1104694881889765
 30
0
 11
6.415218188976378
 21
-3.1084994488188977
 31
0
  0
LINE
  5
901
330
22
100
AcDbEntity
  8
B.Cu
  6
CONTINUOUS
100
AcDbLine
 10
6.415218188976378
 20
-3.1084994488188977
 30
0
 11
6.3634964960629921
 21
-3.0567777559055118
 31
0
  0
LINE
  5
902
330
22
100
AcDbEntity
  8
B.Cu
  6
CONTINUOUS
100
AcDbLine
 10
6.3634964960629921
 20
-3.0567777559055118
 30
0
 11
6.1996501968503939
 21
-2.8929313779527557
 31
0
  0
LINE
  5
903
330
22
100
AcDbEntity
  8
B.Cu
  6
CONTINUOUS
100
AcDbLine
 10
6.1996501968503939
 20
-2.8929313779527557
 30
0
 11
6.1963900000000001
 21
-2.8896711811023623
 31
0
  0
LINE
  5
904
330
22
100
AcDbEntity
  8
B.Cu
  6
CONTINUOUS
100
AcDbLine
 10
6.1963900000000001
 20
-2.8896711811023623
 30
0
 11
6.1789978346456689
 21
-2.8722790157480316
 31
0
  0
LINE
  5
905
330
22
100
AcDbEntity
  8
B.Cu
  6
CONTINUOUS
100
AcDbLine
 10
6.1789978346456689
 20
-2.8722790157480316
 30
0
 11
6.1744805905511813
 21
-2.8692607086614172
 31
0
  0
LINE
  5
906
330
22
100
AcDbEntity
  8
B.Cu
  6
CONTINUOUS
100
AcDbLine
 10
6.1744805905511813
 20
-2.8692607086614172
 30
0
 11
6.1694618897637792
 21
-2.8671819291338583
 31
0
  0
LINE
  5
907
330
22
100
AcDbEntity
  8
B.Cu
  6
CONTINUOUS
100
AcDbLine
 10
6.1694618897637792
 20
-2.8671819291338583
 30
0
 11
6.1694614960629917
 21
-2.867181811023622
 31
0
  0
LINE
  5
908
330
22
100
AcDbEntity
  8
B.Cu
  6
CONTINUOUS
100
AcDbLine
 10
6.1694614960629917
 20
-2.867181811023622
 30
0
 11
6.1641337007874011
 21
-2.8661220472440943
 31
0
  0
LINE
  5
909
330
22
100
AcDbEntity
  8
B.Cu
  6
CONTINUOUS
100
AcDbLine
 10
6.1641337007874011
 20
-2.8661220472440943
 30
0
 11
6.1641336220472436
 21
-2.8661220472440943
 31
0
  0
LINE
  5
90A
330
22
100
AcDbEntity
  8
B.Cu
  6
CONTINUOUS
100
AcDbLine
 10
6.1641336220472436
 20
-2.8661220472440943
 30
0
 11
6.1641335826771648
 21
-2.8661220472440943
 31
0
  0
LINE
  5
90B
330
22
100
AcDbEntity
  8
B.Cu
  6
CONTINUOUS
100
AcDbLine
 10
6.1641335826771648
 20
-2.8661220472440943
 30
0
 11
5.9885430708661413
 21
-2.8661220472440943
 31
0
  0
LINE
  5
90C
330
22
100
AcDbEntity
  8
B.Cu
  6
CONTINUOUS
100
AcDbLine
 10
5.9885430708661413
 20
-2.8661220472440943
 30
0
 11
5.983110472440945
 21
-2.8661220472440943
 31
0
  0
LINE
  5
90D
330
22
100
AcDbEntity
  8
B.Cu
  6
CONTINUOUS
100
AcDbLine
 10
5.983110472440945
 20
-2.8661220472440943
 30
0
 11
5.9831103937007875
 21
-2.8661220472440943
 31
0
  0
LINE
  5
90E
330
22
100
AcDbEntity
  8
B.Cu
  6
CONTINUOUS
100
AcDbLine
 10
5.9831103937007875
 20
-2.8661220472440943
 30
0
 11
5.9777825590551181
 21
-2.867181811023622
 31
0
  0
LINE
  5
90F
330
22
100
AcDbEntity
  8
B.Cu
  6
CONTINUOUS
100
AcDbLine
 10
5.9777825590551181
 20
-2.867181811023622
 30
0
 11
5.9777821653543306
 21
-2.8671819291338583
 31
0
  0
LINE
  5
910
330
22
100
AcDbEntity
  8
B.Cu
  6
CONTINUOUS
100
AcDbLine
 10
5.9777821653543306
 20
-2.8671819291338583
 30
0
 11
5.9727634645669294
 21
-2.8692607086614172
 31
0
  0
LINE
  5
911
330
22
100
AcDbEntity
  8
B.Cu
  6
CONTINUOUS
100
AcDbLine
 10
5.9727634645669294
 20
-2.8692607086614172
 30
0
 11
5.9682462204724409
 21
-2.8722790157480316
 31
0
  0
LINE
  5
912
330
22
100
AcDbEntity
  8
B.Cu
  6
CONTINUOUS
100
AcDbLine
 10
5.9682462204724409
 20
-2.8722790157480316
 30
0
 11
5.9218853149606296
 21
-2.9186399212598424
 31
0
  0
LINE
  5
913
330
22
100
AcDbEntity
  8
B.Cu
  6
CONTINUOUS
100
AcDbLine
 10
5.9218853149606296
 20
-2.9186399212598424
 30
0
 11
5.9188670078740158
 21
-2.9231571653543305
 31
0
  0
LINE
  5
914
330
22
100
AcDbEntity
  8
B.Cu
  6
CONTINUOUS
100
AcDbLine
 10
5.9188670078740158
 20
-2.9231571653543305
 30
0
 11
5.9167882283464568
 21
-2.9281758661417321
 31
0
  0
LINE
  5
915
330
22
100
AcDbEntity
  8
B.Cu
  6
CONTINUOUS
100
AcDbLine
 10
5.9167882283464568
 20
-2.9281758661417321
 30
0
 11
5.9167881102362205
 21
-2.9281763385826771
 31
0
  0
LINE
  5
916
330
22
100
AcDbEntity
  8
B.Cu
  6
CONTINUOUS
100
AcDbLine
 10
5.9167881102362205
 20
-2.9281763385826771
 30
0
 11
5.9158774803149603
 21
-2.9327544488188977
 31
0
  0
LINE
  5
917
330
22
100
AcDbEntity
  8
B.Cu
  6
CONTINUOUS
100
AcDbLine
 10
5.9158774803149603
 20
-2.9327544488188977
 30
0
 11
5.9157283464566932
 21
-2.9335041732283464
 31
0
  0
LINE
  5
918
330
22
100
AcDbEntity
  8
B.Cu
  6
CONTINUOUS
100
AcDbLine
 10
5.9157283464566932
 20
-2.9335041732283464
 30
0
 11
5.9157283464566932
 21
-2.9488211811023621
 31
0
  0
LINE
  5
919
330
22
100
AcDbEntity
  8
B.Cu
  6
CONTINUOUS
100
AcDbLine
 10
5.9157283464566932
 20
-2.9488211811023621
 30
0
 11
5.9149533464566924
 21
-2.9514605118110238
 31
0
  0
LINE
  5
91A
330
22
100
AcDbEntity
  8
B.Cu
  6
CONTINUOUS
100
AcDbLine
 10
5.9149533464566924
 20
-2.9514605118110238
 30
0
 11
5.9137160236220474
 21
-2.9527706692913385
 31
0
  0
LINE
  5
91B
330
22
100
AcDbEntity
  8
B.Cu
  6
CONTINUOUS
100
AcDbLine
 10
5.9137160236220474
 20
-2.9527706692913385
 30
0
 11
5.9112344094488192
 21
-2.9545736614173226
 31
0
  0
LINE
  5
91C
330
22
100
AcDbEntity
  8
B.Cu
  6
CONTINUOUS
100
AcDbLine
 10
5.9112344094488192
 20
-2.9545736614173226
 30
0
 11
5.9057548818897638
 21
-2.9600531889763779
 31
0
  0
LINE
  5
91D
330
22
100
AcDbEntity
  8
B.Cu
  6
CONTINUOUS
100
AcDbLine
 10
5.9057548818897638
 20
-2.9600531889763779
 30
0
 11
5.9057548818897638
 21
-2.9600532283464567
 31
0
  0
LINE
  5
91E
330
22
100
AcDbEntity
  8
B.Cu
  6
CONTINUOUS
100
AcDbLine
 10
5.9057548818897638
 20
-2.9600532283464567
 30
0
 11
5.9057548031496063
 21
-2.9600533070866142
 31
0
  0
LINE
  5
91F
330
22
100
AcDbEntity
  8
B.Cu
  6
CONTINUOUS
100
AcDbLine
 10
5.9057548031496063
 20
-2.9600533070866142
 30
0
 11
5.9039518110236218
 21
-2.9625348818897637
 31
0
  0
LINE
  5
920
330
22
100
AcDbEntity
  8
B.Cu
  6
CONTINUOUS
100
AcDbLine
 10
5.9039518110236218
 20
-2.9625348818897637
 30
0
 11
5.9011998425196852
 21
-2.9663225984251969
 31
0
  0
LINE
  5
921
330
22
100
AcDbEntity
  8
B.Cu
  6
CONTINUOUS
100
AcDbLine
 10
5.9011998425196852
 20
-2.9663225984251969
 30
0
 11
5.8976568897637796
 21
-2.9732761023622047
 31
0
  0
LINE
  5
922
330
22
100
AcDbEntity
  8
B.Cu
  6
CONTINUOUS
100
AcDbLine
 10
5.8976568897637796
 20
-2.9732761023622047
 30
0
 11
5.8957681496062992
 21
-2.9752759448818895
 31
0
  0
LINE
  5
923
330
22
100
AcDbEntity
  8
B.Cu
  6
CONTINUOUS
100
AcDbLine
 10
5.8957681496062992
 20
-2.9752759448818895
 30
0
 11
5.8930980314960628
 21
-2.9759371653543307
 31
0
  0
LINE
  5
924
330
22
100
AcDbEntity
  8
B.Cu
  6
CONTINUOUS
100
AcDbLine
 10
5.8930980314960628
 20
-2.9759371653543307
 30
0
 11
5.8904942913385829
 21
-2.9750498818897637
 31
0
  0
LINE
  5
925
330
22
100
AcDbEntity
  8
B.Cu
  6
CONTINUOUS
100
AcDbLine
 10
5.8904942913385829
 20
-2.9750498818897637
 30
0
 11
5.8889572834645669
 21
-2.9732761023622047
 31
0
  0
LINE
  5
926
330
22
100
AcDbEntity
  8
B.Cu
  6
CONTINUOUS
100
AcDbLine
 10
5.8889572834645669
 20
-2.9732761023622047
 30
0
 11
5.8876468110236218
 21
-2.9707041732283463
 31
0
  0
LINE
  5
927
330
22
100
AcDbEntity
  8
B.Cu
  6
CONTINUOUS
100
AcDbLine
 10
5.8876468110236218
 20
-2.9707041732283463
 30
0
 11
5.8854143307086613
 21
-2.9663226377952756
 31
0
  0
LINE
  5
928
330
22
100
AcDbEntity
  8
B.Cu
  6
CONTINUOUS
100
AcDbLine
 10
5.8854143307086613
 20
-2.9663226377952756
 30
0
 11
5.8808593700787402
 21
-2.9600533070866142
 31
0
  0
LINE
  5
929
330
22
100
AcDbEntity
  8
B.Cu
  6
CONTINUOUS
100
AcDbLine
 10
5.8808593700787402
 20
-2.9600533070866142
 30
0
 11
5.8753797637795273
 21
-2.9545737007874013
 31
0
  0
LINE
  5
92A
330
22
100
AcDbEntity
  8
B.Cu
  6
CONTINUOUS
100
AcDbLine
 10
5.8753797637795273
 20
-2.9545737007874013
 30
0
 11
5.8728981496062991
 21
-2.9527706692913385
 31
0
  0
LINE
  5
92B
330
22
100
AcDbEntity
  8
B.Cu
  6
CONTINUOUS
100
AcDbLine
 10
5.8728981496062991
 20
-2.9527706692913385
 30
0
 11
5.87121842519685
 21
-2.9505923228346456
 31
0
  0
LINE
  5
92C
330
22
100
AcDbEntity
  8
B.Cu
  6
CONTINUOUS
100
AcDbLine
 10
5.87121842519685
 20
-2.9505923228346456
 30
0
 11
5.8708858267716533
 21
-2.9488211811023621
 31
0
  0
LINE
  5
92D
330
22
100
AcDbEntity
  8
B.Cu
  6
CONTINUOUS
100
AcDbLine
 10
5.8708858267716533
 20
-2.9488211811023621
 30
0
 11
5.8708858267716533
 21
-2.9272048818897636
 31
0
  0
LINE
  5
92E
330
22
100
AcDbEntity
  8
B.Cu
  6
CONTINUOUS
100
AcDbLine
 10
5.8708858267716533
 20
-2.9272048818897636
 30
0
 11
5.8698260236220472
 21
-2.9218770472440942
 31
0
  0
LINE
  5
92F
330
22
100
AcDbEntity
  8
B.Cu
  6
CONTINUOUS
100
AcDbLine
 10
5.8698260236220472
 20
-2.9218770472440942
 30
0
 11
5.8698259842519684
 21
-2.9218770078740155
 31
0
  0
LINE
  5
930
330
22
100
AcDbEntity
  8
B.Cu
  6
CONTINUOUS
100
AcDbLine
 10
5.8698259842519684
 20
-2.9218770078740155
 30
0
 11
5.8698259842519684
 21
-2.9218768503937009
 31
0
  0
LINE
  5
931
330
22
100
AcDbEntity
  8
B.Cu
  6
CONTINUOUS
100
AcDbLine
 10
5.8698259842519684
 20
-2.9218768503937009
 30
0
 11
5.8698259055118109
 21
-2.9218766535433072
 31
0
  0
LINE
  5
932
330
22
100
AcDbEntity
  8
B.Cu
  6
CONTINUOUS
100
AcDbLine
 10
5.8698259055118109
 20
-2.9218766535433072
 30
0
 11
5.8677471653543307
 21
-2.9168580708661418
 31
0
  0
LINE
  5
933
330
22
100
AcDbEntity
  8
B.Cu
  6
CONTINUOUS
100
AcDbLine
 10
5.8677471653543307
 20
-2.9168580708661418
 30
0
 11
5.8677468897637794
 21
-2.916857559055118
 31
0
  0
LINE
  5
934
330
22
100
AcDbEntity
  8
B.Cu
  6
CONTINUOUS
100
AcDbLine
 10
5.8677468897637794
 20
-2.916857559055118
 30
0
 11
5.8647289370078735
 21
-2.9123409055118108
 31
0
  0
LINE
  5
935
330
22
100
AcDbEntity
  8
B.Cu
  6
CONTINUOUS
100
AcDbLine
 10
5.8647289370078735
 20
-2.9123409055118108
 30
0
 11
5.8647288976377947
 21
-2.912340866141732
 31
0
  0
LINE
  5
936
330
22
100
AcDbEntity
  8
B.Cu
  6
CONTINUOUS
100
AcDbLine
 10
5.8647288976377947
 20
-2.912340866141732
 30
0
 11
5.8608874803149602
 21
-2.9084994488188975
 31
0
  0
LINE
  5
937
330
22
100
AcDbEntity
  8
B.Cu
  6
CONTINUOUS
100
AcDbLine
 10
5.8608874803149602
 20
-2.9084994488188975
 30
0
 11
5.8580783464566926
 21
-2.9056903149606299
 31
0
  0
LINE
  5
938
330
22
100
AcDbEntity
  8
B.Cu
  6
CONTINUOUS
100
AcDbLine
 10
5.8580783464566926
 20
-2.9056903149606299
 30
0
 11
5.8246671653543309
 21
-2.8722790551181103
 31
0
  0
LINE
  5
939
330
22
100
AcDbEntity
  8
B.Cu
  6
CONTINUOUS
100
AcDbLine
 10
5.8246671653543309
 20
-2.8722790551181103
 30
0
 11
5.8246671259842522
 21
-2.8722790157480316
 31
0
  0
LINE
  5
93A
330
22
100
AcDbEntity
  8
B.Cu
  6
CONTINUOUS
100
AcDbLine
 10
5.8246671259842522
 20
-2.8722790157480316
 30
0
 11
5.8201498818897637
 21
-2.8692607086614172
 31
0
  0
LINE
  5
93B
330
22
100
AcDbEntity
  8
B.Cu
  6
CONTINUOUS
100
AcDbLine
 10
5.8201498818897637
 20
-2.8692607086614172
 30
0
 11
5.8151311811023625
 21
-2.8671819291338583
 31
0
  0
LINE
  5
93C
330
22
100
AcDbEntity
  8
B.Cu
  6
CONTINUOUS
100
AcDbLine
 10
5.8151311811023625
 20
-2.8671819291338583
 30
0
 11
5.815130787401575
 21
-2.867181811023622
 31
0
  0
LINE
  5
93D
330
22
100
AcDbEntity
  8
B.Cu
  6
CONTINUOUS
100
AcDbLine
 10
5.815130787401575
 20
-2.867181811023622
 30
0
 11
5.8098029921259844
 21
-2.8661220472440943
 31
0
  0
LINE
  5
93E
330
22
100
AcDbEntity
  8
B.Cu
  6
CONTINUOUS
100
AcDbLine
 10
5.8098029921259844
 20
-2.8661220472440943
 30
0
 11
5.8098029133858269
 21
-2.8661220472440943
 31
0
  0
LINE
  5
93F
330
22
100
AcDbEntity
  8
B.Cu
  6
CONTINUOUS
100
AcDbLine
 10
5.8098029133858269
 20
-2.8661220472440943
 30
0
 11
5.8098028740157481
 21
-2.8661220472440943
 31
0
  0
LINE
  5
940
330
22
100
AcDbEntity
  8
B.Cu
  6
CONTINUOUS
100
AcDbLine
 10
5.8098028740157481
 20
-2.8661220472440943
 30
0
 11
5.5090947637795278
 21
-2.8661220472440943
 31
0
  0
LINE
  5
941
330
22
100
AcDbEntity
  8
B.Cu
  6
CONTINUOUS
100
AcDbLine
 10
5.5090947637795278
 20
-2.8661220472440943
 30
0
 11
5.5090946062992128
 21
-2.8661220472440943
 31
0
  0
LINE
  5
942
330
22
100
AcDbEntity
  8
B.Cu
  6
CONTINUOUS
100
AcDbLine
 10
5.5090946062992128
 20
-2.8661220472440943
 30
0
 11
5.5048263779527558
 21
-2.8669710629921261
 31
0
  0
LINE
  5
943
330
22
100
AcDbEntity
  8
B.Cu
  6
CONTINUOUS
100
AcDbLine
 10
5.5048263779527558
 20
-2.8669710629921261
 30
0
 11
5.504826338582677
 21
-2.8669710629921261
 31
0
  0
LINE
  5
944
330
22
100
AcDbEntity
  8
B.Cu
  6
CONTINUOUS
100
AcDbLine
 10
5.504826338582677
 20
-2.8669710629921261
 30
0
 11
5.5042964960629917
 21
-2.8670764566929132
 31
0
  0
LINE
  5
945
330
22
100
AcDbEntity
  8
B.Cu
  6
CONTINUOUS
100
AcDbLine
 10
5.5042964960629917
 20
-2.8670764566929132
 30
0
 11
5.5037666535433072
 21
-2.8671818503937008
 31
0
  0
LINE
  5
946
330
22
100
AcDbEntity
  8
B.Cu
  6
CONTINUOUS
100
AcDbLine
 10
5.5037666535433072
 20
-2.8671818503937008
 30
0
 11
5.5016876377952757
 21
-2.8680429527559053
 31
0
  0
LINE
  5
947
330
22
100
AcDbEntity
  8
B.Cu
  6
CONTINUOUS
100
AcDbLine
 10
5.5016876377952757
 20
-2.8680429527559053
 30
0
 11
5.5016876377952757
 21
-2.868042992125984
 31
0
  0
LINE
  5
948
330
22
100
AcDbEntity
  8
B.Cu
  6
CONTINUOUS
100
AcDbLine
 10
5.5016876377952757
 20
-2.868042992125984
 30
0
 11
5.4998336220472437
 21
-2.8688109448818895
 31
0
  0
LINE
  5
949
330
22
100
AcDbEntity
  8
B.Cu
  6
CONTINUOUS
100
AcDbLine
 10
5.4998336220472437
 20
-2.8688109448818895
 30
0
 11
5.4987474803149601
 21
-2.8692608661417323
 31
0
  0
LINE
  5
94A
330
22
100
AcDbEntity
  8
B.Cu
  6
CONTINUOUS
100
AcDbLine
 10
5.4987474803149601
 20
-2.8692608661417323
 30
0
 11
5.4983477952755901
 21
-2.8695279527559054
 31
0
  0
LINE
  5
94B
330
22
100
AcDbEntity
  8
B.Cu
  6
CONTINUOUS
100
AcDbLine
 10
5.4983477952755901
 20
-2.8695279527559054
 30
0
 11
5.4983434251968504
 21
-2.8695308661417323
 31
0
  0
LINE
  5
94C
330
22
100
AcDbEntity
  8
B.Cu
  6
CONTINUOUS
100
AcDbLine
 10
5.4983434251968504
 20
-2.8695308661417323
 30
0
 11
5.4942305905511812
 21
-2.8722789763779528
 31
0
  0
LINE
  5
94D
330
22
100
AcDbEntity
  8
B.Cu
  6
CONTINUOUS
100
AcDbLine
 10
5.4942305905511812
 20
-2.8722789763779528
 30
0
 11
5.4942304330708662
 21
-2.8722790944881891
 31
0
  0
LINE
  5
94E
330
22
100
AcDbEntity
  8
B.Cu
  6
CONTINUOUS
100
AcDbLine
 10
5.4942304330708662
 20
-2.8722790944881891
 30
0
 11
5.2541688976377952
 21
-3.112340590551181
 31
0
  0
LINE
  5
94F
330
22
100
AcDbEntity
  8
B.Cu
  6
CONTINUOUS
100
AcDbLine
 10
5.2541688976377952
 20
-3.112340590551181
 30
0
 11
5.2541687795275589
 21
-3.1123407086614172
 31
0
  0
LINE
  5
950
330
22
100
AcDbEntity
  8
B.Cu
  6
CONTINUOUS
100
AcDbLine
 10
5.2541687795275589
 20
-3.1123407086614172
 30
0
 11
5.2519032677165356
 21
-3.115731377952756
 31
0
  0
LINE
  5
951
330
22
100
AcDbEntity
  8
B.Cu
  6
CONTINUOUS
100
AcDbLine
 10
5.2519032677165356
 20
-3.115731377952756
 30
0
 11
5.2519032283464568
 21
-3.1157314173228348
 31
0
  0
LINE
  5
952
330
22
100
AcDbEntity
  8
B.Cu
  6
CONTINUOUS
100
AcDbLine
 10
5.2519032283464568
 20
-3.1157314173228348
 30
0
 11
5.2511507480314963
 21
-3.1168575196850394
 31
0
  0
LINE
  5
953
330
22
100
AcDbEntity
  8
B.Cu
  6
CONTINUOUS
100
AcDbLine
 10
5.2511507480314963
 20
-3.1168575196850394
 30
0
 11
5.2511504330708663
 21
-3.1168580708661415
 31
0
  0
LINE
  5
954
330
22
100
AcDbEntity
  8
B.Cu
  6
CONTINUOUS
100
AcDbLine
 10
5.2511504330708663
 20
-3.1168580708661415
 30
0
 11
5.249071692913386
 21
-3.1218766535433069
 31
0
  0
LINE
  5
955
330
22
100
AcDbEntity
  8
B.Cu
  6
CONTINUOUS
100
AcDbLine
 10
5.249071692913386
 20
-3.1218766535433069
 30
0
 11
5.2490715748031498
 21
-3.1218770472440944
 31
0
  0
LINE
  5
956
330
22
100
AcDbEntity
  8
B.Cu
  6
CONTINUOUS
100
AcDbLine
 10
5.2490715748031498
 20
-3.1218770472440944
 30
0
 11
5.2480118110236216
 21
-3.1272048818897638
 31
0
  0
LINE
  5
957
330
22
100
AcDbEntity
  8
B.Cu
  6
CONTINUOUS
100
AcDbLine
 10
5.2480118110236216
 20
-3.1272048818897638
 30
0
 11
5.2480118110236216
 21
-3.127205
 31
0
  0
LINE
  5
958
330
22
100
AcDbEntity
  8
B.Cu
  6
CONTINUOUS
100
AcDbLine
 10
5.2480118110236216
 20
-3.127205
 30
0
 11
5.2480118110236216
 21
-3.3240553543307088
 31
0
  0
LINE
  5
959
330
22
100
AcDbEntity
  8
B.Cu
  6
CONTINUOUS
100
AcDbLine
 10
5.2480118110236216
 20
-3.3240553543307088
 30
0
 11
5.2480118110236216
 21
-3.3294879527559056
 31
0
  0
LINE
  5
95A
330
22
100
AcDbEntity
  8
B.Cu
  6
CONTINUOUS
100
AcDbLine
 10
5.2480118110236216
 20
-3.3294879527559056
 30
0
 11
5.2480118110236216
 21
-3.3294880314960631
 31
0
  0
LINE
  5
95B
330
22
100
AcDbEntity
  8
B.Cu
  6
CONTINUOUS
100
AcDbLine
 10
5.2480118110236216
 20
-3.3294880314960631
 30
0
 11
5.2480117716535428
 21
-3.3294880314960631
 31
0
  0
LINE
  5
95C
330
22
100
AcDbEntity
  8
B.Cu
  6
CONTINUOUS
100
AcDbLine
 10
5.2480117716535428
 20
-3.3294880314960631
 30
0
 11
5.2490715748031498
 21
-3.3348158267716537
 31
0
  0
LINE
  5
95D
330
22
100
AcDbEntity
  8
B.Cu
  6
CONTINUOUS
100
AcDbLine
 10
5.2991929133858262
 20
-4.7453353149606299
 30
0
 11
5.2994299212598426
 21
-4.7468316141732281
 31
0
  0
LINE
  5
95E
330
22
100
AcDbEntity
  8
B.Cu
  6
CONTINUOUS
100
AcDbLine
 10
5.2994299212598426
 20
-4.7468316141732281
 30
0
 11
5.2997777165354334
 21
-4.7490277165354327
 31
0
  0
LINE
  5
95F
330
22
100
AcDbEntity
  8
B.Cu
  6
CONTINUOUS
100
AcDbLine
 10
5.2997777165354334
 20
-4.7490277165354327
 30
0
 11
5.3020452755905509
 21
-4.753478031496063
 31
0
  0
LINE
  5
960
330
22
100
AcDbEntity
  8
B.Cu
  6
CONTINUOUS
100
AcDbLine
 10
5.3020452755905509
 20
-4.753478031496063
 30
0
 11
5.3020453543307084
 21
-4.7534781102362205
 31
0
  0
LINE
  5
961
330
22
100
AcDbEntity
  8
B.Cu
  6
CONTINUOUS
100
AcDbLine
 10
5.3020453543307084
 20
-4.7534781102362205
 30
0
 11
5.302045433070866
 21
-4.7534782283464567
 31
0
  0
LINE
  5
962
330
22
100
AcDbEntity
  8
B.Cu
  6
CONTINUOUS
100
AcDbLine
 10
5.302045433070866
 20
-4.7534782283464567
 30
0
 11
5.3055768503937006
 21
-4.7570096456692914
 31
0
  0
LINE
  5
963
330
22
100
AcDbEntity
  8
B.Cu
  6
CONTINUOUS
100
AcDbLine
 10
5.3055768503937006
 20
-4.7570096456692914
 30
0
 11
5.3055769291338581
 21
-4.7570096850393702
 31
0
  0
LINE
  5
964
330
22
100
AcDbEntity
  8
B.Cu
  6
CONTINUOUS
100
AcDbLine
 10
5.3055769291338581
 20
-4.7570096850393702
 30
0
 11
5.3055770866141732
 21
-4.7570098425196852
 31
0
  0
LINE
  5
965
330
22
100
AcDbEntity
  8
B.Cu
  6
CONTINUOUS
100
AcDbLine
 10
5.3055770866141732
 20
-4.7570098425196852
 30
0
 11
5.310027322834646
 21
-4.759277362204724
 31
0
  0
LINE
  5
966
330
22
100
AcDbEntity
  8
B.Cu
  6
CONTINUOUS
100
AcDbLine
 10
5.310027322834646
 20
-4.759277362204724
 30
0
 11
5.3100274803149601
 21
-4.7592774409448815
 31
0
  0
LINE
  5
967
330
22
100
AcDbEntity
  8
B.Cu
  6
CONTINUOUS
100
AcDbLine
 10
5.3100274803149601
 20
-4.7592774409448815
 30
0
 11
5.3137194881889762
 21
-4.7598621653543303
 31
0
  0
LINE
  5
968
330
22
100
AcDbEntity
  8
B.Cu
  6
CONTINUOUS
100
AcDbLine
 10
5.3137194881889762
 20
-4.7598621653543303
 30
0
 11
5.3137197244094487
 21
-4.759862204724409
 31
0
  0
LINE
  5
969
330
22
100
AcDbEntity
  8
B.Cu
  6
CONTINUOUS
100
AcDbLine
 10
5.3137197244094487
 20
-4.759862204724409
 30
0
 11
5.3218700787401572
 21
-4.7598621653543303
 31
0
  0
LINE
  5
96A
330
22
100
AcDbEntity
  8
B.Cu
  6
CONTINUOUS
100
AcDbLine
 10
5.3218700787401572
 20
-4.7598621653543303
 30
0
 11
5.3245094094488188
 21
-4.7606371259842515
 31
0
  0
LINE
  5
96B
330
22
100
AcDbEntity
  8
B.Cu
  6
CONTINUOUS
100
AcDbLine
 10
5.3245094094488188
 20
-4.7606371259842515
 30
0
 11
5.3263107874015745
 21
-4.7627160236220467
 31
0
  0
LINE
  5
96C
330
22
100
AcDbEntity
  8
B.Cu
  6
CONTINUOUS
100
AcDbLine
 10
5.3263107874015745
 20
-4.7627160236220467
 30
0
 11
5.3267519685039373
 21
-4.7647440551181104
 31
0
  0
LINE
  5
96D
330
22
100
AcDbEntity
  8
B.Cu
  6
CONTINUOUS
100
AcDbLine
 10
5.3267519685039373
 20
-4.7647440551181104
 30
0
 11
5.3267519685039373
 21
-4.7807482677165352
 31
0
  0
LINE
  5
96E
330
22
100
AcDbEntity
  8
B.Cu
  6
CONTINUOUS
100
AcDbLine
 10
5.3267519685039373
 20
-4.7807482677165352
 30
0
 11
5.3267519685039373
 21
-4.7861808661417324
 31
0
  0
LINE
  5
96F
330
22
100
AcDbEntity
  8
B.Cu
  6
CONTINUOUS
100
AcDbLine
 10
5.3267519685039373
 20
-4.7861808661417324
 30
0
 11
5.3267519685039373
 21
-4.7861809448818899
 31
0
  0
LINE
  5
970
330
22
100
AcDbEntity
  8
B.Cu
  6
CONTINUOUS
100
AcDbLine
 10
5.3267519685039373
 20
-4.7861809448818899
 30
0
 11
5.3267519291338585
 21
-4.7861809448818899
 31
0
  0
LINE
  5
971
330
22
100
AcDbEntity
  8
B.Cu
  6
CONTINUOUS
100
AcDbLine
 10
5.3267519291338585
 20
-4.7861809448818899
 30
0
 11
5.3278117322834646
 21
-4.7915087401574805
 31
0
  0
LINE
  5
972
330
22
100
AcDbEntity
  8
B.Cu
  6
CONTINUOUS
100
AcDbLine
 10
5.3278117322834646
 20
-4.7915087401574805
 30
0
 11
5.3278118503937009
 21
-4.791509133858268
 31
0
  0
LINE
  5
973
330
22
100
AcDbEntity
  8
B.Cu
  6
CONTINUOUS
100
AcDbLine
 10
5.3278118503937009
 20
-4.791509133858268
 30
0
 11
5.3298906299212598
 21
-4.7965278346456692
 31
0
  0
LINE
  5
974
330
22
100
AcDbEntity
  8
B.Cu
  6
CONTINUOUS
100
AcDbLine
 10
5.3298906299212598
 20
-4.7965278346456692
 30
0
 11
5.3329089370078737
 21
-4.8010450787401577
 31
0
  0
LINE
  5
975
330
22
100
AcDbEntity
  8
B.Cu
  6
CONTINUOUS
100
AcDbLine
 10
5.3329089370078737
 20
-4.8010450787401577
 30
0
 11
5.3761202362204727
 21
-4.8442563779527559
 31
0
  0
LINE
  5
976
330
22
100
AcDbEntity
  8
B.Cu
  6
CONTINUOUS
100
AcDbLine
 10
5.3761202362204727
 20
-4.8442563779527559
 30
0
 11
5.3806374803149604
 21
-4.8472746850393698
 31
0
  0
LINE
  5
977
330
22
100
AcDbEntity
  8
B.Cu
  6
CONTINUOUS
100
AcDbLine
 10
5.3806374803149604
 20
-4.8472746850393698
 30
0
 11
5.3856561811023624
 21
-4.8493534645669287
 31
0
  0
LINE
  5
978
330
22
100
AcDbEntity
  8
B.Cu
  6
CONTINUOUS
100
AcDbLine
 10
5.3856561811023624
 20
-4.8493534645669287
 30
0
 11
5.3856563779527562
 21
-4.8493535433070862
 31
0
  0
LINE
  5
979
330
22
100
AcDbEntity
  8
B.Cu
  6
CONTINUOUS
100
AcDbLine
 10
5.3856563779527562
 20
-4.8493535433070862
 30
0
 11
5.3856565354330703
 21
-4.8493535433070862
 31
0
  0
LINE
  5
97A
330
22
100
AcDbEntity
  8
B.Cu
  6
CONTINUOUS
100
AcDbLine
 10
5.3856565354330703
 20
-4.8493535433070862
 30
0
 11
5.3856565748031491
 21
-4.849353582677165
 31
0
  0
LINE
  5
97B
330
22
100
AcDbEntity
  8
B.Cu
  6
CONTINUOUS
100
AcDbLine
 10
5.3856565748031491
 20
-4.849353582677165
 30
0
 11
5.3909843700787397
 21
-4.850413385826772
 31
0
  0
LINE
  5
97C
330
22
100
AcDbEntity
  8
B.Cu
  6
CONTINUOUS
100
AcDbLine
 10
5.3909843700787397
 20
-4.850413385826772
 30
0
 11
5.3909844881889759
 21
-4.850413385826772
 31
0
  0
LINE
  5
97D
330
22
100
AcDbEntity
  8
B.Cu
  6
CONTINUOUS
100
AcDbLine
 10
5.3909844881889759
 20
-4.850413385826772
 30
0
 11
5.5932675590551177
 21
-4.850413385826772
 31
0
  0
LINE
  5
97E
330
22
100
AcDbEntity
  8
B.Cu
  6
CONTINUOUS
100
AcDbLine
 10
5.5932675590551177
 20
-4.850413385826772
 30
0
 11
5.5968519685039366
 21
-4.8497003543307082
 31
0
  0
LINE
  5
97F
330
22
100
AcDbEntity
  8
B.Cu
  6
CONTINUOUS
100
AcDbLine
 10
5.5968519685039366
 20
-4.8497003543307082
 30
0
 11
5.5985955905511808
 21
-4.8493535433070862
 31
0
  0
LINE
  5
980
330
22
100
AcDbEntity
  8
B.Cu
  6
CONTINUOUS
100
AcDbLine
 10
5.5985955905511808
 20
-4.8493535433070862
 30
0
 11
5.6011050787401571
 21
-4.8483140551181103
 31
0
  0
LINE
  5
981
330
22
100
AcDbEntity
  8
B.Cu
  6
CONTINUOUS
100
AcDbLine
 10
5.6011050787401571
 20
-4.8483140551181103
 30
0
 11
5.6036144488188979
 21
-4.8472746850393698
 31
0
  0
LINE
  5
982
330
22
100
AcDbEntity
  8
B.Cu
  6
CONTINUOUS
100
AcDbLine
 10
5.6036144488188979
 20
-4.8472746850393698
 30
0
 11
5.6036144881889767
 21
-4.847274645669291
 31
0
  0
LINE
  5
983
330
22
100
AcDbEntity
  8
B.Cu
  6
CONTINUOUS
100
AcDbLine
 10
5.6036144881889767
 20
-4.847274645669291
 30
0
 11
5.603614606299212
 21
-4.8472746062992123
 31
0
  0
LINE
  5
984
330
22
100
AcDbEntity
  8
B.Cu
  6
CONTINUOUS
100
AcDbLine
 10
5.603614606299212
 20
-4.8472746062992123
 30
0
 11
5.608131614173228
 21
-4.8442564566929134
 31
0
  0
LINE
  5
985
330
22
100
AcDbEntity
  8
B.Cu
  6
CONTINUOUS
100
AcDbLine
 10
5.608131614173228
 20
-4.8442564566929134
 30
0
 11
5.6513430708661412
 21
-4.8010450000000002
 31
0
  0
LINE
  5
986
330
22
100
AcDbEntity
  8
B.Cu
  6
CONTINUOUS
100
AcDbLine
 10
5.6513430708661412
 20
-4.8010450000000002
 30
0
 11
5.6543612204724409
 21
-4.7965279921259842
 31
0
  0
LINE
  5
987
330
22
100
AcDbEntity
  8
B.Cu
  6
CONTINUOUS
100
AcDbLine
 10
5.6543612204724409
 20
-4.7965279921259842
 30
0
 11
5.65493437007874
 21
-4.795144330708661
 31
0
  0
LINE
  5
988
330
22
100
AcDbEntity
  8
B.Cu
  6
CONTINUOUS
100
AcDbLine
 10
5.65493437007874
 20
-4.795144330708661
 30
0
 11
5.6557877952755904
 21
-4.7930839370078742
 31
0
  0
LINE
  5
989
330
22
100
AcDbEntity
  8
B.Cu
  6
CONTINUOUS
100
AcDbLine
 10
5.6557877952755904
 20
-4.7930839370078742
 30
0
 11
5.6564401574803149
 21
-4.791508976377953
 31
0
  0
LINE
  5
98A
330
22
100
AcDbEntity
  8
B.Cu
  6
CONTINUOUS
100
AcDbLine
 10
5.6564401574803149
 20
-4.791508976377953
 30
0
 11
5.6571867322834644
 21
-4.7877557480314961
 31
0
  0
LINE
  5
98B
330
22
100
AcDbEntity
  8
B.Cu
  6
CONTINUOUS
100
AcDbLine
 10
5.6571867322834644
 20
-4.7877557480314961
 30
0
 11
5.6574999999999998
 21
-4.7861809448818899
 31
0
  0
LINE
  5
98C
330
22
100
AcDbEntity
  8
B.Cu
  6
CONTINUOUS
100
AcDbLine
 10
5.6574999999999998
 20
-4.7861809448818899
 30
0
 11
5.6574999999999998
 21
-4.7480291338582674
 31
0
  0
LINE
  5
98D
330
22
100
AcDbEntity
  8
B.Cu
  6
CONTINUOUS
100
AcDbLine
 10
5.6574999999999998
 20
-4.7480291338582674
 30
0
 11
5.6582749999999997
 21
-4.7453898031496058
 31
0
  0
LINE
  5
98E
330
22
100
AcDbEntity
  8
B.Cu
  6
CONTINUOUS
100
AcDbLine
 10
5.6582749999999997
 20
-4.7453898031496058
 30
0
 11
5.6595121653543305
 21
-4.7440797637795278
 31
0
  0
LINE
  5
98F
330
22
100
AcDbEntity
  8
B.Cu
  6
CONTINUOUS
100
AcDbLine
 10
5.6595121653543305
 20
-4.7440797637795278
 30
0
 11
5.6619939370078738
 21
-4.7422766929133857
 31
0
  0
LINE
  5
990
330
22
100
AcDbEntity
  8
B.Cu
  6
CONTINUOUS
100
AcDbLine
 10
5.6619939370078738
 20
-4.7422766929133857
 30
0
 11
5.6674735433070866
 21
-4.7367970866141729
 31
0
  0
LINE
  5
991
330
22
100
AcDbEntity
  8
B.Cu
  6
CONTINUOUS
100
AcDbLine
 10
5.6674735433070866
 20
-4.7367970866141729
 30
0
 11
5.6720285039370077
 21
-4.7305277559055119
 31
0
  0
LINE
  5
992
330
22
100
AcDbEntity
  8
B.Cu
  6
CONTINUOUS
100
AcDbLine
 10
5.6720285039370077
 20
-4.7305277559055119
 30
0
 11
5.6755466141732285
 21
-4.7236230314960626
 31
0
  0
LINE
  5
993
330
22
100
AcDbEntity
  8
B.Cu
  6
CONTINUOUS
100
AcDbLine
 10
5.6755466141732285
 20
-4.7236230314960626
 30
0
 11
5.6755714566929134
 21
-4.7235742913385828
 31
0
  0
LINE
  5
994
330
22
100
AcDbEntity
  8
B.Cu
  6
CONTINUOUS
100
AcDbLine
 10
5.6755714566929134
 20
-4.7235742913385828
 30
0
 11
5.6774601968503937
 21
-4.7215744094488192
 31
0
  0
LINE
  5
995
330
22
100
AcDbEntity
  8
B.Cu
  6
CONTINUOUS
100
AcDbLine
 10
5.6774601968503937
 20
-4.7215744094488192
 30
0
 11
5.6801303149606301
 21
-4.720913188976378
 31
0
  0
LINE
  5
996
330
22
100
AcDbEntity
  8
B.Cu
  6
CONTINUOUS
100
AcDbLine
 10
5.6801303149606301
 20
-4.720913188976378
 30
0
 11
5.68273405511811
 21
-4.721800472440945
 31
0
  0
LINE
  5
997
330
22
100
AcDbEntity
  8
B.Cu
  6
CONTINUOUS
100
AcDbLine
 10
5.68273405511811
 20
-4.721800472440945
 30
0
 11
5.684271062992126
 21
-4.7235742913385828
 31
0
  0
LINE
  5
998
330
22
100
AcDbEntity
  8
B.Cu
  6
CONTINUOUS
100
AcDbLine
 10
5.684271062992126
 20
-4.7235742913385828
 30
0
 11
5.6878139370078742
 21
-4.7305276771653544
 31
0
  0
LINE
  5
999
330
22
100
AcDbEntity
  8
B.Cu
  6
CONTINUOUS
100
AcDbLine
 10
5.6878139370078742
 20
-4.7305276771653544
 30
0
 11
5.6879742125984247
 21
-4.7307482677165353
 31
0
  0
LINE
  5
99A
330
22
100
AcDbEntity
  8
B.Cu
  6
CONTINUOUS
100
AcDbLine
 10
5.6879742125984247
 20
-4.7307482677165353
 30
0
 11
5.6923689763779528
 21
-4.7367970866141729
 31
0
  0
LINE
  5
99B
330
22
100
AcDbEntity
  8
B.Cu
  6
CONTINUOUS
100
AcDbLine
 10
5.6923689763779528
 20
-4.7367970866141729
 30
0
 11
5.6978485826771657
 21
-4.7422766929133857
 31
0
  0
LINE
  5
99C
330
22
100
AcDbEntity
  8
B.Cu
  6
CONTINUOUS
100
AcDbLine
 10
5.6978485826771657
 20
-4.7422766929133857
 30
0
 11
5.7003302362204726
 21
-4.7440796850393703
 31
0
  0
LINE
  5
99D
330
22
100
AcDbEntity
  8
B.Cu
  6
CONTINUOUS
100
AcDbLine
 10
5.7003302362204726
 20
-4.7440796850393703
 30
0
 11
5.7020098818897633
 21
-4.7462579133858265
 31
0
  0
LINE
  5
99E
330
22
100
AcDbEntity
  8
B.Cu
  6
CONTINUOUS
100
AcDbLine
 10
5.7020098818897633
 20
-4.7462579133858265
 30
0
 11
5.7023425196850388
 21
-4.7480291338582674
 31
0
  0
LINE
  5
99F
330
22
100
AcDbEntity
  8
B.Cu
  6
CONTINUOUS
100
AcDbLine
 10
5.7023425196850388
 20
-4.7480291338582674
 30
0
 11
5.7023425196850388
 21
-4.7823230708661413
 31
0
  0
LINE
  5
9A0
330
22
100
AcDbEntity
  8
B.Cu
  6
CONTINUOUS
100
AcDbLine
 10
5.7023425196850388
 20
-4.7823230708661413
 30
0
 11
5.7023425196850388
 21
-4.7877556692913386
 31
0
  0
LINE
  5
9A1
330
22
100
AcDbEntity
  8
B.Cu
  6
CONTINUOUS
100
AcDbLine
 10
5.7023425196850388
 20
-4.7877556692913386
 30
0
 11
5.7023425196850388
 21
-4.7877557480314961
 31
0
  0
LINE
  5
9A2
330
22
100
AcDbEntity
  8
B.Cu
  6
CONTINUOUS
100
AcDbLine
 10
5.7023425196850388
 20
-4.7877557480314961
 30
0
 11
5.7023424803149609
 21
-4.7877557480314961
 31
0
  0
LINE
  5
9A3
330
22
100
AcDbEntity
  8
B.Cu
  6
CONTINUOUS
100
AcDbLine
 10
5.7023424803149609
 20
-4.7877557480314961
 30
0
 11
5.703402283464567
 21
-4.7930835433070866
 31
0
  0
LINE
  5
9A4
330
22
100
AcDbEntity
  8
B.Cu
  6
CONTINUOUS
100
AcDbLine
 10
5.703402283464567
 20
-4.7930835433070866
 30
0
 11
5.7034024015748033
 21
-4.7930839370078742
 31
0
  0
LINE
  5
9A5
330
22
100
AcDbEntity
  8
B.Cu
  6
CONTINUOUS
100
AcDbLine
 10
5.7034024015748033
 20
-4.7930839370078742
 30
0
 11
5.7054811811023622
 21
-4.7981026377952753
 31
0
  0
LINE
  5
9A6
330
22
100
AcDbEntity
  8
B.Cu
  6
CONTINUOUS
100
AcDbLine
 10
5.7054811811023622
 20
-4.7981026377952753
 30
0
 11
5.7084994881889761
 21
-4.8026198818897639
 31
0
  0
LINE
  5
9A7
330
22
100
AcDbEntity
  8
B.Cu
  6
CONTINUOUS
100
AcDbLine
 10
5.7084994881889761
 20
-4.8026198818897639
 30
0
 11
5.7304509448818894
 21
-4.8245713385826772
 31
0
  0
LINE
  5
9A8
330
22
100
AcDbEntity
  8
B.Cu
  6
CONTINUOUS
100
AcDbLine
 10
5.7304509448818894
 20
-4.8245713385826772
 30
0
 11
5.7349681102362204
 21
-4.8275896062992123
 31
0
  0
LINE
  5
9A9
330
22
100
AcDbEntity
  8
B.Cu
  6
CONTINUOUS
100
AcDbLine
 10
5.7349681102362204
 20
-4.8275896062992123
 30
0
 11
5.7388500000000002
 21
-4.8291975196850396
 31
0
  0
LINE
  5
9AA
330
22
100
AcDbEntity
  8
B.Cu
  6
CONTINUOUS
100
AcDbLine
 10
5.7388500000000002
 20
-4.8291975196850396
 30
0
 11
5.7399870472440941
 21
-4.8296685039370075
 31
0
  0
LINE
  5
9AB
330
22
100
AcDbEntity
  8
B.Cu
  6
CONTINUOUS
100
AcDbLine
 10
5.7399870472440941
 20
-4.8296685039370075
 30
0
 11
5.7399870866141729
 21
-4.8296685039370075
 31
0
  0
LINE
  5
9AC
330
22
100
AcDbEntity
  8
B.Cu
  6
CONTINUOUS
100
AcDbLine
 10
5.7399870866141729
 20
-4.8296685039370075
 30
0
 11
5.7399872834645667
 21
-4.829668582677165
 31
0
  0
LINE
  5
9AD
330
22
100
AcDbEntity
  8
B.Cu
  6
CONTINUOUS
100
AcDbLine
 10
5.7399872834645667
 20
-4.829668582677165
 30
0
 11
5.7410450787401572
 21
-4.8298789370078739
 31
0
  0
LINE
  5
9AE
330
22
100
AcDbEntity
  8
B.Cu
  6
CONTINUOUS
100
AcDbLine
 10
5.7410450787401572
 20
-4.8298789370078739
 30
0
 11
5.7410453149606298
 21
-4.8298789763779526
 31
0
  0
LINE
  5
9AF
330
22
100
AcDbEntity
  8
B.Cu
  6
CONTINUOUS
100
AcDbLine
 10
5.7410453149606298
 20
-4.8298789763779526
 30
0
 11
5.741046889763779
 21
-4.8298792913385826
 31
0
  0
LINE
  5
9B0
330
22
100
AcDbEntity
  8
B.Cu
  6
CONTINUOUS
100
AcDbLine
 10
5.741046889763779
 20
-4.8298792913385826
 30
0
 11
5.7446038188976374
 21
-4.8305868110236219
 31
0
  0
LINE
  5
9B1
330
22
100
AcDbEntity
  8
B.Cu
  6
CONTINUOUS
100
AcDbLine
 10
5.7446038188976374
 20
-4.8305868110236219
 30
0
 11
5.7453151968503935
 21
-4.8307283464566932
 31
0
  0
LINE
  5
9B2
330
22
100
AcDbEntity
  8
B.Cu
  6
CONTINUOUS
100
AcDbLine
 10
5.7453151968503935
 20
-4.8307283464566932
 30
0
 11
5.7453152362204722
 21
-4.8307283464566932
 31
0
  0
LINE
  5
9B3
330
22
100
AcDbEntity
  8
B.Cu
  6
CONTINUOUS
100
AcDbLine
 10
5.7453152362204722
 20
-4.8307283464566932
 30
0
 11
5.8885431496062992
 21
-4.8307283464566932
 31
0
  0
LINE
  5
9B4
330
22
100
AcDbEntity
  8
B.Cu
  6
CONTINUOUS
100
AcDbLine
 10
5.8885431496062992
 20
-4.8307283464566932
 30
0
 11
5.8928132677165355
 21
-4.8298789370078739
 31
0
  0
LINE
  5
9B5
330
22
100
AcDbEntity
  8
B.Cu
  6
CONTINUOUS
100
AcDbLine
 10
5.8928132677165355
 20
-4.8298789370078739
 30
0
 11
5.8938711811023623
 21
-4.8296685039370075
 31
0
  0
LINE
  5
9B6
330
22
100
AcDbEntity
  8
B.Cu
  6
CONTINUOUS
100
AcDbLine
 10
5.8938711811023623
 20
-4.8296685039370075
 30
0
 11
5.8963806692913385
 21
-4.8286290157480316
 31
0
  0
LINE
  5
9B7
330
22
100
AcDbEntity
  8
B.Cu
  6
CONTINUOUS
100
AcDbLine
 10
5.8963806692913385
 20
-4.8286290157480316
 30
0
 11
5.8988900393700785
 21
-4.8275896456692911
 31
0
  0
LINE
  5
9B8
330
22
100
AcDbEntity
  8
B.Cu
  6
CONTINUOUS
100
AcDbLine
 10
5.8988900393700785
 20
-4.8275896456692911
 30
0
 11
5.8988900787401573
 21
-4.8275896062992123
 31
0
  0
LINE
  5
9B9
330
22
100
AcDbEntity
  8
B.Cu
  6
CONTINUOUS
100
AcDbLine
 10
5.8988900787401573
 20
-4.8275896062992123
 30
0
 11
5.8988901968503935
 21
-4.8275895669291335
 31
0
  0
LINE
  5
9BA
330
22
100
AcDbEntity
  8
B.Cu
  6
CONTINUOUS
100
AcDbLine
 10
5.8988901968503935
 20
-4.8275895669291335
 30
0
 11
5.9034072047244095
 21
-4.8245714173228347
 31
0
  0
LINE
  5
9BB
330
22
100
AcDbEntity
  8
B.Cu
  6
CONTINUOUS
100
AcDbLine
 10
5.9034072047244095
 20
-4.8245714173228347
 30
0
 11
5.9769336220472438
 21
-4.7510449999999995
 31
0
  0
LINE
  5
9BC
330
22
100
AcDbEntity
  8
B.Cu
  6
CONTINUOUS
100
AcDbLine
 10
5.9769336220472438
 20
-4.7510449999999995
 30
0
 11
5.9799517716535435
 21
-4.7465279921259844
 31
0
  0
LINE
  5
9BD
330
22
100
AcDbEntity
  8
B.Cu
  6
CONTINUOUS
100
AcDbLine
 10
5.9799517716535435
 20
-4.7465279921259844
 30
0
 11
5.980063661417323
 21
-4.7462579133858265
 31
0
  0
LINE
  5
9BE
330
22
100
AcDbEntity
  8
B.Cu
  6
CONTINUOUS
100
AcDbLine
 10
5.980063661417323
 20
-4.7462579133858265
 30
0
 11
5.9817127559055114
 21
-4.7422765748031495
 31
0
  0
LINE
  5
9BF
330
22
100
AcDbEntity
  8
B.Cu
  6
CONTINUOUS
100
AcDbLine
 10
5.9817127559055114
 20
-4.7422765748031495
 30
0
 11
5.9820307086614175
 21
-4.7415089763779523
 31
0
  0
LINE
  5
9C0
330
22
100
AcDbEntity
  8
B.Cu
  6
CONTINUOUS
100
AcDbLine
 10
5.9820307086614175
 20
-4.7415089763779523
 30
0
 11
5.9825249606299211
 21
-4.7390242125984248
 31
0
  0
LINE
  5
9C1
330
22
100
AcDbEntity
  8
B.Cu
  6
CONTINUOUS
100
AcDbLine
 10
5.9825249606299211
 20
-4.7390242125984248
 30
0
 11
5.9830905511811023
 21
-4.7361809448818892
 31
0
  0
LINE
  5
9C2
330
22
100
AcDbEntity
  8
B.Cu
  6
CONTINUOUS
100
AcDbLine
 10
5.9830905511811023
 20
-4.7361809448818892
 30
0
 11
5.9830905511811023
 21
-4.4202109055118113
 31
0
  0
LINE
  5
9C3
330
22
100
AcDbEntity
  8
B.Cu
  6
CONTINUOUS
100
AcDbLine
 10
5.9830905511811023
 20
-4.4202109055118113
 30
0
 11
5.9838655511811023
 21
-4.4175715748031497
 31
0
  0
LINE
  5
9C4
330
22
100
AcDbEntity
  8
B.Cu
  6
CONTINUOUS
100
AcDbLine
 10
5.9838655511811023
 20
-4.4175715748031497
 30
0
 11
5.9845205118110236
 21
-4.4167588188976374
 31
0
  0
LINE
  5
9C5
330
22
100
AcDbEntity
  8
B.Cu
  6
CONTINUOUS
100
AcDbLine
 10
5.9845205118110236
 20
-4.4167588188976374
 30
0
 11
5.9851903543307081
 21
-4.4160889763779529
 31
0
  0
LINE
  5
9C6
330
22
100
AcDbEntity
  8
B.Cu
  6
CONTINUOUS
100
AcDbLine
 10
5.9851903543307081
 20
-4.4160889763779529
 30
0
 11
5.9851904330708656
 21
-4.4160888976377954
 31
0
  0
LINE
  5
9C7
330
22
100
AcDbEntity
  8
B.Cu
  6
CONTINUOUS
100
AcDbLine
 10
5.9851904330708656
 20
-4.4160888976377954
 30
0
 11
5.9893718897637793
 21
-4.409830866141732
 31
0
  0
LINE
  5
9C8
330
22
100
AcDbEntity
  8
B.Cu
  6
CONTINUOUS
100
AcDbLine
 10
5.9893718897637793
 20
-4.409830866141732
 30
0
 11
5.9922521259842521
 21
-4.4028773228346454
 31
0
  0
LINE
  5
9C9
330
22
100
AcDbEntity
  8
B.Cu
  6
CONTINUOUS
100
AcDbLine
 10
5.9922521259842521
 20
-4.4028773228346454
 30
0
 11
5.9937204724409447
 21
-4.3954955118110233
 31
0
  0
LINE
  5
9CA
330
22
100
AcDbEntity
  8
B.Cu
  6
CONTINUOUS
100
AcDbLine
 10
5.9937204724409447
 20
-4.3954955118110233
 30
0
 11
5.9937204724409447
 21
-4.3541107874015745
 31
0
  0
LINE
  5
9CB
330
22
100
AcDbEntity
  8
B.Cu
  6
CONTINUOUS
100
AcDbLine
 10
5.9937204724409447
 20
-4.3541107874015745
 30
0
 11
5.9937204724409447
 21
-4.3541106692913383
 31
0
  0
LINE
  5
9CC
330
22
100
AcDbEntity
  8
B.Cu
  6
CONTINUOUS
100
AcDbLine
 10
5.9937204724409447
 20
-4.3541106692913383
 30
0
 11
5.9922521653543308
 21
-4.3467291732283462
 31
0
  0
LINE
  5
9CD
330
22
100
AcDbEntity
  8
B.Cu
  6
CONTINUOUS
100
AcDbLine
 10
5.9922521653543308
 20
-4.3467291732283462
 30
0
 11
5.9922521259842521
 21
-4.3467291338582674
 31
0
  0
LINE
  5
9CE
330
22
100
AcDbEntity
  8
B.Cu
  6
CONTINUOUS
100
AcDbLine
 10
5.9922521259842521
 20
-4.3467291338582674
 30
0
 11
5.9922521259842521
 21
-4.3467289763779524
 31
0
  0
LINE
  5
9CF
330
22
100
AcDbEntity
  8
B.Cu
  6
CONTINUOUS
100
AcDbLine
 10
5.9922521259842521
 20
-4.3467289763779524
 30
0
 11
5.989855551181102
 21
-4.3409430708661416
 31
0
  0
LINE
  5
9D0
330
22
100
AcDbEntity
  8
B.Cu
  6
CONTINUOUS
100
AcDbLine
 10
5.989855551181102
 20
-4.3409430708661416
 30
0
 11
5.9893719685039368
 21
-4.339775551181102
 31
0
  0
LINE
  5
9D1
330
22
100
AcDbEntity
  8
B.Cu
  6
CONTINUOUS
100
AcDbLine
 10
5.9893719685039368
 20
-4.339775551181102
 30
0
 11
5.9851903543307081
 21
-4.333517283464567
 31
0
  0
LINE
  5
9D2
330
22
100
AcDbEntity
  8
B.Cu
  6
CONTINUOUS
100
AcDbLine
 10
5.9851903543307081
 20
-4.333517283464567
 30
0
 11
5.9798685039370074
 21
-4.3281954330708663
 31
0
  0
LINE
  5
9D3
330
22
100
AcDbEntity
  8
B.Cu
  6
CONTINUOUS
100
AcDbLine
 10
5.9798685039370074
 20
-4.3281954330708663
 30
0
 11
5.9736102362204724
 21
-4.3240138188976376
 31
0
  0
LINE
  5
9D4
330
22
100
AcDbEntity
  8
B.Cu
  6
CONTINUOUS
100
AcDbLine
 10
5.9736102362204724
 20
-4.3240138188976376
 30
0
 11
5.9666570078740158
 21
-4.3211337401574799
 31
0
  0
LINE
  5
9D5
330
22
100
AcDbEntity
  8
B.Cu
  6
CONTINUOUS
100
AcDbLine
 10
5.9666570078740158
 20
-4.3211337401574799
 30
0
 11
5.9666566141732282
 21
-4.3211336220472436
 31
0
  0
LINE
  5
9D6
330
22
100
AcDbEntity
  8
B.Cu
  6
CONTINUOUS
100
AcDbLine
 10
5.9666566141732282
 20
-4.3211336220472436
 30
0
 11
5.9592751181102361
 21
-4.3196653543307084
 31
0
  0
LINE
  5
9D7
330
22
100
AcDbEntity
  8
B.Cu
  6
CONTINUOUS
100
AcDbLine
 10
5.9592751181102361
 20
-4.3196653543307084
 30
0
 11
5.9592750393700786
 21
-4.3196653543307084
 31
0
  0
LINE
  5
9D8
330
22
100
AcDbEntity
  8
B.Cu
  6
CONTINUOUS
100
AcDbLine
 10
5.9592750393700786
 20
-4.3196653543307084
 30
0
 11
5.9517485826771654
 21
-4.3196653543307084
 31
0
  0
LINE
  5
9D9
330
22
100
AcDbEntity
  8
B.Cu
  6
CONTINUOUS
100
AcDbLine
 10
5.9517485826771654
 20
-4.3196653543307084
 30
0
 11
5.9517485039370079
 21
-4.3196653543307084
 31
0
  0
LINE
  5
9DA
330
22
100
AcDbEntity
  8
B.Cu
  6
CONTINUOUS
100
AcDbLine
 10
5.9517485039370079
 20
-4.3196653543307084
 30
0
 11
5.9443669685039371
 21
-4.3211336220472436
 31
0
  0
LINE
  5
9DB
330
22
100
AcDbEntity
  8
B.Cu
  6
CONTINUOUS
100
AcDbLine
 10
5.9443669685039371
 20
-4.3211336220472436
 30
0
 11
5.9443665748031496
 21
-4.3211337401574799
 31
0
  0
LINE
  5
9DC
330
22
100
AcDbEntity
  8
B.Cu
  6
CONTINUOUS
100
AcDbLine
 10
5.9443665748031496
 20
-4.3211337401574799
 30
0
 11
5.9374133464566929
 21
-4.3240138188976376
 31
0
  0
LINE
  5
9DD
330
22
100
AcDbEntity
  8
B.Cu
  6
CONTINUOUS
100
AcDbLine
 10
5.9374133464566929
 20
-4.3240138188976376
 30
0
 11
5.931155078740157
 21
-4.3281954330708663
 31
0
  0
LINE
  5
9DE
330
22
100
AcDbEntity
  8
B.Cu
  6
CONTINUOUS
100
AcDbLine
 10
5.931155078740157
 20
-4.3281954330708663
 30
0
 11
5.9258332283464563
 21
-4.333517283464567
 31
0
  0
LINE
  5
9DF
330
22
100
AcDbEntity
  8
B.Cu
  6
CONTINUOUS
100
AcDbLine
 10
5.9258332283464563
 20
-4.333517283464567
 30
0
 11
5.9216516141732285
 21
-4.339775551181102
 31
0
  0
LINE
  5
9E0
330
22
100
AcDbEntity
  8
B.Cu
  6
CONTINUOUS
100
AcDbLine
 10
5.9216516141732285
 20
-4.339775551181102
 30
0
 11
5.9187715354330708
 21
-4.3467287795275587
 31
0
  0
LINE
  5
9E1
330
22
100
AcDbEntity
  8
B.Cu
  6
CONTINUOUS
100
AcDbLine
 10
5.9187715354330708
 20
-4.3467287795275587
 30
0
 11
5.9187714173228345
 21
-4.3467291732283462
 31
0
  0
LINE
  5
9E2
330
22
100
AcDbEntity
  8
B.Cu
  6
CONTINUOUS
100
AcDbLine
 10
5.9187714173228345
 20
-4.3467291732283462
 30
0
 11
5.9173031496062993
 21
-4.3541106692913383
 31
0
  0
LINE
  5
9E3
330
22
100
AcDbEntity
  8
B.Cu
  6
CONTINUOUS
100
AcDbLine
 10
5.9173031496062993
 20
-4.3541106692913383
 30
0
 11
5.9173031496062993
 21
-4.3541107874015745
 31
0
  0
LINE
  5
9E4
330
22
100
AcDbEntity
  8
B.Cu
  6
CONTINUOUS
100
AcDbLine
 10
5.9173031496062993
 20
-4.3541107874015745
 30
0
 11
5.9173031496062993
 21
-4.3954955118110233
 31
0
  0
LINE
  5
9E5
330
22
100
AcDbEntity
  8
B.Cu
  6
CONTINUOUS
100
AcDbLine
 10
5.9173031496062993
 20
-4.3954955118110233
 30
0
 11
5.9173031496062993
 21
-4.3954955905511808
 31
0
  0
LINE
  5
9E6
330
22
100
AcDbEntity
  8
B.Cu
  6
CONTINUOUS
100
AcDbLine
 10
5.9173031496062993
 20
-4.3954955905511808
 30
0
 11
5.9173031102362206
 21
-4.3954955905511808
 31
0
  0
LINE
  5
9E7
330
22
100
AcDbEntity
  8
B.Cu
  6
CONTINUOUS
100
AcDbLine
 10
5.9173031102362206
 20
-4.3954955905511808
 30
0
 11
5.9187714173228345
 21
-4.4028770866141729
 31
0
  0
LINE
  5
9E8
330
22
100
AcDbEntity
  8
B.Cu
  6
CONTINUOUS
100
AcDbLine
 10
5.9187714173228345
 20
-4.4028770866141729
 30
0
 11
5.9187715354330708
 21
-4.4028774803149604
 31
0
  0
LINE
  5
9E9
330
22
100
AcDbEntity
  8
B.Cu
  6
CONTINUOUS
100
AcDbLine
 10
5.9187715354330708
 20
-4.4028774803149604
 30
0
 11
5.9216516141732285
 21
-4.409830708661417
 31
0
  0
LINE
  5
9EA
330
22
100
AcDbEntity
  8
B.Cu
  6
CONTINUOUS
100
AcDbLine
 10
5.9216516141732285
 20
-4.409830708661417
 30
0
 11
5.9258332283464563
 21
-4.4160889763779529
 31
0
  0
LINE
  5
9EB
330
22
100
AcDbEntity
  8
B.Cu
  6
CONTINUOUS
100
AcDbLine
 10
5.9258332283464563
 20
-4.4160889763779529
 30
0
 11
5.9265031102362205
 21
-4.4167588188976374
 31
0
  0
LINE
  5
9EC
330
22
100
AcDbEntity
  8
B.Cu
  6
CONTINUOUS
100
AcDbLine
 10
5.9265031102362205
 20
-4.4167588188976374
 30
0
 11
5.9278214960629922
 21
-4.4191730708661412
 31
0
  0
LINE
  5
9ED
330
22
100
AcDbEntity
  8
B.Cu
  6
CONTINUOUS
100
AcDbLine
 10
5.9278214960629922
 20
-4.4191730708661412
 30
0
 11
5.9279330708661417
 21
-4.4202109055118113
 31
0
  0
LINE
  5
9EE
330
22
100
AcDbEntity
  8
B.Cu
  6
CONTINUOUS
100
AcDbLine
 10
5.9279330708661417
 20
-4.4202109055118113
 30
0
 11
5.9279330708661417
 21
-4.7200189370078736
 31
0
  0
LINE
  5
9EF
330
22
100
AcDbEntity
  8
B.Cu
  6
CONTINUOUS
100
AcDbLine
 10
5.9279330708661417
 20
-4.7200189370078736
 30
0
 11
5.9271580708661418
 21
-4.7226582677165352
 31
0
  0
LINE
  5
9F0
330
22
100
AcDbEntity
  8
B.Cu
  6
CONTINUOUS
100
AcDbLine
 10
5.9271580708661418
 20
-4.7226582677165352
 30
0
 11
5.926503188976378
 21
-4.7234709448818899
 31
0
  0
LINE
  5
9F1
330
22
100
AcDbEntity
  8
B.Cu
  6
CONTINUOUS
100
AcDbLine
 10
5.926503188976378
 20
-4.7234709448818899
 30
0
 11
5.875833149606299
 21
-4.774140984251968
 31
0
  0
LINE
  5
9F2
330
22
100
AcDbEntity
  8
B.Cu
  6
CONTINUOUS
100
AcDbLine
 10
5.875833149606299
 20
-4.774140984251968
 30
0
 11
5.8734188582677165
 21
-4.7754592913385823
 31
0
  0
LINE
  5
9F3
330
22
100
AcDbEntity
  8
B.Cu
  6
CONTINUOUS
100
AcDbLine
 10
5.8734188582677165
 20
-4.7754592913385823
 30
0
 11
5.8723811417322835
 21
-4.7755708661417318
 31
0
  0
LINE
  5
9F4
330
22
100
AcDbEntity
  8
B.Cu
  6
CONTINUOUS
100
AcDbLine
 10
5.8723811417322835
 20
-4.7755708661417318
 30
0
 11
5.7623818897637795
 21
-4.7755708661417318
 31
0
  0
LINE
  5
9F5
330
22
100
AcDbEntity
  8
B.Cu
  6
CONTINUOUS
100
AcDbLine
 10
5.7623818897637795
 20
-4.7755708661417318
 30
0
 11
5.7597425590551179
 21
-4.7747958661417318
 31
0
  0
LINE
  5
9F6
330
22
100
AcDbEntity
  8
B.Cu
  6
CONTINUOUS
100
AcDbLine
 10
5.7597425590551179
 20
-4.7747958661417318
 30
0
 11
5.7579411811023622
 21
-4.7727169685039366
 31
0
  0
LINE
  5
9F7
330
22
100
AcDbEntity
  8
B.Cu
  6
CONTINUOUS
100
AcDbLine
 10
5.7579411811023622
 20
-4.7727169685039366
 30
0
 11
5.7575000000000003
 21
-4.7706889763779525
 31
0
  0
LINE
  5
9F8
330
22
100
AcDbEntity
  8
B.Cu
  6
CONTINUOUS
100
AcDbLine
 10
5.7575000000000003
 20
-4.7706889763779525
 30
0
 11
5.7575000000000003
 21
-4.7480291338582674
 31
0
  0
LINE
  5
9F9
330
22
100
AcDbEntity
  8
B.Cu
  6
CONTINUOUS
100
AcDbLine
 10
5.7575000000000003
 20
-4.7480291338582674
 30
0
 11
5.7582750000000003
 21
-4.7453898031496058
 31
0
  0
LINE
  5
9FA
330
22
100
AcDbEntity
  8
B.Cu
  6
CONTINUOUS
100
AcDbLine
 10
5.7582750000000003
 20
-4.7453898031496058
 30
0
 11
5.7595121653543302
 21
-4.7440797637795278
 31
0
  0
LINE
  5
9FB
330
22
100
AcDbEntity
  8
B.Cu
  6
CONTINUOUS
100
AcDbLine
 10
5.7595121653543302
 20
-4.7440797637795278
 30
0
 11
5.7619939370078743
 21
-4.7422766929133857
 31
0
  0
LINE
  5
9FC
330
22
100
AcDbEntity
  8
B.Cu
  6
CONTINUOUS
100
AcDbLine
 10
5.7619939370078743
 20
-4.7422766929133857
 30
0
 11
5.7674735433070863
 21
-4.7367970866141729
 31
0
  0
LINE
  5
9FD
330
22
100
AcDbEntity
  8
B.Cu
  6
CONTINUOUS
100
AcDbLine
 10
5.7674735433070863
 20
-4.7367970866141729
 30
0
 11
5.7720285039370074
 21
-4.7305277559055119
 31
0
  0
LINE
  5
9FE
330
22
100
AcDbEntity
  8
B.Cu
  6
CONTINUOUS
100
AcDbLine
 10
5.7720285039370074
 20
-4.7305277559055119
 30
0
 11
5.7755466141732281
 21
-4.7236230314960626
 31
0
  0
LINE
  5
9FF
330
22
100
AcDbEntity
  8
B.Cu
  6
CONTINUOUS
100
AcDbLine
 10
5.7755466141732281
 20
-4.7236230314960626
 30
0
 11
5.7755714566929131
 21
-4.7235742913385828
 31
0
  0
LINE
  5
A00
330
22
100
AcDbEntity
  8
B.Cu
  6
CONTINUOUS
100
AcDbLine
 10
5.7755714566929131
 20
-4.7235742913385828
 30
0
 11
5.7774601968503934
 21
-4.7215744094488192
 31
0
  0
LINE
  5
A01
330
22
100
AcDbEntity
  8
B.Cu
  6
CONTINUOUS
100
AcDbLine
 10
5.7774601968503934
 20
-4.7215744094488192
 30
0
 11
5.7801303149606298
 21
-4.720913188976378
 31
0
  0
LINE
  5
A02
330
22
100
AcDbEntity
  8
B.Cu
  6
CONTINUOUS
100
AcDbLine
 10
5.7801303149606298
 20
-4.720913188976378
 30
0
 11
5.7827340551181097
 21
-4.721800472440945
 31
0
  0
LINE
  5
A03
330
22
100
AcDbEntity
  8
B.Cu
  6
CONTINUOUS
100
AcDbLine
 10
5.7827340551181097
 20
-4.721800472440945
 30
0
 11
5.7842710629921257
 21
-4.7235742913385828
 31
0
  0
LINE
  5
A04
330
22
100
AcDbEntity
  8
B.Cu
  6
CONTINUOUS
100
AcDbLine
 10
5.7842710629921257
 20
-4.7235742913385828
 30
0
 11
5.7878139370078738
 21
-4.7305276771653544
 31
0
  0
LINE
  5
A05
330
22
100
AcDbEntity
  8
B.Cu
  6
CONTINUOUS
100
AcDbLine
 10
5.7878139370078738
 20
-4.7305276771653544
 30
0
 11
5.7879742125984253
 21
-4.7307482677165353
 31
0
  0
LINE
  5
A06
330
22
100
AcDbEntity
  8
B.Cu
  6
CONTINUOUS
100
AcDbLine
 10
5.7879742125984253
 20
-4.7307482677165353
 30
0
 11
5.7923689763779524
 21
-4.7367970866141729
 31
0
  0
LINE
  5
A07
330
22
100
AcDbEntity
  8
B.Cu
  6
CONTINUOUS
100
AcDbLine
 10
5.7923689763779524
 20
-4.7367970866141729
 30
0
 11
5.7978485826771653
 21
-4.7422766929133857
 31
0
  0
LINE
  5
A08
330
22
100
AcDbEntity
  8
B.Cu
  6
CONTINUOUS
100
AcDbLine
 10
5.7978485826771653
 20
-4.7422766929133857
 30
0
 11
5.8041179133858263
 21
-4.7468316535433068
 31
0
  0
LINE
  5
A09
330
22
100
AcDbEntity
  8
B.Cu
  6
CONTINUOUS
100
AcDbLine
 10
5.8041179133858263
 20
-4.7468316535433068
 30
0
 11
5.8064341338582679
 21
-4.7480118110236216
 31
0
  0
LINE
  5
A0A
330
22
100
AcDbEntity
  8
B.Cu
  6
CONTINUOUS
100
AcDbLine
 10
5.8064341338582679
 20
-4.7480118110236216
 30
0
 11
5.8110224409448819
 21
-4.7503496850393701
 31
0
  0
LINE
  5
A0B
330
22
100
AcDbEntity
  8
B.Cu
  6
CONTINUOUS
100
AcDbLine
 10
5.8110224409448819
 20
-4.7503496850393701
 30
0
 11
5.8110225196850394
 21
-4.7503496850393701
 31
0
  0
LINE
  5
A0C
330
22
100
AcDbEntity
  8
B.Cu
  6
CONTINUOUS
100
AcDbLine
 10
5.8110225196850394
 20
-4.7503496850393701
 30
0
 11
5.8110226377952756
 21
-4.7503497637795276
 31
0
  0
LINE
  5
A0D
330
22
100
AcDbEntity
  8
B.Cu
  6
CONTINUOUS
100
AcDbLine
 10
5.8110226377952756
 20
-4.7503497637795276
 30
0
 11
5.8131625984251967
 21
-4.751045078740157
 31
0
  0
LINE
  5
A0E
330
22
100
AcDbEntity
  8
B.Cu
  6
CONTINUOUS
100
AcDbLine
 10
5.8131625984251967
 20
-4.751045078740157
 30
0
 11
5.8183926377952755
 21
-4.7527444488188975
 31
0
  0
LINE
  5
A0F
330
22
100
AcDbEntity
  8
B.Cu
  6
CONTINUOUS
100
AcDbLine
 10
5.8183926377952755
 20
-4.7527444488188975
 30
0
 11
5.826046377952756
 21
-4.7539566929133859
 31
0
  0
LINE
  5
A10
330
22
100
AcDbEntity
  8
B.Cu
  6
CONTINUOUS
100
AcDbLine
 10
5.826046377952756
 20
-4.7539566929133859
 30
0
 11
5.8260465748031498
 21
-4.7539566929133859
 31
0
  0
LINE
  5
A11
330
22
100
AcDbEntity
  8
B.Cu
  6
CONTINUOUS
100
AcDbLine
 10
5.8260465748031498
 20
-4.7539566929133859
 30
0
 11
5.8337961417322832
 21
-4.7539566929133859
 31
0
  0
LINE
  5
A12
330
22
100
AcDbEntity
  8
B.Cu
  6
CONTINUOUS
100
AcDbLine
 10
5.8337961417322832
 20
-4.7539566929133859
 30
0
 11
5.841449842519685
 21
-4.7527444488188975
 31
0
  0
LINE
  5
A13
330
22
100
AcDbEntity
  8
B.Cu
  6
CONTINUOUS
100
AcDbLine
 10
5.841449842519685
 20
-4.7527444488188975
 30
0
 11
5.8429667322834646
 21
-4.7522515748031493
 31
0
  0
LINE
  5
A14
330
22
100
AcDbEntity
  8
B.Cu
  6
CONTINUOUS
100
AcDbLine
 10
5.8429667322834646
 20
-4.7522515748031493
 30
0
 11
5.8488198818897636
 21
-4.7503497637795276
 31
0
  0
LINE
  5
A15
330
22
100
AcDbEntity
  8
B.Cu
  6
CONTINUOUS
100
AcDbLine
 10
5.8488198818897636
 20
-4.7503497637795276
 30
0
 11
5.8557246062992121
 21
-4.7468316535433068
 31
0
  0
LINE
  5
A16
330
22
100
AcDbEntity
  8
B.Cu
  6
CONTINUOUS
100
AcDbLine
 10
5.8557246062992121
 20
-4.7468316535433068
 30
0
 11
5.861993937007874
 21
-4.7422766929133857
 31
0
  0
LINE
  5
A17
330
22
100
AcDbEntity
  8
B.Cu
  6
CONTINUOUS
100
AcDbLine
 10
5.861993937007874
 20
-4.7422766929133857
 30
0
 11
5.8674735433070868
 21
-4.7367970866141729
 31
0
  0
LINE
  5
A18
330
22
100
AcDbEntity
  8
B.Cu
  6
CONTINUOUS
100
AcDbLine
 10
5.8674735433070868
 20
-4.7367970866141729
 30
0
 11
5.8720285039370079
 21
-4.7305277559055119
 31
0
  0
LINE
  5
A19
330
22
100
AcDbEntity
  8
B.Cu
  6
CONTINUOUS
100
AcDbLine
 10
5.8720285039370079
 20
-4.7305277559055119
 30
0
 11
5.8755466141732287
 21
-4.7236230314960626
 31
0
  0
LINE
  5
A1A
330
22
100
AcDbEntity
  8
B.Cu
  6
CONTINUOUS
100
AcDbLine
 10
5.8755466141732287
 20
-4.7236230314960626
 30
0
 11
5.8779412992125986
 21
-4.7162529921259839
 31
0
  0
LINE
  5
A1B
330
22
100
AcDbEntity
  8
B.Cu
  6
CONTINUOUS
100
AcDbLine
 10
5.8779412992125986
 20
-4.7162529921259839
 30
0
 11
5.8785638188976375
 21
-4.7123225590551181
 31
0
  0
LINE
  5
A1C
330
22
100
AcDbEntity
  8
B.Cu
  6
CONTINUOUS
100
AcDbLine
 10
5.8785638188976375
 20
-4.7123225590551181
 30
0
 11
5.8791535433070861
 21
-4.7085992913385821
 31
0
  0
LINE
  5
A1D
330
22
100
AcDbEntity
  8
B.Cu
  6
CONTINUOUS
100
AcDbLine
 10
5.8791535433070861
 20
-4.7085992913385821
 30
0
 11
5.8791535433070861
 21
-4.7008494881889762
 31
0
  0
LINE
  5
A1E
330
22
100
AcDbEntity
  8
B.Cu
  6
CONTINUOUS
100
AcDbLine
 10
5.8791535433070861
 20
-4.7008494881889762
 30
0
 11
5.8779412992125986
 21
-4.6931957874015744
 31
0
  0
LINE
  5
A1F
330
22
100
AcDbEntity
  8
B.Cu
  6
CONTINUOUS
100
AcDbLine
 10
5.8779412992125986
 20
-4.6931957874015744
 30
0
 11
5.8755465354330711
 21
-4.6858255905511808
 31
0
  0
LINE
  5
A20
330
22
100
AcDbEntity
  8
B.Cu
  6
CONTINUOUS
100
AcDbLine
 10
5.8755465354330711
 20
-4.6858255905511808
 30
0
 11
5.8720284645669292
 21
-4.6789210236220473
 31
0
  0
LINE
  5
A21
330
22
100
AcDbEntity
  8
B.Cu
  6
CONTINUOUS
100
AcDbLine
 10
5.8720284645669292
 20
-4.6789210236220473
 30
0
 11
5.8674735433070868
 21
-4.6726517322834642
 31
0
  0
LINE
  5
A22
330
22
100
AcDbEntity
  8
B.Cu
  6
CONTINUOUS
100
AcDbLine
 10
5.8674735433070868
 20
-4.6726517322834642
 30
0
 11
5.861993937007874
 21
-4.6671721259842522
 31
0
  0
LINE
  5
A23
330
22
100
AcDbEntity
  8
B.Cu
  6
CONTINUOUS
100
AcDbLine
 10
5.861993937007874
 20
-4.6671721259842522
 30
0
 11
5.8602169685039369
 21
-4.6658810629921259
 31
0
  0
LINE
  5
A24
330
22
100
AcDbEntity
  8
B.Cu
  6
CONTINUOUS
100
AcDbLine
 10
5.8602169685039369
 20
-4.6658810629921259
 30
0
 11
5.8563627559055114
 21
-4.6630807874015749
 31
0
  0
LINE
  5
A25
330
22
100
AcDbEntity
  8
B.Cu
  6
CONTINUOUS
100
AcDbLine
 10
5.8563627559055114
 20
-4.6630807874015749
 30
0
 11
5.8546829921259844
 21
-4.6609024015748028
 31
0
  0
LINE
  5
A26
330
22
100
AcDbEntity
  8
B.Cu
  6
CONTINUOUS
100
AcDbLine
 10
5.8546829921259844
 20
-4.6609024015748028
 30
0
 11
5.8543503937007877
 21
-4.6591312598425194
 31
0
  0
LINE
  5
A27
330
22
100
AcDbEntity
  8
B.Cu
  6
CONTINUOUS
100
AcDbLine
 10
5.8543503937007877
 20
-4.6591312598425194
 30
0
 11
5.8543503937007877
 21
-4.619744842519685
 31
0
  0
LINE
  5
A28
330
22
100
AcDbEntity
  8
B.Cu
  6
CONTINUOUS
100
AcDbLine
 10
5.8543503937007877
 20
-4.619744842519685
 30
0
 11
5.8551253937007877
 21
-4.6171055118110234
 31
0
  0
LINE
  5
A29
330
22
100
AcDbEntity
  8
B.Cu
  6
CONTINUOUS
100
AcDbLine
 10
5.8551253937007877
 20
-4.6171055118110234
 30
0
 11
5.8557802755905515
 21
-4.6162928346456695
 31
0
  0
LINE
  5
A2A
330
22
100
AcDbEntity
  8
B.Cu
  6
CONTINUOUS
100
AcDbLine
 10
5.8557802755905515
 20
-4.6162928346456695
 30
0
 11
5.8769335433070866
 21
-4.5951395669291335
 31
0
  0
LINE
  5
A2B
330
22
100
AcDbEntity
  8
B.Cu
  6
CONTINUOUS
100
AcDbLine
 10
5.8769335433070866
 20
-4.5951395669291335
 30
0
 11
5.8769336220472441
 21
-4.595139488188976
 31
0
  0
LINE
  5
A2C
330
22
100
AcDbEntity
  8
B.Cu
  6
CONTINUOUS
100
AcDbLine
 10
5.8769336220472441
 20
-4.595139488188976
 30
0
 11
5.879951771653543
 21
-4.5906224803149609
 31
0
  0
LINE
  5
A2D
330
22
100
AcDbEntity
  8
B.Cu
  6
CONTINUOUS
100
AcDbLine
 10
5.879951771653543
 20
-4.5906224803149609
 30
0
 11
5.8807403937007869
 21
-4.588718622047244
 31
0
  0
LINE
  5
A2E
330
22
100
AcDbEntity
  8
B.Cu
  6
CONTINUOUS
100
AcDbLine
 10
5.8807403937007869
 20
-4.588718622047244
 30
0
 11
5.8820306299212595
 21
-4.5856036220472438
 31
0
  0
LINE
  5
A2F
330
22
100
AcDbEntity
  8
B.Cu
  6
CONTINUOUS
100
AcDbLine
 10
5.8820306299212595
 20
-4.5856036220472438
 30
0
 11
5.882030708661417
 21
-4.5856034645669288
 31
0
  0
LINE
  5
A30
330
22
100
AcDbEntity
  8
B.Cu
  6
CONTINUOUS
100
AcDbLine
 10
5.882030708661417
 20
-4.5856034645669288
 30
0
 11
5.8830905511811018
 21
-4.5802753543307082
 31
0
  0
LINE
  5
A31
330
22
100
AcDbEntity
  8
B.Cu
  6
CONTINUOUS
100
AcDbLine
 10
5.8830905511811018
 20
-4.5802753543307082
 30
0
 11
5.8830905511811018
 21
-4.5748427559055118
 31
0
  0
LINE
  5
A32
330
22
100
AcDbEntity
  8
B.Cu
  6
CONTINUOUS
100
AcDbLine
 10
5.8830905511811018
 20
-4.5748427559055118
 30
0
 11
5.8830905511811018
 21
-4.4202109055118113
 31
0
  0
LINE
  5
A33
330
22
100
AcDbEntity
  8
B.Cu
  6
CONTINUOUS
100
AcDbLine
 10
5.8830905511811018
 20
-4.4202109055118113
 30
0
 11
5.8838655511811027
 21
-4.4175715748031497
 31
0
  0
LINE
  5
A34
330
22
100
AcDbEntity
  8
B.Cu
  6
CONTINUOUS
100
AcDbLine
 10
5.8838655511811027
 20
-4.4175715748031497
 30
0
 11
5.8845205118110231
 21
-4.4167588188976374
 31
0
  0
LINE
  5
A35
330
22
100
AcDbEntity
  8
B.Cu
  6
CONTINUOUS
100
AcDbLine
 10
5.8845205118110231
 20
-4.4167588188976374
 30
0
 11
5.8851903543307085
 21
-4.4160889763779529
 31
0
  0
LINE
  5
A36
330
22
100
AcDbEntity
  8
B.Cu
  6
CONTINUOUS
100
AcDbLine
 10
5.8851903543307085
 20
-4.4160889763779529
 30
0
 11
5.885190433070866
 21
-4.4160888976377954
 31
0
  0
LINE
  5
A37
330
22
100
AcDbEntity
  8
B.Cu
  6
CONTINUOUS
100
AcDbLine
 10
5.885190433070866
 20
-4.4160888976377954
 30
0
 11
5.8893718897637797
 21
-4.409830866141732
 31
0
  0
LINE
  5
A38
330
22
100
AcDbEntity
  8
B.Cu
  6
CONTINUOUS
100
AcDbLine
 10
5.8893718897637797
 20
-4.409830866141732
 30
0
 11
5.8922521259842515
 21
-4.4028773228346454
 31
0
  0
LINE
  5
A39
330
22
100
AcDbEntity
  8
B.Cu
  6
CONTINUOUS
100
AcDbLine
 10
5.8922521259842515
 20
-4.4028773228346454
 30
0
 11
5.8937204724409451
 21
-4.3954955118110233
 31
0
  0
LINE
  5
A3A
330
22
100
AcDbEntity
  8
B.Cu
  6
CONTINUOUS
100
AcDbLine
 10
5.8937204724409451
 20
-4.3954955118110233
 30
0
 11
5.8937204724409451
 21
-4.3541107874015745
 31
0
  0
LINE
  5
A3B
330
22
100
AcDbEntity
  8
B.Cu
  6
CONTINUOUS
100
AcDbLine
 10
5.8937204724409451
 20
-4.3541107874015745
 30
0
 11
5.8937204724409451
 21
-4.3541106692913383
 31
0
  0
LINE
  5
A3C
330
22
100
AcDbEntity
  8
B.Cu
  6
CONTINUOUS
100
AcDbLine
 10
5.8937204724409451
 20
-4.3541106692913383
 30
0
 11
5.8922521653543303
 21
-4.3467291732283462
 31
0
  0
LINE
  5
A3D
330
22
100
AcDbEntity
  8
B.Cu
  6
CONTINUOUS
100
AcDbLine
 10
5.8922521653543303
 20
-4.3467291732283462
 30
0
 11
5.8922521259842515
 21
-4.3467291338582674
 31
0
  0
LINE
  5
A3E
330
22
100
AcDbEntity
  8
B.Cu
  6
CONTINUOUS
100
AcDbLine
 10
5.8922521259842515
 20
-4.3467291338582674
 30
0
 11
5.8922521259842515
 21
-4.3467289763779524
 31
0
  0
LINE
  5
A3F
330
22
100
AcDbEntity
  8
B.Cu
  6
CONTINUOUS
100
AcDbLine
 10
5.8922521259842515
 20
-4.3467289763779524
 30
0
 11
5.8898555511811024
 21
-4.3409430708661416
 31
0
  0
LINE
  5
A40
330
22
100
AcDbEntity
  8
B.Cu
  6
CONTINUOUS
100
AcDbLine
 10
5.8898555511811024
 20
-4.3409430708661416
 30
0
 11
5.8893719685039372
 21
-4.339775551181102
 31
0
  0
LINE
  5
A41
330
22
100
AcDbEntity
  8
B.Cu
  6
CONTINUOUS
100
AcDbLine
 10
5.8893719685039372
 20
-4.339775551181102
 30
0
 11
5.8851903543307085
 21
-4.333517283464567
 31
0
  0
LINE
  5
A42
330
22
100
AcDbEntity
  8
B.Cu
  6
CONTINUOUS
100
AcDbLine
 10
5.8851903543307085
 20
-4.333517283464567
 30
0
 11
5.8798685039370078
 21
-4.3281954330708663
 31
0
  0
LINE
  5
A43
330
22
100
AcDbEntity
  8
B.Cu
  6
CONTINUOUS
100
AcDbLine
 10
5.8798685039370078
 20
-4.3281954330708663
 30
0
 11
5.8736102362204727
 21
-4.3240138188976376
 31
0
  0
LINE
  5
A44
330
22
100
AcDbEntity
  8
B.Cu
  6
CONTINUOUS
100
AcDbLine
 10
5.8736102362204727
 20
-4.3240138188976376
 30
0
 11
5.8666570078740152
 21
-4.3211337401574799
 31
0
  0
LINE
  5
A45
330
22
100
AcDbEntity
  8
B.Cu
  6
CONTINUOUS
100
AcDbLine
 10
5.8666570078740152
 20
-4.3211337401574799
 30
0
 11
5.8666566141732286
 21
-4.3211336220472436
 31
0
  0
LINE
  5
A46
330
22
100
AcDbEntity
  8
B.Cu
  6
CONTINUOUS
100
AcDbLine
 10
5.8666566141732286
 20
-4.3211336220472436
 30
0
 11
5.8592751181102365
 21
-4.3196653543307084
 31
0
  0
LINE
  5
A47
330
22
100
AcDbEntity
  8
B.Cu
  6
CONTINUOUS
100
AcDbLine
 10
5.8592751181102365
 20
-4.3196653543307084
 30
0
 11
5.859275039370079
 21
-4.3196653543307084
 31
0
  0
LINE
  5
A48
330
22
100
AcDbEntity
  8
B.Cu
  6
CONTINUOUS
100
AcDbLine
 10
5.859275039370079
 20
-4.3196653543307084
 30
0
 11
5.8517485826771649
 21
-4.3196653543307084
 31
0
  0
LINE
  5
A49
330
22
100
AcDbEntity
  8
B.Cu
  6
CONTINUOUS
100
AcDbLine
 10
5.8517485826771649
 20
-4.3196653543307084
 30
0
 11
5.8517485039370074
 21
-4.3196653543307084
 31
0
  0
LINE
  5
A4A
330
22
100
AcDbEntity
  8
B.Cu
  6
CONTINUOUS
100
AcDbLine
 10
5.8517485039370074
 20
-4.3196653543307084
 30
0
 11
5.8443669685039366
 21
-4.3211336220472436
 31
0
  0
LINE
  5
A4B
330
22
100
AcDbEntity
  8
B.Cu
  6
CONTINUOUS
100
AcDbLine
 10
5.8443669685039366
 20
-4.3211336220472436
 30
0
 11
5.8443665748031499
 21
-4.3211337401574799
 31
0
  0
LINE
  5
A4C
330
22
100
AcDbEntity
  8
B.Cu
  6
CONTINUOUS
100
AcDbLine
 10
5.8443665748031499
 20
-4.3211337401574799
 30
0
 11
5.8374133464566924
 21
-4.3240138188976376
 31
0
  0
LINE
  5
A4D
330
22
100
AcDbEntity
  8
B.Cu
  6
CONTINUOUS
100
AcDbLine
 10
5.8374133464566924
 20
-4.3240138188976376
 30
0
 11
5.8311550787401574
 21
-4.3281954330708663
 31
0
  0
LINE
  5
A4E
330
22
100
AcDbEntity
  8
B.Cu
  6
CONTINUOUS
100
AcDbLine
 10
5.8311550787401574
 20
-4.3281954330708663
 30
0
 11
5.8258332283464567
 21
-4.333517283464567
 31
0
  0
LINE
  5
A4F
330
22
100
AcDbEntity
  8
B.Cu
  6
CONTINUOUS
100
AcDbLine
 10
5.8258332283464567
 20
-4.333517283464567
 30
0
 11
5.821651614173228
 21
-4.339775551181102
 31
0
  0
LINE
  5
A50
330
22
100
AcDbEntity
  8
B.Cu
  6
CONTINUOUS
100
AcDbLine
 10
5.821651614173228
 20
-4.339775551181102
 30
0
 11
5.8187715354330711
 21
-4.3467287795275587
 31
0
  0
LINE
  5
A51
330
22
100
AcDbEntity
  8
B.Cu
  6
CONTINUOUS
100
AcDbLine
 10
5.8187715354330711
 20
-4.3467287795275587
 30
0
 11
5.8187714173228349
 21
-4.3467291732283462
 31
0
  0
LINE
  5
A52
330
22
100
AcDbEntity
  8
B.Cu
  6
CONTINUOUS
100
AcDbLine
 10
5.8187714173228349
 20
-4.3467291732283462
 30
0
 11
5.8173031496062988
 21
-4.3541106692913383
 31
0
  0
LINE
  5
A53
330
22
100
AcDbEntity
  8
B.Cu
  6
CONTINUOUS
100
AcDbLine
 10
5.8173031496062988
 20
-4.3541106692913383
 30
0
 11
5.8173031496062988
 21
-4.3541107874015745
 31
0
  0
LINE
  5
A54
330
22
100
AcDbEntity
  8
B.Cu
  6
CONTINUOUS
100
AcDbLine
 10
5.8173031496062988
 20
-4.3541107874015745
 30
0
 11
5.8173031496062988
 21
-4.3954955118110233
 31
0
  0
LINE
  5
A55
330
22
100
AcDbEntity
  8
B.Cu
  6
CONTINUOUS
100
AcDbLine
 10
5.8173031496062988
 20
-4.3954955118110233
 30
0
 11
5.8173031496062988
 21
-4.3954955905511808
 31
0
  0
LINE
  5
A56
330
22
100
AcDbEntity
  8
B.Cu
  6
CONTINUOUS
100
AcDbLine
 10
5.8173031496062988
 20
-4.3954955905511808
 30
0
 11
5.81730311023622
 21
-4.3954955905511808
 31
0
  0
LINE
  5
A57
330
22
100
AcDbEntity
  8
B.Cu
  6
CONTINUOUS
100
AcDbLine
 10
5.81730311023622
 20
-4.3954955905511808
 30
0
 11
5.8187714173228349
 21
-4.4028770866141729
 31
0
  0
LINE
  5
A58
330
22
100
AcDbEntity
  8
B.Cu
  6
CONTINUOUS
100
AcDbLine
 10
5.8187714173228349
 20
-4.4028770866141729
 30
0
 11
5.8187715354330711
 21
-4.4028774803149604
 31
0
  0
LINE
  5
A59
330
22
100
AcDbEntity
  8
B.Cu
  6
CONTINUOUS
100
AcDbLine
 10
5.8187715354330711
 20
-4.4028774803149604
 30
0
 11
5.821651614173228
 21
-4.409830708661417
 31
0
  0
LINE
  5
A5A
330
22
100
AcDbEntity
  8
B.Cu
  6
CONTINUOUS
100
AcDbLine
 10
5.821651614173228
 20
-4.409830708661417
 30
0
 11
5.8258332283464567
 21
-4.4160889763779529
 31
0
  0
LINE
  5
A5B
330
22
100
AcDbEntity
  8
B.Cu
  6
CONTINUOUS
100
AcDbLine
 10
5.8258332283464567
 20
-4.4160889763779529
 30
0
 11
5.8265031102362199
 21
-4.4167588188976374
 31
0
  0
LINE
  5
A5C
330
22
100
AcDbEntity
  8
B.Cu
  6
CONTINUOUS
100
AcDbLine
 10
5.8265031102362199
 20
-4.4167588188976374
 30
0
 11
5.8278214960629917
 21
-4.4191730708661412
 31
0
  0
LINE
  5
A5D
330
22
100
AcDbEntity
  8
B.Cu
  6
CONTINUOUS
100
AcDbLine
 10
5.8278214960629917
 20
-4.4191730708661412
 30
0
 11
5.8279330708661412
 21
-4.4202109055118113
 31
0
  0
LINE
  5
A5E
330
22
100
AcDbEntity
  8
B.Cu
  6
CONTINUOUS
100
AcDbLine
 10
5.8279330708661412
 20
-4.4202109055118113
 30
0
 11
5.8279330708661412
 21
-4.5641133858267713
 31
0
  0
LINE
  5
A5F
330
22
100
AcDbEntity
  8
B.Cu
  6
CONTINUOUS
100
AcDbLine
 10
5.8279330708661412
 20
-4.5641133858267713
 30
0
 11
5.8271580708661412
 21
-4.5667527165354329
 31
0
  0
LINE
  5
A60
330
22
100
AcDbEntity
  8
B.Cu
  6
CONTINUOUS
100
AcDbLine
 10
5.8271580708661412
 20
-4.5667527165354329
 30
0
 11
5.8265031889763774
 21
-4.5675653937007876
 31
0
  0
LINE
  5
A61
330
22
100
AcDbEntity
  8
B.Cu
  6
CONTINUOUS
100
AcDbLine
 10
5.8265031889763774
 20
-4.5675653937007876
 30
0
 11
5.8053499212598423
 21
-4.588718622047244
 31
0
  0
LINE
  5
A62
330
22
100
AcDbEntity
  8
B.Cu
  6
CONTINUOUS
100
AcDbLine
 10
5.8053499212598423
 20
-4.588718622047244
 30
0
 11
5.8053497637795273
 21
-4.5887188188976378
 31
0
  0
LINE
  5
A63
330
22
100
AcDbEntity
  8
B.Cu
  6
CONTINUOUS
100
AcDbLine
 10
5.8053497637795273
 20
-4.5887188188976378
 30
0
 11
5.8043315354330707
 21
-4.5902427165354327
 31
0
  0
LINE
  5
A64
330
22
100
AcDbEntity
  8
B.Cu
  6
CONTINUOUS
100
AcDbLine
 10
5.8043315354330707
 20
-4.5902427165354327
 30
0
 11
5.8040778346456694
 21
-4.5906224803149609
 31
0
  0
LINE
  5
A65
330
22
100
AcDbEntity
  8
B.Cu
  6
CONTINUOUS
100
AcDbLine
 10
5.8040778346456694
 20
-4.5906224803149609
 30
0
 11
5.8033127952755903
 21
-4.5917674409448814
 31
0
  0
LINE
  5
A66
330
22
100
AcDbEntity
  8
B.Cu
  6
CONTINUOUS
100
AcDbLine
 10
5.8033127952755903
 20
-4.5917674409448814
 30
0
 11
5.8023316141732284
 21
-4.5932358661417325
 31
0
  0
LINE
  5
A67
330
22
100
AcDbEntity
  8
B.Cu
  6
CONTINUOUS
100
AcDbLine
 10
5.8023316141732284
 20
-4.5932358661417325
 30
0
 11
5.8002527952755907
 21
-4.5982546062992125
 31
0
  0
LINE
  5
A68
330
22
100
AcDbEntity
  8
B.Cu
  6
CONTINUOUS
100
AcDbLine
 10
5.8002527952755907
 20
-4.5982546062992125
 30
0
 11
5.8002526771653544
 21
-4.598255
 31
0
  0
LINE
  5
A69
330
22
100
AcDbEntity
  8
B.Cu
  6
CONTINUOUS
100
AcDbLine
 10
5.8002526771653544
 20
-4.598255
 30
0
 11
5.7991929133858262
 21
-4.6035828346456693
 31
0
  0
LINE
  5
A6A
330
22
100
AcDbEntity
  8
B.Cu
  6
CONTINUOUS
100
AcDbLine
 10
5.7991929133858262
 20
-4.6035828346456693
 30
0
 11
5.7991929133858262
 21
-4.6638056692913388
 31
0
  0
LINE
  5
A6B
330
22
100
AcDbEntity
  8
B.Cu
  6
CONTINUOUS
100
AcDbLine
 10
5.7991929133858262
 20
-4.6638056692913388
 30
0
 11
5.7984179133858262
 21
-4.6664449999999995
 31
0
  0
LINE
  5
A6C
330
22
100
AcDbEntity
  8
B.Cu
  6
CONTINUOUS
100
AcDbLine
 10
5.7984179133858262
 20
-4.6664449999999995
 30
0
 11
5.7977630314960624
 21
-4.6672576771653542
 31
0
  0
LINE
  5
A6D
330
22
100
AcDbEntity
  8
B.Cu
  6
CONTINUOUS
100
AcDbLine
 10
5.7977630314960624
 20
-4.6672576771653542
 30
0
 11
5.79236905511811
 21
-4.6726516141732279
 31
0
  0
LINE
  5
A6E
330
22
100
AcDbEntity
  8
B.Cu
  6
CONTINUOUS
100
AcDbLine
 10
5.79236905511811
 20
-4.6726516141732279
 30
0
 11
5.79236905511811
 21
-4.6726516535433067
 31
0
  0
LINE
  5
A6F
330
22
100
AcDbEntity
  8
B.Cu
  6
CONTINUOUS
100
AcDbLine
 10
5.79236905511811
 20
-4.6726516535433067
 30
0
 11
5.7923689763779524
 21
-4.6726517322834642
 31
0
  0
LINE
  5
A70
330
22
100
AcDbEntity
  8
B.Cu
  6
CONTINUOUS
100
AcDbLine
 10
5.7923689763779524
 20
-4.6726517322834642
 30
0
 11
5.7919022440944881
 21
-4.6732941338582679
 31
0
  0
LINE
  5
A71
330
22
100
AcDbEntity
  8
B.Cu
  6
CONTINUOUS
100
AcDbLine
 10
5.7919022440944881
 20
-4.6732941338582679
 30
0
 11
5.7878140157480313
 21
-4.6789210236220473
 31
0
  0
LINE
  5
A72
330
22
100
AcDbEntity
  8
B.Cu
  6
CONTINUOUS
100
AcDbLine
 10
5.7878140157480313
 20
-4.6789210236220473
 30
0
 11
5.7842710629921257
 21
-4.6858745275590552
 31
0
  0
LINE
  5
A73
330
22
100
AcDbEntity
  8
B.Cu
  6
CONTINUOUS
100
AcDbLine
 10
5.7842710629921257
 20
-4.6858745275590552
 30
0
 11
5.7823823228346454
 21
-4.68787437007874
 31
0
  0
LINE
  5
A74
330
22
100
AcDbEntity
  8
B.Cu
  6
CONTINUOUS
100
AcDbLine
 10
5.7823823228346454
 20
-4.68787437007874
 30
0
 11
5.7797122047244089
 21
-4.6885355905511812
 31
0
  0
LINE
  5
A75
330
22
100
AcDbEntity
  8
B.Cu
  6
CONTINUOUS
100
AcDbLine
 10
5.7797122047244089
 20
-4.6885355905511812
 30
0
 11
5.7771084645669291
 21
-4.6876483070866142
 31
0
  0
LINE
  5
A76
330
22
100
AcDbEntity
  8
B.Cu
  6
CONTINUOUS
100
AcDbLine
 10
5.7771084645669291
 20
-4.6876483070866142
 30
0
 11
5.7755714566929131
 21
-4.6858745275590552
 31
0
  0
LINE
  5
A77
330
22
100
AcDbEntity
  8
B.Cu
  6
CONTINUOUS
100
AcDbLine
 10
5.7755714566929131
 20
-4.6858745275590552
 30
0
 11
5.7720284645669286
 21
-4.6789210236220473
 31
0
  0
LINE
  5
A78
330
22
100
AcDbEntity
  8
B.Cu
  6
CONTINUOUS
100
AcDbLine
 10
5.7720284645669286
 20
-4.6789210236220473
 30
0
 11
5.7674735433070863
 21
-4.6726517322834642
 31
0
  0
LINE
  5
A79
330
22
100
AcDbEntity
  8
B.Cu
  6
CONTINUOUS
100
AcDbLine
 10
5.7674735433070863
 20
-4.6726517322834642
 30
0
 11
5.7619939370078743
 21
-4.6671721259842522
 31
0
  0
LINE
  5
A7A
330
22
100
AcDbEntity
  8
B.Cu
  6
CONTINUOUS
100
AcDbLine
 10
5.7619939370078743
 20
-4.6671721259842522
 30
0
 11
5.7557246062992125
 21
-4.6626171653543302
 31
0
  0
LINE
  5
A7B
330
22
100
AcDbEntity
  8
B.Cu
  6
CONTINUOUS
100
AcDbLine
 10
5.7557246062992125
 20
-4.6626171653543302
 30
0
 11
5.7543503937007872
 21
-4.6619169685039372
 31
0
  0
LINE
  5
A7C
330
22
100
AcDbEntity
  8
B.Cu
  6
CONTINUOUS
100
AcDbLine
 10
5.7543503937007872
 20
-4.6619169685039372
 30
0
 11
5.748820039370079
 21
-4.6590990944881892
 31
0
  0
LINE
  5
A7D
330
22
100
AcDbEntity
  8
B.Cu
  6
CONTINUOUS
100
AcDbLine
 10
5.748820039370079
 20
-4.6590990944881892
 30
0
 11
5.7414498425196845
 21
-4.6567043307086617
 31
0
  0
LINE
  5
A7E
330
22
100
AcDbEntity
  8
B.Cu
  6
CONTINUOUS
100
AcDbLine
 10
5.7414498425196845
 20
-4.6567043307086617
 30
0
 11
5.7337961417322836
 21
-4.6554921259842521
 31
0
  0
LINE
  5
A7F
330
22
100
AcDbEntity
  8
B.Cu
  6
CONTINUOUS
100
AcDbLine
 10
5.7337961417322836
 20
-4.6554921259842521
 30
0
 11
5.7337959448818898
 21
-4.6554921259842521
 31
0
  0
LINE
  5
A80
330
22
100
AcDbEntity
  8
B.Cu
  6
CONTINUOUS
100
AcDbLine
 10
5.7337959448818898
 20
-4.6554921259842521
 30
0
 11
5.7260465748031493
 21
-4.6554921259842521
 31
0
  0
LINE
  5
A81
330
22
100
AcDbEntity
  8
B.Cu
  6
CONTINUOUS
100
AcDbLine
 10
5.7260465748031493
 20
-4.6554921259842521
 30
0
 11
5.7260463779527555
 21
-4.6554921259842521
 31
0
  0
LINE
  5
A82
330
22
100
AcDbEntity
  8
B.Cu
  6
CONTINUOUS
100
AcDbLine
 10
5.7260463779527555
 20
-4.6554921259842521
 30
0
 11
5.7183926377952758
 21
-4.6567043307086617
 31
0
  0
LINE
  5
A83
330
22
100
AcDbEntity
  8
B.Cu
  6
CONTINUOUS
100
AcDbLine
 10
5.7183926377952758
 20
-4.6567043307086617
 30
0
 11
5.7110224409448813
 21
-4.6590990944881892
 31
0
  0
LINE
  5
A84
330
22
100
AcDbEntity
  8
B.Cu
  6
CONTINUOUS
100
AcDbLine
 10
5.7110224409448813
 20
-4.6590990944881892
 30
0
 11
5.7041178740157479
 21
-4.6626171653543302
 31
0
  0
LINE
  5
A85
330
22
100
AcDbEntity
  8
B.Cu
  6
CONTINUOUS
100
AcDbLine
 10
5.7041178740157479
 20
-4.6626171653543302
 30
0
 11
5.7005409842519681
 21
-4.66521594488189
 31
0
  0
LINE
  5
A86
330
22
100
AcDbEntity
  8
B.Cu
  6
CONTINUOUS
100
AcDbLine
 10
5.7005409842519681
 20
-4.66521594488189
 30
0
 11
5.6978485826771657
 21
-4.6671721259842522
 31
0
  0
LINE
  5
A87
330
22
100
AcDbEntity
  8
B.Cu
  6
CONTINUOUS
100
AcDbLine
 10
5.6978485826771657
 20
-4.6671721259842522
 30
0
 11
5.6978485039370081
 21
-4.6671722047244097
 31
0
  0
LINE
  5
A88
330
22
100
AcDbEntity
  8
B.Cu
  6
CONTINUOUS
100
AcDbLine
 10
5.6978485039370081
 20
-4.6671722047244097
 30
0
 11
5.6978484645669294
 21
-4.6671722047244097
 31
0
  0
LINE
  5
A89
330
22
100
AcDbEntity
  8
B.Cu
  6
CONTINUOUS
100
AcDbLine
 10
5.6978484645669294
 20
-4.6671722047244097
 30
0
 11
5.6923690551181103
 21
-4.6726516141732279
 31
0
  0
LINE
  5
A8A
330
22
100
AcDbEntity
  8
B.Cu
  6
CONTINUOUS
100
AcDbLine
 10
5.6923690551181103
 20
-4.6726516141732279
 30
0
 11
5.6923690551181103
 21
-4.6726516535433067
 31
0
  0
LINE
  5
A8B
330
22
100
AcDbEntity
  8
B.Cu
  6
CONTINUOUS
100
AcDbLine
 10
5.6923690551181103
 20
-4.6726516535433067
 30
0
 11
5.6923689763779528
 21
-4.6726517322834642
 31
0
  0
LINE
  5
A8C
330
22
100
AcDbEntity
  8
B.Cu
  6
CONTINUOUS
100
AcDbLine
 10
5.6923689763779528
 20
-4.6726517322834642
 30
0
 11
5.6919022440944884
 21
-4.6732941338582679
 31
0
  0
LINE
  5
A8D
330
22
100
AcDbEntity
  8
B.Cu
  6
CONTINUOUS
100
AcDbLine
 10
5.6919022440944884
 20
-4.6732941338582679
 30
0
 11
5.6878140157480317
 21
-4.6789210236220473
 31
0
  0
LINE
  5
A8E
330
22
100
AcDbEntity
  8
B.Cu
  6
CONTINUOUS
100
AcDbLine
 10
5.6878140157480317
 20
-4.6789210236220473
 30
0
 11
5.684271062992126
 21
-4.6858745275590552
 31
0
  0
LINE
  5
A8F
330
22
100
AcDbEntity
  8
B.Cu
  6
CONTINUOUS
100
AcDbLine
 10
5.684271062992126
 20
-4.6858745275590552
 30
0
 11
5.6823823228346457
 21
-4.68787437007874
 31
0
  0
LINE
  5
A90
330
22
100
AcDbEntity
  8
B.Cu
  6
CONTINUOUS
100
AcDbLine
 10
5.6823823228346457
 20
-4.68787437007874
 30
0
 11
5.6797122047244093
 21
-4.6885355905511812
 31
0
  0
LINE
  5
A91
330
22
100
AcDbEntity
  8
B.Cu
  6
CONTINUOUS
100
AcDbLine
 10
5.6797122047244093
 20
-4.6885355905511812
 30
0
 11
5.6771084645669294
 21
-4.6876483070866142
 31
0
  0
LINE
  5
A92
330
22
100
AcDbEntity
  8
B.Cu
  6
CONTINUOUS
100
AcDbLine
 10
5.6771084645669294
 20
-4.6876483070866142
 30
0
 11
5.6755714566929134
 21
-4.6858745275590552
 31
0
  0
LINE
  5
A93
330
22
100
AcDbEntity
  8
B.Cu
  6
CONTINUOUS
100
AcDbLine
 10
5.6755714566929134
 20
-4.6858745275590552
 30
0
 11
5.672028464566929
 21
-4.6789210236220473
 31
0
  0
LINE
  5
A94
330
22
100
AcDbEntity
  8
B.Cu
  6
CONTINUOUS
100
AcDbLine
 10
5.672028464566929
 20
-4.6789210236220473
 30
0
 11
5.6674735433070866
 21
-4.6726517322834642
 31
0
  0
LINE
  5
A95
330
22
100
AcDbEntity
  8
B.Cu
  6
CONTINUOUS
100
AcDbLine
 10
5.6674735433070866
 20
-4.6726517322834642
 30
0
 11
5.6619939370078738
 21
-4.6671721259842522
 31
0
  0
LINE
  5
A96
330
22
100
AcDbEntity
  8
B.Cu
  6
CONTINUOUS
100
AcDbLine
 10
5.6619939370078738
 20
-4.6671721259842522
 30
0
 11
5.6557246062992128
 21
-4.6626171653543302
 31
0
  0
LINE
  5
A97
330
22
100
AcDbEntity
  8
B.Cu
  6
CONTINUOUS
100
AcDbLine
 10
5.6557246062992128
 20
-4.6626171653543302
 30
0
 11
5.6543503937007875
 21
-4.6619169685039372
 31
0
  0
LINE
  5
A98
330
22
100
AcDbEntity
  8
B.Cu
  6
CONTINUOUS
100
AcDbLine
 10
5.6543503937007875
 20
-4.6619169685039372
 30
0
 11
5.6488200393700785
 21
-4.6590990944881892
 31
0
  0
LINE
  5
A99
330
22
100
AcDbEntity
  8
B.Cu
  6
CONTINUOUS
100
AcDbLine
 10
5.6488200393700785
 20
-4.6590990944881892
 30
0
 11
5.6414498425196848
 21
-4.6567043307086617
 31
0
  0
LINE
  5
A9A
330
22
100
AcDbEntity
  8
B.Cu
  6
CONTINUOUS
100
AcDbLine
 10
5.6414498425196848
 20
-4.6567043307086617
 30
0
 11
5.633796141732283
 21
-4.6554921259842521
 31
0
  0
LINE
  5
A9B
330
22
100
AcDbEntity
  8
B.Cu
  6
CONTINUOUS
100
AcDbLine
 10
5.633796141732283
 20
-4.6554921259842521
 30
0
 11
5.6337959448818893
 21
-4.6554921259842521
 31
0
  0
LINE
  5
A9C
330
22
100
AcDbEntity
  8
B.Cu
  6
CONTINUOUS
100
AcDbLine
 10
5.6337959448818893
 20
-4.6554921259842521
 30
0
 11
5.6260465748031496
 21
-4.6554921259842521
 31
0
  0
LINE
  5
A9D
330
22
100
AcDbEntity
  8
B.Cu
  6
CONTINUOUS
100
AcDbLine
 10
5.6260465748031496
 20
-4.6554921259842521
 30
0
 11
5.6260463779527559
 21
-4.6554921259842521
 31
0
  0
LINE
  5
A9E
330
22
100
AcDbEntity
  8
B.Cu
  6
CONTINUOUS
100
AcDbLine
 10
5.6260463779527559
 20
-4.6554921259842521
 30
0
 11
5.6183926377952753
 21
-4.6567043307086617
 31
0
  0
LINE
  5
A9F
330
22
100
AcDbEntity
  8
B.Cu
  6
CONTINUOUS
100
AcDbLine
 10
5.6183926377952753
 20
-4.6567043307086617
 30
0
 11
5.6110224409448817
 21
-4.6590990944881892
 31
0
  0
LINE
  5
AA0
330
22
100
AcDbEntity
  8
B.Cu
  6
CONTINUOUS
100
AcDbLine
 10
5.6110224409448817
 20
-4.6590990944881892
 30
0
 11
5.6041178740157482
 21
-4.6626171653543302
 31
0
  0
LINE
  5
AA1
330
22
100
AcDbEntity
  8
B.Cu
  6
CONTINUOUS
100
AcDbLine
 10
5.6041178740157482
 20
-4.6626171653543302
 30
0
 11
5.6005409842519684
 21
-4.66521594488189
 31
0
  0
LINE
  5
AA2
330
22
100
AcDbEntity
  8
B.Cu
  6
CONTINUOUS
100
AcDbLine
 10
5.6005409842519684
 20
-4.66521594488189
 30
0
 11
5.5978485826771651
 21
-4.6671721259842522
 31
0
  0
LINE
  5
AA3
330
22
100
AcDbEntity
  8
B.Cu
  6
CONTINUOUS
100
AcDbLine
 10
5.5978485826771651
 20
-4.6671721259842522
 30
0
 11
5.5978485039370076
 21
-4.6671722047244097
 31
0
  0
LINE
  5
AA4
330
22
100
AcDbEntity
  8
B.Cu
  6
CONTINUOUS
100
AcDbLine
 10
5.5978485039370076
 20
-4.6671722047244097
 30
0
 11
5.5978484645669289
 21
-4.6671722047244097
 31
0
  0
LINE
  5
AA5
330
22
100
AcDbEntity
  8
B.Cu
  6
CONTINUOUS
100
AcDbLine
 10
5.5978484645669289
 20
-4.6671722047244097
 30
0
 11
5.5923689370078735
 21
-4.6726517322834642
 31
0
  0
LINE
  5
AA6
330
22
100
AcDbEntity
  8
B.Cu
  6
CONTINUOUS
100
AcDbLine
 10
5.5923689370078735
 20
-4.6726517322834642
 30
0
 11
5.5919022440944879
 21
-4.6732941338582679
 31
0
  0
LINE
  5
AA7
330
22
100
AcDbEntity
  8
B.Cu
  6
CONTINUOUS
100
AcDbLine
 10
5.5919022440944879
 20
-4.6732941338582679
 30
0
 11
5.5897238976377954
 21
-4.6749738582677161
 31
0
  0
LINE
  5
AA8
330
22
100
AcDbEntity
  8
B.Cu
  6
CONTINUOUS
100
AcDbLine
 10
5.5897238976377954
 20
-4.6749738582677161
 30
0
 11
5.5869831889763777
 21
-4.6752092125984248
 31
0
  0
LINE
  5
AA9
330
22
100
AcDbEntity
  8
B.Cu
  6
CONTINUOUS
100
AcDbLine
 10
5.5869831889763777
 20
-4.6752092125984248
 30
0
 11
5.5845503543307089
 21
-4.6739254724409447
 31
0
  0
LINE
  5
AAA
330
22
100
AcDbEntity
  8
B.Cu
  6
CONTINUOUS
100
AcDbLine
 10
5.5845503543307089
 20
-4.6739254724409447
 30
0
 11
5.583197716535433
 21
-4.6715302362204723
 31
0
  0
LINE
  5
AAB
330
22
100
AcDbEntity
  8
B.Cu
  6
CONTINUOUS
100
AcDbLine
 10
5.583197716535433
 20
-4.6715302362204723
 30
0
 11
5.5830708661417319
 21
-4.6704245669291335
 31
0
  0
LINE
  5
AAC
330
22
100
AcDbEntity
  8
B.Cu
  6
CONTINUOUS
100
AcDbLine
 10
5.5830708661417319
 20
-4.6704245669291335
 30
0
 11
5.5830708661417319
 21
-4.669376850393701
 31
0
  0
LINE
  5
AAD
330
22
100
AcDbEntity
  8
B.Cu
  6
CONTINUOUS
100
AcDbLine
 10
5.5830708661417319
 20
-4.669376850393701
 30
0
 11
5.5830708267716531
 21
-4.6693761811023622
 31
0
  0
LINE
  5
AAE
330
22
100
AcDbEntity
  8
B.Cu
  6
CONTINUOUS
100
AcDbLine
 10
5.5830708267716531
 20
-4.6693761811023622
 30
0
 11
5.5828188188976373
 21
-4.6670325590551176
 31
0
  0
LINE
  5
AAF
330
22
100
AcDbEntity
  8
B.Cu
  6
CONTINUOUS
100
AcDbLine
 10
5.5828188188976373
 20
-4.6670325590551176
 30
0
 11
5.5828187401574798
 21
-4.6670322834645672
 31
0
  0
LINE
  5
AB0
330
22
100
AcDbEntity
  8
B.Cu
  6
CONTINUOUS
100
AcDbLine
 10
5.5828187401574798
 20
-4.6670322834645672
 30
0
 11
5.5808407086614169
 21
-4.6617288582677165
 31
0
  0
LINE
  5
AB1
330
22
100
AcDbEntity
  8
B.Cu
  6
CONTINUOUS
100
AcDbLine
 10
5.5808407086614169
 20
-4.6617288582677165
 30
0
 11
5.5808405511811019
 21
-4.6617285826771653
 31
0
  0
LINE
  5
AB2
330
22
100
AcDbEntity
  8
B.Cu
  6
CONTINUOUS
100
AcDbLine
 10
5.5808405511811019
 20
-4.6617285826771653
 30
0
 11
5.5774484251968506
 21
-4.6571973228346453
 31
0
  0
LINE
  5
AB3
330
22
100
AcDbEntity
  8
B.Cu
  6
CONTINUOUS
100
AcDbLine
 10
5.5774484251968506
 20
-4.6571973228346453
 30
0
 11
5.5774483070866143
 21
-4.657197204724409
 31
0
  0
LINE
  5
AB4
330
22
100
AcDbEntity
  8
B.Cu
  6
CONTINUOUS
100
AcDbLine
 10
5.5774483070866143
 20
-4.657197204724409
 30
0
 11
5.5729170472440943
 21
-4.6538050787401577
 31
0
  0
LINE
  5
AB5
330
22
100
AcDbEntity
  8
B.Cu
  6
CONTINUOUS
100
AcDbLine
 10
5.5729170472440943
 20
-4.6538050787401577
 30
0
 11
5.572916771653543
 21
-4.6538049212598427
 31
0
  0
LINE
  5
AB6
330
22
100
AcDbEntity
  8
B.Cu
  6
CONTINUOUS
100
AcDbLine
 10
5.572916771653543
 20
-4.6538049212598427
 30
0
 11
5.5676133464566924
 21
-4.6518268897637798
 31
0
  0
LINE
  5
AB7
330
22
100
AcDbEntity
  8
B.Cu
  6
CONTINUOUS
100
AcDbLine
 10
5.5676133464566924
 20
-4.6518268897637798
 30
0
 11
5.567613070866142
 21
-4.6518268110236223
 31
0
  0
LINE
  5
AB8
330
22
100
AcDbEntity
  8
B.Cu
  6
CONTINUOUS
100
AcDbLine
 10
5.567613070866142
 20
-4.6518268110236223
 30
0
 11
5.5652694488188974
 21
-4.6515748031496065
 31
0
  0
LINE
  5
AB9
330
22
100
AcDbEntity
  8
B.Cu
  6
CONTINUOUS
100
AcDbLine
 10
5.5652694488188974
 20
-4.6515748031496065
 30
0
 11
5.5397637795275587
 21
-4.6515748031496065
 31
0
  0
LINE
  5
ABA
330
22
100
AcDbEntity
  8
B.Cu
  6
CONTINUOUS
100
AcDbLine
 10
5.5397637795275587
 20
-4.6515748031496065
 30
0
 11
5.5397637795275587
 21
-4.6712598425196852
 31
0
  0
LINE
  5
ABB
330
22
100
AcDbEntity
  8
B.Cu
  6
CONTINUOUS
100
AcDbLine
 10
5.5397637795275587
 20
-4.6712598425196852
 30
0
 11
5.5633858267716532
 21
-4.6712598425196852
 31
0
  0
LINE
  5
ABC
330
22
100
AcDbEntity
  8
B.Cu
  6
CONTINUOUS
100
AcDbLine
 10
5.5633858267716532
 20
-4.6712598425196852
 30
0
 11
5.5633858267716532
 21
-4.7381889763779528
 31
0
  0
LINE
  5
ABD
330
22
100
AcDbEntity
  8
B.Cu
  6
CONTINUOUS
100
AcDbLine
 10
5.5633858267716532
 20
-4.7381889763779528
 30
0
 11
5.5397637795275587
 21
-4.7381889763779528
 31
0
  0
LINE
  5
ABE
330
22
100
AcDbEntity
  8
B.Cu
  6
CONTINUOUS
100
AcDbLine
 10
5.5397637795275587
 20
-4.7381889763779528
 30
0
 11
5.5397637795275587
 21
-4.7578740157480315
 31
0
  0
LINE
  5
ABF
330
22
100
AcDbEntity
  8
B.Cu
  6
CONTINUOUS
100
AcDbLine
 10
5.5397637795275587
 20
-4.7578740157480315
 30
0
 11
5.5652688188976374
 21
-4.7578740157480315
 31
0
  0
LINE
  5
AC0
330
22
100
AcDbEntity
  8
B.Cu
  6
CONTINUOUS
100
AcDbLine
 10
5.5652688188976374
 20
-4.7578740157480315
 30
0
 11
5.5652694488188974
 21
-4.7578739763779527
 31
0
  0
LINE
  5
AC1
330
22
100
AcDbEntity
  8
B.Cu
  6
CONTINUOUS
100
AcDbLine
 10
5.5652694488188974
 20
-4.7578739763779527
 30
0
 11
5.567613070866142
 21
-4.7576219685039369
 31
0
  0
LINE
  5
AC2
330
22
100
AcDbEntity
  8
B.Cu
  6
CONTINUOUS
100
AcDbLine
 10
5.567613070866142
 20
-4.7576219685039369
 30
0
 11
5.5676133464566924
 21
-4.7576218897637794
 31
0
  0
LINE
  5
AC3
330
22
100
AcDbEntity
  8
B.Cu
  6
CONTINUOUS
100
AcDbLine
 10
5.5676133464566924
 20
-4.7576218897637794
 30
0
 11
5.572916771653543
 21
-4.7556438582677165
 31
0
  0
LINE
  5
AC4
330
22
100
AcDbEntity
  8
B.Cu
  6
CONTINUOUS
100
AcDbLine
 10
5.572916771653543
 20
-4.7556438582677165
 30
0
 11
5.5729170472440943
 21
-4.7556437007874015
 31
0
  0
LINE
  5
AC5
330
22
100
AcDbEntity
  8
B.Cu
  6
CONTINUOUS
100
AcDbLine
 10
5.5729170472440943
 20
-4.7556437007874015
 30
0
 11
5.5774483070866143
 21
-4.7522515748031493
 31
0
  0
LINE
  5
AC6
330
22
100
AcDbEntity
  8
B.Cu
  6
CONTINUOUS
100
AcDbLine
 10
5.5774483070866143
 20
-4.7522515748031493
 30
0
 11
5.5774484251968506
 21
-4.752251456692913
 31
0
  0
LINE
  5
AC7
330
22
100
AcDbEntity
  8
B.Cu
  6
CONTINUOUS
100
AcDbLine
 10
5.5774484251968506
 20
-4.752251456692913
 30
0
 11
5.5808405511811019
 21
-4.7477201968503939
 31
0
  0
LINE
  5
AC8
330
22
100
AcDbEntity
  8
B.Cu
  6
CONTINUOUS
100
AcDbLine
 10
5.5808405511811019
 20
-4.7477201968503939
 30
0
 11
5.5808407086614169
 21
-4.7477199212598427
 31
0
  0
LINE
  5
AC9
330
22
100
AcDbEntity
  8
B.Cu
  6
CONTINUOUS
100
AcDbLine
 10
5.5808407086614169
 20
-4.7477199212598427
 30
0
 11
5.5828187401574798
 21
-4.742416496062992
 31
0
  0
LINE
  5
ACA
330
22
100
AcDbEntity
  8
B.Cu
  6
CONTINUOUS
100
AcDbLine
 10
5.5828187401574798
 20
-4.742416496062992
 30
0
 11
5.5828188188976373
 21
-4.7424162204724407
 31
0
  0
LINE
  5
ACB
330
22
100
AcDbEntity
  8
B.Cu
  6
CONTINUOUS
100
AcDbLine
 10
5.5828188188976373
 20
-4.7424162204724407
 30
0
 11
5.5830708267716531
 21
-4.740072598425197
 31
0
  0
LINE
  5
ACC
330
22
100
AcDbEntity
  8
B.Cu
  6
CONTINUOUS
100
AcDbLine
 10
5.5830708267716531
 20
-4.740072598425197
 30
0
 11
5.5830708661417319
 21
-4.7400719291338582
 31
0
  0
LINE
  5
ACD
330
22
100
AcDbEntity
  8
B.Cu
  6
CONTINUOUS
100
AcDbLine
 10
5.5830708661417319
 20
-4.7400719291338582
 30
0
 11
5.5830708661417319
 21
-4.7390242125984248
 31
0
  0
LINE
  5
ACE
330
22
100
AcDbEntity
  8
B.Cu
  6
CONTINUOUS
100
AcDbLine
 10
5.5830708661417319
 20
-4.7390242125984248
 30
0
 11
5.5838458661417318
 21
-4.736384881889764
 31
0
  0
LINE
  5
ACF
330
22
100
AcDbEntity
  8
B.Cu
  6
CONTINUOUS
100
AcDbLine
 10
5.5838458661417318
 20
-4.736384881889764
 30
0
 11
5.5859247637795271
 21
-4.7345835039370074
 31
0
  0
LINE
  5
AD0
330
22
100
AcDbEntity
  8
B.Cu
  6
CONTINUOUS
100
AcDbLine
 10
5.5859247637795271
 20
-4.7345835039370074
 30
0
 11
5.5886475196850389
 21
-4.7341920078740154
 31
0
  0
LINE
  5
AD1
330
22
100
AcDbEntity
  8
B.Cu
  6
CONTINUOUS
100
AcDbLine
 10
5.5886475196850389
 20
-4.7341920078740154
 30
0
 11
5.5911497244094486
 21
-4.7353347244094488
 31
0
  0
LINE
  5
AD2
330
22
100
AcDbEntity
  8
B.Cu
  6
CONTINUOUS
100
AcDbLine
 10
5.5911497244094486
 20
-4.7353347244094488
 30
0
 11
5.5919022047244091
 21
-4.7361546062992126
 31
0
  0
LINE
  5
AD3
330
22
100
AcDbEntity
  8
B.Cu
  6
CONTINUOUS
100
AcDbLine
 10
5.5919022047244091
 20
-4.7361546062992126
 30
0
 11
5.5923689763779523
 21
-4.7367970866141729
 31
0
  0
LINE
  5
AD4
330
22
100
AcDbEntity
  8
B.Cu
  6
CONTINUOUS
100
AcDbLine
 10
5.5923689763779523
 20
-4.7367970866141729
 30
0
 11
5.5978485826771651
 21
-4.7422766929133857
 31
0
  0
LINE
  5
AD5
330
22
100
AcDbEntity
  8
B.Cu
  6
CONTINUOUS
100
AcDbLine
 10
5.5978485826771651
 20
-4.7422766929133857
 30
0
 11
5.6003302362204721
 21
-4.7440796850393703
 31
0
  0
LINE
  5
AD6
330
22
100
AcDbEntity
  8
B.Cu
  6
CONTINUOUS
100
AcDbLine
 10
5.6003302362204721
 20
-4.7440796850393703
 30
0
 11
5.6020098818897637
 21
-4.7462579133858265
 31
0
  0
LINE
  5
AD7
330
22
100
AcDbEntity
  8
B.Cu
  6
CONTINUOUS
100
AcDbLine
 10
5.6020098818897637
 20
-4.7462579133858265
 30
0
 11
5.6023425196850392
 21
-4.7480291338582674
 31
0
  0
LINE
  5
AD8
330
22
100
AcDbEntity
  8
B.Cu
  6
CONTINUOUS
100
AcDbLine
 10
5.6023425196850392
 20
-4.7480291338582674
 30
0
 11
5.6023425196850392
 21
-4.7700189370078743
 31
0
  0
LINE
  5
AD9
330
22
100
AcDbEntity
  8
B.Cu
  6
CONTINUOUS
100
AcDbLine
 10
5.6023425196850392
 20
-4.7700189370078743
 30
0
 11
5.6015675196850392
 21
-4.772658267716535
 31
0
  0
LINE
  5
ADA
330
22
100
AcDbEntity
  8
B.Cu
  6
CONTINUOUS
100
AcDbLine
 10
5.6015675196850392
 20
-4.772658267716535
 30
0
 11
5.6009126377952754
 21
-4.7734709448818897
 31
0
  0
LINE
  5
ADB
330
22
100
AcDbEntity
  8
B.Cu
  6
CONTINUOUS
100
AcDbLine
 10
5.6009126377952754
 20
-4.7734709448818897
 30
0
 11
5.5805575590551184
 21
-4.7938260236220476
 31
0
  0
LINE
  5
ADC
330
22
100
AcDbEntity
  8
B.Cu
  6
CONTINUOUS
100
AcDbLine
 10
5.5805575590551184
 20
-4.7938260236220476
 30
0
 11
5.578143267716535
 21
-4.795144330708661
 31
0
  0
LINE
  5
ADD
330
22
100
AcDbEntity
  8
B.Cu
  6
CONTINUOUS
100
AcDbLine
 10
5.578143267716535
 20
-4.795144330708661
 30
0
 11
5.5771055511811021
 21
-4.7952559055118114
 31
0
  0
LINE
  5
ADE
330
22
100
AcDbEntity
  8
B.Cu
  6
CONTINUOUS
100
AcDbLine
 10
5.5771055511811021
 20
-4.7952559055118114
 30
0
 11
5.407146417322835
 21
-4.7952559055118114
 31
0
  0
LINE
  5
ADF
330
22
100
AcDbEntity
  8
B.Cu
  6
CONTINUOUS
100
AcDbLine
 10
5.407146417322835
 20
-4.7952559055118114
 30
0
 11
5.4045070866141733
 21
-4.7944809055118105
 31
0
  0
LINE
  5
AE0
330
22
100
AcDbEntity
  8
B.Cu
  6
CONTINUOUS
100
AcDbLine
 10
5.4045070866141733
 20
-4.7944809055118105
 30
0
 11
5.4036944094488186
 21
-4.7938260236220476
 31
0
  0
LINE
  5
AE1
330
22
100
AcDbEntity
  8
B.Cu
  6
CONTINUOUS
100
AcDbLine
 10
5.4036944094488186
 20
-4.7938260236220476
 30
0
 11
5.3833393307086617
 21
-4.7734709448818897
 31
0
  0
LINE
  5
AE2
330
22
100
AcDbEntity
  8
B.Cu
  6
CONTINUOUS
100
AcDbLine
 10
5.3833393307086617
 20
-4.7734709448818897
 30
0
 11
5.3820210236220474
 21
-4.7710566535433072
 31
0
  0
LINE
  5
AE3
330
22
100
AcDbEntity
  8
B.Cu
  6
CONTINUOUS
100
AcDbLine
 10
5.3820210236220474
 20
-4.7710566535433072
 30
0
 11
5.3819094488188979
 21
-4.7700189370078743
 31
0
  0
LINE
  5
AE4
330
22
100
AcDbEntity
  8
B.Cu
  6
CONTINUOUS
100
AcDbLine
 10
5.3819094488188979
 20
-4.7700189370078743
 30
0
 11
5.3819094488188979
 21
-4.7647440551181104
 31
0
  0
LINE
  5
AE5
330
22
100
AcDbEntity
  8
B.Cu
  6
CONTINUOUS
100
AcDbLine
 10
5.3819094488188979
 20
-4.7647440551181104
 30
0
 11
5.3826844488188978
 21
-4.7621047244094488
 31
0
  0
LINE
  5
AE6
330
22
100
AcDbEntity
  8
B.Cu
  6
CONTINUOUS
100
AcDbLine
 10
5.3826844488188978
 20
-4.7621047244094488
 30
0
 11
5.3847633464566931
 21
-4.7603033464566931
 31
0
  0
LINE
  5
AE7
330
22
100
AcDbEntity
  8
B.Cu
  6
CONTINUOUS
100
AcDbLine
 10
5.3847633464566931
 20
-4.7603033464566931
 30
0
 11
5.3867913385826771
 21
-4.7598621653543303
 31
0
  0
LINE
  5
AE8
330
22
100
AcDbEntity
  8
B.Cu
  6
CONTINUOUS
100
AcDbLine
 10
5.3867913385826771
 20
-4.7598621653543303
 30
0
 11
5.394941614173228
 21
-4.7598621653543303
 31
0
  0
LINE
  5
AE9
330
22
100
AcDbEntity
  8
B.Cu
  6
CONTINUOUS
100
AcDbLine
 10
5.394941614173228
 20
-4.7598621653543303
 30
0
 11
5.3949416535433068
 21
-4.7598621653543303
 31
0
  0
LINE
  5
AEA
330
22
100
AcDbEntity
  8
B.Cu
  6
CONTINUOUS
100
AcDbLine
 10
5.3949416535433068
 20
-4.7598621653543303
 30
0
 11
5.3986340157480317
 21
-4.7592774015748027
 31
0
  0
LINE
  5
AEB
330
22
100
AcDbEntity
  8
B.Cu
  6
CONTINUOUS
100
AcDbLine
 10
5.3986340157480317
 20
-4.7592774015748027
 30
0
 11
5.4030843307086611
 21
-4.7570098425196852
 31
0
  0
LINE
  5
AEC
330
22
100
AcDbEntity
  8
B.Cu
  6
CONTINUOUS
100
AcDbLine
 10
5.4030843307086611
 20
-4.7570098425196852
 30
0
 11
5.4066161417322833
 21
-4.753478031496063
 31
0
  0
LINE
  5
AED
330
22
100
AcDbEntity
  8
B.Cu
  6
CONTINUOUS
100
AcDbLine
 10
5.4066161417322833
 20
-4.753478031496063
 30
0
 11
5.4088837007874018
 21
-4.7490277165354327
 31
0
  0
LINE
  5
AEE
330
22
100
AcDbEntity
  8
B.Cu
  6
CONTINUOUS
100
AcDbLine
 10
5.4088837007874018
 20
-4.7490277165354327
 30
0
 11
5.4088837007874018
 21
-4.7490276377952751
 31
0
  0
LINE
  5
AEF
330
22
100
AcDbEntity
  8
B.Cu
  6
CONTINUOUS
100
AcDbLine
 10
5.4088837007874018
 20
-4.7490276377952751
 30
0
 11
5.4088837401574805
 21
-4.7490275984251964
 31
0
  0
LINE
  5
AF0
330
22
100
AcDbEntity
  8
B.Cu
  6
CONTINUOUS
100
AcDbLine
 10
5.4088837401574805
 20
-4.7490275984251964
 30
0
 11
5.4094685039370081
 21
-4.7453355905511811
 31
0
  0
LINE
  5
AF1
330
22
100
AcDbEntity
  8
B.Cu
  6
CONTINUOUS
100
AcDbLine
 10
5.4094685039370081
 20
-4.7453355905511811
 30
0
 11
5.4094685039370081
 21
-4.7125448031496058
 31
0
  0
LINE
  5
AF2
330
22
100
AcDbEntity
  8
B.Cu
  6
CONTINUOUS
100
AcDbLine
 10
5.4094685039370081
 20
-4.7125448031496058
 30
0
 11
5.4094684645669293
 21
-4.6692461023622043
 31
0
  0
LINE
  5
AF3
330
22
100
AcDbEntity
  8
B.Cu
  6
CONTINUOUS
100
AcDbLine
 10
5.4094684645669293
 20
-4.6692461023622043
 30
0
 11
5.4094684645669293
 21
-4.6641134645669293
 31
0
  0
LINE
  5
AF4
330
22
100
AcDbEntity
  8
B.Cu
  6
CONTINUOUS
100
AcDbLine
 10
5.4094684645669293
 20
-4.6641134645669293
 30
0
 11
5.4093049212598423
 21
-4.6630807874015749
 31
0
  0
LINE
  5
AF5
330
22
100
AcDbEntity
  8
B.Cu
  6
CONTINUOUS
100
AcDbLine
 10
5.4093049212598423
 20
-4.6630807874015749
 30
0
 11
5.4088837007874018
 21
-4.6604211023622044
 31
0
  0
LINE
  5
AF6
330
22
100
AcDbEntity
  8
B.Cu
  6
CONTINUOUS
100
AcDbLine
 10
5.4088837007874018
 20
-4.6604211023622044
 30
0
 11
5.4066161417322833
 21
-4.655970787401575
 31
0
  0
LINE
  5
AF7
330
22
100
AcDbEntity
  8
B.Cu
  6
CONTINUOUS
100
AcDbLine
 10
5.4066161417322833
 20
-4.655970787401575
 30
0
 11
5.4066159842519683
 21
-4.65597062992126
 31
0
  0
LINE
  5
AF8
330
22
100
AcDbEntity
  8
B.Cu
  6
CONTINUOUS
100
AcDbLine
 10
5.4066159842519683
 20
-4.65597062992126
 30
0
 11
5.4066159448818896
 21
-4.6559705511811025
 31
0
  0
LINE
  5
AF9
330
22
100
AcDbEntity
  8
B.Cu
  6
CONTINUOUS
100
AcDbLine
 10
5.4066159448818896
 20
-4.6559705511811025
 30
0
 11
5.4030845275590549
 21
-4.6524391338582678
 31
0
  0
LINE
  5
AFA
330
22
100
AcDbEntity
  8
B.Cu
  6
CONTINUOUS
100
AcDbLine
 10
5.4030845275590549
 20
-4.6524391338582678
 30
0
 11
5.4030844094488186
 21
-4.6524390551181103
 31
0
  0
LINE
  5
AFB
330
22
100
AcDbEntity
  8
B.Cu
  6
CONTINUOUS
100
AcDbLine
 10
5.4030844094488186
 20
-4.6524390551181103
 30
0
 11
5.4030843307086611
 21
-4.6524389763779528
 31
0
  0
LINE
  5
AFC
330
22
100
AcDbEntity
  8
B.Cu
  6
CONTINUOUS
100
AcDbLine
 10
5.4030843307086611
 20
-4.6524389763779528
 30
0
 11
5.4000597244094486
 21
-4.6508978346456695
 31
0
  0
LINE
  5
AFD
330
22
100
AcDbEntity
  8
B.Cu
  6
CONTINUOUS
100
AcDbLine
 10
5.4000597244094486
 20
-4.6508978346456695
 30
0
 11
5.3986338976377954
 21
-4.6501713385826768
 31
0
  0
LINE
  5
AFE
330
22
100
AcDbEntity
  8
B.Cu
  6
CONTINUOUS
100
AcDbLine
 10
5.3986338976377954
 20
-4.6501713385826768
 30
0
 11
5.3949418897637793
 21
-4.649586614173228
 31
0
  0
LINE
  5
AFF
330
22
100
AcDbEntity
  8
B.Cu
  6
CONTINUOUS
100
AcDbLine
 10
5.3949418897637793
 20
-4.649586614173228
 30
0
 11
5.3137197637795275
 21
-4.649586614173228
 31
0
  0
LINE
  5
B00
330
22
100
AcDbEntity
  8
B.Cu
  6
CONTINUOUS
100
AcDbLine
 10
5.3137197637795275
 20
-4.649586614173228
 30
0
 11
5.310532244094488
 21
-4.6500914566929135
 31
0
  0
LINE
  5
B01
330
22
100
AcDbEntity
  8
B.Cu
  6
CONTINUOUS
100
AcDbLine
 10
5.310532244094488
 20
-4.6500914566929135
 30
0
 11
5.3100274015748035
 21
-4.6501714173228343
 31
0
  0
LINE
  5
B02
330
22
100
AcDbEntity
  8
B.Cu
  6
CONTINUOUS
100
AcDbLine
 10
5.3100274015748035
 20
-4.6501714173228343
 30
0
 11
5.3055770866141732
 21
-4.6524389763779528
 31
0
  0
LINE
  5
B03
330
22
100
AcDbEntity
  8
B.Cu
  6
CONTINUOUS
100
AcDbLine
 10
5.3055770866141732
 20
-4.6524389763779528
 30
0
 11
5.3055770472440944
 21
-4.6524390157480315
 31
0
  0
LINE
  5
B04
330
22
100
AcDbEntity
  8
B.Cu
  6
CONTINUOUS
100
AcDbLine
 10
5.3055770472440944
 20
-4.6524390157480315
 30
0
 11
5.3055768503937006
 21
-4.6524391338582678
 31
0
  0
LINE
  5
B05
330
22
100
AcDbEntity
  8
B.Cu
  6
CONTINUOUS
100
AcDbLine
 10
5.3055768503937006
 20
-4.6524391338582678
 30
0
 11
5.302045433070866
 21
-4.6559705511811025
 31
0
  0
LINE
  5
B06
330
22
100
AcDbEntity
  8
B.Cu
  6
CONTINUOUS
100
AcDbLine
 10
5.302045433070866
 20
-4.6559705511811025
 30
0
 11
5.3020453149606297
 21
-4.6559707480314962
 31
0
  0
LINE
  5
B07
330
22
100
AcDbEntity
  8
B.Cu
  6
CONTINUOUS
100
AcDbLine
 10
5.3020453149606297
 20
-4.6559707480314962
 30
0
 11
5.3020452755905509
 21
-4.655970787401575
 31
0
  0
LINE
  5
B08
330
22
100
AcDbEntity
  8
B.Cu
  6
CONTINUOUS
100
AcDbLine
 10
5.3020452755905509
 20
-4.655970787401575
 30
0
 11
5.3014203937007869
 21
-4.657197204724409
 31
0
  0
LINE
  5
B09
330
22
100
AcDbEntity
  8
B.Cu
  6
CONTINUOUS
100
AcDbLine
 10
5.3014203937007869
 20
-4.657197204724409
 30
0
 11
5.2997776377952759
 21
-4.6604211811023619
 31
0
  0
LINE
  5
B0A
330
22
100
AcDbEntity
  8
B.Cu
  6
CONTINUOUS
100
AcDbLine
 10
5.2997776377952759
 20
-4.6604211811023619
 30
0
 11
5.2991929133858262
 21
-4.6641131889763781
 31
0
  0
LINE
  5
B0B
330
22
100
AcDbEntity
  8
B.Cu
  6
CONTINUOUS
100
AcDbLine
 10
5.2991929133858262
 20
-4.6641131889763781
 30
0
 11
5.2991929133858262
 21
-4.7453353149606299
 31
0
  0
LINE
  5
B0C
330
22
100
AcDbEntity
  8
B.Cu
  6
CONTINUOUS
100
AcDbLine
 10
5.4767716535433069
 20
-4.7145669291338583
 30
0
 11
5.4767716535433069
 21
-4.740072598425197
 31
0
  0
LINE
  5
B0D
330
22
100
AcDbEntity
  8
B.Cu
  6
CONTINUOUS
100
AcDbLine
 10
5.4767716535433069
 20
-4.740072598425197
 30
0
 11
5.4770236614173227
 21
-4.7424162204724407
 31
0
  0
LINE
  5
B0E
330
22
100
AcDbEntity
  8
B.Cu
  6
CONTINUOUS
100
AcDbLine
 10
5.4770236614173227
 20
-4.7424162204724407
 30
0
 11
5.4770237401574802
 21
-4.742416496062992
 31
0
  0
LINE
  5
B0F
330
22
100
AcDbEntity
  8
B.Cu
  6
CONTINUOUS
100
AcDbLine
 10
5.4770237401574802
 20
-4.742416496062992
 30
0
 11
5.4790017716535431
 21
-4.7477199212598427
 31
0
  0
LINE
  5
B10
330
22
100
AcDbEntity
  8
B.Cu
  6
CONTINUOUS
100
AcDbLine
 10
5.4790017716535431
 20
-4.7477199212598427
 30
0
 11
5.4790019291338581
 21
-4.7477201968503939
 31
0
  0
LINE
  5
B11
330
22
100
AcDbEntity
  8
B.Cu
  6
CONTINUOUS
100
AcDbLine
 10
5.4790019291338581
 20
-4.7477201968503939
 30
0
 11
5.4823940551181103
 21
-4.752251456692913
 31
0
  0
LINE
  5
B12
330
22
100
AcDbEntity
  8
B.Cu
  6
CONTINUOUS
100
AcDbLine
 10
5.4823940551181103
 20
-4.752251456692913
 30
0
 11
5.4823941732283465
 21
-4.7522515748031493
 31
0
  0
LINE
  5
B13
330
22
100
AcDbEntity
  8
B.Cu
  6
CONTINUOUS
100
AcDbLine
 10
5.4823941732283465
 20
-4.7522515748031493
 30
0
 11
5.4869254330708657
 21
-4.7556437007874015
 31
0
  0
LINE
  5
B14
330
22
100
AcDbEntity
  8
B.Cu
  6
CONTINUOUS
100
AcDbLine
 10
5.4869254330708657
 20
-4.7556437007874015
 30
0
 11
5.4869257086614169
 21
-4.7556438582677165
 31
0
  0
LINE
  5
B15
330
22
100
AcDbEntity
  8
B.Cu
  6
CONTINUOUS
100
AcDbLine
 10
5.4869257086614169
 20
-4.7556438582677165
 30
0
 11
5.4922291338582676
 21
-4.7576218897637794
 31
0
  0
LINE
  5
B16
330
22
100
AcDbEntity
  8
B.Cu
  6
CONTINUOUS
100
AcDbLine
 10
5.4922291338582676
 20
-4.7576218897637794
 30
0
 11
5.4922294094488189
 21
-4.7576219685039369
 31
0
  0
LINE
  5
B17
330
22
100
AcDbEntity
  8
B.Cu
  6
CONTINUOUS
100
AcDbLine
 10
5.4922294094488189
 20
-4.7576219685039369
 30
0
 11
5.4945730314960626
 21
-4.7578739763779527
 31
0
  0
LINE
  5
B18
330
22
100
AcDbEntity
  8
B.Cu
  6
CONTINUOUS
100
AcDbLine
 10
5.4945730314960626
 20
-4.7578739763779527
 30
0
 11
5.4945737007874014
 21
-4.7578740157480315
 31
0
  0
LINE
  5
B19
330
22
100
AcDbEntity
  8
B.Cu
  6
CONTINUOUS
100
AcDbLine
 10
5.4945737007874014
 20
-4.7578740157480315
 30
0
 11
5.52007874015748
 21
-4.7578740157480315
 31
0
  0
LINE
  5
B1A
330
22
100
AcDbEntity
  8
B.Cu
  6
CONTINUOUS
100
AcDbLine
 10
5.52007874015748
 20
-4.7578740157480315
 30
0
 11
5.52007874015748
 21
-4.7381889763779528
 31
0
  0
LINE
  5
B1B
330
22
100
AcDbEntity
  8
B.Cu
  6
CONTINUOUS
100
AcDbLine
 10
5.52007874015748
 20
-4.7381889763779528
 30
0
 11
5.4964566929133856
 21
-4.7381889763779528
 31
0
  0
LINE
  5
B1C
330
22
100
AcDbEntity
  8
B.Cu
  6
CONTINUOUS
100
AcDbLine
 10
5.4964566929133856
 20
-4.7381889763779528
 30
0
 11
5.4964566929133856
 21
-4.7145669291338583
 31
0
  0
LINE
  5
B1D
330
22
100
AcDbEntity
  8
B.Cu
  6
CONTINUOUS
100
AcDbLine
 10
5.4964566929133856
 20
-4.7145669291338583
 30
0
 11
5.4767716535433069
 21
-4.7145669291338583
 31
0
  0
LINE
  5
B1E
330
22
100
AcDbEntity
  8
B.Cu
  6
CONTINUOUS
100
AcDbLine
 10
5.4922294094488189
 20
-4.6518268110236223
 30
0
 11
5.4922291338582676
 21
-4.6518268897637798
 31
0
  0
LINE
  5
B1F
330
22
100
AcDbEntity
  8
B.Cu
  6
CONTINUOUS
100
AcDbLine
 10
5.4922291338582676
 20
-4.6518268897637798
 30
0
 11
5.4869257086614169
 21
-4.6538049212598427
 31
0
  0
LINE
  5
B20
330
22
100
AcDbEntity
  8
B.Cu
  6
CONTINUOUS
100
AcDbLine
 10
5.4869257086614169
 20
-4.6538049212598427
 30
0
 11
5.4869254330708657
 21
-4.6538050787401577
 31
0
  0
LINE
  5
B21
330
22
100
AcDbEntity
  8
B.Cu
  6
CONTINUOUS
100
AcDbLine
 10
5.4869254330708657
 20
-4.6538050787401577
 30
0
 11
5.4823941732283465
 21
-4.657197204724409
 31
0
  0
LINE
  5
B22
330
22
100
AcDbEntity
  8
B.Cu
  6
CONTINUOUS
100
AcDbLine
 10
5.4823941732283465
 20
-4.657197204724409
 30
0
 11
5.4823940551181103
 21
-4.6571973228346453
 31
0
  0
LINE
  5
B23
330
22
100
AcDbEntity
  8
B.Cu
  6
CONTINUOUS
100
AcDbLine
 10
5.4823940551181103
 20
-4.6571973228346453
 30
0
 11
5.4790019291338581
 21
-4.6617285826771653
 31
0
  0
LINE
  5
B24
330
22
100
AcDbEntity
  8
B.Cu
  6
CONTINUOUS
100
AcDbLine
 10
5.4790019291338581
 20
-4.6617285826771653
 30
0
 11
5.4790017716535431
 21
-4.6617288582677165
 31
0
  0
LINE
  5
B25
330
22
100
AcDbEntity
  8
B.Cu
  6
CONTINUOUS
100
AcDbLine
 10
5.4790017716535431
 20
-4.6617288582677165
 30
0
 11
5.4770237401574802
 21
-4.6670322834645672
 31
0
  0
LINE
  5
B26
330
22
100
AcDbEntity
  8
B.Cu
  6
CONTINUOUS
100
AcDbLine
 10
5.4770237401574802
 20
-4.6670322834645672
 30
0
 11
5.4770236614173227
 21
-4.6670325590551176
 31
0
  0
LINE
  5
B27
330
22
100
AcDbEntity
  8
B.Cu
  6
CONTINUOUS
100
AcDbLine
 10
5.4770236614173227
 20
-4.6670325590551176
 30
0
 11
5.4767716535433069
 21
-4.6693761811023622
 31
0
  0
LINE
  5
B28
330
22
100
AcDbEntity
  8
B.Cu
  6
CONTINUOUS
100
AcDbLine
 10
5.4767716535433069
 20
-4.6693761811023622
 30
0
 11
5.4767716535433069
 21
-4.6948818897637796
 31
0
  0
LINE
  5
B29
330
22
100
AcDbEntity
  8
B.Cu
  6
CONTINUOUS
100
AcDbLine
 10
5.4767716535433069
 20
-4.6948818897637796
 30
0
 11
5.4964566929133856
 21
-4.6948818897637796
 31
0
  0
LINE
  5
B2A
330
22
100
AcDbEntity
  8
B.Cu
  6
CONTINUOUS
100
AcDbLine
 10
5.4964566929133856
 20
-4.6948818897637796
 30
0
 11
5.4964566929133856
 21
-4.6712598425196852
 31
0
  0
LINE
  5
B2B
330
22
100
AcDbEntity
  8
B.Cu
  6
CONTINUOUS
100
AcDbLine
 10
5.4964566929133856
 20
-4.6712598425196852
 30
0
 11
5.52007874015748
 21
-4.6712598425196852
 31
0
  0
LINE
  5
B2C
330
22
100
AcDbEntity
  8
B.Cu
  6
CONTINUOUS
100
AcDbLine
 10
5.52007874015748
 20
-4.6712598425196852
 30
0
 11
5.52007874015748
 21
-4.6515748031496065
 31
0
  0
LINE
  5
B2D
330
22
100
AcDbEntity
  8
B.Cu
  6
CONTINUOUS
100
AcDbLine
 10
5.52007874015748
 20
-4.6515748031496065
 30
0
 11
5.4945730314960626
 21
-4.6515748031496065
 31
0
  0
LINE
  5
B2E
330
22
100
AcDbEntity
  8
B.Cu
  6
CONTINUOUS
100
AcDbLine
 10
5.4945730314960626
 20
-4.6515748031496065
 30
0
 11
5.4922294094488189
 21
-4.6518268110236223
 31
0
  0
LINE
  5
B2F
330
22
100
AcDbEntity
  8
B.Cu
  6
CONTINUOUS
100
AcDbLine
 10
6.1370430314960629
 20
-4.6741203937007869
 30
0
 11
6.1403081889763778
 21
-4.6764926771653546
 31
0
  0
LINE
  5
B30
330
22
100
AcDbEntity
  8
B.Cu
  6
CONTINUOUS
100
AcDbLine
 10
6.1403081889763778
 20
-4.6764926771653546
 30
0
 11
6.1485904330708658
 21
-4.6807126771653547
 31
0
  0
LINE
  5
B31
330
22
100
AcDbEntity
  8
B.Cu
  6
CONTINUOUS
100
AcDbLine
 10
6.1485904330708658
 20
-4.6807126771653547
 30
0
 11
6.1574311811023623
 21
-4.6835852362204724
 31
0
  0
LINE
  5
B32
330
22
100
AcDbEntity
  8
B.Cu
  6
CONTINUOUS
100
AcDbLine
 10
6.1574311811023623
 20
-4.6835852362204724
 30
0
 11
6.1574311417322836
 21
-4.6835852362204724
 31
0
  0
LINE
  5
B33
330
22
100
AcDbEntity
  8
B.Cu
  6
CONTINUOUS
100
AcDbLine
 10
6.1574311417322836
 20
-4.6835852362204724
 30
0
 11
6.1666121259842521
 21
-4.6850393700787398
 31
0
  0
LINE
  5
B34
330
22
100
AcDbEntity
  8
B.Cu
  6
CONTINUOUS
100
AcDbLine
 10
6.1666121259842521
 20
-4.6850393700787398
 30
0
 11
6.1759075590551182
 21
-4.6850393700787398
 31
0
  0
LINE
  5
B35
330
22
100
AcDbEntity
  8
B.Cu
  6
CONTINUOUS
100
AcDbLine
 10
6.1759075590551182
 20
-4.6850393700787398
 30
0
 11
6.1850884645669293
 21
-4.6835852362204724
 31
0
  0
LINE
  5
B36
330
22
100
AcDbEntity
  8
B.Cu
  6
CONTINUOUS
100
AcDbLine
 10
6.1850884645669293
 20
-4.6835852362204724
 30
0
 11
6.1939292125984249
 21
-4.6807126771653547
 31
0
  0
LINE
  5
B37
330
22
100
AcDbEntity
  8
B.Cu
  6
CONTINUOUS
100
AcDbLine
 10
6.1939292125984249
 20
-4.6807126771653547
 30
0
 11
6.2022111417322829
 21
-4.6764928346456696
 31
0
  0
LINE
  5
B38
330
22
100
AcDbEntity
  8
B.Cu
  6
CONTINUOUS
100
AcDbLine
 10
6.2022111417322829
 20
-4.6764928346456696
 30
0
 11
6.2022113779527555
 21
-4.6764926771653546
 31
0
  0
LINE
  5
B39
330
22
100
AcDbEntity
  8
B.Cu
  6
CONTINUOUS
100
AcDbLine
 10
6.2022113779527555
 20
-4.6764926771653546
 30
0
 11
6.2054765354330703
 21
-4.6741203937007869
 31
0
  0
LINE
  5
B3A
330
22
100
AcDbEntity
  8
B.Cu
  6
CONTINUOUS
100
AcDbLine
 10
6.2054765354330703
 20
-4.6741203937007869
 30
0
 11
6.2054765748031491
 21
-4.6741203937007869
 31
0
  0
LINE
  5
B3B
330
22
100
AcDbEntity
  8
B.Cu
  6
CONTINUOUS
100
AcDbLine
 10
6.2054765748031491
 20
-4.6741203937007869
 30
0
 11
6.1911633070866143
 21
-4.6598071259842522
 31
0
  0
LINE
  5
B3C
330
22
100
AcDbEntity
  8
B.Cu
  6
CONTINUOUS
100
AcDbLine
 10
6.1911633070866143
 20
-4.6598071259842522
 30
0
 11
6.1898187795275588
 21
-4.6607055511811026
 31
0
  0
LINE
  5
B3D
330
22
100
AcDbEntity
  8
B.Cu
  6
CONTINUOUS
100
AcDbLine
 10
6.1898187795275588
 20
-4.6607055511811026
 30
0
 11
6.1826883858267712
 21
-4.6636590551181101
 31
0
  0
LINE
  5
B3E
330
22
100
AcDbEntity
  8
B.Cu
  6
CONTINUOUS
100
AcDbLine
 10
6.1826883858267712
 20
-4.6636590551181101
 30
0
 11
6.1751187795275593
 21
-4.6651647637795275
 31
0
  0
LINE
  5
B3F
330
22
100
AcDbEntity
  8
B.Cu
  6
CONTINUOUS
100
AcDbLine
 10
6.1751187795275593
 20
-4.6651647637795275
 30
0
 11
6.1674009055118111
 21
-4.6651647637795275
 31
0
  0
LINE
  5
B40
330
22
100
AcDbEntity
  8
B.Cu
  6
CONTINUOUS
100
AcDbLine
 10
6.1674009055118111
 20
-4.6651647637795275
 30
0
 11
6.1598312992125983
 21
-4.6636590551181101
 31
0
  0
LINE
  5
B41
330
22
100
AcDbEntity
  8
B.Cu
  6
CONTINUOUS
100
AcDbLine
 10
6.1598312992125983
 20
-4.6636590551181101
 30
0
 11
6.1527009055118107
 21
-4.6607055511811026
 31
0
  0
LINE
  5
B42
330
22
100
AcDbEntity
  8
B.Cu
  6
CONTINUOUS
100
AcDbLine
 10
6.1527009055118107
 20
-4.6607055511811026
 30
0
 11
6.1513562992125985
 21
-4.6598070866141734
 31
0
  0
LINE
  5
B43
330
22
100
AcDbEntity
  8
B.Cu
  6
CONTINUOUS
100
AcDbLine
 10
6.1513562992125985
 20
-4.6598070866141734
 30
0
 11
6.1370430314960629
 21
-4.6741203937007869
 31
0
  0
LINE
  5
B44
330
22
100
AcDbEntity
  8
B.Cu
  6
CONTINUOUS
100
AcDbLine
 10
6.3929485433070861
 20
-4.6741203937007869
 30
0
 11
6.3962137007874018
 21
-4.6764926771653546
 31
0
  0
LINE
  5
B45
330
22
100
AcDbEntity
  8
B.Cu
  6
CONTINUOUS
100
AcDbLine
 10
6.3962137007874018
 20
-4.6764926771653546
 30
0
 11
6.4044959448818899
 21
-4.6807126771653547
 31
0
  0
LINE
  5
B46
330
22
100
AcDbEntity
  8
B.Cu
  6
CONTINUOUS
100
AcDbLine
 10
6.4044959448818899
 20
-4.6807126771653547
 30
0
 11
6.4133366929133855
 21
-4.6835852362204724
 31
0
  0
LINE
  5
B47
330
22
100
AcDbEntity
  8
B.Cu
  6
CONTINUOUS
100
AcDbLine
 10
6.4133366929133855
 20
-4.6835852362204724
 30
0
 11
6.4133366535433067
 21
-4.6835852362204724
 31
0
  0
LINE
  5
B48
330
22
100
AcDbEntity
  8
B.Cu
  6
CONTINUOUS
100
AcDbLine
 10
6.4133366535433067
 20
-4.6835852362204724
 30
0
 11
6.4225176377952753
 21
-4.6850393700787398
 31
0
  0
LINE
  5
B49
330
22
100
AcDbEntity
  8
B.Cu
  6
CONTINUOUS
100
AcDbLine
 10
6.4225176377952753
 20
-4.6850393700787398
 30
0
 11
6.4318130708661414
 21
-4.6850393700787398
 31
0
  0
LINE
  5
B4A
330
22
100
AcDbEntity
  8
B.Cu
  6
CONTINUOUS
100
AcDbLine
 10
6.4318130708661414
 20
-4.6850393700787398
 30
0
 11
6.4409939763779525
 21
-4.6835852362204724
 31
0
  0
LINE
  5
B4B
330
22
100
AcDbEntity
  8
B.Cu
  6
CONTINUOUS
100
AcDbLine
 10
6.4409939763779525
 20
-4.6835852362204724
 30
0
 11
6.4498347244094489
 21
-4.6807126771653547
 31
0
  0
LINE
  5
B4C
330
22
100
AcDbEntity
  8
B.Cu
  6
CONTINUOUS
100
AcDbLine
 10
6.4498347244094489
 20
-4.6807126771653547
 30
0
 11
6.458116653543307
 21
-4.6764928346456696
 31
0
  0
LINE
  5
B4D
330
22
100
AcDbEntity
  8
B.Cu
  6
CONTINUOUS
100
AcDbLine
 10
6.458116653543307
 20
-4.6764928346456696
 30
0
 11
6.4581168897637795
 21
-4.6764926771653546
 31
0
  0
LINE
  5
B4E
330
22
100
AcDbEntity
  8
B.Cu
  6
CONTINUOUS
100
AcDbLine
 10
6.4581168897637795
 20
-4.6764926771653546
 30
0
 11
6.4613820472440944
 21
-4.6741203937007869
 31
0
  0
LINE
  5
B4F
330
22
100
AcDbEntity
  8
B.Cu
  6
CONTINUOUS
100
AcDbLine
 10
6.4613820472440944
 20
-4.6741203937007869
 30
0
 11
6.4613820866141731
 21
-4.6741203937007869
 31
0
  0
LINE
  5
B50
330
22
100
AcDbEntity
  8
B.Cu
  6
CONTINUOUS
100
AcDbLine
 10
6.4613820866141731
 20
-4.6741203937007869
 30
0
 11
6.4470688188976375
 21
-4.6598071259842522
 31
0
  0
LINE
  5
B51
330
22
100
AcDbEntity
  8
B.Cu
  6
CONTINUOUS
100
AcDbLine
 10
6.4470688188976375
 20
-4.6598071259842522
 30
0
 11
6.4457242913385828
 21
-4.6607055511811026
 31
0
  0
LINE
  5
B52
330
22
100
AcDbEntity
  8
B.Cu
  6
CONTINUOUS
100
AcDbLine
 10
6.4457242913385828
 20
-4.6607055511811026
 30
0
 11
6.4385938976377952
 21
-4.6636590551181101
 31
0
  0
LINE
  5
B53
330
22
100
AcDbEntity
  8
B.Cu
  6
CONTINUOUS
100
AcDbLine
 10
6.4385938976377952
 20
-4.6636590551181101
 30
0
 11
6.4310242913385824
 21
-4.6651647637795275
 31
0
  0
LINE
  5
B54
330
22
100
AcDbEntity
  8
B.Cu
  6
CONTINUOUS
100
AcDbLine
 10
6.4310242913385824
 20
-4.6651647637795275
 30
0
 11
6.4233064173228342
 21
-4.6651647637795275
 31
0
  0
LINE
  5
B55
330
22
100
AcDbEntity
  8
B.Cu
  6
CONTINUOUS
100
AcDbLine
 10
6.4233064173228342
 20
-4.6651647637795275
 30
0
 11
6.4157368110236215
 21
-4.6636590551181101
 31
0
  0
LINE
  5
B56
330
22
100
AcDbEntity
  8
B.Cu
  6
CONTINUOUS
100
AcDbLine
 10
6.4157368110236215
 20
-4.6636590551181101
 30
0
 11
6.4086064173228348
 21
-4.6607055511811026
 31
0
  0
LINE
  5
B57
330
22
100
AcDbEntity
  8
B.Cu
  6
CONTINUOUS
100
AcDbLine
 10
6.4086064173228348
 20
-4.6607055511811026
 30
0
 11
6.4072618110236217
 21
-4.6598070866141734
 31
0
  0
LINE
  5
B58
330
22
100
AcDbEntity
  8
B.Cu
  6
CONTINUOUS
100
AcDbLine
 10
6.4072618110236217
 20
-4.6598070866141734
 30
0
 11
6.3929485433070861
 21
-4.6741203937007869
 31
0
  0
LINE
  5
B59
330
22
100
AcDbEntity
  8
B.Cu
  6
CONTINUOUS
100
AcDbLine
 10
6.205082677165354
 20
-4.6060807086614171
 30
0
 11
6.2059811417322832
 21
-4.6074253149606301
 31
0
  0
LINE
  5
B5A
330
22
100
AcDbEntity
  8
B.Cu
  6
CONTINUOUS
100
AcDbLine
 10
6.2059811417322832
 20
-4.6074253149606301
 30
0
 11
6.2089346456692915
 21
-4.6145557086614168
 31
0
  0
LINE
  5
B5B
330
22
100
AcDbEntity
  8
B.Cu
  6
CONTINUOUS
100
AcDbLine
 10
6.2089346456692915
 20
-4.6145557086614168
 30
0
 11
6.210440354330709
 21
-4.6221253149606296
 31
0
  0
LINE
  5
B5C
330
22
100
AcDbEntity
  8
B.Cu
  6
CONTINUOUS
100
AcDbLine
 10
6.210440354330709
 20
-4.6221253149606296
 30
0
 11
6.210440354330709
 21
-4.6298431889763778
 31
0
  0
LINE
  5
B5D
330
22
100
AcDbEntity
  8
B.Cu
  6
CONTINUOUS
100
AcDbLine
 10
6.210440354330709
 20
-4.6298431889763778
 30
0
 11
6.2089346456692915
 21
-4.6374127952755906
 31
0
  0
LINE
  5
B5E
330
22
100
AcDbEntity
  8
B.Cu
  6
CONTINUOUS
100
AcDbLine
 10
6.2089346456692915
 20
-4.6374127952755906
 30
0
 11
6.2059811417322832
 21
-4.6445431889763782
 31
0
  0
LINE
  5
B5F
330
22
100
AcDbEntity
  8
B.Cu
  6
CONTINUOUS
100
AcDbLine
 10
6.2059811417322832
 20
-4.6445431889763782
 30
0
 11
6.2050827165354328
 21
-4.6458877165354329
 31
0
  0
LINE
  5
B60
330
22
100
AcDbEntity
  8
B.Cu
  6
CONTINUOUS
100
AcDbLine
 10
6.2050827165354328
 20
-4.6458877165354329
 30
0
 11
6.2193959842519684
 21
-4.6602009842519685
 31
0
  0
LINE
  5
B61
330
22
100
AcDbEntity
  8
B.Cu
  6
CONTINUOUS
100
AcDbLine
 10
6.2193959842519684
 20
-4.6602009842519685
 30
0
 11
6.2193959842519684
 21
-4.6602009448818897
 31
0
  0
LINE
  5
B62
330
22
100
AcDbEntity
  8
B.Cu
  6
CONTINUOUS
100
AcDbLine
 10
6.2193959842519684
 20
-4.6602009448818897
 30
0
 11
6.2217682677165351
 21
-4.6569357874015749
 31
0
  0
LINE
  5
B63
330
22
100
AcDbEntity
  8
B.Cu
  6
CONTINUOUS
100
AcDbLine
 10
6.2217682677165351
 20
-4.6569357874015749
 30
0
 11
6.2217684251968501
 21
-4.6569355511811024
 31
0
  0
LINE
  5
B64
330
22
100
AcDbEntity
  8
B.Cu
  6
CONTINUOUS
100
AcDbLine
 10
6.2217684251968501
 20
-4.6569355511811024
 30
0
 11
6.2259882677165352
 21
-4.6486536220472443
 31
0
  0
LINE
  5
B65
330
22
100
AcDbEntity
  8
B.Cu
  6
CONTINUOUS
100
AcDbLine
 10
6.2259882677165352
 20
-4.6486536220472443
 30
0
 11
6.228860826771653
 21
-4.6398128740157478
 31
0
  0
LINE
  5
B66
330
22
100
AcDbEntity
  8
B.Cu
  6
CONTINUOUS
100
AcDbLine
 10
6.228860826771653
 20
-4.6398128740157478
 30
0
 11
6.2303149606299213
 21
-4.6306319685039368
 31
0
  0
LINE
  5
B67
330
22
100
AcDbEntity
  8
B.Cu
  6
CONTINUOUS
100
AcDbLine
 10
6.2303149606299213
 20
-4.6306319685039368
 30
0
 11
6.2303149606299213
 21
-4.6213364960629919
 31
0
  0
LINE
  5
B68
330
22
100
AcDbEntity
  8
B.Cu
  6
CONTINUOUS
100
AcDbLine
 10
6.2303149606299213
 20
-4.6213364960629919
 30
0
 11
6.228860826771653
 21
-4.6121555905511809
 31
0
  0
LINE
  5
B69
330
22
100
AcDbEntity
  8
B.Cu
  6
CONTINUOUS
100
AcDbLine
 10
6.228860826771653
 20
-4.6121555905511809
 30
0
 11
6.2259882677165352
 21
-4.6033148425196853
 31
0
  0
LINE
  5
B6A
330
22
100
AcDbEntity
  8
B.Cu
  6
CONTINUOUS
100
AcDbLine
 10
6.2259882677165352
 20
-4.6033148425196853
 30
0
 11
6.2217682677165351
 21
-4.5950325984251972
 31
0
  0
LINE
  5
B6B
330
22
100
AcDbEntity
  8
B.Cu
  6
CONTINUOUS
100
AcDbLine
 10
6.2217682677165351
 20
-4.5950325984251972
 30
0
 11
6.2193959842519684
 21
-4.5917674803149602
 31
0
  0
LINE
  5
B6C
330
22
100
AcDbEntity
  8
B.Cu
  6
CONTINUOUS
100
AcDbLine
 10
6.2193959842519684
 20
-4.5917674803149602
 30
0
 11
6.2193959842519684
 21
-4.5917674409448814
 31
0
  0
LINE
  5
B6D
330
22
100
AcDbEntity
  8
B.Cu
  6
CONTINUOUS
100
AcDbLine
 10
6.2193959842519684
 20
-4.5917674409448814
 30
0
 11
6.205082677165354
 21
-4.6060807086614171
 31
0
  0
LINE
  5
B6E
330
22
100
AcDbEntity
  8
B.Cu
  6
CONTINUOUS
100
AcDbLine
 10
6.4609881889763781
 20
-4.6060807086614171
 30
0
 11
6.4618866535433073
 21
-4.6074253149606301
 31
0
  0
LINE
  5
B6F
330
22
100
AcDbEntity
  8
B.Cu
  6
CONTINUOUS
100
AcDbLine
 10
6.4618866535433073
 20
-4.6074253149606301
 30
0
 11
6.4648401574803147
 21
-4.6145557086614168
 31
0
  0
LINE
  5
B70
330
22
100
AcDbEntity
  8
B.Cu
  6
CONTINUOUS
100
AcDbLine
 10
6.4648401574803147
 20
-4.6145557086614168
 30
0
 11
6.4663458661417321
 21
-4.6221253149606296
 31
0
  0
LINE
  5
B71
330
22
100
AcDbEntity
  8
B.Cu
  6
CONTINUOUS
100
AcDbLine
 10
6.4663458661417321
 20
-4.6221253149606296
 30
0
 11
6.4663458661417321
 21
-4.6298431889763778
 31
0
  0
LINE
  5
B72
330
22
100
AcDbEntity
  8
B.Cu
  6
CONTINUOUS
100
AcDbLine
 10
6.4663458661417321
 20
-4.6298431889763778
 30
0
 11
6.4648401574803147
 21
-4.6374127952755906
 31
0
  0
LINE
  5
B73
330
22
100
AcDbEntity
  8
B.Cu
  6
CONTINUOUS
100
AcDbLine
 10
6.4648401574803147
 20
-4.6374127952755906
 30
0
 11
6.4618866535433073
 21
-4.6445431889763782
 31
0
  0
LINE
  5
B74
330
22
100
AcDbEntity
  8
B.Cu
  6
CONTINUOUS
100
AcDbLine
 10
6.4618866535433073
 20
-4.6445431889763782
 30
0
 11
6.4609882283464568
 21
-4.6458877165354329
 31
0
  0
LINE
  5
B75
330
22
100
AcDbEntity
  8
B.Cu
  6
CONTINUOUS
100
AcDbLine
 10
6.4609882283464568
 20
-4.6458877165354329
 30
0
 11
6.4753014960629915
 21
-4.6602009842519685
 31
0
  0
LINE
  5
B76
330
22
100
AcDbEntity
  8
B.Cu
  6
CONTINUOUS
100
AcDbLine
 10
6.4753014960629915
 20
-4.6602009842519685
 30
0
 11
6.4753014960629915
 21
-4.6602009448818897
 31
0
  0
LINE
  5
B77
330
22
100
AcDbEntity
  8
B.Cu
  6
CONTINUOUS
100
AcDbLine
 10
6.4753014960629915
 20
-4.6602009448818897
 30
0
 11
6.4776737795275592
 21
-4.6569357874015749
 31
0
  0
LINE
  5
B78
330
22
100
AcDbEntity
  8
B.Cu
  6
CONTINUOUS
100
AcDbLine
 10
6.4776737795275592
 20
-4.6569357874015749
 30
0
 11
6.4776739370078742
 21
-4.6569355511811024
 31
0
  0
LINE
  5
B79
330
22
100
AcDbEntity
  8
B.Cu
  6
CONTINUOUS
100
AcDbLine
 10
6.4776739370078742
 20
-4.6569355511811024
 30
0
 11
6.4818937795275593
 21
-4.6486536220472443
 31
0
  0
LINE
  5
B7A
330
22
100
AcDbEntity
  8
B.Cu
  6
CONTINUOUS
100
AcDbLine
 10
6.4818937795275593
 20
-4.6486536220472443
 30
0
 11
6.484766338582677
 21
-4.6398128740157478
 31
0
  0
LINE
  5
B7B
330
22
100
AcDbEntity
  8
B.Cu
  6
CONTINUOUS
100
AcDbLine
 10
6.484766338582677
 20
-4.6398128740157478
 30
0
 11
6.4862204724409445
 21
-4.6306319685039368
 31
0
  0
LINE
  5
B7C
330
22
100
AcDbEntity
  8
B.Cu
  6
CONTINUOUS
100
AcDbLine
 10
6.4862204724409445
 20
-4.6306319685039368
 30
0
 11
6.4862204724409445
 21
-4.6213364960629919
 31
0
  0
LINE
  5
B7D
330
22
100
AcDbEntity
  8
B.Cu
  6
CONTINUOUS
100
AcDbLine
 10
6.4862204724409445
 20
-4.6213364960629919
 30
0
 11
6.484766338582677
 21
-4.6121555905511809
 31
0
  0
LINE
  5
B7E
330
22
100
AcDbEntity
  8
B.Cu
  6
CONTINUOUS
100
AcDbLine
 10
6.484766338582677
 20
-4.6121555905511809
 30
0
 11
6.4818937795275593
 21
-4.6033148425196853
 31
0
  0
LINE
  5
B7F
330
22
100
AcDbEntity
  8
B.Cu
  6
CONTINUOUS
100
AcDbLine
 10
6.4818937795275593
 20
-4.6033148425196853
 30
0
 11
6.4776737795275592
 21
-4.5950325984251972
 31
0
  0
LINE
  5
B80
330
22
100
AcDbEntity
  8
B.Cu
  6
CONTINUOUS
100
AcDbLine
 10
6.4776737795275592
 20
-4.5950325984251972
 30
0
 11
6.4753014960629915
 21
-4.5917674803149602
 31
0
  0
LINE
  5
B81
330
22
100
AcDbEntity
  8
B.Cu
  6
CONTINUOUS
100
AcDbLine
 10
6.4753014960629915
 20
-4.5917674803149602
 30
0
 11
6.4753014960629915
 21
-4.5917674409448814
 31
0
  0
LINE
  5
B82
330
22
100
AcDbEntity
  8
B.Cu
  6
CONTINUOUS
100
AcDbLine
 10
6.4753014960629915
 20
-4.5917674409448814
 30
0
 11
6.4609881889763781
 21
-4.6060807086614171
 31
0
  0
LINE
  5
B83
330
22
100
AcDbEntity
  8
B.Cu
  6
CONTINUOUS
100
AcDbLine
 10
6.1574311811023623
 20
-4.5683832283464563
 30
0
 11
6.1485904330708658
 21
-4.5712557874015749
 31
0
  0
LINE
  5
B84
330
22
100
AcDbEntity
  8
B.Cu
  6
CONTINUOUS
100
AcDbLine
 10
6.1485904330708658
 20
-4.5712557874015749
 30
0
 11
6.1403082677165353
 21
-4.5754757480314963
 31
0
  0
LINE
  5
B85
330
22
100
AcDbEntity
  8
B.Cu
  6
CONTINUOUS
100
AcDbLine
 10
6.1403082677165353
 20
-4.5754757480314963
 30
0
 11
6.1370430708661416
 21
-4.577848031496063
 31
0
  0
LINE
  5
B86
330
22
100
AcDbEntity
  8
B.Cu
  6
CONTINUOUS
100
AcDbLine
 10
6.1370430708661416
 20
-4.577848031496063
 30
0
 11
6.151356377952756
 21
-4.5921613385826774
 31
0
  0
LINE
  5
B87
330
22
100
AcDbEntity
  8
B.Cu
  6
CONTINUOUS
100
AcDbLine
 10
6.151356377952756
 20
-4.5921613385826774
 30
0
 11
6.1527009055118107
 21
-4.5912629527559057
 31
0
  0
LINE
  5
B88
330
22
100
AcDbEntity
  8
B.Cu
  6
CONTINUOUS
100
AcDbLine
 10
6.1527009055118107
 20
-4.5912629527559057
 30
0
 11
6.1598312992125983
 21
-4.5883094488188974
 31
0
  0
LINE
  5
B89
330
22
100
AcDbEntity
  8
B.Cu
  6
CONTINUOUS
100
AcDbLine
 10
6.1598312992125983
 20
-4.5883094488188974
 30
0
 11
6.1674009055118111
 21
-4.5868037401574799
 31
0
  0
LINE
  5
B8A
330
22
100
AcDbEntity
  8
B.Cu
  6
CONTINUOUS
100
AcDbLine
 10
6.1674009055118111
 20
-4.5868037401574799
 30
0
 11
6.1751187795275593
 21
-4.5868037401574799
 31
0
  0
LINE
  5
B8B
330
22
100
AcDbEntity
  8
B.Cu
  6
CONTINUOUS
100
AcDbLine
 10
6.1751187795275593
 20
-4.5868037401574799
 30
0
 11
6.1826883858267712
 21
-4.5883094488188974
 31
0
  0
LINE
  5
B8C
330
22
100
AcDbEntity
  8
B.Cu
  6
CONTINUOUS
100
AcDbLine
 10
6.1826883858267712
 20
-4.5883094488188974
 30
0
 11
6.1898187795275588
 21
-4.5912629527559057
 31
0
  0
LINE
  5
B8D
330
22
100
AcDbEntity
  8
B.Cu
  6
CONTINUOUS
100
AcDbLine
 10
6.1898187795275588
 20
-4.5912629527559057
 30
0
 11
6.1911632677165356
 21
-4.5921612992125986
 31
0
  0
LINE
  5
B8E
330
22
100
AcDbEntity
  8
B.Cu
  6
CONTINUOUS
100
AcDbLine
 10
6.1911632677165356
 20
-4.5921612992125986
 30
0
 11
6.2054765748031491
 21
-4.577848031496063
 31
0
  0
LINE
  5
B8F
330
22
100
AcDbEntity
  8
B.Cu
  6
CONTINUOUS
100
AcDbLine
 10
6.2054765748031491
 20
-4.577848031496063
 30
0
 11
6.2054765354330703
 21
-4.5778479921259843
 31
0
  0
LINE
  5
B90
330
22
100
AcDbEntity
  8
B.Cu
  6
CONTINUOUS
100
AcDbLine
 10
6.2054765354330703
 20
-4.5778479921259843
 30
0
 11
6.2022115748031492
 21
-4.5754758661417325
 31
0
  0
LINE
  5
B91
330
22
100
AcDbEntity
  8
B.Cu
  6
CONTINUOUS
100
AcDbLine
 10
6.2022115748031492
 20
-4.5754758661417325
 30
0
 11
6.1939292125984249
 21
-4.5712557874015749
 31
0
  0
LINE
  5
B92
330
22
100
AcDbEntity
  8
B.Cu
  6
CONTINUOUS
100
AcDbLine
 10
6.1939292125984249
 20
-4.5712557874015749
 30
0
 11
6.1850884645669293
 21
-4.5683832283464563
 31
0
  0
LINE
  5
B93
330
22
100
AcDbEntity
  8
B.Cu
  6
CONTINUOUS
100
AcDbLine
 10
6.1850884645669293
 20
-4.5683832283464563
 30
0
 11
6.185088503937008
 21
-4.5683832283464563
 31
0
  0
LINE
  5
B94
330
22
100
AcDbEntity
  8
B.Cu
  6
CONTINUOUS
100
AcDbLine
 10
6.185088503937008
 20
-4.5683832283464563
 30
0
 11
6.1759075590551182
 21
-4.5669291338582676
 31
0
  0
LINE
  5
B95
330
22
100
AcDbEntity
  8
B.Cu
  6
CONTINUOUS
100
AcDbLine
 10
6.1759075590551182
 20
-4.5669291338582676
 30
0
 11
6.1666121259842521
 21
-4.5669291338582676
 31
0
  0
LINE
  5
B96
330
22
100
AcDbEntity
  8
B.Cu
  6
CONTINUOUS
100
AcDbLine
 10
6.1666121259842521
 20
-4.5669291338582676
 30
0
 11
6.1574311811023623
 21
-4.5683832283464563
 31
0
  0
LINE
  5
B97
330
22
100
AcDbEntity
  8
B.Cu
  6
CONTINUOUS
100
AcDbLine
 10
6.4133366929133855
 20
-4.5683832283464563
 30
0
 11
6.4044959448818899
 21
-4.5712557874015749
 31
0
  0
LINE
  5
B98
330
22
100
AcDbEntity
  8
B.Cu
  6
CONTINUOUS
100
AcDbLine
 10
6.4044959448818899
 20
-4.5712557874015749
 30
0
 11
6.3962137795275593
 21
-4.5754757480314963
 31
0
  0
LINE
  5
B99
330
22
100
AcDbEntity
  8
B.Cu
  6
CONTINUOUS
100
AcDbLine
 10
6.3962137795275593
 20
-4.5754757480314963
 30
0
 11
6.3929485826771648
 21
-4.577848031496063
 31
0
  0
LINE
  5
B9A
330
22
100
AcDbEntity
  8
B.Cu
  6
CONTINUOUS
100
AcDbLine
 10
6.3929485826771648
 20
-4.577848031496063
 30
0
 11
6.4072618897637792
 21
-4.5921613385826774
 31
0
  0
LINE
  5
B9B
330
22
100
AcDbEntity
  8
B.Cu
  6
CONTINUOUS
100
AcDbLine
 10
6.4072618897637792
 20
-4.5921613385826774
 30
0
 11
6.4086064173228348
 21
-4.5912629527559057
 31
0
  0
LINE
  5
B9C
330
22
100
AcDbEntity
  8
B.Cu
  6
CONTINUOUS
100
AcDbLine
 10
6.4086064173228348
 20
-4.5912629527559057
 30
0
 11
6.4157368110236215
 21
-4.5883094488188974
 31
0
  0
LINE
  5
B9D
330
22
100
AcDbEntity
  8
B.Cu
  6
CONTINUOUS
100
AcDbLine
 10
6.4157368110236215
 20
-4.5883094488188974
 30
0
 11
6.4233064173228342
 21
-4.5868037401574799
 31
0
  0
LINE
  5
B9E
330
22
100
AcDbEntity
  8
B.Cu
  6
CONTINUOUS
100
AcDbLine
 10
6.4233064173228342
 20
-4.5868037401574799
 30
0
 11
6.4310242913385824
 21
-4.5868037401574799
 31
0
  0
LINE
  5
B9F
330
22
100
AcDbEntity
  8
B.Cu
  6
CONTINUOUS
100
AcDbLine
 10
6.4310242913385824
 20
-4.5868037401574799
 30
0
 11
6.4385938976377952
 21
-4.5883094488188974
 31
0
  0
LINE
  5
BA0
330
22
100
AcDbEntity
  8
B.Cu
  6
CONTINUOUS
100
AcDbLine
 10
6.4385938976377952
 20
-4.5883094488188974
 30
0
 11
6.4457242913385828
 21
-4.5912629527559057
 31
0
  0
LINE
  5
BA1
330
22
100
AcDbEntity
  8
B.Cu
  6
CONTINUOUS
100
AcDbLine
 10
6.4457242913385828
 20
-4.5912629527559057
 30
0
 11
6.4470687795275587
 21
-4.5921612992125986
 31
0
  0
LINE
  5
BA2
330
22
100
AcDbEntity
  8
B.Cu
  6
CONTINUOUS
100
AcDbLine
 10
6.4470687795275587
 20
-4.5921612992125986
 30
0
 11
6.4613820866141731
 21
-4.577848031496063
 31
0
  0
LINE
  5
BA3
330
22
100
AcDbEntity
  8
B.Cu
  6
CONTINUOUS
100
AcDbLine
 10
6.4613820866141731
 20
-4.577848031496063
 30
0
 11
6.4613820472440944
 21
-4.5778479527559055
 31
0
  0
LINE
  5
BA4
330
22
100
AcDbEntity
  8
B.Cu
  6
CONTINUOUS
100
AcDbLine
 10
6.4613820472440944
 20
-4.5778479527559055
 30
0
 11
6.4581170866141733
 21
-4.5754758661417325
 31
0
  0
LINE
  5
BA5
330
22
100
AcDbEntity
  8
B.Cu
  6
CONTINUOUS
100
AcDbLine
 10
6.4581170866141733
 20
-4.5754758661417325
 30
0
 11
6.4498347244094489
 21
-4.5712557874015749
 31
0
  0
LINE
  5
BA6
330
22
100
AcDbEntity
  8
B.Cu
  6
CONTINUOUS
100
AcDbLine
 10
6.4498347244094489
 20
-4.5712557874015749
 30
0
 11
6.4409939763779525
 21
-4.5683832283464563
 31
0
  0
LINE
  5
BA7
330
22
100
AcDbEntity
  8
B.Cu
  6
CONTINUOUS
100
AcDbLine
 10
6.4409939763779525
 20
-4.5683832283464563
 30
0
 11
6.4409940157480312
 21
-4.5683832283464563
 31
0
  0
LINE
  5
BA8
330
22
100
AcDbEntity
  8
B.Cu
  6
CONTINUOUS
100
AcDbLine
 10
6.4409940157480312
 20
-4.5683832283464563
 30
0
 11
6.4318130708661414
 21
-4.5669291338582676
 31
0
  0
LINE
  5
BA9
330
22
100
AcDbEntity
  8
B.Cu
  6
CONTINUOUS
100
AcDbLine
 10
6.4318130708661414
 20
-4.5669291338582676
 30
0
 11
6.4225176377952753
 21
-4.5669291338582676
 31
0
  0
LINE
  5
BAA
330
22
100
AcDbEntity
  8
B.Cu
  6
CONTINUOUS
100
AcDbLine
 10
6.4225176377952753
 20
-4.5669291338582676
 30
0
 11
6.4133366929133855
 21
-4.5683832283464563
 31
0
  0
LINE
  5
BAB
330
22
100
AcDbEntity
  8
B.Cu
  6
CONTINUOUS
100
AcDbLine
 10
5.6334847637795278
 20
-3.8107495669291338
 30
0
 11
5.6355576377952756
 21
-3.8121346456692913
 31
0
  0
LINE
  5
BAC
330
22
100
AcDbEntity
  8
B.Cu
  6
CONTINUOUS
100
AcDbLine
 10
5.6355576377952756
 20
-3.8121346456692913
 30
0
 11
5.6355577559055119
 21
-3.8121347244094488
 31
0
  0
LINE
  5
BAD
330
22
100
AcDbEntity
  8
B.Cu
  6
CONTINUOUS
100
AcDbLine
 10
5.6355577559055119
 20
-3.8121347244094488
 30
0
 11
5.6432240944881888
 21
-3.8153101968503935
 31
0
  0
LINE
  5
BAE
330
22
100
AcDbEntity
  8
B.Cu
  6
CONTINUOUS
100
AcDbLine
 10
5.6432240944881888
 20
-3.8153101968503935
 30
0
 11
5.6432243307086614
 21
-3.815310275590551
 31
0
  0
LINE
  5
BAF
330
22
100
AcDbEntity
  8
B.Cu
  6
CONTINUOUS
100
AcDbLine
 10
5.6432243307086614
 20
-3.815310275590551
 30
0
 11
5.651362637795275
 21
-3.8169291338582676
 31
0
  0
LINE
  5
BB0
330
22
100
AcDbEntity
  8
B.Cu
  6
CONTINUOUS
100
AcDbLine
 10
5.651362637795275
 20
-3.8169291338582676
 30
0
 11
5.6596609448818898
 21
-3.8169291338582676
 31
0
  0
LINE
  5
BB1
330
22
100
AcDbEntity
  8
B.Cu
  6
CONTINUOUS
100
AcDbLine
 10
5.6596609448818898
 20
-3.8169291338582676
 30
0
 11
5.6677992519685034
 21
-3.815310275590551
 31
0
  0
LINE
  5
BB2
330
22
100
AcDbEntity
  8
B.Cu
  6
CONTINUOUS
100
AcDbLine
 10
5.6677992519685034
 20
-3.815310275590551
 30
0
 11
5.6677994881889759
 21
-3.8153101968503935
 31
0
  0
LINE
  5
BB3
330
22
100
AcDbEntity
  8
B.Cu
  6
CONTINUOUS
100
AcDbLine
 10
5.6677994881889759
 20
-3.8153101968503935
 30
0
 11
5.6754657480314963
 21
-3.8121347637795275
 31
0
  0
LINE
  5
BB4
330
22
100
AcDbEntity
  8
B.Cu
  6
CONTINUOUS
100
AcDbLine
 10
5.6754657480314963
 20
-3.8121347637795275
 30
0
 11
5.6775387795275591
 21
-3.8107495669291338
 31
0
  0
LINE
  5
BB5
330
22
100
AcDbEntity
  8
B.Cu
  6
CONTINUOUS
100
AcDbLine
 10
5.6775387795275591
 20
-3.8107495669291338
 30
0
 11
5.6627000787401576
 21
-3.7959108661417322
 31
0
  0
LINE
  5
BB6
330
22
100
AcDbEntity
  8
B.Cu
  6
CONTINUOUS
100
AcDbLine
 10
5.6627000787401576
 20
-3.7959108661417322
 30
0
 11
5.6584409448818898
 21
-3.7970521259842518
 31
0
  0
LINE
  5
BB7
330
22
100
AcDbEntity
  8
B.Cu
  6
CONTINUOUS
100
AcDbLine
 10
5.6584409448818898
 20
-3.7970521259842518
 30
0
 11
5.6525826771653538
 21
-3.7970521259842518
 31
0
  0
LINE
  5
BB8
330
22
100
AcDbEntity
  8
B.Cu
  6
CONTINUOUS
100
AcDbLine
 10
5.6525826771653538
 20
-3.7970521259842518
 30
0
 11
5.6483234645669294
 21
-3.7959108267716535
 31
0
  0
LINE
  5
BB9
330
22
100
AcDbEntity
  8
B.Cu
  6
CONTINUOUS
100
AcDbLine
 10
5.6483234645669294
 20
-3.7959108267716535
 30
0
 11
5.6334847637795278
 21
-3.8107495669291338
 31
0
  0
LINE
  5
BBA
330
22
100
AcDbEntity
  8
B.Cu
  6
CONTINUOUS
100
AcDbLine
 10
5.4262369291338581
 20
-3.5316662204724407
 30
0
 11
5.4262370472440944
 21
-3.5316666141732282
 31
0
  0
LINE
  5
BBB
330
22
100
AcDbEntity
  8
B.Cu
  6
CONTINUOUS
100
AcDbLine
 10
5.4262370472440944
 20
-3.5316666141732282
 30
0
 11
5.4283158267716534
 21
-3.5366853149606299
 31
0
  0
LINE
  5
BBC
330
22
100
AcDbEntity
  8
B.Cu
  6
CONTINUOUS
100
AcDbLine
 10
5.4283158267716534
 20
-3.5366853149606299
 30
0
 11
5.4313341338582672
 21
-3.5412025590551179
 31
0
  0
LINE
  5
BBD
330
22
100
AcDbEntity
  8
B.Cu
  6
CONTINUOUS
100
AcDbLine
 10
5.4313341338582672
 20
-3.5412025590551179
 30
0
 11
5.431334173228346
 21
-3.5412025984251967
 31
0
  0
LINE
  5
BBE
330
22
100
AcDbEntity
  8
B.Cu
  6
CONTINUOUS
100
AcDbLine
 10
5.431334173228346
 20
-3.5412025984251967
 30
0
 11
5.5027794094488192
 21
-3.6126477952755907
 31
0
  0
LINE
  5
BBF
330
22
100
AcDbEntity
  8
B.Cu
  6
CONTINUOUS
100
AcDbLine
 10
5.5027794094488192
 20
-3.6126477952755907
 30
0
 11
5.5040977165354326
 21
-3.6150620866141732
 31
0
  0
LINE
  5
BC0
330
22
100
AcDbEntity
  8
B.Cu
  6
CONTINUOUS
100
AcDbLine
 10
5.5040977165354326
 20
-3.6150620866141732
 30
0
 11
5.5041491732283463
 21
-3.6168635039370076
 31
0
  0
LINE
  5
BC1
330
22
100
AcDbEntity
  8
B.Cu
  6
CONTINUOUS
100
AcDbLine
 10
5.5041491732283463
 20
-3.6168635039370076
 30
0
 11
5.5039173228346456
 21
-3.6183272834645668
 31
0
  0
LINE
  5
BC2
330
22
100
AcDbEntity
  8
B.Cu
  6
CONTINUOUS
100
AcDbLine
 10
5.5039173228346456
 20
-3.6183272834645668
 30
0
 11
5.5039173228346456
 21
-3.6257671653543304
 31
0
  0
LINE
  5
BC3
330
22
100
AcDbEntity
  8
B.Cu
  6
CONTINUOUS
100
AcDbLine
 10
5.5039173228346456
 20
-3.6257671653543304
 30
0
 11
5.5050810629921259
 21
-3.6331148818897638
 31
0
  0
LINE
  5
BC4
330
22
100
AcDbEntity
  8
B.Cu
  6
CONTINUOUS
100
AcDbLine
 10
5.5050810629921259
 20
-3.6331148818897638
 30
0
 11
5.507380078740157
 21
-3.6401903937007871
 31
0
  0
LINE
  5
BC5
330
22
100
AcDbEntity
  8
B.Cu
  6
CONTINUOUS
100
AcDbLine
 10
5.507380078740157
 20
-3.6401903937007871
 30
0
 11
5.508530708661417
 21
-3.6424485826771651
 31
0
  0
LINE
  5
BC6
330
22
100
AcDbEntity
  8
B.Cu
  6
CONTINUOUS
100
AcDbLine
 10
5.508530708661417
 20
-3.6424485826771651
 30
0
 11
5.5107574803149602
 21
-3.6468188582677166
 31
0
  0
LINE
  5
BC7
330
22
100
AcDbEntity
  8
B.Cu
  6
CONTINUOUS
100
AcDbLine
 10
5.5107574803149602
 20
-3.6468188582677166
 30
0
 11
5.5151303149606301
 21
-3.6528375196850393
 31
0
  0
LINE
  5
BC8
330
22
100
AcDbEntity
  8
B.Cu
  6
CONTINUOUS
100
AcDbLine
 10
5.5151303149606301
 20
-3.6528375196850393
 30
0
 11
5.5203908267716537
 21
-3.6580980314960629
 31
0
  0
LINE
  5
BC9
330
22
100
AcDbEntity
  8
B.Cu
  6
CONTINUOUS
100
AcDbLine
 10
5.5203908267716537
 20
-3.6580980314960629
 30
0
 11
5.52039094488189
 21
-3.6580981102362204
 31
0
  0
LINE
  5
BCA
330
22
100
AcDbEntity
  8
B.Cu
  6
CONTINUOUS
100
AcDbLine
 10
5.52039094488189
 20
-3.6580981102362204
 30
0
 11
5.5259206692913381
 21
-3.6621157086614171
 31
0
  0
LINE
  5
BCB
330
22
100
AcDbEntity
  8
B.Cu
  6
CONTINUOUS
100
AcDbLine
 10
5.5259206692913381
 20
-3.6621157086614171
 30
0
 11
5.5276004330708659
 21
-3.66429405511811
 31
0
  0
LINE
  5
BCC
330
22
100
AcDbEntity
  8
B.Cu
  6
CONTINUOUS
100
AcDbLine
 10
5.5276004330708659
 20
-3.66429405511811
 30
0
 11
5.5279330708661414
 21
-3.6660652362204722
 31
0
  0
LINE
  5
BCD
330
22
100
AcDbEntity
  8
B.Cu
  6
CONTINUOUS
100
AcDbLine
 10
5.5279330708661414
 20
-3.6660652362204722
 30
0
 11
5.5279330708661414
 21
-3.7293953543307086
 31
0
  0
LINE
  5
BCE
330
22
100
AcDbEntity
  8
B.Cu
  6
CONTINUOUS
100
AcDbLine
 10
5.5279330708661414
 20
-3.7293953543307086
 30
0
 11
5.5271580708661414
 21
-3.7320346850393702
 31
0
  0
LINE
  5
BCF
330
22
100
AcDbEntity
  8
B.Cu
  6
CONTINUOUS
100
AcDbLine
 10
5.5271580708661414
 20
-3.7320346850393702
 30
0
 11
5.5265031889763776
 21
-3.7328473622047245
 31
0
  0
LINE
  5
BD0
330
22
100
AcDbEntity
  8
B.Cu
  6
CONTINUOUS
100
AcDbLine
 10
5.5265031889763776
 20
-3.7328473622047245
 30
0
 11
5.5258332677165356
 21
-3.7335172440944882
 31
0
  0
LINE
  5
BD1
330
22
100
AcDbEntity
  8
B.Cu
  6
CONTINUOUS
100
AcDbLine
 10
5.5258332677165356
 20
-3.7335172440944882
 30
0
 11
5.5258332283464568
 21
-3.7335172834645669
 31
0
  0
LINE
  5
BD2
330
22
100
AcDbEntity
  8
B.Cu
  6
CONTINUOUS
100
AcDbLine
 10
5.5258332283464568
 20
-3.7335172834645669
 30
0
 11
5.5216516141732281
 21
-3.7397755511811024
 31
0
  0
LINE
  5
BD3
330
22
100
AcDbEntity
  8
B.Cu
  6
CONTINUOUS
100
AcDbLine
 10
5.5216516141732281
 20
-3.7397755511811024
 30
0
 11
5.5187715354330704
 21
-3.746728779527559
 31
0
  0
LINE
  5
BD4
330
22
100
AcDbEntity
  8
B.Cu
  6
CONTINUOUS
100
AcDbLine
 10
5.5187715354330704
 20
-3.746728779527559
 30
0
 11
5.5187714173228342
 21
-3.7467291732283465
 31
0
  0
LINE
  5
BD5
330
22
100
AcDbEntity
  8
B.Cu
  6
CONTINUOUS
100
AcDbLine
 10
5.5187714173228342
 20
-3.7467291732283465
 30
0
 11
5.517303149606299
 21
-3.7541106692913386
 31
0
  0
LINE
  5
BD6
330
22
100
AcDbEntity
  8
B.Cu
  6
CONTINUOUS
100
AcDbLine
 10
5.517303149606299
 20
-3.7541106692913386
 30
0
 11
5.517303149606299
 21
-3.7541107874015749
 31
0
  0
LINE
  5
BD7
330
22
100
AcDbEntity
  8
B.Cu
  6
CONTINUOUS
100
AcDbLine
 10
5.517303149606299
 20
-3.7541107874015749
 30
0
 11
5.517303149606299
 21
-3.7954955118110236
 31
0
  0
LINE
  5
BD8
330
22
100
AcDbEntity
  8
B.Cu
  6
CONTINUOUS
100
AcDbLine
 10
5.517303149606299
 20
-3.7954955118110236
 30
0
 11
5.517303149606299
 21
-3.7954955905511811
 31
0
  0
LINE
  5
BD9
330
22
100
AcDbEntity
  8
B.Cu
  6
CONTINUOUS
100
AcDbLine
 10
5.517303149606299
 20
-3.7954955905511811
 30
0
 11
5.5173031102362202
 21
-3.7954955905511811
 31
0
  0
LINE
  5
BDA
330
22
100
AcDbEntity
  8
B.Cu
  6
CONTINUOUS
100
AcDbLine
 10
5.5173031102362202
 20
-3.7954955905511811
 30
0
 11
5.5187714173228342
 21
-3.8028770866141732
 31
0
  0
LINE
  5
BDB
330
22
100
AcDbEntity
  8
B.Cu
  6
CONTINUOUS
100
AcDbLine
 10
5.5187714173228342
 20
-3.8028770866141732
 30
0
 11
5.5187715354330704
 21
-3.8028774803149608
 31
0
  0
LINE
  5
BDC
330
22
100
AcDbEntity
  8
B.Cu
  6
CONTINUOUS
100
AcDbLine
 10
5.5187715354330704
 20
-3.8028774803149608
 30
0
 11
5.5216516141732281
 21
-3.8098307086614174
 31
0
  0
LINE
  5
BDD
330
22
100
AcDbEntity
  8
B.Cu
  6
CONTINUOUS
100
AcDbLine
 10
5.5216516141732281
 20
-3.8098307086614174
 30
0
 11
5.5258332283464568
 21
-3.8160889763779529
 31
0
  0
LINE
  5
BDE
330
22
100
AcDbEntity
  8
B.Cu
  6
CONTINUOUS
100
AcDbLine
 10
5.5258332283464568
 20
-3.8160889763779529
 30
0
 11
5.5311550787401575
 21
-3.8214108267716536
 31
0
  0
LINE
  5
BDF
330
22
100
AcDbEntity
  8
B.Cu
  6
CONTINUOUS
100
AcDbLine
 10
5.5311550787401575
 20
-3.8214108267716536
 30
0
 11
5.5374133464566926
 21
-3.8255924409448818
 31
0
  0
LINE
  5
BE0
330
22
100
AcDbEntity
  8
B.Cu
  6
CONTINUOUS
100
AcDbLine
 10
5.5374133464566926
 20
-3.8255924409448818
 30
0
 11
5.54422562992126
 21
-3.8284141338582676
 31
0
  0
LINE
  5
BE1
330
22
100
AcDbEntity
  8
B.Cu
  6
CONTINUOUS
100
AcDbLine
 10
5.54422562992126
 20
-3.8284141338582676
 30
0
 11
5.544366771653543
 21
-3.8284725984251966
 31
0
  0
LINE
  5
BE2
330
22
100
AcDbEntity
  8
B.Cu
  6
CONTINUOUS
100
AcDbLine
 10
5.544366771653543
 20
-3.8284725984251966
 30
0
 11
5.544366929133858
 21
-3.8284725984251966
 31
0
  0
LINE
  5
BE3
330
22
100
AcDbEntity
  8
B.Cu
  6
CONTINUOUS
100
AcDbLine
 10
5.544366929133858
 20
-3.8284725984251966
 30
0
 11
5.5443669685039367
 21
-3.8284726377952754
 31
0
  0
LINE
  5
BE4
330
22
100
AcDbEntity
  8
B.Cu
  6
CONTINUOUS
100
AcDbLine
 10
5.5443669685039367
 20
-3.8284726377952754
 30
0
 11
5.5517484645669288
 21
-3.8299409448818897
 31
0
  0
LINE
  5
BE5
330
22
100
AcDbEntity
  8
B.Cu
  6
CONTINUOUS
100
AcDbLine
 10
5.5517484645669288
 20
-3.8299409448818897
 30
0
 11
5.5517485826771651
 21
-3.8299409448818897
 31
0
  0
LINE
  5
BE6
330
22
100
AcDbEntity
  8
B.Cu
  6
CONTINUOUS
100
AcDbLine
 10
5.5517485826771651
 20
-3.8299409448818897
 30
0
 11
5.5592751181102358
 21
-3.8299409448818897
 31
0
  0
LINE
  5
BE7
330
22
100
AcDbEntity
  8
B.Cu
  6
CONTINUOUS
100
AcDbLine
 10
5.5592751181102358
 20
-3.8299409448818897
 30
0
 11
5.5642412992125987
 21
-3.8289530708661417
 31
0
  0
LINE
  5
BE8
330
22
100
AcDbEntity
  8
B.Cu
  6
CONTINUOUS
100
AcDbLine
 10
5.5642412992125987
 20
-3.8289530708661417
 30
0
 11
5.5666568503937004
 21
-3.8284725984251966
 31
0
  0
LINE
  5
BE9
330
22
100
AcDbEntity
  8
B.Cu
  6
CONTINUOUS
100
AcDbLine
 10
5.5666568503937004
 20
-3.8284725984251966
 30
0
 11
5.5703515748031496
 21
-3.8269422047244093
 31
0
  0
LINE
  5
BEA
330
22
100
AcDbEntity
  8
B.Cu
  6
CONTINUOUS
100
AcDbLine
 10
5.5703515748031496
 20
-3.8269422047244093
 30
0
 11
5.573610236220472
 21
-3.8255924409448818
 31
0
  0
LINE
  5
BEB
330
22
100
AcDbEntity
  8
B.Cu
  6
CONTINUOUS
100
AcDbLine
 10
5.573610236220472
 20
-3.8255924409448818
 30
0
 11
5.5736102755905508
 21
-3.8255924015748031
 31
0
  0
LINE
  5
BEC
330
22
100
AcDbEntity
  8
B.Cu
  6
CONTINUOUS
100
AcDbLine
 10
5.5736102755905508
 20
-3.8255924015748031
 30
0
 11
5.573610393700787
 21
-3.8255923622047243
 31
0
  0
LINE
  5
BED
330
22
100
AcDbEntity
  8
B.Cu
  6
CONTINUOUS
100
AcDbLine
 10
5.573610393700787
 20
-3.8255923622047243
 30
0
 11
5.5798684251968504
 21
-3.8214109055118111
 31
0
  0
LINE
  5
BEE
330
22
100
AcDbEntity
  8
B.Cu
  6
CONTINUOUS
100
AcDbLine
 10
5.5798684251968504
 20
-3.8214109055118111
 30
0
 11
5.5851904330708662
 21
-3.8160888976377954
 31
0
  0
LINE
  5
BEF
330
22
100
AcDbEntity
  8
B.Cu
  6
CONTINUOUS
100
AcDbLine
 10
5.5851904330708662
 20
-3.8160888976377954
 30
0
 11
5.589371889763779
 21
-3.8098308661417324
 31
0
  0
LINE
  5
BF0
330
22
100
AcDbEntity
  8
B.Cu
  6
CONTINUOUS
100
AcDbLine
 10
5.589371889763779
 20
-3.8098308661417324
 30
0
 11
5.5922521259842517
 21
-3.8028773228346457
 31
0
  0
LINE
  5
BF1
330
22
100
AcDbEntity
  8
B.Cu
  6
CONTINUOUS
100
AcDbLine
 10
5.5922521259842517
 20
-3.8028773228346457
 30
0
 11
5.5937204724409444
 21
-3.7954955118110236
 31
0
  0
LINE
  5
BF2
330
22
100
AcDbEntity
  8
B.Cu
  6
CONTINUOUS
100
AcDbLine
 10
5.5937204724409444
 20
-3.7954955118110236
 30
0
 11
5.5937204724409444
 21
-3.7789522834645668
 31
0
  0
LINE
  5
BF3
330
22
100
AcDbEntity
  8
B.Cu
  6
CONTINUOUS
100
AcDbLine
 10
5.5937204724409444
 20
-3.7789522834645668
 30
0
 11
5.5937204724409444
 21
-3.7541107874015749
 31
0
  0
LINE
  5
BF4
330
22
100
AcDbEntity
  8
B.Cu
  6
CONTINUOUS
100
AcDbLine
 10
5.5937204724409444
 20
-3.7541107874015749
 30
0
 11
5.5937204724409444
 21
-3.7541106692913386
 31
0
  0
LINE
  5
BF5
330
22
100
AcDbEntity
  8
B.Cu
  6
CONTINUOUS
100
AcDbLine
 10
5.5937204724409444
 20
-3.7541106692913386
 30
0
 11
5.5922521653543305
 21
-3.7467291732283465
 31
0
  0
LINE
  5
BF6
330
22
100
AcDbEntity
  8
B.Cu
  6
CONTINUOUS
100
AcDbLine
 10
5.5922521653543305
 20
-3.7467291732283465
 30
0
 11
5.5922521259842517
 21
-3.7467291338582678
 31
0
  0
LINE
  5
BF7
330
22
100
AcDbEntity
  8
B.Cu
  6
CONTINUOUS
100
AcDbLine
 10
5.5922521259842517
 20
-3.7467291338582678
 30
0
 11
5.5922521259842517
 21
-3.7467289763779528
 31
0
  0
LINE
  5
BF8
330
22
100
AcDbEntity
  8
B.Cu
  6
CONTINUOUS
100
AcDbLine
 10
5.5922521259842517
 20
-3.7467289763779528
 30
0
 11
5.589371889763779
 21
-3.7397754330708661
 31
0
  0
LINE
  5
BF9
330
22
100
AcDbEntity
  8
B.Cu
  6
CONTINUOUS
100
AcDbLine
 10
5.589371889763779
 20
-3.7397754330708661
 30
0
 11
5.5851904330708662
 21
-3.7335174015748032
 31
0
  0
LINE
  5
BFA
330
22
100
AcDbEntity
  8
B.Cu
  6
CONTINUOUS
100
AcDbLine
 10
5.5851904330708662
 20
-3.7335174015748032
 30
0
 11
5.5851903543307087
 21
-3.7335172834645669
 31
0
  0
LINE
  5
BFB
330
22
100
AcDbEntity
  8
B.Cu
  6
CONTINUOUS
100
AcDbLine
 10
5.5851903543307087
 20
-3.7335172834645669
 30
0
 11
5.5845204330708658
 21
-3.7328473622047245
 31
0
  0
LINE
  5
BFC
330
22
100
AcDbEntity
  8
B.Cu
  6
CONTINUOUS
100
AcDbLine
 10
5.5845204330708658
 20
-3.7328473622047245
 30
0
 11
5.5832021259842515
 21
-3.7304330708661415
 31
0
  0
LINE
  5
BFD
330
22
100
AcDbEntity
  8
B.Cu
  6
CONTINUOUS
100
AcDbLine
 10
5.5832021259842515
 20
-3.7304330708661415
 30
0
 11
5.583090551181102
 21
-3.7293953543307086
 31
0
  0
LINE
  5
BFE
330
22
100
AcDbEntity
  8
B.Cu
  6
CONTINUOUS
100
AcDbLine
 10
5.583090551181102
 20
-3.7293953543307086
 30
0
 11
5.583090551181102
 21
-3.6590009842519686
 31
0
  0
LINE
  5
BFF
330
22
100
AcDbEntity
  8
B.Cu
  6
CONTINUOUS
100
AcDbLine
 10
5.583090551181102
 20
-3.6590009842519686
 30
0
 11
5.5838655511811019
 21
-3.656361653543307
 31
0
  0
LINE
  5
C00
330
22
100
AcDbEntity
  8
B.Cu
  6
CONTINUOUS
100
AcDbLine
 10
5.5838655511811019
 20
-3.656361653543307
 30
0
 11
5.5845204330708658
 21
-3.6555489763779527
 31
0
  0
LINE
  5
C01
330
22
100
AcDbEntity
  8
B.Cu
  6
CONTINUOUS
100
AcDbLine
 10
5.5845204330708658
 20
-3.6555489763779527
 30
0
 11
5.5872318897637792
 21
-3.6528375196850393
 31
0
  0
LINE
  5
C02
330
22
100
AcDbEntity
  8
B.Cu
  6
CONTINUOUS
100
AcDbLine
 10
5.5872318897637792
 20
-3.6528375196850393
 30
0
 11
5.5916047244094491
 21
-3.6468188582677166
 31
0
  0
LINE
  5
C03
330
22
100
AcDbEntity
  8
B.Cu
  6
CONTINUOUS
100
AcDbLine
 10
5.5916047244094491
 20
-3.6468188582677166
 30
0
 11
5.594982165354331
 21
-3.6401902362204726
 31
0
  0
LINE
  5
C04
330
22
100
AcDbEntity
  8
B.Cu
  6
CONTINUOUS
100
AcDbLine
 10
5.594982165354331
 20
-3.6401902362204726
 30
0
 11
5.5972811023622047
 21
-3.6331148818897638
 31
0
  0
LINE
  5
C05
330
22
100
AcDbEntity
  8
B.Cu
  6
CONTINUOUS
100
AcDbLine
 10
5.5972811023622047
 20
-3.6331148818897638
 30
0
 11
5.5984448818897636
 21
-3.6257671653543304
 31
0
  0
LINE
  5
C06
330
22
100
AcDbEntity
  8
B.Cu
  6
CONTINUOUS
100
AcDbLine
 10
5.5984448818897636
 20
-3.6257671653543304
 30
0
 11
5.5984448818897636
 21
-3.6183272834645668
 31
0
  0
LINE
  5
C07
330
22
100
AcDbEntity
  8
B.Cu
  6
CONTINUOUS
100
AcDbLine
 10
5.5984448818897636
 20
-3.6183272834645668
 30
0
 11
5.5972811023622047
 21
-3.6109795669291338
 31
0
  0
LINE
  5
C08
330
22
100
AcDbEntity
  8
B.Cu
  6
CONTINUOUS
100
AcDbLine
 10
5.5972811023622047
 20
-3.6109795669291338
 30
0
 11
5.5962144094488186
 21
-3.6076967322834643
 31
0
  0
LINE
  5
C09
330
22
100
AcDbEntity
  8
B.Cu
  6
CONTINUOUS
100
AcDbLine
 10
5.5962144094488186
 20
-3.6076967322834643
 30
0
 11
5.594982165354331
 21
-3.6039042519685038
 31
0
  0
LINE
  5
C0A
330
22
100
AcDbEntity
  8
B.Cu
  6
CONTINUOUS
100
AcDbLine
 10
5.594982165354331
 20
-3.6039042519685038
 30
0
 11
5.5949820866141735
 21
-3.6039041338582676
 31
0
  0
LINE
  5
C0B
330
22
100
AcDbEntity
  8
B.Cu
  6
CONTINUOUS
100
AcDbLine
 10
5.5949820866141735
 20
-3.6039041338582676
 30
0
 11
5.5949820866141735
 21
-3.6039040551181101
 31
0
  0
LINE
  5
C0C
330
22
100
AcDbEntity
  8
B.Cu
  6
CONTINUOUS
100
AcDbLine
 10
5.5949820866141735
 20
-3.6039040551181101
 30
0
 11
5.593200393700787
 21
-3.6004073622047241
 31
0
  0
LINE
  5
C0D
330
22
100
AcDbEntity
  8
B.Cu
  6
CONTINUOUS
100
AcDbLine
 10
5.593200393700787
 20
-3.6004073622047241
 30
0
 11
5.5916047244094491
 21
-3.5972756299212598
 31
0
  0
LINE
  5
C0E
330
22
100
AcDbEntity
  8
B.Cu
  6
CONTINUOUS
100
AcDbLine
 10
5.5916047244094491
 20
-3.5972756299212598
 30
0
 11
5.5872318897637792
 21
-3.5912569685039371
 31
0
  0
LINE
  5
C0F
330
22
100
AcDbEntity
  8
B.Cu
  6
CONTINUOUS
100
AcDbLine
 10
5.5872318897637792
 20
-3.5912569685039371
 30
0
 11
5.5819713779527556
 21
-3.5859964566929134
 31
0
  0
LINE
  5
C10
330
22
100
AcDbEntity
  8
B.Cu
  6
CONTINUOUS
100
AcDbLine
 10
5.5819713779527556
 20
-3.5859964566929134
 30
0
 11
5.5759527165354328
 21
-3.5816236220472439
 31
0
  0
LINE
  5
C11
330
22
100
AcDbEntity
  8
B.Cu
  6
CONTINUOUS
100
AcDbLine
 10
5.5759527165354328
 20
-3.5816236220472439
 30
0
 11
5.5759422047244094
 21
-3.5816182677165354
 31
0
  0
LINE
  5
C12
330
22
100
AcDbEntity
  8
B.Cu
  6
CONTINUOUS
100
AcDbLine
 10
5.5759422047244094
 20
-3.5816182677165354
 30
0
 11
5.5693242519685038
 21
-3.5782462204724408
 31
0
  0
LINE
  5
C13
330
22
100
AcDbEntity
  8
B.Cu
  6
CONTINUOUS
100
AcDbLine
 10
5.5693242519685038
 20
-3.5782462204724408
 30
0
 11
5.5622487401574805
 21
-3.5759472047244092
 31
0
  0
LINE
  5
C14
330
22
100
AcDbEntity
  8
B.Cu
  6
CONTINUOUS
100
AcDbLine
 10
5.5622487401574805
 20
-3.5759472047244092
 30
0
 11
5.5549010236220475
 21
-3.574783464566929
 31
0
  0
LINE
  5
C15
330
22
100
AcDbEntity
  8
B.Cu
  6
CONTINUOUS
100
AcDbLine
 10
5.5549010236220475
 20
-3.574783464566929
 30
0
 11
5.5549008267716538
 21
-3.574783464566929
 31
0
  0
LINE
  5
C16
330
22
100
AcDbEntity
  8
B.Cu
  6
CONTINUOUS
100
AcDbLine
 10
5.5549008267716538
 20
-3.574783464566929
 30
0
 11
5.5474613779527555
 21
-3.574783464566929
 31
0
  0
LINE
  5
C17
330
22
100
AcDbEntity
  8
B.Cu
  6
CONTINUOUS
100
AcDbLine
 10
5.5474613779527555
 20
-3.574783464566929
 30
0
 11
5.5474611811023617
 21
-3.574783464566929
 31
0
  0
LINE
  5
C18
330
22
100
AcDbEntity
  8
B.Cu
  6
CONTINUOUS
100
AcDbLine
 10
5.5474611811023617
 20
-3.574783464566929
 30
0
 11
5.5459973622047247
 21
-3.5750153149606296
 31
0
  0
LINE
  5
C19
330
22
100
AcDbEntity
  8
B.Cu
  6
CONTINUOUS
100
AcDbLine
 10
5.5459973622047247
 20
-3.5750153149606296
 30
0
 11
5.5432692913385821
 21
-3.5746627952755903
 31
0
  0
LINE
  5
C1A
330
22
100
AcDbEntity
  8
B.Cu
  6
CONTINUOUS
100
AcDbLine
 10
5.5432692913385821
 20
-3.5746627952755903
 30
0
 11
5.5417816535433069
 21
-3.5736455511811025
 31
0
  0
LINE
  5
C1B
330
22
100
AcDbEntity
  8
B.Cu
  6
CONTINUOUS
100
AcDbLine
 10
5.5417816535433069
 20
-3.5736455511811025
 30
0
 11
5.4817645275590552
 21
-3.5136284251968504
 31
0
  0
LINE
  5
C1C
330
22
100
AcDbEntity
  8
B.Cu
  6
CONTINUOUS
100
AcDbLine
 10
5.4817645275590552
 20
-3.5136284251968504
 30
0
 11
5.4804462204724409
 21
-3.5112141338582674
 31
0
  0
LINE
  5
C1D
330
22
100
AcDbEntity
  8
B.Cu
  6
CONTINUOUS
100
AcDbLine
 10
5.4804462204724409
 20
-3.5112141338582674
 30
0
 11
5.4803346456692914
 21
-3.5101764173228345
 31
0
  0
LINE
  5
C1E
330
22
100
AcDbEntity
  8
B.Cu
  6
CONTINUOUS
100
AcDbLine
 10
5.4803346456692914
 20
-3.5101764173228345
 30
0
 11
5.4803346456692914
 21
-3.4211685826771654
 31
0
  0
LINE
  5
C1F
330
22
100
AcDbEntity
  8
B.Cu
  6
CONTINUOUS
100
AcDbLine
 10
5.4803346456692914
 20
-3.4211685826771654
 30
0
 11
5.4803346456692914
 21
-3.399272401574803
 31
0
  0
LINE
  5
C20
330
22
100
AcDbEntity
  8
B.Cu
  6
CONTINUOUS
100
AcDbLine
 10
5.4803346456692914
 20
-3.399272401574803
 30
0
 11
5.4811096456692914
 21
-3.3966330708661419
 31
0
  0
LINE
  5
C21
330
22
100
AcDbEntity
  8
B.Cu
  6
CONTINUOUS
100
AcDbLine
 10
5.4811096456692914
 20
-3.3966330708661419
 30
0
 11
5.4817645275590552
 21
-3.3958203937007871
 31
0
  0
LINE
  5
C22
330
22
100
AcDbEntity
  8
B.Cu
  6
CONTINUOUS
100
AcDbLine
 10
5.4817645275590552
 20
-3.3958203937007871
 30
0
 11
5.5529177952755902
 21
-3.3246671259842517
 31
0
  0
LINE
  5
C23
330
22
100
AcDbEntity
  8
B.Cu
  6
CONTINUOUS
100
AcDbLine
 10
5.5529177952755902
 20
-3.3246671259842517
 30
0
 11
5.5529178740157477
 21
-3.3246670472440942
 31
0
  0
LINE
  5
C24
330
22
100
AcDbEntity
  8
B.Cu
  6
CONTINUOUS
100
AcDbLine
 10
5.5529178740157477
 20
-3.3246670472440942
 30
0
 11
5.5559360236220474
 21
-3.3201500393700787
 31
0
  0
LINE
  5
C25
330
22
100
AcDbEntity
  8
B.Cu
  6
CONTINUOUS
100
AcDbLine
 10
5.5559360236220474
 20
-3.3201500393700787
 30
0
 11
5.5580149606299214
 21
-3.315131023622047
 31
0
  0
LINE
  5
C26
330
22
100
AcDbEntity
  8
B.Cu
  6
CONTINUOUS
100
AcDbLine
 10
5.5580149606299214
 20
-3.315131023622047
 30
0
 11
5.5590748031496062
 21
-3.3098028740157481
 31
0
  0
LINE
  5
C27
330
22
100
AcDbEntity
  8
B.Cu
  6
CONTINUOUS
100
AcDbLine
 10
5.5590748031496062
 20
-3.3098028740157481
 30
0
 11
5.5590748031496062
 21
-3.2883661023622048
 31
0
  0
LINE
  5
C28
330
22
100
AcDbEntity
  8
B.Cu
  6
CONTINUOUS
100
AcDbLine
 10
5.5590748031496062
 20
-3.2883661023622048
 30
0
 11
5.5598498031496062
 21
-3.2857267716535432
 31
0
  0
LINE
  5
C29
330
22
100
AcDbEntity
  8
B.Cu
  6
CONTINUOUS
100
AcDbLine
 10
5.5598498031496062
 20
-3.2857267716535432
 30
0
 11
5.5619287007874014
 21
-3.2839253937007875
 31
0
  0
LINE
  5
C2A
330
22
100
AcDbEntity
  8
B.Cu
  6
CONTINUOUS
100
AcDbLine
 10
5.5619287007874014
 20
-3.2839253937007875
 30
0
 11
5.5639566929133855
 21
-3.2834842125984252
 31
0
  0
LINE
  5
C2B
330
22
100
AcDbEntity
  8
B.Cu
  6
CONTINUOUS
100
AcDbLine
 10
5.5639566929133855
 20
-3.2834842125984252
 30
0
 11
5.5721069685039373
 21
-3.2834842125984252
 31
0
  0
LINE
  5
C2C
330
22
100
AcDbEntity
  8
B.Cu
  6
CONTINUOUS
100
AcDbLine
 10
5.5721069685039373
 20
-3.2834842125984252
 30
0
 11
5.572107007874016
 21
-3.2834842125984252
 31
0
  0
LINE
  5
C2D
330
22
100
AcDbEntity
  8
B.Cu
  6
CONTINUOUS
100
AcDbLine
 10
5.572107007874016
 20
-3.2834842125984252
 30
0
 11
5.57579937007874
 21
-3.2828994488188976
 31
0
  0
LINE
  5
C2E
330
22
100
AcDbEntity
  8
B.Cu
  6
CONTINUOUS
100
AcDbLine
 10
5.57579937007874
 20
-3.2828994488188976
 30
0
 11
5.5802496850393704
 21
-3.2806318897637796
 31
0
  0
LINE
  5
C2F
330
22
100
AcDbEntity
  8
B.Cu
  6
CONTINUOUS
100
AcDbLine
 10
5.5802496850393704
 20
-3.2806318897637796
 30
0
 11
5.5837814960629917
 21
-3.2771000787401574
 31
0
  0
LINE
  5
C30
330
22
100
AcDbEntity
  8
B.Cu
  6
CONTINUOUS
100
AcDbLine
 10
5.5837814960629917
 20
-3.2771000787401574
 30
0
 11
5.5860490551181101
 21
-3.2726497637795275
 31
0
  0
LINE
  5
C31
330
22
100
AcDbEntity
  8
B.Cu
  6
CONTINUOUS
100
AcDbLine
 10
5.5860490551181101
 20
-3.2726497637795275
 30
0
 11
5.5860490551181101
 21
-3.27264968503937
 31
0
  0
LINE
  5
C32
330
22
100
AcDbEntity
  8
B.Cu
  6
CONTINUOUS
100
AcDbLine
 10
5.5860490551181101
 20
-3.27264968503937
 30
0
 11
5.5860490944881889
 21
-3.2726496456692913
 31
0
  0
LINE
  5
C33
330
22
100
AcDbEntity
  8
B.Cu
  6
CONTINUOUS
100
AcDbLine
 10
5.5860490944881889
 20
-3.2726496456692913
 30
0
 11
5.5866338188976377
 21
-3.2689576377952756
 31
0
  0
LINE
  5
C34
330
22
100
AcDbEntity
  8
B.Cu
  6
CONTINUOUS
100
AcDbLine
 10
5.5866338188976377
 20
-3.2689576377952756
 30
0
 11
5.5866338582677164
 21
-3.2689574409448818
 31
0
  0
LINE
  5
C35
330
22
100
AcDbEntity
  8
B.Cu
  6
CONTINUOUS
100
AcDbLine
 10
5.5866338582677164
 20
-3.2689574409448818
 30
0
 11
5.5866338188976377
 21
-3.1877355118110238
 31
0
  0
LINE
  5
C36
330
22
100
AcDbEntity
  8
B.Cu
  6
CONTINUOUS
100
AcDbLine
 10
5.5866338188976377
 20
-3.1877355118110238
 30
0
 11
5.5860490551181101
 21
-3.1840431496062993
 31
0
  0
LINE
  5
C37
330
22
100
AcDbEntity
  8
B.Cu
  6
CONTINUOUS
100
AcDbLine
 10
5.5860490551181101
 20
-3.1840431496062993
 30
0
 11
5.5837814960629917
 21
-3.179592834645669
 31
0
  0
LINE
  5
C38
330
22
100
AcDbEntity
  8
B.Cu
  6
CONTINUOUS
100
AcDbLine
 10
5.5837814960629917
 20
-3.179592834645669
 30
0
 11
5.5837813385826767
 21
-3.1795926771653544
 31
0
  0
LINE
  5
C39
330
22
100
AcDbEntity
  8
B.Cu
  6
CONTINUOUS
100
AcDbLine
 10
5.5837813385826767
 20
-3.1795926771653544
 30
0
 11
5.5837812992125979
 21
-3.1795925984251969
 31
0
  0
LINE
  5
C3A
330
22
100
AcDbEntity
  8
B.Cu
  6
CONTINUOUS
100
AcDbLine
 10
5.5837812992125979
 20
-3.1795925984251969
 30
0
 11
5.5802498818897632
 21
-3.1760611811023622
 31
0
  0
LINE
  5
C3B
330
22
100
AcDbEntity
  8
B.Cu
  6
CONTINUOUS
100
AcDbLine
 10
5.5802498818897632
 20
-3.1760611811023622
 30
0
 11
5.5802497637795279
 21
-3.1760611023622047
 31
0
  0
LINE
  5
C3C
330
22
100
AcDbEntity
  8
B.Cu
  6
CONTINUOUS
100
AcDbLine
 10
5.5802497637795279
 20
-3.1760611023622047
 30
0
 11
5.5802496850393704
 21
-3.1760610236220472
 31
0
  0
LINE
  5
C3D
330
22
100
AcDbEntity
  8
B.Cu
  6
CONTINUOUS
100
AcDbLine
 10
5.5802496850393704
 20
-3.1760610236220472
 30
0
 11
5.5772250787401569
 21
-3.1745198818897635
 31
0
  0
LINE
  5
C3E
330
22
100
AcDbEntity
  8
B.Cu
  6
CONTINUOUS
100
AcDbLine
 10
5.5772250787401569
 20
-3.1745198818897635
 30
0
 11
5.5757992519685038
 21
-3.1737933858267717
 31
0
  0
LINE
  5
C3F
330
22
100
AcDbEntity
  8
B.Cu
  6
CONTINUOUS
100
AcDbLine
 10
5.5757992519685038
 20
-3.1737933858267717
 30
0
 11
5.5721072440944877
 21
-3.1732086614173229
 31
0
  0
LINE
  5
C40
330
22
100
AcDbEntity
  8
B.Cu
  6
CONTINUOUS
100
AcDbLine
 10
5.5721072440944877
 20
-3.1732086614173229
 30
0
 11
5.4908851181102358
 21
-3.1732086614173229
 31
0
  0
LINE
  5
C41
330
22
100
AcDbEntity
  8
B.Cu
  6
CONTINUOUS
100
AcDbLine
 10
5.4908851181102358
 20
-3.1732086614173229
 30
0
 11
5.4876975984251963
 21
-3.1737135039370079
 31
0
  0
LINE
  5
C42
330
22
100
AcDbEntity
  8
B.Cu
  6
CONTINUOUS
100
AcDbLine
 10
5.4876975984251963
 20
-3.1737135039370079
 30
0
 11
5.4871927559055118
 21
-3.1737934645669292
 31
0
  0
LINE
  5
C43
330
22
100
AcDbEntity
  8
B.Cu
  6
CONTINUOUS
100
AcDbLine
 10
5.4871927559055118
 20
-3.1737934645669292
 30
0
 11
5.4827424409448815
 21
-3.1760610236220472
 31
0
  0
LINE
  5
C44
330
22
100
AcDbEntity
  8
B.Cu
  6
CONTINUOUS
100
AcDbLine
 10
5.4827424409448815
 20
-3.1760610236220472
 30
0
 11
5.4827424015748027
 21
-3.176061062992126
 31
0
  0
LINE
  5
C45
330
22
100
AcDbEntity
  8
B.Cu
  6
CONTINUOUS
100
AcDbLine
 10
5.4827424015748027
 20
-3.176061062992126
 30
0
 11
5.482742204724409
 21
-3.1760611811023622
 31
0
  0
LINE
  5
C46
330
22
100
AcDbEntity
  8
B.Cu
  6
CONTINUOUS
100
AcDbLine
 10
5.482742204724409
 20
-3.1760611811023622
 30
0
 11
5.4792107874015743
 21
-3.1795925984251969
 31
0
  0
LINE
  5
C47
330
22
100
AcDbEntity
  8
B.Cu
  6
CONTINUOUS
100
AcDbLine
 10
5.4792107874015743
 20
-3.1795925984251969
 30
0
 11
5.479210669291338
 21
-3.1795927952755907
 31
0
  0
LINE
  5
C48
330
22
100
AcDbEntity
  8
B.Cu
  6
CONTINUOUS
100
AcDbLine
 10
5.479210669291338
 20
-3.1795927952755907
 30
0
 11
5.4769429921259842
 21
-3.1840432283464568
 31
0
  0
LINE
  5
C49
330
22
100
AcDbEntity
  8
B.Cu
  6
CONTINUOUS
100
AcDbLine
 10
5.4769429921259842
 20
-3.1840432283464568
 30
0
 11
5.4763582677165354
 21
-3.1877352362204725
 31
0
  0
LINE
  5
C4A
330
22
100
AcDbEntity
  8
B.Cu
  6
CONTINUOUS
100
AcDbLine
 10
5.4763582677165354
 20
-3.1877352362204725
 30
0
 11
5.4763582677165354
 21
-3.2689573622047243
 31
0
  0
LINE
  5
C4B
330
22
100
AcDbEntity
  8
B.Cu
  6
CONTINUOUS
100
AcDbLine
 10
5.4763582677165354
 20
-3.2689573622047243
 30
0
 11
5.4767831496062991
 21
-3.2716400393700789
 31
0
  0
LINE
  5
C4C
330
22
100
AcDbEntity
  8
B.Cu
  6
CONTINUOUS
100
AcDbLine
 10
5.4767831496062991
 20
-3.2716400393700789
 30
0
 11
5.4769430708661417
 21
-3.2726497637795275
 31
0
  0
LINE
  5
C4D
330
22
100
AcDbEntity
  8
B.Cu
  6
CONTINUOUS
100
AcDbLine
 10
5.4769430708661417
 20
-3.2726497637795275
 30
0
 11
5.4792106299212593
 21
-3.2771000787401574
 31
0
  0
LINE
  5
C4E
330
22
100
AcDbEntity
  8
B.Cu
  6
CONTINUOUS
100
AcDbLine
 10
5.4792106299212593
 20
-3.2771000787401574
 30
0
 11
5.4792107086614168
 21
-3.2771001574803149
 31
0
  0
LINE
  5
C4F
330
22
100
AcDbEntity
  8
B.Cu
  6
CONTINUOUS
100
AcDbLine
 10
5.4792107086614168
 20
-3.2771001574803149
 30
0
 11
5.4792107874015743
 21
-3.2771002755905512
 31
0
  0
LINE
  5
C50
330
22
100
AcDbEntity
  8
B.Cu
  6
CONTINUOUS
100
AcDbLine
 10
5.4792107874015743
 20
-3.2771002755905512
 30
0
 11
5.482742204724409
 21
-3.2806316929133859
 31
0
  0
LINE
  5
C51
330
22
100
AcDbEntity
  8
B.Cu
  6
CONTINUOUS
100
AcDbLine
 10
5.482742204724409
 20
-3.2806316929133859
 30
0
 11
5.4827422834645665
 21
-3.2806317322834646
 31
0
  0
LINE
  5
C52
330
22
100
AcDbEntity
  8
B.Cu
  6
CONTINUOUS
100
AcDbLine
 10
5.4827422834645665
 20
-3.2806317322834646
 30
0
 11
5.4827424409448815
 21
-3.2806318897637796
 31
0
  0
LINE
  5
C53
330
22
100
AcDbEntity
  8
B.Cu
  6
CONTINUOUS
100
AcDbLine
 10
5.4827424409448815
 20
-3.2806318897637796
 30
0
 11
5.4871926771653543
 21
-3.2828994094488189
 31
0
  0
LINE
  5
C54
330
22
100
AcDbEntity
  8
B.Cu
  6
CONTINUOUS
100
AcDbLine
 10
5.4871926771653543
 20
-3.2828994094488189
 30
0
 11
5.4871928346456693
 21
-3.2828994881889764
 31
0
  0
LINE
  5
C55
330
22
100
AcDbEntity
  8
B.Cu
  6
CONTINUOUS
100
AcDbLine
 10
5.4871928346456693
 20
-3.2828994881889764
 30
0
 11
5.4908848425196846
 21
-3.2834842125984252
 31
0
  0
LINE
  5
C56
330
22
100
AcDbEntity
  8
B.Cu
  6
CONTINUOUS
100
AcDbLine
 10
5.4908848425196846
 20
-3.2834842125984252
 30
0
 11
5.4908850787401571
 21
-3.2834842519685039
 31
0
  0
LINE
  5
C57
330
22
100
AcDbEntity
  8
B.Cu
  6
CONTINUOUS
100
AcDbLine
 10
5.4908850787401571
 20
-3.2834842519685039
 30
0
 11
5.4990354330708664
 21
-3.2834842125984252
 31
0
  0
LINE
  5
C58
330
22
100
AcDbEntity
  8
B.Cu
  6
CONTINUOUS
100
AcDbLine
 10
5.4990354330708664
 20
-3.2834842125984252
 30
0
 11
5.5016747637795271
 21
-3.2842591732283464
 31
0
  0
LINE
  5
C59
330
22
100
AcDbEntity
  8
B.Cu
  6
CONTINUOUS
100
AcDbLine
 10
5.5016747637795271
 20
-3.2842591732283464
 30
0
 11
5.5034761417322837
 21
-3.2863380708661416
 31
0
  0
LINE
  5
C5A
330
22
100
AcDbEntity
  8
B.Cu
  6
CONTINUOUS
100
AcDbLine
 10
5.5034761417322837
 20
-3.2863380708661416
 30
0
 11
5.5039173228346456
 21
-3.2883661023622048
 31
0
  0
LINE
  5
C5B
330
22
100
AcDbEntity
  8
B.Cu
  6
CONTINUOUS
100
AcDbLine
 10
5.5039173228346456
 20
-3.2883661023622048
 30
0
 11
5.5039173228346456
 21
-3.2936409448818895
 31
0
  0
LINE
  5
C5C
330
22
100
AcDbEntity
  8
B.Cu
  6
CONTINUOUS
100
AcDbLine
 10
5.5039173228346456
 20
-3.2936409448818895
 30
0
 11
5.5031423228346457
 21
-3.2962802755905511
 31
0
  0
LINE
  5
C5D
330
22
100
AcDbEntity
  8
B.Cu
  6
CONTINUOUS
100
AcDbLine
 10
5.5031423228346457
 20
-3.2962802755905511
 30
0
 11
5.5024874409448818
 21
-3.2970929527559054
 31
0
  0
LINE
  5
C5E
330
22
100
AcDbEntity
  8
B.Cu
  6
CONTINUOUS
100
AcDbLine
 10
5.5024874409448818
 20
-3.2970929527559054
 30
0
 11
5.431334173228346
 21
-3.3682461811023621
 31
0
  0
LINE
  5
C5F
330
22
100
AcDbEntity
  8
B.Cu
  6
CONTINUOUS
100
AcDbLine
 10
5.431334173228346
 20
-3.3682461811023621
 30
0
 11
5.4313341338582672
 21
-3.3682462204724408
 31
0
  0
LINE
  5
C60
330
22
100
AcDbEntity
  8
B.Cu
  6
CONTINUOUS
100
AcDbLine
 10
5.4313341338582672
 20
-3.3682462204724408
 30
0
 11
5.4283158267716534
 21
-3.3727634645669289
 31
0
  0
LINE
  5
C61
330
22
100
AcDbEntity
  8
B.Cu
  6
CONTINUOUS
100
AcDbLine
 10
5.4283158267716534
 20
-3.3727634645669289
 30
0
 11
5.4262370472440944
 21
-3.3777821653543305
 31
0
  0
LINE
  5
C62
330
22
100
AcDbEntity
  8
B.Cu
  6
CONTINUOUS
100
AcDbLine
 10
5.4262370472440944
 20
-3.3777821653543305
 30
0
 11
5.4262369291338581
 21
-3.377782559055118
 31
0
  0
LINE
  5
C63
330
22
100
AcDbEntity
  8
B.Cu
  6
CONTINUOUS
100
AcDbLine
 10
5.4262369291338581
 20
-3.377782559055118
 30
0
 11
5.4251771653543308
 21
-3.3831103937007874
 31
0
  0
LINE
  5
C64
330
22
100
AcDbEntity
  8
B.Cu
  6
CONTINUOUS
100
AcDbLine
 10
5.4251771653543308
 20
-3.3831103937007874
 30
0
 11
5.4251771653543308
 21
-3.3831105118110236
 31
0
  0
LINE
  5
C65
330
22
100
AcDbEntity
  8
B.Cu
  6
CONTINUOUS
100
AcDbLine
 10
5.4251771653543308
 20
-3.3831105118110236
 30
0
 11
5.4251771653543308
 21
-3.5209057480314958
 31
0
  0
LINE
  5
C66
330
22
100
AcDbEntity
  8
B.Cu
  6
CONTINUOUS
100
AcDbLine
 10
5.4251771653543308
 20
-3.5209057480314958
 30
0
 11
5.4251771653543308
 21
-3.5263383464566926
 31
0
  0
LINE
  5
C67
330
22
100
AcDbEntity
  8
B.Cu
  6
CONTINUOUS
100
AcDbLine
 10
5.4251771653543308
 20
-3.5263383464566926
 30
0
 11
5.4251771653543308
 21
-3.5263384251968501
 31
0
  0
LINE
  5
C68
330
22
100
AcDbEntity
  8
B.Cu
  6
CONTINUOUS
100
AcDbLine
 10
5.4251771653543308
 20
-3.5263384251968501
 30
0
 11
5.4251771259842521
 21
-3.5263384251968501
 31
0
  0
LINE
  5
C69
330
22
100
AcDbEntity
  8
B.Cu
  6
CONTINUOUS
100
AcDbLine
 10
5.4251771259842521
 20
-3.5263384251968501
 30
0
 11
5.4262369291338581
 21
-3.5316662204724407
 31
0
  0
LINE
  5
C6A
330
22
100
AcDbEntity
  8
B.Cu
  6
CONTINUOUS
100
AcDbLine
 10
5.676619488188976
 20
-3.7676148031496064
 30
0
 11
5.6777607874015743
 21
-3.7718740157480313
 31
0
  0
LINE
  5
C6B
330
22
100
AcDbEntity
  8
B.Cu
  6
CONTINUOUS
100
AcDbLine
 10
5.6777607874015743
 20
-3.7718740157480313
 30
0
 11
5.6777607874015743
 21
-3.7777322834645668
 31
0
  0
LINE
  5
C6C
330
22
100
AcDbEntity
  8
B.Cu
  6
CONTINUOUS
100
AcDbLine
 10
5.6777607874015743
 20
-3.7777322834645668
 30
0
 11
5.6766195275590547
 21
-3.7819914173228346
 31
0
  0
LINE
  5
C6D
330
22
100
AcDbEntity
  8
B.Cu
  6
CONTINUOUS
100
AcDbLine
 10
5.6766195275590547
 20
-3.7819914173228346
 30
0
 11
5.6914582283464563
 21
-3.7968301181102362
 31
0
  0
LINE
  5
C6E
330
22
100
AcDbEntity
  8
B.Cu
  6
CONTINUOUS
100
AcDbLine
 10
5.6914582283464563
 20
-3.7968301181102362
 30
0
 11
5.69284342519685
 21
-3.7947570866141733
 31
0
  0
LINE
  5
C6F
330
22
100
AcDbEntity
  8
B.Cu
  6
CONTINUOUS
100
AcDbLine
 10
5.69284342519685
 20
-3.7947570866141733
 30
0
 11
5.696018858267716
 21
-3.7870908267716534
 31
0
  0
LINE
  5
C70
330
22
100
AcDbEntity
  8
B.Cu
  6
CONTINUOUS
100
AcDbLine
 10
5.696018858267716
 20
-3.7870908267716534
 30
0
 11
5.6960189370078735
 21
-3.7870905905511809
 31
0
  0
LINE
  5
C71
330
22
100
AcDbEntity
  8
B.Cu
  6
CONTINUOUS
100
AcDbLine
 10
5.6960189370078735
 20
-3.7870905905511809
 30
0
 11
5.6976377952755906
 21
-3.7789522834645668
 31
0
  0
LINE
  5
C72
330
22
100
AcDbEntity
  8
B.Cu
  6
CONTINUOUS
100
AcDbLine
 10
5.6976377952755906
 20
-3.7789522834645668
 30
0
 11
5.6976377952755906
 21
-3.7706539763779525
 31
0
  0
LINE
  5
C73
330
22
100
AcDbEntity
  8
B.Cu
  6
CONTINUOUS
100
AcDbLine
 10
5.6976377952755906
 20
-3.7706539763779525
 30
0
 11
5.6960189370078735
 21
-3.7625156692913384
 31
0
  0
LINE
  5
C74
330
22
100
AcDbEntity
  8
B.Cu
  6
CONTINUOUS
100
AcDbLine
 10
5.6960189370078735
 20
-3.7625156692913384
 30
0
 11
5.696018858267716
 21
-3.7625154330708659
 31
0
  0
LINE
  5
C75
330
22
100
AcDbEntity
  8
B.Cu
  6
CONTINUOUS
100
AcDbLine
 10
5.696018858267716
 20
-3.7625154330708659
 30
0
 11
5.6928433858267713
 21
-3.7548490944881889
 31
0
  0
LINE
  5
C76
330
22
100
AcDbEntity
  8
B.Cu
  6
CONTINUOUS
100
AcDbLine
 10
5.6928433858267713
 20
-3.7548490944881889
 30
0
 11
5.6928433070866138
 21
-3.7548489763779527
 31
0
  0
LINE
  5
C77
330
22
100
AcDbEntity
  8
B.Cu
  6
CONTINUOUS
100
AcDbLine
 10
5.6928433070866138
 20
-3.7548489763779527
 30
0
 11
5.6914582283464563
 21
-3.7527761023622048
 31
0
  0
LINE
  5
C78
330
22
100
AcDbEntity
  8
B.Cu
  6
CONTINUOUS
100
AcDbLine
 10
5.6914582283464563
 20
-3.7527761023622048
 30
0
 11
5.676619488188976
 21
-3.7676148031496064
 31
0
  0
LINE
  5
C79
330
22
100
AcDbEntity
  8
B.Cu
  6
CONTINUOUS
100
AcDbLine
 10
5.6432243307086614
 20
-3.7342959842519683
 30
0
 11
5.6432240944881888
 21
-3.7342960629921258
 31
0
  0
LINE
  5
C7A
330
22
100
AcDbEntity
  8
B.Cu
  6
CONTINUOUS
100
AcDbLine
 10
5.6432240944881888
 20
-3.7342960629921258
 30
0
 11
5.6355577952755906
 21
-3.737471535433071
 31
0
  0
LINE
  5
C7B
330
22
100
AcDbEntity
  8
B.Cu
  6
CONTINUOUS
100
AcDbLine
 10
5.6355577952755906
 20
-3.737471535433071
 30
0
 11
5.6355573228346456
 21
-3.7374718110236218
 31
0
  0
LINE
  5
C7C
330
22
100
AcDbEntity
  8
B.Cu
  6
CONTINUOUS
100
AcDbLine
 10
5.6355573228346456
 20
-3.7374718110236218
 30
0
 11
5.6334847637795278
 21
-3.7388566141732285
 31
0
  0
LINE
  5
C7D
330
22
100
AcDbEntity
  8
B.Cu
  6
CONTINUOUS
100
AcDbLine
 10
5.6334847637795278
 20
-3.7388566141732285
 30
0
 11
5.633484724409449
 21
-3.7388566535433072
 31
0
  0
LINE
  5
C7E
330
22
100
AcDbEntity
  8
B.Cu
  6
CONTINUOUS
100
AcDbLine
 10
5.633484724409449
 20
-3.7388566535433072
 30
0
 11
5.6483235039370081
 21
-3.7536953937007875
 31
0
  0
LINE
  5
C7F
330
22
100
AcDbEntity
  8
B.Cu
  6
CONTINUOUS
100
AcDbLine
 10
5.6483235039370081
 20
-3.7536953937007875
 30
0
 11
5.6525826771653538
 21
-3.7525541732283463
 31
0
  0
LINE
  5
C80
330
22
100
AcDbEntity
  8
B.Cu
  6
CONTINUOUS
100
AcDbLine
 10
5.6525826771653538
 20
-3.7525541732283463
 30
0
 11
5.6584409448818898
 21
-3.7525541732283463
 31
0
  0
LINE
  5
C81
330
22
100
AcDbEntity
  8
B.Cu
  6
CONTINUOUS
100
AcDbLine
 10
5.6584409448818898
 20
-3.7525541732283463
 30
0
 11
5.6627000393700788
 21
-3.7536953937007875
 31
0
  0
LINE
  5
C82
330
22
100
AcDbEntity
  8
B.Cu
  6
CONTINUOUS
100
AcDbLine
 10
5.6627000393700788
 20
-3.7536953937007875
 30
0
 11
5.6775387795275591
 21
-3.7388566535433072
 31
0
  0
LINE
  5
C83
330
22
100
AcDbEntity
  8
B.Cu
  6
CONTINUOUS
100
AcDbLine
 10
5.6775387795275591
 20
-3.7388566535433072
 30
0
 11
5.6775387795275591
 21
-3.7388566141732285
 31
0
  0
LINE
  5
C84
330
22
100
AcDbEntity
  8
B.Cu
  6
CONTINUOUS
100
AcDbLine
 10
5.6775387795275591
 20
-3.7388566141732285
 30
0
 11
5.6754658661417325
 21
-3.7374715748031497
 31
0
  0
LINE
  5
C85
330
22
100
AcDbEntity
  8
B.Cu
  6
CONTINUOUS
100
AcDbLine
 10
5.6754658661417325
 20
-3.7374715748031497
 30
0
 11
5.6677994881889759
 21
-3.7342960629921258
 31
0
  0
LINE
  5
C86
330
22
100
AcDbEntity
  8
B.Cu
  6
CONTINUOUS
100
AcDbLine
 10
5.6677994881889759
 20
-3.7342960629921258
 30
0
 11
5.6677992519685034
 21
-3.7342959842519683
 31
0
  0
LINE
  5
C87
330
22
100
AcDbEntity
  8
B.Cu
  6
CONTINUOUS
100
AcDbLine
 10
5.6677992519685034
 20
-3.7342959842519683
 30
0
 11
5.6596609448818898
 21
-3.7326771653543305
 31
0
  0
LINE
  5
C88
330
22
100
AcDbEntity
  8
B.Cu
  6
CONTINUOUS
100
AcDbLine
 10
5.6596609448818898
 20
-3.7326771653543305
 30
0
 11
5.6513626771653538
 21
-3.7326771653543305
 31
0
  0
LINE
  5
C89
330
22
100
AcDbEntity
  8
B.Cu
  6
CONTINUOUS
100
AcDbLine
 10
5.6513626771653538
 20
-3.7326771653543305
 30
0
 11
5.6432243307086614
 21
-3.7342959842519683
 31
0
  0
LINE
  5
C8A
330
22
100
AcDbEntity
  8
B.Cu
  6
CONTINUOUS
100
AcDbLine
 10
5.5226014173228348
 20
-3.4676958267716533
 30
0
 11
5.5243562992125987
 21
-3.4689708267716535
 31
0
  0
LINE
  5
C8B
330
22
100
AcDbEntity
  8
B.Cu
  6
CONTINUOUS
100
AcDbLine
 10
5.5243562992125987
 20
-3.4689708267716535
 30
0
 11
5.5315341732283461
 21
-3.4726281496062992
 31
0
  0
LINE
  5
C8C
330
22
100
AcDbEntity
  8
B.Cu
  6
CONTINUOUS
100
AcDbLine
 10
5.5315341732283461
 20
-3.4726281496062992
 30
0
 11
5.5391961417322833
 21
-3.4751177165354328
 31
0
  0
LINE
  5
C8D
330
22
100
AcDbEntity
  8
B.Cu
  6
CONTINUOUS
100
AcDbLine
 10
5.5391961417322833
 20
-3.4751177165354328
 30
0
 11
5.5471528740157483
 21
-3.4763779527559056
 31
0
  0
LINE
  5
C8E
330
22
100
AcDbEntity
  8
B.Cu
  6
CONTINUOUS
100
AcDbLine
 10
5.5471528740157483
 20
-3.4763779527559056
 30
0
 11
5.555209330708661
 21
-3.4763779527559056
 31
0
  0
LINE
  5
C8F
330
22
100
AcDbEntity
  8
B.Cu
  6
CONTINUOUS
100
AcDbLine
 10
5.555209330708661
 20
-3.4763779527559056
 30
0
 11
5.5631660236220473
 21
-3.4751177165354328
 31
0
  0
LINE
  5
C90
330
22
100
AcDbEntity
  8
B.Cu
  6
CONTINUOUS
100
AcDbLine
 10
5.5631660236220473
 20
-3.4751177165354328
 30
0
 11
5.5708279921259845
 21
-3.4726281496062992
 31
0
  0
LINE
  5
C91
330
22
100
AcDbEntity
  8
B.Cu
  6
CONTINUOUS
100
AcDbLine
 10
5.5708279921259845
 20
-3.4726281496062992
 30
0
 11
5.5780058661417318
 21
-3.4689708267716535
 31
0
  0
LINE
  5
C92
330
22
100
AcDbEntity
  8
B.Cu
  6
CONTINUOUS
100
AcDbLine
 10
5.5780058661417318
 20
-3.4689708267716535
 30
0
 11
5.5797606692913382
 21
-3.4676958267716533
 31
0
  0
LINE
  5
C93
330
22
100
AcDbEntity
  8
B.Cu
  6
CONTINUOUS
100
AcDbLine
 10
5.5797606692913382
 20
-3.4676958267716533
 30
0
 11
5.5653285433070865
 21
-3.4532637007874016
 31
0
  0
LINE
  5
C94
330
22
100
AcDbEntity
  8
B.Cu
  6
CONTINUOUS
100
AcDbLine
 10
5.5653285433070865
 20
-3.4532637007874016
 30
0
 11
5.5603239370078743
 21
-3.4553366929133857
 31
0
  0
LINE
  5
C95
330
22
100
AcDbEntity
  8
B.Cu
  6
CONTINUOUS
100
AcDbLine
 10
5.5603239370078743
 20
-3.4553366929133857
 30
0
 11
5.5542682677165356
 21
-3.4565412598425196
 31
0
  0
LINE
  5
C96
330
22
100
AcDbEntity
  8
B.Cu
  6
CONTINUOUS
100
AcDbLine
 10
5.5542682677165356
 20
-3.4565412598425196
 30
0
 11
5.5480939370078737
 21
-3.4565412598425196
 31
0
  0
LINE
  5
C97
330
22
100
AcDbEntity
  8
B.Cu
  6
CONTINUOUS
100
AcDbLine
 10
5.5480939370078737
 20
-3.4565412598425196
 30
0
 11
5.542038267716535
 21
-3.4553366929133857
 31
0
  0
LINE
  5
C98
330
22
100
AcDbEntity
  8
B.Cu
  6
CONTINUOUS
100
AcDbLine
 10
5.542038267716535
 20
-3.4553366929133857
 30
0
 11
5.5370335826771653
 21
-3.4532636614173229
 31
0
  0
LINE
  5
C99
330
22
100
AcDbEntity
  8
B.Cu
  6
CONTINUOUS
100
AcDbLine
 10
5.5370335826771653
 20
-3.4532636614173229
 30
0
 11
5.5226014173228348
 21
-3.4676958267716533
 31
0
  0
LINE
  5
C9A
330
22
100
AcDbEntity
  8
B.Cu
  6
CONTINUOUS
100
AcDbLine
 10
5.7194518110236219
 20
-3.4676958267716533
 30
0
 11
5.7212066929133858
 21
-3.4689708267716535
 31
0
  0
LINE
  5
C9B
330
22
100
AcDbEntity
  8
B.Cu
  6
CONTINUOUS
100
AcDbLine
 10
5.7212066929133858
 20
-3.4689708267716535
 30
0
 11
5.728384566929134
 21
-3.4726281496062992
 31
0
  0
LINE
  5
C9C
330
22
100
AcDbEntity
  8
B.Cu
  6
CONTINUOUS
100
AcDbLine
 10
5.728384566929134
 20
-3.4726281496062992
 30
0
 11
5.7360465354330703
 21
-3.4751177165354328
 31
0
  0
LINE
  5
C9D
330
22
100
AcDbEntity
  8
B.Cu
  6
CONTINUOUS
100
AcDbLine
 10
5.7360465354330703
 20
-3.4751177165354328
 30
0
 11
5.7440032677165354
 21
-3.4763779527559056
 31
0
  0
LINE
  5
C9E
330
22
100
AcDbEntity
  8
B.Cu
  6
CONTINUOUS
100
AcDbLine
 10
5.7440032677165354
 20
-3.4763779527559056
 30
0
 11
5.7520597244094489
 21
-3.4763779527559056
 31
0
  0
LINE
  5
C9F
330
22
100
AcDbEntity
  8
B.Cu
  6
CONTINUOUS
100
AcDbLine
 10
5.7520597244094489
 20
-3.4763779527559056
 30
0
 11
5.7600164173228343
 21
-3.4751177165354328
 31
0
  0
LINE
  5
CA0
330
22
100
AcDbEntity
  8
B.Cu
  6
CONTINUOUS
100
AcDbLine
 10
5.7600164173228343
 20
-3.4751177165354328
 30
0
 11
5.7676783858267715
 21
-3.4726281496062992
 31
0
  0
LINE
  5
CA1
330
22
100
AcDbEntity
  8
B.Cu
  6
CONTINUOUS
100
AcDbLine
 10
5.7676783858267715
 20
-3.4726281496062992
 30
0
 11
5.7748562598425197
 21
-3.4689708267716535
 31
0
  0
LINE
  5
CA2
330
22
100
AcDbEntity
  8
B.Cu
  6
CONTINUOUS
100
AcDbLine
 10
5.7748562598425197
 20
-3.4689708267716535
 30
0
 11
5.7766110629921261
 21
-3.4676958267716533
 31
0
  0
LINE
  5
CA3
330
22
100
AcDbEntity
  8
B.Cu
  6
CONTINUOUS
100
AcDbLine
 10
5.7766110629921261
 20
-3.4676958267716533
 30
0
 11
5.7621789370078735
 21
-3.4532637007874016
 31
0
  0
LINE
  5
CA4
330
22
100
AcDbEntity
  8
B.Cu
  6
CONTINUOUS
100
AcDbLine
 10
5.7621789370078735
 20
-3.4532637007874016
 30
0
 11
5.7571743307086614
 21
-3.4553366929133857
 31
0
  0
LINE
  5
CA5
330
22
100
AcDbEntity
  8
B.Cu
  6
CONTINUOUS
100
AcDbLine
 10
5.7571743307086614
 20
-3.4553366929133857
 30
0
 11
5.7511186614173226
 21
-3.4565412598425196
 31
0
  0
LINE
  5
CA6
330
22
100
AcDbEntity
  8
B.Cu
  6
CONTINUOUS
100
AcDbLine
 10
5.7511186614173226
 20
-3.4565412598425196
 30
0
 11
5.7449443307086616
 21
-3.4565412598425196
 31
0
  0
LINE
  5
CA7
330
22
100
AcDbEntity
  8
B.Cu
  6
CONTINUOUS
100
AcDbLine
 10
5.7449443307086616
 20
-3.4565412598425196
 30
0
 11
5.7388886614173229
 21
-3.4553366929133857
 31
0
  0
LINE
  5
CA8
330
22
100
AcDbEntity
  8
B.Cu
  6
CONTINUOUS
100
AcDbLine
 10
5.7388886614173229
 20
-3.4553366929133857
 30
0
 11
5.7338839763779523
 21
-3.4532636614173229
 31
0
  0
LINE
  5
CA9
330
22
100
AcDbEntity
  8
B.Cu
  6
CONTINUOUS
100
AcDbLine
 10
5.7338839763779523
 20
-3.4532636614173229
 30
0
 11
5.7194518110236219
 21
-3.4676958267716533
 31
0
  0
LINE
  5
CAA
330
22
100
AcDbEntity
  8
B.Cu
  6
CONTINUOUS
100
AcDbLine
 10
5.7760983070866141
 20
-3.4110492913385828
 30
0
 11
5.778171338582677
 21
-3.4160540157480312
 31
0
  0
LINE
  5
CAB
330
22
100
AcDbEntity
  8
B.Cu
  6
CONTINUOUS
100
AcDbLine
 10
5.778171338582677
 20
-3.4160540157480312
 30
0
 11
5.7793759055118112
 21
-3.42210968503937
 31
0
  0
LINE
  5
CAC
330
22
100
AcDbEntity
  8
B.Cu
  6
CONTINUOUS
100
AcDbLine
 10
5.7793759055118112
 20
-3.42210968503937
 30
0
 11
5.7793759055118112
 21
-3.4282840157480314
 31
0
  0
LINE
  5
CAD
330
22
100
AcDbEntity
  8
B.Cu
  6
CONTINUOUS
100
AcDbLine
 10
5.7793759055118112
 20
-3.4282840157480314
 30
0
 11
5.778171338582677
 21
-3.4343396850393701
 31
0
  0
LINE
  5
CAE
330
22
100
AcDbEntity
  8
B.Cu
  6
CONTINUOUS
100
AcDbLine
 10
5.778171338582677
 20
-3.4343396850393701
 30
0
 11
5.7760983070866141
 21
-3.4393442913385828
 31
0
  0
LINE
  5
CAF
330
22
100
AcDbEntity
  8
B.Cu
  6
CONTINUOUS
100
AcDbLine
 10
5.7760983070866141
 20
-3.4393442913385828
 30
0
 11
5.7905304724409445
 21
-3.4537764566929132
 31
0
  0
LINE
  5
CB0
330
22
100
AcDbEntity
  8
B.Cu
  6
CONTINUOUS
100
AcDbLine
 10
5.7905304724409445
 20
-3.4537764566929132
 30
0
 11
5.7905304724409445
 21
-3.4537764173228345
 31
0
  0
LINE
  5
CB1
330
22
100
AcDbEntity
  8
B.Cu
  6
CONTINUOUS
100
AcDbLine
 10
5.7905304724409445
 20
-3.4537764173228345
 30
0
 11
5.7918054724409451
 21
-3.4520216141732281
 31
0
  0
LINE
  5
CB2
330
22
100
AcDbEntity
  8
B.Cu
  6
CONTINUOUS
100
AcDbLine
 10
5.7918054724409451
 20
-3.4520216141732281
 30
0
 11
5.7954627952755908
 21
-3.4448437401574803
 31
0
  0
LINE
  5
CB3
330
22
100
AcDbEntity
  8
B.Cu
  6
CONTINUOUS
100
AcDbLine
 10
5.7954627952755908
 20
-3.4448437401574803
 30
0
 11
5.7979523622047244
 21
-3.4371817716535431
 31
0
  0
LINE
  5
CB4
330
22
100
AcDbEntity
  8
B.Cu
  6
CONTINUOUS
100
AcDbLine
 10
5.7979523622047244
 20
-3.4371817716535431
 30
0
 11
5.7992125984251963
 21
-3.4292250787401573
 31
0
  0
LINE
  5
CB5
330
22
100
AcDbEntity
  8
B.Cu
  6
CONTINUOUS
100
AcDbLine
 10
5.7992125984251963
 20
-3.4292250787401573
 30
0
 11
5.7992125984251963
 21
-3.4211685826771654
 31
0
  0
LINE
  5
CB6
330
22
100
AcDbEntity
  8
B.Cu
  6
CONTINUOUS
100
AcDbLine
 10
5.7992125984251963
 20
-3.4211685826771654
 30
0
 11
5.7979523622047244
 21
-3.4132118897637795
 31
0
  0
LINE
  5
CB7
330
22
100
AcDbEntity
  8
B.Cu
  6
CONTINUOUS
100
AcDbLine
 10
5.7979523622047244
 20
-3.4132118897637795
 30
0
 11
5.7954627952755908
 21
-3.4055499212598423
 31
0
  0
LINE
  5
CB8
330
22
100
AcDbEntity
  8
B.Cu
  6
CONTINUOUS
100
AcDbLine
 10
5.7954627952755908
 20
-3.4055499212598423
 30
0
 11
5.7918054724409451
 21
-3.3983720472440946
 31
0
  0
LINE
  5
CB9
330
22
100
AcDbEntity
  8
B.Cu
  6
CONTINUOUS
100
AcDbLine
 10
5.7918054724409451
 20
-3.3983720472440946
 30
0
 11
5.7905304724409445
 21
-3.3966172047244094
 31
0
  0
LINE
  5
CBA
330
22
100
AcDbEntity
  8
B.Cu
  6
CONTINUOUS
100
AcDbLine
 10
5.7905304724409445
 20
-3.3966172047244094
 30
0
 11
5.7905304724409445
 21
-3.3966171653543307
 31
0
  0
LINE
  5
CBB
330
22
100
AcDbEntity
  8
B.Cu
  6
CONTINUOUS
100
AcDbLine
 10
5.7905304724409445
 20
-3.3966171653543307
 30
0
 11
5.7760983070866141
 21
-3.4110492913385828
 31
0
  0
LINE
  5
CBC
330
22
100
AcDbEntity
  8
B.Cu
  6
CONTINUOUS
100
AcDbLine
 10
5.579247913385827
 20
-3.4110492913385828
 30
0
 11
5.5813209448818899
 21
-3.4160540157480312
 31
0
  0
LINE
  5
CBD
330
22
100
AcDbEntity
  8
B.Cu
  6
CONTINUOUS
100
AcDbLine
 10
5.5813209448818899
 20
-3.4160540157480312
 30
0
 11
5.5825255118110233
 21
-3.42210968503937
 31
0
  0
LINE
  5
CBE
330
22
100
AcDbEntity
  8
B.Cu
  6
CONTINUOUS
100
AcDbLine
 10
5.5825255118110233
 20
-3.42210968503937
 30
0
 11
5.5825255118110233
 21
-3.4282840157480314
 31
0
  0
LINE
  5
CBF
330
22
100
AcDbEntity
  8
B.Cu
  6
CONTINUOUS
100
AcDbLine
 10
5.5825255118110233
 20
-3.4282840157480314
 30
0
 11
5.5813209448818899
 21
-3.4343396850393701
 31
0
  0
LINE
  5
CC0
330
22
100
AcDbEntity
  8
B.Cu
  6
CONTINUOUS
100
AcDbLine
 10
5.5813209448818899
 20
-3.4343396850393701
 30
0
 11
5.5792479527559058
 21
-3.4393442913385828
 31
0
  0
LINE
  5
CC1
330
22
100
AcDbEntity
  8
B.Cu
  6
CONTINUOUS
100
AcDbLine
 10
5.5792479527559058
 20
-3.4393442913385828
 30
0
 11
5.5936800787401575
 21
-3.4537764173228345
 31
0
  0
LINE
  5
CC2
330
22
100
AcDbEntity
  8
B.Cu
  6
CONTINUOUS
100
AcDbLine
 10
5.5936800787401575
 20
-3.4537764173228345
 30
0
 11
5.5949550787401572
 21
-3.4520216141732281
 31
0
  0
LINE
  5
CC3
330
22
100
AcDbEntity
  8
B.Cu
  6
CONTINUOUS
100
AcDbLine
 10
5.5949550787401572
 20
-3.4520216141732281
 30
0
 11
5.5986124015748029
 21
-3.4448437401574803
 31
0
  0
LINE
  5
CC4
330
22
100
AcDbEntity
  8
B.Cu
  6
CONTINUOUS
100
AcDbLine
 10
5.5986124015748029
 20
-3.4448437401574803
 30
0
 11
5.6011019685039365
 21
-3.4371817716535431
 31
0
  0
LINE
  5
CC5
330
22
100
AcDbEntity
  8
B.Cu
  6
CONTINUOUS
100
AcDbLine
 10
5.6011019685039365
 20
-3.4371817716535431
 30
0
 11
5.6023622047244093
 21
-3.4292250787401573
 31
0
  0
LINE
  5
CC6
330
22
100
AcDbEntity
  8
B.Cu
  6
CONTINUOUS
100
AcDbLine
 10
5.6023622047244093
 20
-3.4292250787401573
 30
0
 11
5.6023622047244093
 21
-3.4211685826771654
 31
0
  0
LINE
  5
CC7
330
22
100
AcDbEntity
  8
B.Cu
  6
CONTINUOUS
100
AcDbLine
 10
5.6023622047244093
 20
-3.4211685826771654
 30
0
 11
5.6011019685039365
 21
-3.4132118897637795
 31
0
  0
LINE
  5
CC8
330
22
100
AcDbEntity
  8
B.Cu
  6
CONTINUOUS
100
AcDbLine
 10
5.6011019685039365
 20
-3.4132118897637795
 30
0
 11
5.5986124015748029
 21
-3.4055499212598423
 31
0
  0
LINE
  5
CC9
330
22
100
AcDbEntity
  8
B.Cu
  6
CONTINUOUS
100
AcDbLine
 10
5.5986124015748029
 20
-3.4055499212598423
 30
0
 11
5.5949550787401572
 21
-3.3983720472440946
 31
0
  0
LINE
  5
CCA
330
22
100
AcDbEntity
  8
B.Cu
  6
CONTINUOUS
100
AcDbLine
 10
5.5949550787401572
 20
-3.3983720472440946
 30
0
 11
5.5936800787401575
 21
-3.3966172047244094
 31
0
  0
LINE
  5
CCB
330
22
100
AcDbEntity
  8
B.Cu
  6
CONTINUOUS
100
AcDbLine
 10
5.5936800787401575
 20
-3.3966172047244094
 30
0
 11
5.5936800787401575
 21
-3.3966171653543307
 31
0
  0
LINE
  5
CCC
330
22
100
AcDbEntity
  8
B.Cu
  6
CONTINUOUS
100
AcDbLine
 10
5.5936800787401575
 20
-3.3966171653543307
 30
0
 11
5.579247913385827
 21
-3.4110492913385828
 31
0
  0
LINE
  5
CCD
330
22
100
AcDbEntity
  8
B.Cu
  6
CONTINUOUS
100
AcDbLine
 10
6.4736572047244092
 20
-3.4339629133858267
 30
0
 11
6.4769223622047241
 21
-3.4363351968503935
 31
0
  0
LINE
  5
CCE
330
22
100
AcDbEntity
  8
B.Cu
  6
CONTINUOUS
100
AcDbLine
 10
6.4769223622047241
 20
-3.4363351968503935
 30
0
 11
6.4852046062992121
 21
-3.4405551968503936
 31
0
  0
LINE
  5
CCF
330
22
100
AcDbEntity
  8
B.Cu
  6
CONTINUOUS
100
AcDbLine
 10
6.4852046062992121
 20
-3.4405551968503936
 30
0
 11
6.4940453543307086
 21
-3.4434277559055118
 31
0
  0
LINE
  5
CD0
330
22
100
AcDbEntity
  8
B.Cu
  6
CONTINUOUS
100
AcDbLine
 10
6.4940453543307086
 20
-3.4434277559055118
 30
0
 11
6.4940453149606299
 21
-3.4434277559055118
 31
0
  0
LINE
  5
CD1
330
22
100
AcDbEntity
  8
B.Cu
  6
CONTINUOUS
100
AcDbLine
 10
6.4940453149606299
 20
-3.4434277559055118
 30
0
 11
6.5032262992125984
 21
-3.4448818897637796
 31
0
  0
LINE
  5
CD2
330
22
100
AcDbEntity
  8
B.Cu
  6
CONTINUOUS
100
AcDbLine
 10
6.5032262992125984
 20
-3.4448818897637796
 30
0
 11
6.5125217322834645
 21
-3.4448818897637796
 31
0
  0
LINE
  5
CD3
330
22
100
AcDbEntity
  8
B.Cu
  6
CONTINUOUS
100
AcDbLine
 10
6.5125217322834645
 20
-3.4448818897637796
 30
0
 11
6.5217026377952756
 21
-3.4434277559055118
 31
0
  0
LINE
  5
CD4
330
22
100
AcDbEntity
  8
B.Cu
  6
CONTINUOUS
100
AcDbLine
 10
6.5217026377952756
 20
-3.4434277559055118
 30
0
 11
6.5305433858267712
 21
-3.4405551968503936
 31
0
  0
LINE
  5
CD5
330
22
100
AcDbEntity
  8
B.Cu
  6
CONTINUOUS
100
AcDbLine
 10
6.5305433858267712
 20
-3.4405551968503936
 30
0
 11
6.5388253149606301
 21
-3.4363353543307085
 31
0
  0
LINE
  5
CD6
330
22
100
AcDbEntity
  8
B.Cu
  6
CONTINUOUS
100
AcDbLine
 10
6.5388253149606301
 20
-3.4363353543307085
 30
0
 11
6.5388255511811026
 21
-3.4363351968503935
 31
0
  0
LINE
  5
CD7
330
22
100
AcDbEntity
  8
B.Cu
  6
CONTINUOUS
100
AcDbLine
 10
6.5388255511811026
 20
-3.4363351968503935
 30
0
 11
6.5420907086614175
 21
-3.4339629133858267
 31
0
  0
LINE
  5
CD8
330
22
100
AcDbEntity
  8
B.Cu
  6
CONTINUOUS
100
AcDbLine
 10
6.5420907086614175
 20
-3.4339629133858267
 30
0
 11
6.5420907480314963
 21
-3.4339629133858267
 31
0
  0
LINE
  5
CD9
330
22
100
AcDbEntity
  8
B.Cu
  6
CONTINUOUS
100
AcDbLine
 10
6.5420907480314963
 20
-3.4339629133858267
 30
0
 11
6.5277774803149606
 21
-3.4196496456692911
 31
0
  0
LINE
  5
CDA
330
22
100
AcDbEntity
  8
B.Cu
  6
CONTINUOUS
100
AcDbLine
 10
6.5277774803149606
 20
-3.4196496456692911
 30
0
 11
6.5264329527559051
 21
-3.4205480708661415
 31
0
  0
LINE
  5
CDB
330
22
100
AcDbEntity
  8
B.Cu
  6
CONTINUOUS
100
AcDbLine
 10
6.5264329527559051
 20
-3.4205480708661415
 30
0
 11
6.5193025590551184
 21
-3.4235015748031494
 31
0
  0
LINE
  5
CDC
330
22
100
AcDbEntity
  8
B.Cu
  6
CONTINUOUS
100
AcDbLine
 10
6.5193025590551184
 20
-3.4235015748031494
 30
0
 11
6.5117329527559056
 21
-3.4250072834645668
 31
0
  0
LINE
  5
CDD
330
22
100
AcDbEntity
  8
B.Cu
  6
CONTINUOUS
100
AcDbLine
 10
6.5117329527559056
 20
-3.4250072834645668
 30
0
 11
6.5040150787401574
 21
-3.4250072834645668
 31
0
  0
LINE
  5
CDE
330
22
100
AcDbEntity
  8
B.Cu
  6
CONTINUOUS
100
AcDbLine
 10
6.5040150787401574
 20
-3.4250072834645668
 30
0
 11
6.4964454724409446
 21
-3.4235015748031494
 31
0
  0
LINE
  5
CDF
330
22
100
AcDbEntity
  8
B.Cu
  6
CONTINUOUS
100
AcDbLine
 10
6.4964454724409446
 20
-3.4235015748031494
 30
0
 11
6.489315078740157
 21
-3.4205480708661415
 31
0
  0
LINE
  5
CE0
330
22
100
AcDbEntity
  8
B.Cu
  6
CONTINUOUS
100
AcDbLine
 10
6.489315078740157
 20
-3.4205480708661415
 30
0
 11
6.4879704724409448
 21
-3.4196496062992123
 31
0
  0
LINE
  5
CE1
330
22
100
AcDbEntity
  8
B.Cu
  6
CONTINUOUS
100
AcDbLine
 10
6.4879704724409448
 20
-3.4196496062992123
 30
0
 11
6.4736572047244092
 21
-3.4339629133858267
 31
0
  0
LINE
  5
CE2
330
22
100
AcDbEntity
  8
B.Cu
  6
CONTINUOUS
100
AcDbLine
 10
6.5416968503937003
 20
-3.3659232283464564
 30
0
 11
6.5425953149606295
 21
-3.367267834645669
 31
0
  0
LINE
  5
CE3
330
22
100
AcDbEntity
  8
B.Cu
  6
CONTINUOUS
100
AcDbLine
 10
6.5425953149606295
 20
-3.367267834645669
 30
0
 11
6.5455488188976378
 21
-3.3743982283464566
 31
0
  0
LINE
  5
CE4
330
22
100
AcDbEntity
  8
B.Cu
  6
CONTINUOUS
100
AcDbLine
 10
6.5455488188976378
 20
-3.3743982283464566
 30
0
 11
6.5470545275590553
 21
-3.3819678346456694
 31
0
  0
LINE
  5
CE5
330
22
100
AcDbEntity
  8
B.Cu
  6
CONTINUOUS
100
AcDbLine
 10
6.5470545275590553
 20
-3.3819678346456694
 30
0
 11
6.5470545275590553
 21
-3.3896857086614172
 31
0
  0
LINE
  5
CE6
330
22
100
AcDbEntity
  8
B.Cu
  6
CONTINUOUS
100
AcDbLine
 10
6.5470545275590553
 20
-3.3896857086614172
 30
0
 11
6.5455488188976378
 21
-3.3972553149606299
 31
0
  0
LINE
  5
CE7
330
22
100
AcDbEntity
  8
B.Cu
  6
CONTINUOUS
100
AcDbLine
 10
6.5455488188976378
 20
-3.3972553149606299
 30
0
 11
6.5425953149606295
 21
-3.4043857086614171
 31
0
  0
LINE
  5
CE8
330
22
100
AcDbEntity
  8
B.Cu
  6
CONTINUOUS
100
AcDbLine
 10
6.5425953149606295
 20
-3.4043857086614171
 30
0
 11
6.5416968897637791
 21
-3.4057302362204722
 31
0
  0
LINE
  5
CE9
330
22
100
AcDbEntity
  8
B.Cu
  6
CONTINUOUS
100
AcDbLine
 10
6.5416968897637791
 20
-3.4057302362204722
 30
0
 11
6.5560101574803147
 21
-3.4200435039370078
 31
0
  0
LINE
  5
CEA
330
22
100
AcDbEntity
  8
B.Cu
  6
CONTINUOUS
100
AcDbLine
 10
6.5560101574803147
 20
-3.4200435039370078
 30
0
 11
6.5560101574803147
 21
-3.4200434645669291
 31
0
  0
LINE
  5
CEB
330
22
100
AcDbEntity
  8
B.Cu
  6
CONTINUOUS
100
AcDbLine
 10
6.5560101574803147
 20
-3.4200434645669291
 30
0
 11
6.5583824409448814
 21
-3.4167783070866142
 31
0
  0
LINE
  5
CEC
330
22
100
AcDbEntity
  8
B.Cu
  6
CONTINUOUS
100
AcDbLine
 10
6.5583824409448814
 20
-3.4167783070866142
 30
0
 11
6.5583825984251964
 21
-3.4167780708661417
 31
0
  0
LINE
  5
CED
330
22
100
AcDbEntity
  8
B.Cu
  6
CONTINUOUS
100
AcDbLine
 10
6.5583825984251964
 20
-3.4167780708661417
 30
0
 11
6.5626024409448815
 21
-3.4084961417322832
 31
0
  0
LINE
  5
CEE
330
22
100
AcDbEntity
  8
B.Cu
  6
CONTINUOUS
100
AcDbLine
 10
6.5626024409448815
 20
-3.4084961417322832
 30
0
 11
6.5654750000000002
 21
-3.3996553937007872
 31
0
  0
LINE
  5
CEF
330
22
100
AcDbEntity
  8
B.Cu
  6
CONTINUOUS
100
AcDbLine
 10
6.5654750000000002
 20
-3.3996553937007872
 30
0
 11
6.5669291338582676
 21
-3.3904744881889761
 31
0
  0
LINE
  5
CF0
330
22
100
AcDbEntity
  8
B.Cu
  6
CONTINUOUS
100
AcDbLine
 10
6.5669291338582676
 20
-3.3904744881889761
 30
0
 11
6.5669291338582676
 21
-3.3811790157480313
 31
0
  0
LINE
  5
CF1
330
22
100
AcDbEntity
  8
B.Cu
  6
CONTINUOUS
100
AcDbLine
 10
6.5669291338582676
 20
-3.3811790157480313
 30
0
 11
6.5654750000000002
 21
-3.3719981102362202
 31
0
  0
LINE
  5
CF2
330
22
100
AcDbEntity
  8
B.Cu
  6
CONTINUOUS
100
AcDbLine
 10
6.5654750000000002
 20
-3.3719981102362202
 30
0
 11
6.5626024409448815
 21
-3.3631573622047242
 31
0
  0
LINE
  5
CF3
330
22
100
AcDbEntity
  8
B.Cu
  6
CONTINUOUS
100
AcDbLine
 10
6.5626024409448815
 20
-3.3631573622047242
 30
0
 11
6.5583824409448814
 21
-3.3548751181102361
 31
0
  0
LINE
  5
CF4
330
22
100
AcDbEntity
  8
B.Cu
  6
CONTINUOUS
100
AcDbLine
 10
6.5583824409448814
 20
-3.3548751181102361
 30
0
 11
6.5560101574803147
 21
-3.35161
 31
0
  0
LINE
  5
CF5
330
22
100
AcDbEntity
  8
B.Cu
  6
CONTINUOUS
100
AcDbLine
 10
6.5560101574803147
 20
-3.35161
 30
0
 11
6.5560101574803147
 21
-3.3516099606299212
 31
0
  0
LINE
  5
CF6
330
22
100
AcDbEntity
  8
B.Cu
  6
CONTINUOUS
100
AcDbLine
 10
6.5560101574803147
 20
-3.3516099606299212
 30
0
 11
6.5416968503937003
 21
-3.3659232283464564
 31
0
  0
LINE
  5
CF7
330
22
100
AcDbEntity
  8
B.Cu
  6
CONTINUOUS
100
AcDbLine
 10
5.5391961417322833
 20
-3.3752759448818899
 30
0
 11
5.5315341732283461
 21
-3.3777655118110235
 31
0
  0
LINE
  5
CF8
330
22
100
AcDbEntity
  8
B.Cu
  6
CONTINUOUS
100
AcDbLine
 10
5.5315341732283461
 20
-3.3777655118110235
 30
0
 11
5.5243560629921262
 21
-3.3814229527559054
 31
0
  0
LINE
  5
CF9
330
22
100
AcDbEntity
  8
B.Cu
  6
CONTINUOUS
100
AcDbLine
 10
5.5243560629921262
 20
-3.3814229527559054
 30
0
 11
5.5226014566929136
 21
-3.3826977559055118
 31
0
  0
LINE
  5
CFA
330
22
100
AcDbEntity
  8
B.Cu
  6
CONTINUOUS
100
AcDbLine
 10
5.5226014566929136
 20
-3.3826977559055118
 30
0
 11
5.5226014566929136
 21
-3.3826977952755906
 31
0
  0
LINE
  5
CFB
330
22
100
AcDbEntity
  8
B.Cu
  6
CONTINUOUS
100
AcDbLine
 10
5.5226014566929136
 20
-3.3826977952755906
 30
0
 11
5.5370336614173228
 21
-3.397129960629921
 31
0
  0
LINE
  5
CFC
330
22
100
AcDbEntity
  8
B.Cu
  6
CONTINUOUS
100
AcDbLine
 10
5.5370336614173228
 20
-3.397129960629921
 30
0
 11
5.542038267716535
 21
-3.3950570078740157
 31
0
  0
LINE
  5
CFD
330
22
100
AcDbEntity
  8
B.Cu
  6
CONTINUOUS
100
AcDbLine
 10
5.542038267716535
 20
-3.3950570078740157
 30
0
 11
5.5480939370078737
 21
-3.3938524409448818
 31
0
  0
LINE
  5
CFE
330
22
100
AcDbEntity
  8
B.Cu
  6
CONTINUOUS
100
AcDbLine
 10
5.5480939370078737
 20
-3.3938524409448818
 30
0
 11
5.5542682677165356
 21
-3.3938524409448818
 31
0
  0
LINE
  5
CFF
330
22
100
AcDbEntity
  8
B.Cu
  6
CONTINUOUS
100
AcDbLine
 10
5.5542682677165356
 20
-3.3938524409448818
 30
0
 11
5.5603239370078743
 21
-3.3950570078740157
 31
0
  0
LINE
  5
D00
330
22
100
AcDbEntity
  8
B.Cu
  6
CONTINUOUS
100
AcDbLine
 10
5.5603239370078743
 20
-3.3950570078740157
 30
0
 11
5.5653285039370077
 21
-3.397129960629921
 31
0
  0
LINE
  5
D01
330
22
100
AcDbEntity
  8
B.Cu
  6
CONTINUOUS
100
AcDbLine
 10
5.5653285039370077
 20
-3.397129960629921
 30
0
 11
5.5797607086614169
 21
-3.3826977952755906
 31
0
  0
LINE
  5
D02
330
22
100
AcDbEntity
  8
B.Cu
  6
CONTINUOUS
100
AcDbLine
 10
5.5797607086614169
 20
-3.3826977952755906
 30
0
 11
5.5797606692913382
 21
-3.3826977559055118
 31
0
  0
LINE
  5
D03
330
22
100
AcDbEntity
  8
B.Cu
  6
CONTINUOUS
100
AcDbLine
 10
5.5797606692913382
 20
-3.3826977559055118
 30
0
 11
5.5780062598425193
 21
-3.3814231102362204
 31
0
  0
LINE
  5
D04
330
22
100
AcDbEntity
  8
B.Cu
  6
CONTINUOUS
100
AcDbLine
 10
5.5780062598425193
 20
-3.3814231102362204
 30
0
 11
5.5780059055118105
 21
-3.3814228740157479
 31
0
  0
LINE
  5
D05
330
22
100
AcDbEntity
  8
B.Cu
  6
CONTINUOUS
100
AcDbLine
 10
5.5780059055118105
 20
-3.3814228740157479
 30
0
 11
5.5708279921259845
 21
-3.3777655118110235
 31
0
  0
LINE
  5
D06
330
22
100
AcDbEntity
  8
B.Cu
  6
CONTINUOUS
100
AcDbLine
 10
5.5708279921259845
 20
-3.3777655118110235
 30
0
 11
5.5631660236220473
 21
-3.3752759448818899
 31
0
  0
LINE
  5
D07
330
22
100
AcDbEntity
  8
B.Cu
  6
CONTINUOUS
100
AcDbLine
 10
5.5631660236220473
 20
-3.3752759448818899
 30
0
 11
5.555209330708661
 21
-3.3740157480314958
 31
0
  0
LINE
  5
D08
330
22
100
AcDbEntity
  8
B.Cu
  6
CONTINUOUS
100
AcDbLine
 10
5.555209330708661
 20
-3.3740157480314958
 30
0
 11
5.5471528740157483
 21
-3.3740157480314958
 31
0
  0
LINE
  5
D09
330
22
100
AcDbEntity
  8
B.Cu
  6
CONTINUOUS
100
AcDbLine
 10
5.5471528740157483
 20
-3.3740157480314958
 30
0
 11
5.5391961417322833
 21
-3.3752759448818899
 31
0
  0
LINE
  5
D0A
330
22
100
AcDbEntity
  8
B.Cu
  6
CONTINUOUS
100
AcDbLine
 10
5.7360465354330703
 20
-3.3752759448818899
 30
0
 11
5.728384566929134
 21
-3.3777655118110235
 31
0
  0
LINE
  5
D0B
330
22
100
AcDbEntity
  8
B.Cu
  6
CONTINUOUS
100
AcDbLine
 10
5.728384566929134
 20
-3.3777655118110235
 30
0
 11
5.7212064566929133
 21
-3.3814229527559054
 31
0
  0
LINE
  5
D0C
330
22
100
AcDbEntity
  8
B.Cu
  6
CONTINUOUS
100
AcDbLine
 10
5.7212064566929133
 20
-3.3814229527559054
 30
0
 11
5.7194518503937006
 21
-3.3826977559055118
 31
0
  0
LINE
  5
D0D
330
22
100
AcDbEntity
  8
B.Cu
  6
CONTINUOUS
100
AcDbLine
 10
5.7194518503937006
 20
-3.3826977559055118
 30
0
 11
5.7194518503937006
 21
-3.3826977952755906
 31
0
  0
LINE
  5
D0E
330
22
100
AcDbEntity
  8
B.Cu
  6
CONTINUOUS
100
AcDbLine
 10
5.7194518503937006
 20
-3.3826977952755906
 30
0
 11
5.7338840551181098
 21
-3.397129960629921
 31
0
  0
LINE
  5
D0F
330
22
100
AcDbEntity
  8
B.Cu
  6
CONTINUOUS
100
AcDbLine
 10
5.7338840551181098
 20
-3.397129960629921
 30
0
 11
5.7388886614173229
 21
-3.3950570078740157
 31
0
  0
LINE
  5
D10
330
22
100
AcDbEntity
  8
B.Cu
  6
CONTINUOUS
100
AcDbLine
 10
5.7388886614173229
 20
-3.3950570078740157
 30
0
 11
5.7449443307086616
 21
-3.3938524409448818
 31
0
  0
LINE
  5
D11
330
22
100
AcDbEntity
  8
B.Cu
  6
CONTINUOUS
100
AcDbLine
 10
5.7449443307086616
 20
-3.3938524409448818
 30
0
 11
5.7511186614173226
 21
-3.3938524409448818
 31
0
  0
LINE
  5
D12
330
22
100
AcDbEntity
  8
B.Cu
  6
CONTINUOUS
100
AcDbLine
 10
5.7511186614173226
 20
-3.3938524409448818
 30
0
 11
5.7571743307086614
 21
-3.3950570078740157
 31
0
  0
LINE
  5
D13
330
22
100
AcDbEntity
  8
B.Cu
  6
CONTINUOUS
100
AcDbLine
 10
5.7571743307086614
 20
-3.3950570078740157
 30
0
 11
5.7621788976377948
 21
-3.397129960629921
 31
0
  0
LINE
  5
D14
330
22
100
AcDbEntity
  8
B.Cu
  6
CONTINUOUS
100
AcDbLine
 10
5.7621788976377948
 20
-3.397129960629921
 30
0
 11
5.7766111023622049
 21
-3.3826977952755906
 31
0
  0
LINE
  5
D15
330
22
100
AcDbEntity
  8
B.Cu
  6
CONTINUOUS
100
AcDbLine
 10
5.7766111023622049
 20
-3.3826977952755906
 30
0
 11
5.7766110629921261
 21
-3.3826977559055118
 31
0
  0
LINE
  5
D16
330
22
100
AcDbEntity
  8
B.Cu
  6
CONTINUOUS
100
AcDbLine
 10
5.7766110629921261
 20
-3.3826977559055118
 30
0
 11
5.7748566535433072
 21
-3.3814231102362204
 31
0
  0
LINE
  5
D17
330
22
100
AcDbEntity
  8
B.Cu
  6
CONTINUOUS
100
AcDbLine
 10
5.7748566535433072
 20
-3.3814231102362204
 30
0
 11
5.7748562992125985
 21
-3.3814228740157479
 31
0
  0
LINE
  5
D18
330
22
100
AcDbEntity
  8
B.Cu
  6
CONTINUOUS
100
AcDbLine
 10
5.7748562992125985
 20
-3.3814228740157479
 30
0
 11
5.7676783858267715
 21
-3.3777655118110235
 31
0
  0
LINE
  5
D19
330
22
100
AcDbEntity
  8
B.Cu
  6
CONTINUOUS
100
AcDbLine
 10
5.7676783858267715
 20
-3.3777655118110235
 30
0
 11
5.7600164173228343
 21
-3.3752759448818899
 31
0
  0
LINE
  5
D1A
330
22
100
AcDbEntity
  8
B.Cu
  6
CONTINUOUS
100
AcDbLine
 10
5.7600164173228343
 20
-3.3752759448818899
 30
0
 11
5.7520597244094489
 21
-3.3740157480314958
 31
0
  0
LINE
  5
D1B
330
22
100
AcDbEntity
  8
B.Cu
  6
CONTINUOUS
100
AcDbLine
 10
5.7520597244094489
 20
-3.3740157480314958
 30
0
 11
5.7440032677165354
 21
-3.3740157480314958
 31
0
  0
LINE
  5
D1C
330
22
100
AcDbEntity
  8
B.Cu
  6
CONTINUOUS
100
AcDbLine
 10
5.7440032677165354
 20
-3.3740157480314958
 30
0
 11
5.7360465354330703
 21
-3.3752759448818899
 31
0
  0
LINE
  5
D1D
330
22
100
AcDbEntity
  8
B.Cu
  6
CONTINUOUS
100
AcDbLine
 10
6.4940453543307086
 20
-3.3282257480314961
 30
0
 11
6.4852046062992121
 21
-3.3310983070866143
 31
0
  0
LINE
  5
D1E
330
22
100
AcDbEntity
  8
B.Cu
  6
CONTINUOUS
100
AcDbLine
 10
6.4852046062992121
 20
-3.3310983070866143
 30
0
 11
6.4769224409448816
 21
-3.3353182677165352
 31
0
  0
LINE
  5
D1F
330
22
100
AcDbEntity
  8
B.Cu
  6
CONTINUOUS
100
AcDbLine
 10
6.4769224409448816
 20
-3.3353182677165352
 30
0
 11
6.473657244094488
 21
-3.3376905511811024
 31
0
  0
LINE
  5
D20
330
22
100
AcDbEntity
  8
B.Cu
  6
CONTINUOUS
100
AcDbLine
 10
6.473657244094488
 20
-3.3376905511811024
 30
0
 11
6.4879705511811023
 21
-3.3520038582677163
 31
0
  0
LINE
  5
D21
330
22
100
AcDbEntity
  8
B.Cu
  6
CONTINUOUS
100
AcDbLine
 10
6.4879705511811023
 20
-3.3520038582677163
 30
0
 11
6.489315078740157
 21
-3.3511054724409446
 31
0
  0
LINE
  5
D22
330
22
100
AcDbEntity
  8
B.Cu
  6
CONTINUOUS
100
AcDbLine
 10
6.489315078740157
 20
-3.3511054724409446
 30
0
 11
6.4964454724409446
 21
-3.3481519685039371
 31
0
  0
LINE
  5
D23
330
22
100
AcDbEntity
  8
B.Cu
  6
CONTINUOUS
100
AcDbLine
 10
6.4964454724409446
 20
-3.3481519685039371
 30
0
 11
6.5040150787401574
 21
-3.3466462598425197
 31
0
  0
LINE
  5
D24
330
22
100
AcDbEntity
  8
B.Cu
  6
CONTINUOUS
100
AcDbLine
 10
6.5040150787401574
 20
-3.3466462598425197
 30
0
 11
6.5117329527559056
 21
-3.3466462598425197
 31
0
  0
LINE
  5
D25
330
22
100
AcDbEntity
  8
B.Cu
  6
CONTINUOUS
100
AcDbLine
 10
6.5117329527559056
 20
-3.3466462598425197
 30
0
 11
6.5193025590551184
 21
-3.3481519685039371
 31
0
  0
LINE
  5
D26
330
22
100
AcDbEntity
  8
B.Cu
  6
CONTINUOUS
100
AcDbLine
 10
6.5193025590551184
 20
-3.3481519685039371
 30
0
 11
6.5264329527559051
 21
-3.3511054724409446
 31
0
  0
LINE
  5
D27
330
22
100
AcDbEntity
  8
B.Cu
  6
CONTINUOUS
100
AcDbLine
 10
6.5264329527559051
 20
-3.3511054724409446
 30
0
 11
6.5277774409448819
 21
-3.3520038188976375
 31
0
  0
LINE
  5
D28
330
22
100
AcDbEntity
  8
B.Cu
  6
CONTINUOUS
100
AcDbLine
 10
6.5277774409448819
 20
-3.3520038188976375
 30
0
 11
6.5420907480314963
 21
-3.3376905511811024
 31
0
  0
LINE
  5
D29
330
22
100
AcDbEntity
  8
B.Cu
  6
CONTINUOUS
100
AcDbLine
 10
6.5420907480314963
 20
-3.3376905511811024
 30
0
 11
6.5420907086614175
 21
-3.3376904724409449
 31
0
  0
LINE
  5
D2A
330
22
100
AcDbEntity
  8
B.Cu
  6
CONTINUOUS
100
AcDbLine
 10
6.5420907086614175
 20
-3.3376904724409449
 30
0
 11
6.5388257480314955
 21
-3.3353183858267714
 31
0
  0
LINE
  5
D2B
330
22
100
AcDbEntity
  8
B.Cu
  6
CONTINUOUS
100
AcDbLine
 10
6.5388257480314955
 20
-3.3353183858267714
 30
0
 11
6.5305433858267712
 21
-3.3310983070866143
 31
0
  0
LINE
  5
D2C
330
22
100
AcDbEntity
  8
B.Cu
  6
CONTINUOUS
100
AcDbLine
 10
6.5305433858267712
 20
-3.3310983070866143
 30
0
 11
6.5217026377952756
 21
-3.3282257480314961
 31
0
  0
LINE
  5
D2D
330
22
100
AcDbEntity
  8
B.Cu
  6
CONTINUOUS
100
AcDbLine
 10
6.5217026377952756
 20
-3.3282257480314961
 30
0
 11
6.5217026771653543
 21
-3.3282257480314961
 31
0
  0
LINE
  5
D2E
330
22
100
AcDbEntity
  8
B.Cu
  6
CONTINUOUS
100
AcDbLine
 10
6.5217026771653543
 20
-3.3282257480314961
 30
0
 11
6.5125217322834645
 21
-3.326771653543307
 31
0
  0
LINE
  5
D2F
330
22
100
AcDbEntity
  8
B.Cu
  6
CONTINUOUS
100
AcDbLine
 10
6.5125217322834645
 20
-3.326771653543307
 30
0
 11
6.5032262992125984
 21
-3.326771653543307
 31
0
  0
LINE
  5
D30
330
22
100
AcDbEntity
  8
B.Cu
  6
CONTINUOUS
100
AcDbLine
 10
6.5032262992125984
 20
-3.326771653543307
 30
0
 11
6.4940453543307086
 21
-3.3282257480314961
 31
0
  0
LINE
  5
D31
330
22
100
AcDbEntity
  8
B.Cu
  6
CONTINUOUS
100
AcDbLine
 10
5.3346456692913389
 20
-3.2381889763779528
 30
0
 11
5.3346456692913389
 21
-3.2696001574803151
 31
0
  0
LINE
  5
D32
330
22
100
AcDbEntity
  8
B.Cu
  6
CONTINUOUS
100
AcDbLine
 10
5.3346456692913389
 20
-3.2696001574803151
 30
0
 11
5.3348976771653538
 21
-3.2719437795275588
 31
0
  0
LINE
  5
D33
330
22
100
AcDbEntity
  8
B.Cu
  6
CONTINUOUS
100
AcDbLine
 10
5.3348976771653538
 20
-3.2719437795275588
 30
0
 11
5.3348977559055113
 21
-3.27194405511811
 31
0
  0
LINE
  5
D34
330
22
100
AcDbEntity
  8
B.Cu
  6
CONTINUOUS
100
AcDbLine
 10
5.3348977559055113
 20
-3.27194405511811
 30
0
 11
5.3368757874015751
 21
-3.2772474803149607
 31
0
  0
LINE
  5
D35
330
22
100
AcDbEntity
  8
B.Cu
  6
CONTINUOUS
100
AcDbLine
 10
5.3368757874015751
 20
-3.2772474803149607
 30
0
 11
5.3368759448818892
 21
-3.2772477559055115
 31
0
  0
LINE
  5
D36
330
22
100
AcDbEntity
  8
B.Cu
  6
CONTINUOUS
100
AcDbLine
 10
5.3368759448818892
 20
-3.2772477559055115
 30
0
 11
5.3402680708661414
 21
-3.2817790157480315
 31
0
  0
LINE
  5
D37
330
22
100
AcDbEntity
  8
B.Cu
  6
CONTINUOUS
100
AcDbLine
 10
5.3402680708661414
 20
-3.2817790157480315
 30
0
 11
5.3402681889763777
 21
-3.2817791338582678
 31
0
  0
LINE
  5
D38
330
22
100
AcDbEntity
  8
B.Cu
  6
CONTINUOUS
100
AcDbLine
 10
5.3402681889763777
 20
-3.2817791338582678
 30
0
 11
5.3447994488188977
 21
-3.2851712598425196
 31
0
  0
LINE
  5
D39
330
22
100
AcDbEntity
  8
B.Cu
  6
CONTINUOUS
100
AcDbLine
 10
5.3447994488188977
 20
-3.2851712598425196
 30
0
 11
5.3447997244094489
 21
-3.2851714173228346
 31
0
  0
LINE
  5
D3A
330
22
100
AcDbEntity
  8
B.Cu
  6
CONTINUOUS
100
AcDbLine
 10
5.3447997244094489
 20
-3.2851714173228346
 30
0
 11
5.3501031496062987
 21
-3.2871494488188975
 31
0
  0
LINE
  5
D3B
330
22
100
AcDbEntity
  8
B.Cu
  6
CONTINUOUS
100
AcDbLine
 10
5.3501031496062987
 20
-3.2871494488188975
 30
0
 11
5.35010342519685
 21
-3.287149527559055
 31
0
  0
LINE
  5
D3C
330
22
100
AcDbEntity
  8
B.Cu
  6
CONTINUOUS
100
AcDbLine
 10
5.35010342519685
 20
-3.287149527559055
 30
0
 11
5.3524470472440946
 21
-3.2874015354330708
 31
0
  0
LINE
  5
D3D
330
22
100
AcDbEntity
  8
B.Cu
  6
CONTINUOUS
100
AcDbLine
 10
5.3524470472440946
 20
-3.2874015354330708
 30
0
 11
5.3524477165354334
 21
-3.2874015748031495
 31
0
  0
LINE
  5
D3E
330
22
100
AcDbEntity
  8
B.Cu
  6
CONTINUOUS
100
AcDbLine
 10
5.3524477165354334
 20
-3.2874015748031495
 30
0
 11
5.3838582677165352
 21
-3.2874015748031495
 31
0
  0
LINE
  5
D3F
330
22
100
AcDbEntity
  8
B.Cu
  6
CONTINUOUS
100
AcDbLine
 10
5.3838582677165352
 20
-3.2874015748031495
 30
0
 11
5.3838582677165352
 21
-3.2677165354330708
 31
0
  0
LINE
  5
D40
330
22
100
AcDbEntity
  8
B.Cu
  6
CONTINUOUS
100
AcDbLine
 10
5.3838582677165352
 20
-3.2677165354330708
 30
0
 11
5.3543307086614176
 21
-3.2677165354330708
 31
0
  0
LINE
  5
D41
330
22
100
AcDbEntity
  8
B.Cu
  6
CONTINUOUS
100
AcDbLine
 10
5.3543307086614176
 20
-3.2677165354330708
 30
0
 11
5.3543307086614176
 21
-3.2381889763779528
 31
0
  0
LINE
  5
D42
330
22
100
AcDbEntity
  8
B.Cu
  6
CONTINUOUS
100
AcDbLine
 10
5.3543307086614176
 20
-3.2381889763779528
 30
0
 11
5.3346456692913389
 21
-3.2381889763779528
 31
0
  0
LINE
  5
D43
330
22
100
AcDbEntity
  8
B.Cu
  6
CONTINUOUS
100
AcDbLine
 10
5.4330708661417324
 20
-3.2677165354330708
 30
0
 11
5.4035433070866139
 21
-3.2677165354330708
 31
0
  0
LINE
  5
D44
330
22
100
AcDbEntity
  8
B.Cu
  6
CONTINUOUS
100
AcDbLine
 10
5.4035433070866139
 20
-3.2677165354330708
 30
0
 11
5.4035433070866139
 21
-3.2874015748031495
 31
0
  0
LINE
  5
D45
330
22
100
AcDbEntity
  8
B.Cu
  6
CONTINUOUS
100
AcDbLine
 10
5.4035433070866139
 20
-3.2874015748031495
 30
0
 11
5.4349538582677166
 21
-3.2874015748031495
 31
0
  0
LINE
  5
D46
330
22
100
AcDbEntity
  8
B.Cu
  6
CONTINUOUS
100
AcDbLine
 10
5.4349538582677166
 20
-3.2874015748031495
 30
0
 11
5.4349544881889766
 21
-3.2874015354330708
 31
0
  0
LINE
  5
D47
330
22
100
AcDbEntity
  8
B.Cu
  6
CONTINUOUS
100
AcDbLine
 10
5.4349544881889766
 20
-3.2874015354330708
 30
0
 11
5.4372981102362203
 21
-3.287149527559055
 31
0
  0
LINE
  5
D48
330
22
100
AcDbEntity
  8
B.Cu
  6
CONTINUOUS
100
AcDbLine
 10
5.4372981102362203
 20
-3.287149527559055
 30
0
 11
5.4372983858267716
 21
-3.2871494488188975
 31
0
  0
LINE
  5
D49
330
22
100
AcDbEntity
  8
B.Cu
  6
CONTINUOUS
100
AcDbLine
 10
5.4372983858267716
 20
-3.2871494488188975
 30
0
 11
5.4426018110236223
 21
-3.2851714173228346
 31
0
  0
LINE
  5
D4A
330
22
100
AcDbEntity
  8
B.Cu
  6
CONTINUOUS
100
AcDbLine
 10
5.4426018110236223
 20
-3.2851714173228346
 30
0
 11
5.4426020866141727
 21
-3.2851712598425196
 31
0
  0
LINE
  5
D4B
330
22
100
AcDbEntity
  8
B.Cu
  6
CONTINUOUS
100
AcDbLine
 10
5.4426020866141727
 20
-3.2851712598425196
 30
0
 11
5.4471333464566927
 21
-3.2817791338582678
 31
0
  0
LINE
  5
D4C
330
22
100
AcDbEntity
  8
B.Cu
  6
CONTINUOUS
100
AcDbLine
 10
5.4471333464566927
 20
-3.2817791338582678
 30
0
 11
5.4471334645669289
 21
-3.2817790157480315
 31
0
  0
LINE
  5
D4D
330
22
100
AcDbEntity
  8
B.Cu
  6
CONTINUOUS
100
AcDbLine
 10
5.4471334645669289
 20
-3.2817790157480315
 30
0
 11
5.4505255905511811
 21
-3.2772477559055115
 31
0
  0
LINE
  5
D4E
330
22
100
AcDbEntity
  8
B.Cu
  6
CONTINUOUS
100
AcDbLine
 10
5.4505255905511811
 20
-3.2772477559055115
 30
0
 11
5.4505257480314961
 21
-3.2772474803149607
 31
0
  0
LINE
  5
D4F
330
22
100
AcDbEntity
  8
B.Cu
  6
CONTINUOUS
100
AcDbLine
 10
5.4505257480314961
 20
-3.2772474803149607
 30
0
 11
5.452503779527559
 21
-3.27194405511811
 31
0
  0
LINE
  5
D50
330
22
100
AcDbEntity
  8
B.Cu
  6
CONTINUOUS
100
AcDbLine
 10
5.452503779527559
 20
-3.27194405511811
 30
0
 11
5.4525038582677166
 21
-3.2719437795275588
 31
0
  0
LINE
  5
D51
330
22
100
AcDbEntity
  8
B.Cu
  6
CONTINUOUS
100
AcDbLine
 10
5.4525038582677166
 20
-3.2719437795275588
 30
0
 11
5.4527558661417324
 21
-3.2696001574803151
 31
0
  0
LINE
  5
D52
330
22
100
AcDbEntity
  8
B.Cu
  6
CONTINUOUS
100
AcDbLine
 10
5.4527558661417324
 20
-3.2696001574803151
 30
0
 11
5.4527559055118111
 21
-3.2695994881889763
 31
0
  0
LINE
  5
D53
330
22
100
AcDbEntity
  8
B.Cu
  6
CONTINUOUS
100
AcDbLine
 10
5.4527559055118111
 20
-3.2695994881889763
 30
0
 11
5.4527559055118111
 21
-3.2381889763779528
 31
0
  0
LINE
  5
D54
330
22
100
AcDbEntity
  8
B.Cu
  6
CONTINUOUS
100
AcDbLine
 10
5.4527559055118111
 20
-3.2381889763779528
 30
0
 11
5.4330708661417324
 21
-3.2381889763779528
 31
0
  0
LINE
  5
D55
330
22
100
AcDbEntity
  8
B.Cu
  6
CONTINUOUS
100
AcDbLine
 10
5.4330708661417324
 20
-3.2381889763779528
 30
0
 11
5.4330708661417324
 21
-3.2677165354330708
 31
0
  0
LINE
  5
D56
330
22
100
AcDbEntity
  8
B.Cu
  6
CONTINUOUS
100
AcDbLine
 10
5.4035433070866139
 20
-3.188976377952756
 30
0
 11
5.4330708661417324
 21
-3.188976377952756
 31
0
  0
LINE
  5
D57
330
22
100
AcDbEntity
  8
B.Cu
  6
CONTINUOUS
100
AcDbLine
 10
5.4330708661417324
 20
-3.188976377952756
 30
0
 11
5.4330708661417324
 21
-3.2185039370078741
 31
0
  0
LINE
  5
D58
330
22
100
AcDbEntity
  8
B.Cu
  6
CONTINUOUS
100
AcDbLine
 10
5.4330708661417324
 20
-3.2185039370078741
 30
0
 11
5.4527559055118111
 21
-3.2185039370078741
 31
0
  0
LINE
  5
D59
330
22
100
AcDbEntity
  8
B.Cu
  6
CONTINUOUS
100
AcDbLine
 10
5.4527559055118111
 20
-3.2185039370078741
 30
0
 11
5.4527559055118111
 21
-3.1870933858267714
 31
0
  0
LINE
  5
D5A
330
22
100
AcDbEntity
  8
B.Cu
  6
CONTINUOUS
100
AcDbLine
 10
5.4527559055118111
 20
-3.1870933858267714
 30
0
 11
5.4527558661417324
 21
-3.187092716535433
 31
0
  0
LINE
  5
D5B
330
22
100
AcDbEntity
  8
B.Cu
  6
CONTINUOUS
100
AcDbLine
 10
5.4527558661417324
 20
-3.187092716535433
 30
0
 11
5.4525038582677166
 21
-3.1847490944881889
 31
0
  0
LINE
  5
D5C
330
22
100
AcDbEntity
  8
B.Cu
  6
CONTINUOUS
100
AcDbLine
 10
5.4525038582677166
 20
-3.1847490944881889
 30
0
 11
5.452503779527559
 21
-3.1847488188976376
 31
0
  0
LINE
  5
D5D
330
22
100
AcDbEntity
  8
B.Cu
  6
CONTINUOUS
100
AcDbLine
 10
5.452503779527559
 20
-3.1847488188976376
 30
0
 11
5.4505257480314961
 21
-3.1794453937007874
 31
0
  0
LINE
  5
D5E
330
22
100
AcDbEntity
  8
B.Cu
  6
CONTINUOUS
100
AcDbLine
 10
5.4505257480314961
 20
-3.1794453937007874
 30
0
 11
5.4505255905511811
 21
-3.1794451181102361
 31
0
  0
LINE
  5
D5F
330
22
100
AcDbEntity
  8
B.Cu
  6
CONTINUOUS
100
AcDbLine
 10
5.4505255905511811
 20
-3.1794451181102361
 30
0
 11
5.4471334645669289
 21
-3.1749138582677165
 31
0
  0
LINE
  5
D60
330
22
100
AcDbEntity
  8
B.Cu
  6
CONTINUOUS
100
AcDbLine
 10
5.4471334645669289
 20
-3.1749138582677165
 30
0
 11
5.4471333464566927
 21
-3.1749137401574803
 31
0
  0
LINE
  5
D61
330
22
100
AcDbEntity
  8
B.Cu
  6
CONTINUOUS
100
AcDbLine
 10
5.4471333464566927
 20
-3.1749137401574803
 30
0
 11
5.4426020866141727
 21
-3.1715216141732281
 31
0
  0
LINE
  5
D62
330
22
100
AcDbEntity
  8
B.Cu
  6
CONTINUOUS
100
AcDbLine
 10
5.4426020866141727
 20
-3.1715216141732281
 30
0
 11
5.4426018110236223
 21
-3.1715214566929135
 31
0
  0
LINE
  5
D63
330
22
100
AcDbEntity
  8
B.Cu
  6
CONTINUOUS
100
AcDbLine
 10
5.4426018110236223
 20
-3.1715214566929135
 30
0
 11
5.4372983858267716
 21
-3.1695434251968502
 31
0
  0
LINE
  5
D64
330
22
100
AcDbEntity
  8
B.Cu
  6
CONTINUOUS
100
AcDbLine
 10
5.4372983858267716
 20
-3.1695434251968502
 30
0
 11
5.4372981102362203
 21
-3.1695433464566927
 31
0
  0
LINE
  5
D65
330
22
100
AcDbEntity
  8
B.Cu
  6
CONTINUOUS
100
AcDbLine
 10
5.4372981102362203
 20
-3.1695433464566927
 30
0
 11
5.4349544881889766
 21
-3.1692913385826773
 31
0
  0
LINE
  5
D66
330
22
100
AcDbEntity
  8
B.Cu
  6
CONTINUOUS
100
AcDbLine
 10
5.4349544881889766
 20
-3.1692913385826773
 30
0
 11
5.4035433070866139
 21
-3.1692913385826773
 31
0
  0
LINE
  5
D67
330
22
100
AcDbEntity
  8
B.Cu
  6
CONTINUOUS
100
AcDbLine
 10
5.4035433070866139
 20
-3.1692913385826773
 30
0
 11
5.4035433070866139
 21
-3.188976377952756
 31
0
  0
LINE
  5
D68
330
22
100
AcDbEntity
  8
B.Cu
  6
CONTINUOUS
100
AcDbLine
 10
5.6901574803149604
 20
-3.101968503937008
 30
0
 11
5.6901574803149604
 21
-3.1274741732283462
 31
0
  0
LINE
  5
D69
330
22
100
AcDbEntity
  8
B.Cu
  6
CONTINUOUS
100
AcDbLine
 10
5.6901574803149604
 20
-3.1274741732283462
 30
0
 11
5.6904094881889762
 21
-3.1298177952755903
 31
0
  0
LINE
  5
D6A
330
22
100
AcDbEntity
  8
B.Cu
  6
CONTINUOUS
100
AcDbLine
 10
5.6904094881889762
 20
-3.1298177952755903
 30
0
 11
5.6904095669291337
 21
-3.1298180708661416
 31
0
  0
LINE
  5
D6B
330
22
100
AcDbEntity
  8
B.Cu
  6
CONTINUOUS
100
AcDbLine
 10
5.6904095669291337
 20
-3.1298180708661416
 30
0
 11
5.6923875984251966
 21
-3.1351214960629918
 31
0
  0
LINE
  5
D6C
330
22
100
AcDbEntity
  8
B.Cu
  6
CONTINUOUS
100
AcDbLine
 10
5.6923875984251966
 20
-3.1351214960629918
 30
0
 11
5.6923877559055116
 21
-3.1351217716535431
 31
0
  0
LINE
  5
D6D
330
22
100
AcDbEntity
  8
B.Cu
  6
CONTINUOUS
100
AcDbLine
 10
5.6923877559055116
 20
-3.1351217716535431
 30
0
 11
5.6957798818897638
 21
-3.1396530314960631
 31
0
  0
LINE
  5
D6E
330
22
100
AcDbEntity
  8
B.Cu
  6
CONTINUOUS
100
AcDbLine
 10
5.6957798818897638
 20
-3.1396530314960631
 30
0
 11
5.6957800000000001
 21
-3.1396531496062989
 31
0
  0
LINE
  5
D6F
330
22
100
AcDbEntity
  8
B.Cu
  6
CONTINUOUS
100
AcDbLine
 10
5.6957800000000001
 20
-3.1396531496062989
 30
0
 11
5.7003112598425192
 21
-3.1430452755905511
 31
0
  0
LINE
  5
D70
330
22
100
AcDbEntity
  8
B.Cu
  6
CONTINUOUS
100
AcDbLine
 10
5.7003112598425192
 20
-3.1430452755905511
 30
0
 11
5.7003115354330705
 21
-3.1430454330708661
 31
0
  0
LINE
  5
D71
330
22
100
AcDbEntity
  8
B.Cu
  6
CONTINUOUS
100
AcDbLine
 10
5.7003115354330705
 20
-3.1430454330708661
 30
0
 11
5.7056149606299211
 21
-3.1450234645669291
 31
0
  0
LINE
  5
D72
330
22
100
AcDbEntity
  8
B.Cu
  6
CONTINUOUS
100
AcDbLine
 10
5.7056149606299211
 20
-3.1450234645669291
 30
0
 11
5.7056152362204724
 21
-3.1450235433070866
 31
0
  0
LINE
  5
D73
330
22
100
AcDbEntity
  8
B.Cu
  6
CONTINUOUS
100
AcDbLine
 10
5.7056152362204724
 20
-3.1450235433070866
 30
0
 11
5.7079588582677161
 21
-3.1452755511811024
 31
0
  0
LINE
  5
D74
330
22
100
AcDbEntity
  8
B.Cu
  6
CONTINUOUS
100
AcDbLine
 10
5.7079588582677161
 20
-3.1452755511811024
 30
0
 11
5.7079595275590549
 21
-3.1452755905511811
 31
0
  0
LINE
  5
D75
330
22
100
AcDbEntity
  8
B.Cu
  6
CONTINUOUS
100
AcDbLine
 10
5.7079595275590549
 20
-3.1452755905511811
 30
0
 11
5.7334645669291335
 21
-3.1452755905511811
 31
0
  0
LINE
  5
D76
330
22
100
AcDbEntity
  8
B.Cu
  6
CONTINUOUS
100
AcDbLine
 10
5.7334645669291335
 20
-3.1452755905511811
 30
0
 11
5.7334645669291335
 21
-3.1255905511811024
 31
0
  0
LINE
  5
D77
330
22
100
AcDbEntity
  8
B.Cu
  6
CONTINUOUS
100
AcDbLine
 10
5.7334645669291335
 20
-3.1255905511811024
 30
0
 11
5.7098425196850391
 21
-3.1255905511811024
 31
0
  0
LINE
  5
D78
330
22
100
AcDbEntity
  8
B.Cu
  6
CONTINUOUS
100
AcDbLine
 10
5.7098425196850391
 20
-3.1255905511811024
 30
0
 11
5.7098425196850391
 21
-3.101968503937008
 31
0
  0
LINE
  5
D79
330
22
100
AcDbEntity
  8
B.Cu
  6
CONTINUOUS
100
AcDbLine
 10
5.7098425196850391
 20
-3.101968503937008
 30
0
 11
5.6901574803149604
 21
-3.101968503937008
 31
0
  0
LINE
  5
D7A
330
22
100
AcDbEntity
  8
B.Cu
  6
CONTINUOUS
100
AcDbLine
 10
5.1850196850393697
 20
-5.0237146062992126
 30
0
 11
5.1862803937007875
 21
-5.0316745669291336
 31
0
  0
LINE
  5
D7B
330
22
100
AcDbEntity
  8
B.Cu
  6
CONTINUOUS
100
AcDbLine
 10
5.1862803937007875
 20
-5.0316745669291336
 30
0
 11
5.1887709055118112
 21
-5.0393394881889764
 31
0
  0
LINE
  5
D7C
330
22
100
AcDbEntity
  8
B.Cu
  6
CONTINUOUS
100
AcDbLine
 10
5.1887709055118112
 20
-5.0393394881889764
 30
0
 11
5.1924297244094486
 21
-5.0465201968503939
 31
0
  0
LINE
  5
D7D
330
22
100
AcDbEntity
  8
B.Cu
  6
CONTINUOUS
100
AcDbLine
 10
5.1924297244094486
 20
-5.0465201968503939
 30
0
 11
5.197166456692913
 21
-5.0530398818897639
 31
0
  0
LINE
  5
D7E
330
22
100
AcDbEntity
  8
B.Cu
  6
CONTINUOUS
100
AcDbLine
 10
5.197166456692913
 20
-5.0530398818897639
 30
0
 11
5.2028655905511814
 21
-5.0587390157480314
 31
0
  0
LINE
  5
D7F
330
22
100
AcDbEntity
  8
B.Cu
  6
CONTINUOUS
100
AcDbLine
 10
5.2028655905511814
 20
-5.0587390157480314
 30
0
 11
5.2089664960629918
 21
-5.0631714960629921
 31
0
  0
LINE
  5
D80
330
22
100
AcDbEntity
  8
B.Cu
  6
CONTINUOUS
100
AcDbLine
 10
5.2089664960629918
 20
-5.0631714960629921
 30
0
 11
5.2093854330708664
 21
-5.0634758661417321
 31
0
  0
LINE
  5
D81
330
22
100
AcDbEntity
  8
B.Cu
  6
CONTINUOUS
100
AcDbLine
 10
5.2093854330708664
 20
-5.0634758661417321
 30
0
 11
5.2126649212598428
 21
-5.0651468503937007
 31
0
  0
LINE
  5
D82
330
22
100
AcDbEntity
  8
B.Cu
  6
CONTINUOUS
100
AcDbLine
 10
5.2126649212598428
 20
-5.0651468503937007
 30
0
 11
5.216565984251968
 21
-5.0671345669291341
 31
0
  0
LINE
  5
D83
330
22
100
AcDbEntity
  8
B.Cu
  6
CONTINUOUS
100
AcDbLine
 10
5.216565984251968
 20
-5.0671345669291341
 30
0
 11
5.2165660629921256
 21
-5.0671345669291341
 31
0
  0
LINE
  5
D84
330
22
100
AcDbEntity
  8
B.Cu
  6
CONTINUOUS
100
AcDbLine
 10
5.2165660629921256
 20
-5.0671345669291341
 30
0
 11
5.2165661811023618
 21
-5.0671346456692916
 31
0
  0
LINE
  5
D85
330
22
100
AcDbEntity
  8
B.Cu
  6
CONTINUOUS
100
AcDbLine
 10
5.2165661811023618
 20
-5.0671346456692916
 30
0
 11
5.2206746850393699
 21
-5.0684695669291333
 31
0
  0
LINE
  5
D86
330
22
100
AcDbEntity
  8
B.Cu
  6
CONTINUOUS
100
AcDbLine
 10
5.2206746850393699
 20
-5.0684695669291333
 30
0
 11
5.2242309055118108
 21
-5.0696250787401578
 31
0
  0
LINE
  5
D87
330
22
100
AcDbEntity
  8
B.Cu
  6
CONTINUOUS
100
AcDbLine
 10
5.2242309055118108
 20
-5.0696250787401578
 30
0
 11
5.2282109055118111
 21
-5.0702554330708658
 31
0
  0
LINE
  5
D88
330
22
100
AcDbEntity
  8
B.Cu
  6
CONTINUOUS
100
AcDbLine
 10
5.2282109055118111
 20
-5.0702554330708658
 30
0
 11
5.2321908661417318
 21
-5.0708858267716534
 31
0
  0
LINE
  5
D89
330
22
100
AcDbEntity
  8
B.Cu
  6
CONTINUOUS
100
AcDbLine
 10
5.2321908661417318
 20
-5.0708858267716534
 30
0
 11
5.2321909055118105
 21
-5.0708858267716534
 31
0
  0
LINE
  5
D8A
330
22
100
AcDbEntity
  8
B.Cu
  6
CONTINUOUS
100
AcDbLine
 10
5.2321909055118105
 20
-5.0708858267716534
 30
0
 11
5.2402500393700784
 21
-5.0708858267716534
 31
0
  0
LINE
  5
D8B
330
22
100
AcDbEntity
  8
B.Cu
  6
CONTINUOUS
100
AcDbLine
 10
5.2402500393700784
 20
-5.0708858267716534
 30
0
 11
5.2402500787401571
 21
-5.0708858267716534
 31
0
  0
LINE
  5
D8C
330
22
100
AcDbEntity
  8
B.Cu
  6
CONTINUOUS
100
AcDbLine
 10
5.2402500787401571
 20
-5.0708858267716534
 30
0
 11
5.2482100000000003
 21
-5.0696250787401578
 31
0
  0
LINE
  5
D8D
330
22
100
AcDbEntity
  8
B.Cu
  6
CONTINUOUS
100
AcDbLine
 10
5.2482100000000003
 20
-5.0696250787401578
 30
0
 11
5.2558747637795271
 21
-5.0671346456692916
 31
0
  0
LINE
  5
D8E
330
22
100
AcDbEntity
  8
B.Cu
  6
CONTINUOUS
100
AcDbLine
 10
5.2558747637795271
 20
-5.0671346456692916
 30
0
 11
5.2630555118110234
 21
-5.0634758661417321
 31
0
  0
LINE
  5
D8F
330
22
100
AcDbEntity
  8
B.Cu
  6
CONTINUOUS
100
AcDbLine
 10
5.2630555118110234
 20
-5.0634758661417321
 30
0
 11
5.2667161417322834
 21
-5.0608162204724412
 31
0
  0
LINE
  5
D90
330
22
100
AcDbEntity
  8
B.Cu
  6
CONTINUOUS
100
AcDbLine
 10
5.2667161417322834
 20
-5.0608162204724412
 30
0
 11
5.2695753149606297
 21
-5.0587390157480314
 31
0
  0
LINE
  5
D91
330
22
100
AcDbEntity
  8
B.Cu
  6
CONTINUOUS
100
AcDbLine
 10
5.2695753149606297
 20
-5.0587390157480314
 30
0
 11
5.2695753937007872
 21
-5.0587388976377952
 31
0
  0
LINE
  5
D92
330
22
100
AcDbEntity
  8
B.Cu
  6
CONTINUOUS
100
AcDbLine
 10
5.2695753937007872
 20
-5.0587388976377952
 30
0
 11
5.2695755511811022
 21
-5.0587388188976377
 31
0
  0
LINE
  5
D93
330
22
100
AcDbEntity
  8
B.Cu
  6
CONTINUOUS
100
AcDbLine
 10
5.2695755511811022
 20
-5.0587388188976377
 30
0
 11
5.2752742519685034
 21
-5.0530401181102365
 31
0
  0
LINE
  5
D94
330
22
100
AcDbEntity
  8
B.Cu
  6
CONTINUOUS
100
AcDbLine
 10
5.2752742519685034
 20
-5.0530401181102365
 30
0
 11
5.2752743307086609
 21
-5.0530399606299214
 31
0
  0
LINE
  5
D95
330
22
100
AcDbEntity
  8
B.Cu
  6
CONTINUOUS
100
AcDbLine
 10
5.2752743307086609
 20
-5.0530399606299214
 30
0
 11
5.2752744488188972
 21
-5.0530398818897639
 31
0
  0
LINE
  5
D96
330
22
100
AcDbEntity
  8
B.Cu
  6
CONTINUOUS
100
AcDbLine
 10
5.2752744488188972
 20
-5.0530398818897639
 30
0
 11
5.2773516535433069
 21
-5.0501807086614168
 31
0
  0
LINE
  5
D97
330
22
100
AcDbEntity
  8
B.Cu
  6
CONTINUOUS
100
AcDbLine
 10
5.2773516535433069
 20
-5.0501807086614168
 30
0
 11
5.2800112992125987
 21
-5.0465200787401576
 31
0
  0
LINE
  5
D98
330
22
100
AcDbEntity
  8
B.Cu
  6
CONTINUOUS
100
AcDbLine
 10
5.2800112992125987
 20
-5.0465200787401576
 30
0
 11
5.2836700787401574
 21
-5.0393393307086614
 31
0
  0
LINE
  5
D99
330
22
100
AcDbEntity
  8
B.Cu
  6
CONTINUOUS
100
AcDbLine
 10
5.2836700787401574
 20
-5.0393393307086614
 30
0
 11
5.2861605118110235
 21
-5.0316745669291336
 31
0
  0
LINE
  5
D9A
330
22
100
AcDbEntity
  8
B.Cu
  6
CONTINUOUS
100
AcDbLine
 10
5.2861605118110235
 20
-5.0316745669291336
 30
0
 11
5.2874212598425192
 21
-5.0237146456692914
 31
0
  0
LINE
  5
D9B
330
22
100
AcDbEntity
  8
B.Cu
  6
CONTINUOUS
100
AcDbLine
 10
5.2874212598425192
 20
-5.0237146456692914
 30
0
 11
5.2874212598425192
 21
-5.015655433070866
 31
0
  0
LINE
  5
D9C
330
22
100
AcDbEntity
  8
B.Cu
  6
CONTINUOUS
100
AcDbLine
 10
5.2874212598425192
 20
-5.015655433070866
 30
0
 11
5.2861605118110235
 21
-5.0076955118110238
 31
0
  0
LINE
  5
D9D
330
22
100
AcDbEntity
  8
B.Cu
  6
CONTINUOUS
100
AcDbLine
 10
5.2861605118110235
 20
-5.0076955118110238
 30
0
 11
5.2836700787401574
 21
-5.0000307480314961
 31
0
  0
LINE
  5
D9E
330
22
100
AcDbEntity
  8
B.Cu
  6
CONTINUOUS
100
AcDbLine
 10
5.2836700787401574
 20
-5.0000307480314961
 30
0
 11
5.2836699999999999
 21
-5.0000306299212598
 31
0
  0
LINE
  5
D9F
330
22
100
AcDbEntity
  8
B.Cu
  6
CONTINUOUS
100
AcDbLine
 10
5.2836699999999999
 20
-5.0000306299212598
 30
0
 11
5.2836699999999999
 21
-5.0000305511811023
 31
0
  0
LINE
  5
DA0
330
22
100
AcDbEntity
  8
B.Cu
  6
CONTINUOUS
100
AcDbLine
 10
5.2836699999999999
 20
-5.0000305511811023
 30
0
 11
5.2823426377952751
 21
-4.9974254724409448
 31
0
  0
LINE
  5
DA1
330
22
100
AcDbEntity
  8
B.Cu
  6
CONTINUOUS
100
AcDbLine
 10
5.2823426377952751
 20
-4.9974254724409448
 30
0
 11
5.2800112992125987
 21
-4.9928499999999998
 31
0
  0
LINE
  5
DA2
330
22
100
AcDbEntity
  8
B.Cu
  6
CONTINUOUS
100
AcDbLine
 10
5.2800112992125987
 20
-4.9928499999999998
 30
0
 11
5.2797069291338579
 21
-4.992431062992126
 31
0
  0
LINE
  5
DA3
330
22
100
AcDbEntity
  8
B.Cu
  6
CONTINUOUS
100
AcDbLine
 10
5.2797069291338579
 20
-4.992431062992126
 30
0
 11
5.2752744488188972
 21
-4.9863301574803147
 31
0
  0
LINE
  5
DA4
330
22
100
AcDbEntity
  8
B.Cu
  6
CONTINUOUS
100
AcDbLine
 10
5.2752744488188972
 20
-4.9863301574803147
 30
0
 11
5.2695753149606297
 21
-4.9806310236220472
 31
0
  0
LINE
  5
DA5
330
22
100
AcDbEntity
  8
B.Cu
  6
CONTINUOUS
100
AcDbLine
 10
5.2695753149606297
 20
-4.9806310236220472
 30
0
 11
5.2630556299212596
 21
-4.9758942913385829
 31
0
  0
LINE
  5
DA6
330
22
100
AcDbEntity
  8
B.Cu
  6
CONTINUOUS
100
AcDbLine
 10
5.2630556299212596
 20
-4.9758942913385829
 30
0
 11
5.2630555905511809
 21
-4.9758942519685041
 31
0
  0
LINE
  5
DA7
330
22
100
AcDbEntity
  8
B.Cu
  6
CONTINUOUS
100
AcDbLine
 10
5.2630555905511809
 20
-4.9758942519685041
 30
0
 11
5.2630555118110234
 21
-4.9758942125984253
 31
0
  0
LINE
  5
DA8
330
22
100
AcDbEntity
  8
B.Cu
  6
CONTINUOUS
100
AcDbLine
 10
5.2630555118110234
 20
-4.9758942125984253
 30
0
 11
5.2608131102362208
 21
-4.9747516141732282
 31
0
  0
LINE
  5
DA9
330
22
100
AcDbEntity
  8
B.Cu
  6
CONTINUOUS
100
AcDbLine
 10
5.2608131102362208
 20
-4.9747516141732282
 30
0
 11
5.2558749212598421
 21
-4.9722354724409445
 31
0
  0
LINE
  5
DAA
330
22
100
AcDbEntity
  8
B.Cu
  6
CONTINUOUS
100
AcDbLine
 10
5.2558749212598421
 20
-4.9722354724409445
 30
0
 11
5.2482100000000003
 21
-4.9697449606299209
 31
0
  0
LINE
  5
DAB
330
22
100
AcDbEntity
  8
B.Cu
  6
CONTINUOUS
100
AcDbLine
 10
5.2482100000000003
 20
-4.9697449606299209
 30
0
 11
5.2413383858267713
 21
-4.968656614173228
 31
0
  0
LINE
  5
DAC
330
22
100
AcDbEntity
  8
B.Cu
  6
CONTINUOUS
100
AcDbLine
 10
5.2413383858267713
 20
-4.968656614173228
 30
0
 11
5.2402500787401571
 21
-4.968484251968504
 31
0
  0
LINE
  5
DAD
330
22
100
AcDbEntity
  8
B.Cu
  6
CONTINUOUS
100
AcDbLine
 10
5.2402500787401571
 20
-4.968484251968504
 30
0
 11
5.2321908661417318
 21
-4.968484251968504
 31
0
  0
LINE
  5
DAE
330
22
100
AcDbEntity
  8
B.Cu
  6
CONTINUOUS
100
AcDbLine
 10
5.2321908661417318
 20
-4.968484251968504
 30
0
 11
5.2312334251968506
 21
-4.9686358661417325
 31
0
  0
LINE
  5
DAF
330
22
100
AcDbEntity
  8
B.Cu
  6
CONTINUOUS
100
AcDbLine
 10
5.2312334251968506
 20
-4.9686358661417325
 30
0
 11
5.2242309055118108
 21
-4.9697449606299209
 31
0
  0
LINE
  5
DB0
330
22
100
AcDbEntity
  8
B.Cu
  6
CONTINUOUS
100
AcDbLine
 10
5.2242309055118108
 20
-4.9697449606299209
 30
0
 11
5.216565984251968
 21
-4.9722354724409445
 31
0
  0
LINE
  5
DB1
330
22
100
AcDbEntity
  8
B.Cu
  6
CONTINUOUS
100
AcDbLine
 10
5.216565984251968
 20
-4.9722354724409445
 30
0
 11
5.2093852755905514
 21
-4.9758942913385829
 31
0
  0
LINE
  5
DB2
330
22
100
AcDbEntity
  8
B.Cu
  6
CONTINUOUS
100
AcDbLine
 10
5.2093852755905514
 20
-4.9758942913385829
 30
0
 11
5.2028655905511814
 21
-4.9806310236220472
 31
0
  0
LINE
  5
DB3
330
22
100
AcDbEntity
  8
B.Cu
  6
CONTINUOUS
100
AcDbLine
 10
5.2028655905511814
 20
-4.9806310236220472
 30
0
 11
5.197166456692913
 21
-4.9863301574803147
 31
0
  0
LINE
  5
DB4
330
22
100
AcDbEntity
  8
B.Cu
  6
CONTINUOUS
100
AcDbLine
 10
5.197166456692913
 20
-4.9863301574803147
 30
0
 11
5.1924297244094486
 21
-4.9928498425196848
 31
0
  0
LINE
  5
DB5
330
22
100
AcDbEntity
  8
B.Cu
  6
CONTINUOUS
100
AcDbLine
 10
5.1924297244094486
 20
-4.9928498425196848
 30
0
 11
5.1887709055118112
 21
-5.0000305511811023
 31
0
  0
LINE
  5
DB6
330
22
100
AcDbEntity
  8
B.Cu
  6
CONTINUOUS
100
AcDbLine
 10
5.1887709055118112
 20
-5.0000305511811023
 30
0
 11
5.1862803937007875
 21
-5.007695472440945
 31
0
  0
LINE
  5
DB7
330
22
100
AcDbEntity
  8
B.Cu
  6
CONTINUOUS
100
AcDbLine
 10
5.1862803937007875
 20
-5.007695472440945
 30
0
 11
5.1850196850393697
 21
-5.015655433070866
 31
0
  0
LINE
  5
DB8
330
22
100
AcDbEntity
  8
B.Cu
  6
CONTINUOUS
100
AcDbLine
 10
5.1850196850393697
 20
-5.015655433070866
 30
0
 11
5.1850196850393697
 21
-5.0237146062992126
 31
0
  0
LINE
  5
DB9
330
22
100
AcDbEntity
  8
B.Cu
  6
CONTINUOUS
100
AcDbLine
 10
6.5236023622047243
 20
-5.0237146062992126
 30
0
 11
6.5248630708661413
 21
-5.0316745669291336
 31
0
  0
LINE
  5
DBA
330
22
100
AcDbEntity
  8
B.Cu
  6
CONTINUOUS
100
AcDbLine
 10
6.5248630708661413
 20
-5.0316745669291336
 30
0
 11
6.5273535826771649
 21
-5.0393394881889764
 31
0
  0
LINE
  5
DBB
330
22
100
AcDbEntity
  8
B.Cu
  6
CONTINUOUS
100
AcDbLine
 10
6.5273535826771649
 20
-5.0393394881889764
 30
0
 11
6.5310124015748032
 21
-5.0465201968503939
 31
0
  0
LINE
  5
DBC
330
22
100
AcDbEntity
  8
B.Cu
  6
CONTINUOUS
100
AcDbLine
 10
6.5310124015748032
 20
-5.0465201968503939
 30
0
 11
6.5357491338582676
 21
-5.0530398818897639
 31
0
  0
LINE
  5
DBD
330
22
100
AcDbEntity
  8
B.Cu
  6
CONTINUOUS
100
AcDbLine
 10
6.5357491338582676
 20
-5.0530398818897639
 30
0
 11
6.5414482677165351
 21
-5.0587390157480314
 31
0
  0
LINE
  5
DBE
330
22
100
AcDbEntity
  8
B.Cu
  6
CONTINUOUS
100
AcDbLine
 10
6.5414482677165351
 20
-5.0587390157480314
 30
0
 11
6.5475491732283464
 21
-5.0631714960629921
 31
0
  0
LINE
  5
DBF
330
22
100
AcDbEntity
  8
B.Cu
  6
CONTINUOUS
100
AcDbLine
 10
6.5475491732283464
 20
-5.0631714960629921
 30
0
 11
6.5479681102362202
 21
-5.0634758661417321
 31
0
  0
LINE
  5
DC0
330
22
100
AcDbEntity
  8
B.Cu
  6
CONTINUOUS
100
AcDbLine
 10
6.5479681102362202
 20
-5.0634758661417321
 30
0
 11
6.5512475984251965
 21
-5.0651468503937007
 31
0
  0
LINE
  5
DC1
330
22
100
AcDbEntity
  8
B.Cu
  6
CONTINUOUS
100
AcDbLine
 10
6.5512475984251965
 20
-5.0651468503937007
 30
0
 11
6.5551486614173227
 21
-5.0671345669291341
 31
0
  0
LINE
  5
DC2
330
22
100
AcDbEntity
  8
B.Cu
  6
CONTINUOUS
100
AcDbLine
 10
6.5551486614173227
 20
-5.0671345669291341
 30
0
 11
6.5551487401574802
 21
-5.0671345669291341
 31
0
  0
LINE
  5
DC3
330
22
100
AcDbEntity
  8
B.Cu
  6
CONTINUOUS
100
AcDbLine
 10
6.5551487401574802
 20
-5.0671345669291341
 30
0
 11
6.5551488582677164
 21
-5.0671346456692916
 31
0
  0
LINE
  5
DC4
330
22
100
AcDbEntity
  8
B.Cu
  6
CONTINUOUS
100
AcDbLine
 10
6.5551488582677164
 20
-5.0671346456692916
 30
0
 11
6.5592573622047246
 21
-5.0684695669291333
 31
0
  0
LINE
  5
DC5
330
22
100
AcDbEntity
  8
B.Cu
  6
CONTINUOUS
100
AcDbLine
 10
6.5592573622047246
 20
-5.0684695669291333
 30
0
 11
6.5628135826771654
 21
-5.0696250787401578
 31
0
  0
LINE
  5
DC6
330
22
100
AcDbEntity
  8
B.Cu
  6
CONTINUOUS
100
AcDbLine
 10
6.5628135826771654
 20
-5.0696250787401578
 30
0
 11
6.5667935826771648
 21
-5.0702554330708658
 31
0
  0
LINE
  5
DC7
330
22
100
AcDbEntity
  8
B.Cu
  6
CONTINUOUS
100
AcDbLine
 10
6.5667935826771648
 20
-5.0702554330708658
 30
0
 11
6.5707735433070864
 21
-5.0708858267716534
 31
0
  0
LINE
  5
DC8
330
22
100
AcDbEntity
  8
B.Cu
  6
CONTINUOUS
100
AcDbLine
 10
6.5707735433070864
 20
-5.0708858267716534
 30
0
 11
6.5707735826771652
 21
-5.0708858267716534
 31
0
  0
LINE
  5
DC9
330
22
100
AcDbEntity
  8
B.Cu
  6
CONTINUOUS
100
AcDbLine
 10
6.5707735826771652
 20
-5.0708858267716534
 30
0
 11
6.578832716535433
 21
-5.0708858267716534
 31
0
  0
LINE
  5
DCA
330
22
100
AcDbEntity
  8
B.Cu
  6
CONTINUOUS
100
AcDbLine
 10
6.578832716535433
 20
-5.0708858267716534
 30
0
 11
6.5788327559055118
 21
-5.0708858267716534
 31
0
  0
LINE
  5
DCB
330
22
100
AcDbEntity
  8
B.Cu
  6
CONTINUOUS
100
AcDbLine
 10
6.5788327559055118
 20
-5.0708858267716534
 30
0
 11
6.586792677165354
 21
-5.0696250787401578
 31
0
  0
LINE
  5
DCC
330
22
100
AcDbEntity
  8
B.Cu
  6
CONTINUOUS
100
AcDbLine
 10
6.586792677165354
 20
-5.0696250787401578
 30
0
 11
6.5944574409448817
 21
-5.0671346456692916
 31
0
  0
LINE
  5
DCD
330
22
100
AcDbEntity
  8
B.Cu
  6
CONTINUOUS
100
AcDbLine
 10
6.5944574409448817
 20
-5.0671346456692916
 30
0
 11
6.601638188976378
 21
-5.0634758661417321
 31
0
  0
LINE
  5
DCE
330
22
100
AcDbEntity
  8
B.Cu
  6
CONTINUOUS
100
AcDbLine
 10
6.601638188976378
 20
-5.0634758661417321
 30
0
 11
6.605298818897638
 21
-5.0608162204724412
 31
0
  0
LINE
  5
DCF
330
22
100
AcDbEntity
  8
B.Cu
  6
CONTINUOUS
100
AcDbLine
 10
6.605298818897638
 20
-5.0608162204724412
 30
0
 11
6.6081579921259843
 21
-5.0587390157480314
 31
0
  0
LINE
  5
DD0
330
22
100
AcDbEntity
  8
B.Cu
  6
CONTINUOUS
100
AcDbLine
 10
6.6081579921259843
 20
-5.0587390157480314
 30
0
 11
6.6081580708661418
 21
-5.0587388976377952
 31
0
  0
LINE
  5
DD1
330
22
100
AcDbEntity
  8
B.Cu
  6
CONTINUOUS
100
AcDbLine
 10
6.6081580708661418
 20
-5.0587388976377952
 30
0
 11
6.6081582283464568
 21
-5.0587388188976377
 31
0
  0
LINE
  5
DD2
330
22
100
AcDbEntity
  8
B.Cu
  6
CONTINUOUS
100
AcDbLine
 10
6.6081582283464568
 20
-5.0587388188976377
 30
0
 11
6.613856929133858
 21
-5.0530401181102365
 31
0
  0
LINE
  5
DD3
330
22
100
AcDbEntity
  8
B.Cu
  6
CONTINUOUS
100
AcDbLine
 10
6.613856929133858
 20
-5.0530401181102365
 30
0
 11
6.6138570078740155
 21
-5.0530399606299214
 31
0
  0
LINE
  5
DD4
330
22
100
AcDbEntity
  8
B.Cu
  6
CONTINUOUS
100
AcDbLine
 10
6.6138570078740155
 20
-5.0530399606299214
 30
0
 11
6.6138571259842518
 21
-5.0530398818897639
 31
0
  0
LINE
  5
DD5
330
22
100
AcDbEntity
  8
B.Cu
  6
CONTINUOUS
100
AcDbLine
 10
6.6138571259842518
 20
-5.0530398818897639
 30
0
 11
6.6159343307086615
 21
-5.0501807086614168
 31
0
  0
LINE
  5
DD6
330
22
100
AcDbEntity
  8
B.Cu
  6
CONTINUOUS
100
AcDbLine
 10
6.6159343307086615
 20
-5.0501807086614168
 30
0
 11
6.6185939763779524
 21
-5.0465200787401576
 31
0
  0
LINE
  5
DD7
330
22
100
AcDbEntity
  8
B.Cu
  6
CONTINUOUS
100
AcDbLine
 10
6.6185939763779524
 20
-5.0465200787401576
 30
0
 11
6.622252755905512
 21
-5.0393393307086614
 31
0
  0
LINE
  5
DD8
330
22
100
AcDbEntity
  8
B.Cu
  6
CONTINUOUS
100
AcDbLine
 10
6.622252755905512
 20
-5.0393393307086614
 30
0
 11
6.6247431889763781
 21
-5.0316745669291336
 31
0
  0
LINE
  5
DD9
330
22
100
AcDbEntity
  8
B.Cu
  6
CONTINUOUS
100
AcDbLine
 10
6.6247431889763781
 20
-5.0316745669291336
 30
0
 11
6.6260039370078738
 21
-5.0237146456692914
 31
0
  0
LINE
  5
DDA
330
22
100
AcDbEntity
  8
B.Cu
  6
CONTINUOUS
100
AcDbLine
 10
6.6260039370078738
 20
-5.0237146456692914
 30
0
 11
6.6260039370078738
 21
-5.015655433070866
 31
0
  0
LINE
  5
DDB
330
22
100
AcDbEntity
  8
B.Cu
  6
CONTINUOUS
100
AcDbLine
 10
6.6260039370078738
 20
-5.015655433070866
 30
0
 11
6.6247431889763781
 21
-5.0076955118110238
 31
0
  0
LINE
  5
DDC
330
22
100
AcDbEntity
  8
B.Cu
  6
CONTINUOUS
100
AcDbLine
 10
6.6247431889763781
 20
-5.0076955118110238
 30
0
 11
6.622252755905512
 21
-5.0000307480314961
 31
0
  0
LINE
  5
DDD
330
22
100
AcDbEntity
  8
B.Cu
  6
CONTINUOUS
100
AcDbLine
 10
6.622252755905512
 20
-5.0000307480314961
 30
0
 11
6.6222526771653545
 21
-5.0000306299212598
 31
0
  0
LINE
  5
DDE
330
22
100
AcDbEntity
  8
B.Cu
  6
CONTINUOUS
100
AcDbLine
 10
6.6222526771653545
 20
-5.0000306299212598
 30
0
 11
6.6222526771653545
 21
-5.0000305511811023
 31
0
  0
LINE
  5
DDF
330
22
100
AcDbEntity
  8
B.Cu
  6
CONTINUOUS
100
AcDbLine
 10
6.6222526771653545
 20
-5.0000305511811023
 30
0
 11
6.6209253149606297
 21
-4.9974254724409448
 31
0
  0
LINE
  5
DE0
330
22
100
AcDbEntity
  8
B.Cu
  6
CONTINUOUS
100
AcDbLine
 10
6.6209253149606297
 20
-4.9974254724409448
 30
0
 11
6.6185939763779524
 21
-4.9928499999999998
 31
0
  0
LINE
  5
DE1
330
22
100
AcDbEntity
  8
B.Cu
  6
CONTINUOUS
100
AcDbLine
 10
6.6185939763779524
 20
-4.9928499999999998
 30
0
 11
6.6182896062992125
 21
-4.992431062992126
 31
0
  0
LINE
  5
DE2
330
22
100
AcDbEntity
  8
B.Cu
  6
CONTINUOUS
100
AcDbLine
 10
6.6182896062992125
 20
-4.992431062992126
 30
0
 11
6.6138571259842518
 21
-4.9863301574803147
 31
0
  0
LINE
  5
DE3
330
22
100
AcDbEntity
  8
B.Cu
  6
CONTINUOUS
100
AcDbLine
 10
6.6138571259842518
 20
-4.9863301574803147
 30
0
 11
6.6081579921259843
 21
-4.9806310236220472
 31
0
  0
LINE
  5
DE4
330
22
100
AcDbEntity
  8
B.Cu
  6
CONTINUOUS
100
AcDbLine
 10
6.6081579921259843
 20
-4.9806310236220472
 30
0
 11
6.6016383070866143
 21
-4.9758942913385829
 31
0
  0
LINE
  5
DE5
330
22
100
AcDbEntity
  8
B.Cu
  6
CONTINUOUS
100
AcDbLine
 10
6.6016383070866143
 20
-4.9758942913385829
 30
0
 11
6.6016382677165355
 21
-4.9758942519685041
 31
0
  0
LINE
  5
DE6
330
22
100
AcDbEntity
  8
B.Cu
  6
CONTINUOUS
100
AcDbLine
 10
6.6016382677165355
 20
-4.9758942519685041
 30
0
 11
6.601638188976378
 21
-4.9758942125984253
 31
0
  0
LINE
  5
DE7
330
22
100
AcDbEntity
  8
B.Cu
  6
CONTINUOUS
100
AcDbLine
 10
6.601638188976378
 20
-4.9758942125984253
 30
0
 11
6.5993957874015745
 21
-4.9747516141732282
 31
0
  0
LINE
  5
DE8
330
22
100
AcDbEntity
  8
B.Cu
  6
CONTINUOUS
100
AcDbLine
 10
6.5993957874015745
 20
-4.9747516141732282
 30
0
 11
6.5944575984251967
 21
-4.9722354724409445
 31
0
  0
LINE
  5
DE9
330
22
100
AcDbEntity
  8
B.Cu
  6
CONTINUOUS
100
AcDbLine
 10
6.5944575984251967
 20
-4.9722354724409445
 30
0
 11
6.586792677165354
 21
-4.9697449606299209
 31
0
  0
LINE
  5
DEA
330
22
100
AcDbEntity
  8
B.Cu
  6
CONTINUOUS
100
AcDbLine
 10
6.586792677165354
 20
-4.9697449606299209
 30
0
 11
6.5799210629921259
 21
-4.968656614173228
 31
0
  0
LINE
  5
DEB
330
22
100
AcDbEntity
  8
B.Cu
  6
CONTINUOUS
100
AcDbLine
 10
6.5799210629921259
 20
-4.968656614173228
 30
0
 11
6.5788327559055118
 21
-4.968484251968504
 31
0
  0
LINE
  5
DEC
330
22
100
AcDbEntity
  8
B.Cu
  6
CONTINUOUS
100
AcDbLine
 10
6.5788327559055118
 20
-4.968484251968504
 30
0
 11
6.5707735433070864
 21
-4.968484251968504
 31
0
  0
LINE
  5
DED
330
22
100
AcDbEntity
  8
B.Cu
  6
CONTINUOUS
100
AcDbLine
 10
6.5707735433070864
 20
-4.968484251968504
 30
0
 11
6.5698161023622044
 21
-4.9686358661417325
 31
0
  0
LINE
  5
DEE
330
22
100
AcDbEntity
  8
B.Cu
  6
CONTINUOUS
100
AcDbLine
 10
6.5698161023622044
 20
-4.9686358661417325
 30
0
 11
6.5628135826771654
 21
-4.9697449606299209
 31
0
  0
LINE
  5
DEF
330
22
100
AcDbEntity
  8
B.Cu
  6
CONTINUOUS
100
AcDbLine
 10
6.5628135826771654
 20
-4.9697449606299209
 30
0
 11
6.5551486614173227
 21
-4.9722354724409445
 31
0
  0
LINE
  5
DF0
330
22
100
AcDbEntity
  8
B.Cu
  6
CONTINUOUS
100
AcDbLine
 10
6.5551486614173227
 20
-4.9722354724409445
 30
0
 11
6.5479679527559052
 21
-4.9758942913385829
 31
0
  0
LINE
  5
DF1
330
22
100
AcDbEntity
  8
B.Cu
  6
CONTINUOUS
100
AcDbLine
 10
6.5479679527559052
 20
-4.9758942913385829
 30
0
 11
6.5414482677165351
 21
-4.9806310236220472
 31
0
  0
LINE
  5
DF2
330
22
100
AcDbEntity
  8
B.Cu
  6
CONTINUOUS
100
AcDbLine
 10
6.5414482677165351
 20
-4.9806310236220472
 30
0
 11
6.5357491338582676
 21
-4.9863301574803147
 31
0
  0
LINE
  5
DF3
330
22
100
AcDbEntity
  8
B.Cu
  6
CONTINUOUS
100
AcDbLine
 10
6.5357491338582676
 20
-4.9863301574803147
 30
0
 11
6.5310124015748032
 21
-4.9928498425196848
 31
0
  0
LINE
  5
DF4
330
22
100
AcDbEntity
  8
B.Cu
  6
CONTINUOUS
100
AcDbLine
 10
6.5310124015748032
 20
-4.9928498425196848
 30
0
 11
6.5273535826771649
 21
-5.0000305511811023
 31
0
  0
LINE
  5
DF5
330
22
100
AcDbEntity
  8
B.Cu
  6
CONTINUOUS
100
AcDbLine
 10
6.5273535826771649
 20
-5.0000305511811023
 30
0
 11
6.5248630708661413
 21
-5.007695472440945
 31
0
  0
LINE
  5
DF6
330
22
100
AcDbEntity
  8
B.Cu
  6
CONTINUOUS
100
AcDbLine
 10
6.5248630708661413
 20
-5.007695472440945
 30
0
 11
6.5236023622047243
 21
-5.015655433070866
 31
0
  0
LINE
  5
DF7
330
22
100
AcDbEntity
  8
B.Cu
  6
CONTINUOUS
100
AcDbLine
 10
6.5236023622047243
 20
-5.015655433070866
 30
0
 11
6.5236023622047243
 21
-5.0237146062992126
 31
0
  0
LINE
  5
DF8
330
22
100
AcDbEntity
  8
B.Cu
  6
CONTINUOUS
100
AcDbLine
 10
6.1122047244094491
 20
-4.6306319685039368
 30
0
 11
6.1136588188976377
 21
-4.6398128740157478
 31
0
  0
LINE
  5
DF9
330
22
100
AcDbEntity
  8
B.Cu
  6
CONTINUOUS
100
AcDbLine
 10
6.1136588188976377
 20
-4.6398128740157478
 30
0
 11
6.1165313779527555
 21
-4.6486536220472443
 31
0
  0
LINE
  5
DFA
330
22
100
AcDbEntity
  8
B.Cu
  6
CONTINUOUS
100
AcDbLine
 10
6.1165313779527555
 20
-4.6486536220472443
 30
0
 11
6.1207514566929131
 21
-4.6569359842519686
 31
0
  0
LINE
  5
DFB
330
22
100
AcDbEntity
  8
B.Cu
  6
CONTINUOUS
100
AcDbLine
 10
6.1207514566929131
 20
-4.6569359842519686
 30
0
 11
6.1231235433070861
 21
-4.6602009448818897
 31
0
  0
LINE
  5
DFC
330
22
100
AcDbEntity
  8
B.Cu
  6
CONTINUOUS
100
AcDbLine
 10
6.1231235433070861
 20
-4.6602009448818897
 30
0
 11
6.1231236220472436
 21
-4.6602009842519685
 31
0
  0
LINE
  5
DFD
330
22
100
AcDbEntity
  8
B.Cu
  6
CONTINUOUS
100
AcDbLine
 10
6.1231236220472436
 20
-4.6602009842519685
 30
0
 11
6.1374368897637792
 21
-4.6458876771653541
 31
0
  0
LINE
  5
DFE
330
22
100
AcDbEntity
  8
B.Cu
  6
CONTINUOUS
100
AcDbLine
 10
6.1374368897637792
 20
-4.6458876771653541
 30
0
 11
6.1365385433070863
 21
-4.6445431889763782
 31
0
  0
LINE
  5
DFF
330
22
100
AcDbEntity
  8
B.Cu
  6
CONTINUOUS
100
AcDbLine
 10
6.1365385433070863
 20
-4.6445431889763782
 30
0
 11
6.1335850393700788
 21
-4.6374127952755906
 31
0
  0
LINE
  5
E00
330
22
100
AcDbEntity
  8
B.Cu
  6
CONTINUOUS
100
AcDbLine
 10
6.1335850393700788
 20
-4.6374127952755906
 30
0
 11
6.1320793307086614
 21
-4.6298431889763778
 31
0
  0
LINE
  5
E01
330
22
100
AcDbEntity
  8
B.Cu
  6
CONTINUOUS
100
AcDbLine
 10
6.1320793307086614
 20
-4.6298431889763778
 30
0
 11
6.1320793307086614
 21
-4.6221253149606296
 31
0
  0
LINE
  5
E02
330
22
100
AcDbEntity
  8
B.Cu
  6
CONTINUOUS
100
AcDbLine
 10
6.1320793307086614
 20
-4.6221253149606296
 30
0
 11
6.1335850393700788
 21
-4.6145557086614168
 31
0
  0
LINE
  5
E03
330
22
100
AcDbEntity
  8
B.Cu
  6
CONTINUOUS
100
AcDbLine
 10
6.1335850393700788
 20
-4.6145557086614168
 30
0
 11
6.1365385433070863
 21
-4.6074253149606301
 31
0
  0
LINE
  5
E04
330
22
100
AcDbEntity
  8
B.Cu
  6
CONTINUOUS
100
AcDbLine
 10
6.1365385433070863
 20
-4.6074253149606301
 30
0
 11
6.137436929133858
 21
-4.6060807874015746
 31
0
  0
LINE
  5
E05
330
22
100
AcDbEntity
  8
B.Cu
  6
CONTINUOUS
100
AcDbLine
 10
6.137436929133858
 20
-4.6060807874015746
 30
0
 11
6.1231236220472436
 21
-4.5917674803149602
 31
0
  0
LINE
  5
E06
330
22
100
AcDbEntity
  8
B.Cu
  6
CONTINUOUS
100
AcDbLine
 10
6.1231236220472436
 20
-4.5917674803149602
 30
0
 11
6.1207513385826768
 21
-4.5950326771653538
 31
0
  0
LINE
  5
E07
330
22
100
AcDbEntity
  8
B.Cu
  6
CONTINUOUS
100
AcDbLine
 10
6.1207513385826768
 20
-4.5950326771653538
 30
0
 11
6.1165313779527555
 21
-4.6033148425196853
 31
0
  0
LINE
  5
E08
330
22
100
AcDbEntity
  8
B.Cu
  6
CONTINUOUS
100
AcDbLine
 10
6.1165313779527555
 20
-4.6033148425196853
 30
0
 11
6.1136588188976377
 21
-4.6121555905511809
 31
0
  0
LINE
  5
E09
330
22
100
AcDbEntity
  8
B.Cu
  6
CONTINUOUS
100
AcDbLine
 10
6.1136588188976377
 20
-4.6121555905511809
 30
0
 11
6.1122047244094491
 21
-4.6213364960629919
 31
0
  0
LINE
  5
E0A
330
22
100
AcDbEntity
  8
B.Cu
  6
CONTINUOUS
100
AcDbLine
 10
6.1122047244094491
 20
-4.6213364960629919
 30
0
 11
6.1122047244094491
 21
-4.6306319685039368
 31
0
  0
LINE
  5
E0B
330
22
100
AcDbEntity
  8
B.Cu
  6
CONTINUOUS
100
AcDbLine
 10
6.3681102362204722
 20
-4.6306319685039368
 30
0
 11
6.3695643307086609
 21
-4.6398128740157478
 31
0
  0
LINE
  5
E0C
330
22
100
AcDbEntity
  8
B.Cu
  6
CONTINUOUS
100
AcDbLine
 10
6.3695643307086609
 20
-4.6398128740157478
 30
0
 11
6.3724368897637795
 21
-4.6486536220472443
 31
0
  0
LINE
  5
E0D
330
22
100
AcDbEntity
  8
B.Cu
  6
CONTINUOUS
100
AcDbLine
 10
6.3724368897637795
 20
-4.6486536220472443
 30
0
 11
6.3766569685039372
 21
-4.6569359842519686
 31
0
  0
LINE
  5
E0E
330
22
100
AcDbEntity
  8
B.Cu
  6
CONTINUOUS
100
AcDbLine
 10
6.3766569685039372
 20
-4.6569359842519686
 30
0
 11
6.3790290551181101
 21
-4.6602009448818897
 31
0
  0
LINE
  5
E0F
330
22
100
AcDbEntity
  8
B.Cu
  6
CONTINUOUS
100
AcDbLine
 10
6.3790290551181101
 20
-4.6602009448818897
 30
0
 11
6.3790291338582676
 21
-4.6602009842519685
 31
0
  0
LINE
  5
E10
330
22
100
AcDbEntity
  8
B.Cu
  6
CONTINUOUS
100
AcDbLine
 10
6.3790291338582676
 20
-4.6602009842519685
 30
0
 11
6.3933424015748033
 21
-4.6458876771653541
 31
0
  0
LINE
  5
E11
330
22
100
AcDbEntity
  8
B.Cu
  6
CONTINUOUS
100
AcDbLine
 10
6.3933424015748033
 20
-4.6458876771653541
 30
0
 11
6.3924440551181103
 21
-4.6445431889763782
 31
0
  0
LINE
  5
E12
330
22
100
AcDbEntity
  8
B.Cu
  6
CONTINUOUS
100
AcDbLine
 10
6.3924440551181103
 20
-4.6445431889763782
 30
0
 11
6.389490551181102
 21
-4.6374127952755906
 31
0
  0
LINE
  5
E13
330
22
100
AcDbEntity
  8
B.Cu
  6
CONTINUOUS
100
AcDbLine
 10
6.389490551181102
 20
-4.6374127952755906
 30
0
 11
6.3879848425196846
 21
-4.6298431889763778
 31
0
  0
LINE
  5
E14
330
22
100
AcDbEntity
  8
B.Cu
  6
CONTINUOUS
100
AcDbLine
 10
6.3879848425196846
 20
-4.6298431889763778
 30
0
 11
6.3879848425196846
 21
-4.6221253149606296
 31
0
  0
LINE
  5
E15
330
22
100
AcDbEntity
  8
B.Cu
  6
CONTINUOUS
100
AcDbLine
 10
6.3879848425196846
 20
-4.6221253149606296
 30
0
 11
6.389490551181102
 21
-4.6145557086614168
 31
0
  0
LINE
  5
E16
330
22
100
AcDbEntity
  8
B.Cu
  6
CONTINUOUS
100
AcDbLine
 10
6.389490551181102
 20
-4.6145557086614168
 30
0
 11
6.3924440551181103
 21
-4.6074253149606301
 31
0
  0
LINE
  5
E17
330
22
100
AcDbEntity
  8
B.Cu
  6
CONTINUOUS
100
AcDbLine
 10
6.3924440551181103
 20
-4.6074253149606301
 30
0
 11
6.393342440944882
 21
-4.6060807874015746
 31
0
  0
LINE
  5
E18
330
22
100
AcDbEntity
  8
B.Cu
  6
CONTINUOUS
100
AcDbLine
 10
6.393342440944882
 20
-4.6060807874015746
 30
0
 11
6.3790291338582676
 21
-4.5917674803149602
 31
0
  0
LINE
  5
E19
330
22
100
AcDbEntity
  8
B.Cu
  6
CONTINUOUS
100
AcDbLine
 10
6.3790291338582676
 20
-4.5917674803149602
 30
0
 11
6.3766568503937009
 21
-4.5950326771653538
 31
0
  0
LINE
  5
E1A
330
22
100
AcDbEntity
  8
B.Cu
  6
CONTINUOUS
100
AcDbLine
 10
6.3766568503937009
 20
-4.5950326771653538
 30
0
 11
6.3724368897637795
 21
-4.6033148425196853
 31
0
  0
LINE
  5
E1B
330
22
100
AcDbEntity
  8
B.Cu
  6
CONTINUOUS
100
AcDbLine
 10
6.3724368897637795
 20
-4.6033148425196853
 30
0
 11
6.3695643307086609
 21
-4.6121555905511809
 31
0
  0
LINE
  5
E1C
330
22
100
AcDbEntity
  8
B.Cu
  6
CONTINUOUS
100
AcDbLine
 10
6.3695643307086609
 20
-4.6121555905511809
 30
0
 11
6.3681102362204722
 21
-4.6213364960629919
 31
0
  0
LINE
  5
E1D
330
22
100
AcDbEntity
  8
B.Cu
  6
CONTINUOUS
100
AcDbLine
 10
6.3681102362204722
 20
-4.6213364960629919
 30
0
 11
6.3681102362204722
 21
-4.6306319685039368
 31
0
  0
LINE
  5
E1E
330
22
100
AcDbEntity
  8
B.Cu
  6
CONTINUOUS
100
AcDbLine
 10
5.6150046456692912
 20
-3.7870905905511809
 30
0
 11
5.6150047244094488
 21
-3.7870908267716534
 31
0
  0
LINE
  5
E1F
330
22
100
AcDbEntity
  8
B.Cu
  6
CONTINUOUS
100
AcDbLine
 10
5.6150047244094488
 20
-3.7870908267716534
 30
0
 11
5.6181802362204722
 21
-3.7947572047244096
 31
0
  0
LINE
  5
E20
330
22
100
AcDbEntity
  8
B.Cu
  6
CONTINUOUS
100
AcDbLine
 10
5.6181802362204722
 20
-3.7947572047244096
 30
0
 11
5.6195653149606297
 21
-3.7968301181102362
 31
0
  0
LINE
  5
E21
330
22
100
AcDbEntity
  8
B.Cu
  6
CONTINUOUS
100
AcDbLine
 10
5.6195653149606297
 20
-3.7968301181102362
 30
0
 11
5.63440405511811
 21
-3.7819913779527559
 31
0
  0
LINE
  5
E22
330
22
100
AcDbEntity
  8
B.Cu
  6
CONTINUOUS
100
AcDbLine
 10
5.63440405511811
 20
-3.7819913779527559
 30
0
 11
5.6332628346456692
 21
-3.7777322834645668
 31
0
  0
LINE
  5
E23
330
22
100
AcDbEntity
  8
B.Cu
  6
CONTINUOUS
100
AcDbLine
 10
5.6332628346456692
 20
-3.7777322834645668
 30
0
 11
5.6332628346456692
 21
-3.7718740157480313
 31
0
  0
LINE
  5
E24
330
22
100
AcDbEntity
  8
B.Cu
  6
CONTINUOUS
100
AcDbLine
 10
5.6332628346456692
 20
-3.7718740157480313
 30
0
 11
5.6344040944881888
 21
-3.7676148425196851
 31
0
  0
LINE
  5
E25
330
22
100
AcDbEntity
  8
B.Cu
  6
CONTINUOUS
100
AcDbLine
 10
5.6344040944881888
 20
-3.7676148425196851
 30
0
 11
5.6195653149606297
 21
-3.7527760629921261
 31
0
  0
LINE
  5
E26
330
22
100
AcDbEntity
  8
B.Cu
  6
CONTINUOUS
100
AcDbLine
 10
5.6195653149606297
 20
-3.7527760629921261
 30
0
 11
5.619565275590551
 21
-3.7527761023622048
 31
0
  0
LINE
  5
E27
330
22
100
AcDbEntity
  8
B.Cu
  6
CONTINUOUS
100
AcDbLine
 10
5.619565275590551
 20
-3.7527761023622048
 30
0
 11
5.6181804724409448
 21
-3.7548486614173227
 31
0
  0
LINE
  5
E28
330
22
100
AcDbEntity
  8
B.Cu
  6
CONTINUOUS
100
AcDbLine
 10
5.6181804724409448
 20
-3.7548486614173227
 30
0
 11
5.6181801968503935
 21
-3.7548491338582677
 31
0
  0
LINE
  5
E29
330
22
100
AcDbEntity
  8
B.Cu
  6
CONTINUOUS
100
AcDbLine
 10
5.6181801968503935
 20
-3.7548491338582677
 30
0
 11
5.6150047244094488
 21
-3.7625154330708659
 31
0
  0
LINE
  5
E2A
330
22
100
AcDbEntity
  8
B.Cu
  6
CONTINUOUS
100
AcDbLine
 10
5.6150047244094488
 20
-3.7625154330708659
 30
0
 11
5.6150046456692912
 21
-3.7625156692913384
 31
0
  0
LINE
  5
E2B
330
22
100
AcDbEntity
  8
B.Cu
  6
CONTINUOUS
100
AcDbLine
 10
5.6150046456692912
 20
-3.7625156692913384
 30
0
 11
5.613385826771653
 21
-3.7706539763779525
 31
0
  0
LINE
  5
E2C
330
22
100
AcDbEntity
  8
B.Cu
  6
CONTINUOUS
100
AcDbLine
 10
5.613385826771653
 20
-3.7706539763779525
 30
0
 11
5.613385826771653
 21
-3.7789522834645668
 31
0
  0
LINE
  5
E2D
330
22
100
AcDbEntity
  8
B.Cu
  6
CONTINUOUS
100
AcDbLine
 10
5.613385826771653
 20
-3.7789522834645668
 30
0
 11
5.6133857874015742
 21
-3.7789522834645668
 31
0
  0
LINE
  5
E2E
330
22
100
AcDbEntity
  8
B.Cu
  6
CONTINUOUS
100
AcDbLine
 10
5.6133857874015742
 20
-3.7789522834645668
 30
0
 11
5.6150046456692912
 21
-3.7870905905511809
 31
0
  0
LINE
  5
E2F
330
22
100
AcDbEntity
  8
B.Cu
  6
CONTINUOUS
100
AcDbLine
 10
5.5
 20
-3.4292250787401573
 30
0
 11
5.5012601968503931
 21
-3.4371817716535431
 31
0
  0
LINE
  5
E30
330
22
100
AcDbEntity
  8
B.Cu
  6
CONTINUOUS
100
AcDbLine
 10
5.5012601968503931
 20
-3.4371817716535431
 30
0
 11
5.5037497637795276
 21
-3.4448437401574803
 31
0
  0
LINE
  5
E31
330
22
100
AcDbEntity
  8
B.Cu
  6
CONTINUOUS
100
AcDbLine
 10
5.5037497637795276
 20
-3.4448437401574803
 30
0
 11
5.5074071259842521
 21
-3.4520216535433068
 31
0
  0
LINE
  5
E32
330
22
100
AcDbEntity
  8
B.Cu
  6
CONTINUOUS
100
AcDbLine
 10
5.5074071259842521
 20
-3.4520216535433068
 30
0
 11
5.5074073622047246
 21
-3.4520220078740156
 31
0
  0
LINE
  5
E33
330
22
100
AcDbEntity
  8
B.Cu
  6
CONTINUOUS
100
AcDbLine
 10
5.5074073622047246
 20
-3.4520220078740156
 30
0
 11
5.5086820078740155
 21
-3.4537764173228345
 31
0
  0
LINE
  5
E34
330
22
100
AcDbEntity
  8
B.Cu
  6
CONTINUOUS
100
AcDbLine
 10
5.5086820078740155
 20
-3.4537764173228345
 30
0
 11
5.5086820472440943
 21
-3.4537764566929132
 31
0
  0
LINE
  5
E35
330
22
100
AcDbEntity
  8
B.Cu
  6
CONTINUOUS
100
AcDbLine
 10
5.5086820472440943
 20
-3.4537764566929132
 30
0
 11
5.5231142125984247
 21
-3.439344251968504
 31
0
  0
LINE
  5
E36
330
22
100
AcDbEntity
  8
B.Cu
  6
CONTINUOUS
100
AcDbLine
 10
5.5231142125984247
 20
-3.439344251968504
 30
0
 11
5.5210412598425194
 21
-3.4343396850393701
 31
0
  0
LINE
  5
E37
330
22
100
AcDbEntity
  8
B.Cu
  6
CONTINUOUS
100
AcDbLine
 10
5.5210412598425194
 20
-3.4343396850393701
 30
0
 11
5.519836692913386
 21
-3.4282840157480314
 31
0
  0
LINE
  5
E38
330
22
100
AcDbEntity
  8
B.Cu
  6
CONTINUOUS
100
AcDbLine
 10
5.519836692913386
 20
-3.4282840157480314
 30
0
 11
5.519836692913386
 21
-3.42210968503937
 31
0
  0
LINE
  5
E39
330
22
100
AcDbEntity
  8
B.Cu
  6
CONTINUOUS
100
AcDbLine
 10
5.519836692913386
 20
-3.42210968503937
 30
0
 11
5.5210412598425194
 21
-3.4160540157480312
 31
0
  0
LINE
  5
E3A
330
22
100
AcDbEntity
  8
B.Cu
  6
CONTINUOUS
100
AcDbLine
 10
5.5210412598425194
 20
-3.4160540157480312
 30
0
 11
5.5231142125984247
 21
-3.4110493700787399
 31
0
  0
LINE
  5
E3B
330
22
100
AcDbEntity
  8
B.Cu
  6
CONTINUOUS
100
AcDbLine
 10
5.5231142125984247
 20
-3.4110493700787399
 30
0
 11
5.5086820472440943
 21
-3.3966172047244094
 31
0
  0
LINE
  5
E3C
330
22
100
AcDbEntity
  8
B.Cu
  6
CONTINUOUS
100
AcDbLine
 10
5.5086820472440943
 20
-3.3966172047244094
 30
0
 11
5.5086820078740155
 21
-3.3966172047244094
 31
0
  0
LINE
  5
E3D
330
22
100
AcDbEntity
  8
B.Cu
  6
CONTINUOUS
100
AcDbLine
 10
5.5086820078740155
 20
-3.3966172047244094
 30
0
 11
5.5074072047244096
 21
-3.3983718110236221
 31
0
  0
LINE
  5
E3E
330
22
100
AcDbEntity
  8
B.Cu
  6
CONTINUOUS
100
AcDbLine
 10
5.5074072047244096
 20
-3.3983718110236221
 30
0
 11
5.5037497637795276
 21
-3.4055499212598423
 31
0
  0
LINE
  5
E3F
330
22
100
AcDbEntity
  8
B.Cu
  6
CONTINUOUS
100
AcDbLine
 10
5.5037497637795276
 20
-3.4055499212598423
 30
0
 11
5.5012601968503931
 21
-3.4132118897637795
 31
0
  0
LINE
  5
E40
330
22
100
AcDbEntity
  8
B.Cu
  6
CONTINUOUS
100
AcDbLine
 10
5.5012601968503931
 20
-3.4132118897637795
 30
0
 11
5.5
 21
-3.4211685826771654
 31
0
  0
LINE
  5
E41
330
22
100
AcDbEntity
  8
B.Cu
  6
CONTINUOUS
100
AcDbLine
 10
5.5
 20
-3.4211685826771654
 30
0
 11
5.5
 21
-3.4292250787401573
 31
0
  0
LINE
  5
E42
330
22
100
AcDbEntity
  8
B.Cu
  6
CONTINUOUS
100
AcDbLine
 10
5.6968503937007871
 20
-3.4292250787401573
 30
0
 11
5.6981105905511811
 21
-3.4371817716535431
 31
0
  0
LINE
  5
E43
330
22
100
AcDbEntity
  8
B.Cu
  6
CONTINUOUS
100
AcDbLine
 10
5.6981105905511811
 20
-3.4371817716535431
 30
0
 11
5.7006001574803147
 21
-3.4448437401574803
 31
0
  0
LINE
  5
E44
330
22
100
AcDbEntity
  8
B.Cu
  6
CONTINUOUS
100
AcDbLine
 10
5.7006001574803147
 20
-3.4448437401574803
 30
0
 11
5.7042575196850391
 21
-3.4520216535433068
 31
0
  0
LINE
  5
E45
330
22
100
AcDbEntity
  8
B.Cu
  6
CONTINUOUS
100
AcDbLine
 10
5.7042575196850391
 20
-3.4520216535433068
 30
0
 11
5.7042577559055117
 21
-3.4520220078740156
 31
0
  0
LINE
  5
E46
330
22
100
AcDbEntity
  8
B.Cu
  6
CONTINUOUS
100
AcDbLine
 10
5.7042577559055117
 20
-3.4520220078740156
 30
0
 11
5.7055324015748035
 21
-3.4537764173228345
 31
0
  0
LINE
  5
E47
330
22
100
AcDbEntity
  8
B.Cu
  6
CONTINUOUS
100
AcDbLine
 10
5.7055324015748035
 20
-3.4537764173228345
 30
0
 11
5.7055324409448813
 21
-3.4537764566929132
 31
0
  0
LINE
  5
E48
330
22
100
AcDbEntity
  8
B.Cu
  6
CONTINUOUS
100
AcDbLine
 10
5.7055324409448813
 20
-3.4537764566929132
 30
0
 11
5.7199646062992127
 21
-3.439344251968504
 31
0
  0
LINE
  5
E49
330
22
100
AcDbEntity
  8
B.Cu
  6
CONTINUOUS
100
AcDbLine
 10
5.7199646062992127
 20
-3.439344251968504
 30
0
 11
5.7178916535433073
 21
-3.4343396850393701
 31
0
  0
LINE
  5
E4A
330
22
100
AcDbEntity
  8
B.Cu
  6
CONTINUOUS
100
AcDbLine
 10
5.7178916535433073
 20
-3.4343396850393701
 30
0
 11
5.716687086614173
 21
-3.4282840157480314
 31
0
  0
LINE
  5
E4B
330
22
100
AcDbEntity
  8
B.Cu
  6
CONTINUOUS
100
AcDbLine
 10
5.716687086614173
 20
-3.4282840157480314
 30
0
 11
5.716687086614173
 21
-3.42210968503937
 31
0
  0
LINE
  5
E4C
330
22
100
AcDbEntity
  8
B.Cu
  6
CONTINUOUS
100
AcDbLine
 10
5.716687086614173
 20
-3.42210968503937
 30
0
 11
5.7178916535433073
 21
-3.4160540157480312
 31
0
  0
LINE
  5
E4D
330
22
100
AcDbEntity
  8
B.Cu
  6
CONTINUOUS
100
AcDbLine
 10
5.7178916535433073
 20
-3.4160540157480312
 30
0
 11
5.7199646062992127
 21
-3.4110493700787399
 31
0
  0
LINE
  5
E4E
330
22
100
AcDbEntity
  8
B.Cu
  6
CONTINUOUS
100
AcDbLine
 10
5.7199646062992127
 20
-3.4110493700787399
 30
0
 11
5.7055324409448813
 21
-3.3966172047244094
 31
0
  0
LINE
  5
E4F
330
22
100
AcDbEntity
  8
B.Cu
  6
CONTINUOUS
100
AcDbLine
 10
5.7055324409448813
 20
-3.3966172047244094
 30
0
 11
5.7055324015748035
 21
-3.3966172047244094
 31
0
  0
LINE
  5
E50
330
22
100
AcDbEntity
  8
B.Cu
  6
CONTINUOUS
100
AcDbLine
 10
5.7055324015748035
 20
-3.3966172047244094
 30
0
 11
5.7042575984251966
 21
-3.3983718110236221
 31
0
  0
LINE
  5
E51
330
22
100
AcDbEntity
  8
B.Cu
  6
CONTINUOUS
100
AcDbLine
 10
5.7042575984251966
 20
-3.3983718110236221
 30
0
 11
5.7006001574803147
 21
-3.4055499212598423
 31
0
  0
LINE
  5
E52
330
22
100
AcDbEntity
  8
B.Cu
  6
CONTINUOUS
100
AcDbLine
 10
5.7006001574803147
 20
-3.4055499212598423
 30
0
 11
5.6981105905511811
 21
-3.4132118897637795
 31
0
  0
LINE
  5
E53
330
22
100
AcDbEntity
  8
B.Cu
  6
CONTINUOUS
100
AcDbLine
 10
5.6981105905511811
 20
-3.4132118897637795
 30
0
 11
5.6968503937007871
 21
-3.4211685826771654
 31
0
  0
LINE
  5
E54
330
22
100
AcDbEntity
  8
B.Cu
  6
CONTINUOUS
100
AcDbLine
 10
5.6968503937007871
 20
-3.4211685826771654
 30
0
 11
5.6968503937007871
 21
-3.4292250787401573
 31
0
  0
LINE
  5
E55
330
22
100
AcDbEntity
  8
B.Cu
  6
CONTINUOUS
100
AcDbLine
 10
6.4488188976377954
 20
-3.3904744881889761
 30
0
 11
6.450272992125984
 21
-3.3996553937007872
 31
0
  0
LINE
  5
E56
330
22
100
AcDbEntity
  8
B.Cu
  6
CONTINUOUS
100
AcDbLine
 10
6.450272992125984
 20
-3.3996553937007872
 30
0
 11
6.4531455511811018
 21
-3.4084961417322832
 31
0
  0
LINE
  5
E57
330
22
100
AcDbEntity
  8
B.Cu
  6
CONTINUOUS
100
AcDbLine
 10
6.4531455511811018
 20
-3.4084961417322832
 30
0
 11
6.4573656299212594
 21
-3.416778503937008
 31
0
  0
LINE
  5
E58
330
22
100
AcDbEntity
  8
B.Cu
  6
CONTINUOUS
100
AcDbLine
 10
6.4573656299212594
 20
-3.416778503937008
 30
0
 11
6.4597377165354333
 21
-3.4200434645669291
 31
0
  0
LINE
  5
E59
330
22
100
AcDbEntity
  8
B.Cu
  6
CONTINUOUS
100
AcDbLine
 10
6.4597377165354333
 20
-3.4200434645669291
 30
0
 11
6.4597377952755908
 21
-3.4200435039370078
 31
0
  0
LINE
  5
E5A
330
22
100
AcDbEntity
  8
B.Cu
  6
CONTINUOUS
100
AcDbLine
 10
6.4597377952755908
 20
-3.4200435039370078
 30
0
 11
6.4740510629921255
 21
-3.4057301968503935
 31
0
  0
LINE
  5
E5B
330
22
100
AcDbEntity
  8
B.Cu
  6
CONTINUOUS
100
AcDbLine
 10
6.4740510629921255
 20
-3.4057301968503935
 30
0
 11
6.4731527165354326
 21
-3.4043857086614171
 31
0
  0
LINE
  5
E5C
330
22
100
AcDbEntity
  8
B.Cu
  6
CONTINUOUS
100
AcDbLine
 10
6.4731527165354326
 20
-3.4043857086614171
 30
0
 11
6.4701992125984251
 21
-3.3972553149606299
 31
0
  0
LINE
  5
E5D
330
22
100
AcDbEntity
  8
B.Cu
  6
CONTINUOUS
100
AcDbLine
 10
6.4701992125984251
 20
-3.3972553149606299
 30
0
 11
6.4686935039370077
 21
-3.3896857086614172
 31
0
  0
LINE
  5
E5E
330
22
100
AcDbEntity
  8
B.Cu
  6
CONTINUOUS
100
AcDbLine
 10
6.4686935039370077
 20
-3.3896857086614172
 30
0
 11
6.4686935039370077
 21
-3.3819678346456694
 31
0
  0
LINE
  5
E5F
330
22
100
AcDbEntity
  8
B.Cu
  6
CONTINUOUS
100
AcDbLine
 10
6.4686935039370077
 20
-3.3819678346456694
 30
0
 11
6.4701992125984251
 21
-3.3743982283464566
 31
0
  0
LINE
  5
E60
330
22
100
AcDbEntity
  8
B.Cu
  6
CONTINUOUS
100
AcDbLine
 10
6.4701992125984251
 20
-3.3743982283464566
 30
0
 11
6.4731527165354326
 21
-3.367267834645669
 31
0
  0
LINE
  5
E61
330
22
100
AcDbEntity
  8
B.Cu
  6
CONTINUOUS
100
AcDbLine
 10
6.4731527165354326
 20
-3.367267834645669
 30
0
 11
6.4740511023622043
 21
-3.3659233070866139
 31
0
  0
LINE
  5
E62
330
22
100
AcDbEntity
  8
B.Cu
  6
CONTINUOUS
100
AcDbLine
 10
6.4740511023622043
 20
-3.3659233070866139
 30
0
 11
6.4597377952755908
 21
-3.35161
 31
0
  0
LINE
  5
E63
330
22
100
AcDbEntity
  8
B.Cu
  6
CONTINUOUS
100
AcDbLine
 10
6.4597377952755908
 20
-3.35161
 30
0
 11
6.4573655118110231
 21
-3.3548751968503936
 31
0
  0
LINE
  5
E64
330
22
100
AcDbEntity
  8
B.Cu
  6
CONTINUOUS
100
AcDbLine
 10
6.4573655118110231
 20
-3.3548751968503936
 30
0
 11
6.4531455511811018
 21
-3.3631573622047242
 31
0
  0
LINE
  5
E65
330
22
100
AcDbEntity
  8
B.Cu
  6
CONTINUOUS
100
AcDbLine
 10
6.4531455511811018
 20
-3.3631573622047242
 30
0
 11
6.450272992125984
 21
-3.3719981102362202
 31
0
  0
LINE
  5
E66
330
22
100
AcDbEntity
  8
B.Cu
  6
CONTINUOUS
100
AcDbLine
 10
6.450272992125984
 20
-3.3719981102362202
 30
0
 11
6.4488188976377954
 21
-3.3811790157480313
 31
0
  0
LINE
  5
E67
330
22
100
AcDbEntity
  8
B.Cu
  6
CONTINUOUS
100
AcDbLine
 10
6.4488188976377954
 20
-3.3811790157480313
 30
0
 11
6.4488188976377954
 21
-3.3904744881889761
 31
0
  0
LINE
  5
E68
330
22
100
AcDbEntity
  8
B.Cu
  6
CONTINUOUS
100
AcDbLine
 10
5.3346456692913389
 20
-3.2185039370078741
 30
0
 11
5.3543307086614176
 21
-3.2185039370078741
 31
0
  0
LINE
  5
E69
330
22
100
AcDbEntity
  8
B.Cu
  6
CONTINUOUS
100
AcDbLine
 10
5.3543307086614176
 20
-3.2185039370078741
 30
0
 11
5.3543307086614176
 21
-3.188976377952756
 31
0
  0
LINE
  5
E6A
330
22
100
AcDbEntity
  8
B.Cu
  6
CONTINUOUS
100
AcDbLine
 10
5.3543307086614176
 20
-3.188976377952756
 30
0
 11
5.3838582677165352
 21
-3.188976377952756
 31
0
  0
LINE
  5
E6B
330
22
100
AcDbEntity
  8
B.Cu
  6
CONTINUOUS
100
AcDbLine
 10
5.3838582677165352
 20
-3.188976377952756
 30
0
 11
5.3838582677165352
 21
-3.1692913385826773
 31
0
  0
LINE
  5
E6C
330
22
100
AcDbEntity
  8
B.Cu
  6
CONTINUOUS
100
AcDbLine
 10
5.3838582677165352
 20
-3.1692913385826773
 30
0
 11
5.3524470472440946
 21
-3.1692913385826773
 31
0
  0
LINE
  5
E6D
330
22
100
AcDbEntity
  8
B.Cu
  6
CONTINUOUS
100
AcDbLine
 10
5.3524470472440946
 20
-3.1692913385826773
 30
0
 11
5.35010342519685
 21
-3.1695433464566927
 31
0
  0
LINE
  5
E6E
330
22
100
AcDbEntity
  8
B.Cu
  6
CONTINUOUS
100
AcDbLine
 10
5.35010342519685
 20
-3.1695433464566927
 30
0
 11
5.3501031496062987
 21
-3.1695434251968502
 31
0
  0
LINE
  5
E6F
330
22
100
AcDbEntity
  8
B.Cu
  6
CONTINUOUS
100
AcDbLine
 10
5.3501031496062987
 20
-3.1695434251968502
 30
0
 11
5.3447997244094489
 21
-3.1715214566929135
 31
0
  0
LINE
  5
E70
330
22
100
AcDbEntity
  8
B.Cu
  6
CONTINUOUS
100
AcDbLine
 10
5.3447997244094489
 20
-3.1715214566929135
 30
0
 11
5.3447994488188977
 21
-3.1715216141732281
 31
0
  0
LINE
  5
E71
330
22
100
AcDbEntity
  8
B.Cu
  6
CONTINUOUS
100
AcDbLine
 10
5.3447994488188977
 20
-3.1715216141732281
 30
0
 11
5.3402681889763777
 21
-3.1749137401574803
 31
0
  0
LINE
  5
E72
330
22
100
AcDbEntity
  8
B.Cu
  6
CONTINUOUS
100
AcDbLine
 10
5.3402681889763777
 20
-3.1749137401574803
 30
0
 11
5.3402680708661414
 21
-3.1749138582677165
 31
0
  0
LINE
  5
E73
330
22
100
AcDbEntity
  8
B.Cu
  6
CONTINUOUS
100
AcDbLine
 10
5.3402680708661414
 20
-3.1749138582677165
 30
0
 11
5.3368759448818892
 21
-3.1794451181102361
 31
0
  0
LINE
  5
E74
330
22
100
AcDbEntity
  8
B.Cu
  6
CONTINUOUS
100
AcDbLine
 10
5.3368759448818892
 20
-3.1794451181102361
 30
0
 11
5.3368757874015751
 21
-3.1794453937007874
 31
0
  0
LINE
  5
E75
330
22
100
AcDbEntity
  8
B.Cu
  6
CONTINUOUS
100
AcDbLine
 10
5.3368757874015751
 20
-3.1794453937007874
 30
0
 11
5.3348977559055113
 21
-3.1847488188976376
 31
0
  0
LINE
  5
E76
330
22
100
AcDbEntity
  8
B.Cu
  6
CONTINUOUS
100
AcDbLine
 10
5.3348977559055113
 20
-3.1847488188976376
 30
0
 11
5.3348976771653538
 21
-3.1847490944881889
 31
0
  0
LINE
  5
E77
330
22
100
AcDbEntity
  8
B.Cu
  6
CONTINUOUS
100
AcDbLine
 10
5.3348976771653538
 20
-3.1847490944881889
 30
0
 11
5.3346456692913389
 21
-3.187092716535433
 31
0
  0
LINE
  5
E78
330
22
100
AcDbEntity
  8
B.Cu
  6
CONTINUOUS
100
AcDbLine
 10
5.3346456692913389
 20
-3.187092716535433
 30
0
 11
5.3346456692913389
 21
-3.2185039370078741
 31
0
  0
LINE
  5
E79
330
22
100
AcDbEntity
  8
B.Cu
  6
CONTINUOUS
100
AcDbLine
 10
5.1850196850393697
 20
-2.8977303543307085
 30
0
 11
5.1862803937007875
 21
-2.9056903149606299
 31
0
  0
LINE
  5
E7A
330
22
100
AcDbEntity
  8
B.Cu
  6
CONTINUOUS
100
AcDbLine
 10
5.1862803937007875
 20
-2.9056903149606299
 30
0
 11
5.1887709055118112
 21
-2.9133552362204722
 31
0
  0
LINE
  5
E7B
330
22
100
AcDbEntity
  8
B.Cu
  6
CONTINUOUS
100
AcDbLine
 10
5.1887709055118112
 20
-2.9133552362204722
 30
0
 11
5.1924297244094486
 21
-2.9205359448818897
 31
0
  0
LINE
  5
E7C
330
22
100
AcDbEntity
  8
B.Cu
  6
CONTINUOUS
100
AcDbLine
 10
5.1924297244094486
 20
-2.9205359448818897
 30
0
 11
5.197166456692913
 21
-2.9270556299212598
 31
0
  0
LINE
  5
E7D
330
22
100
AcDbEntity
  8
B.Cu
  6
CONTINUOUS
100
AcDbLine
 10
5.197166456692913
 20
-2.9270556299212598
 30
0
 11
5.2028655905511814
 21
-2.9327547637795277
 31
0
  0
LINE
  5
E7E
330
22
100
AcDbEntity
  8
B.Cu
  6
CONTINUOUS
100
AcDbLine
 10
5.2028655905511814
 20
-2.9327547637795277
 30
0
 11
5.2089664960629918
 21
-2.9371872440944879
 31
0
  0
LINE
  5
E7F
330
22
100
AcDbEntity
  8
B.Cu
  6
CONTINUOUS
100
AcDbLine
 10
5.2089664960629918
 20
-2.9371872440944879
 30
0
 11
5.2093854330708664
 21
-2.9374916141732283
 31
0
  0
LINE
  5
E80
330
22
100
AcDbEntity
  8
B.Cu
  6
CONTINUOUS
100
AcDbLine
 10
5.2093854330708664
 20
-2.9374916141732283
 30
0
 11
5.2139609055118106
 21
-2.9398229527559057
 31
0
  0
LINE
  5
E81
330
22
100
AcDbEntity
  8
B.Cu
  6
CONTINUOUS
100
AcDbLine
 10
5.2139609055118106
 20
-2.9398229527559057
 30
0
 11
5.216565984251968
 21
-2.94115031496063
 31
0
  0
LINE
  5
E82
330
22
100
AcDbEntity
  8
B.Cu
  6
CONTINUOUS
100
AcDbLine
 10
5.216565984251968
 20
-2.94115031496063
 30
0
 11
5.2165660629921256
 21
-2.94115031496063
 31
0
  0
LINE
  5
E83
330
22
100
AcDbEntity
  8
B.Cu
  6
CONTINUOUS
100
AcDbLine
 10
5.2165660629921256
 20
-2.94115031496063
 30
0
 11
5.2165661811023618
 21
-2.9411503937007875
 31
0
  0
LINE
  5
E84
330
22
100
AcDbEntity
  8
B.Cu
  6
CONTINUOUS
100
AcDbLine
 10
5.2165661811023618
 20
-2.9411503937007875
 30
0
 11
5.2201939763779528
 21
-2.9423291338582676
 31
0
  0
LINE
  5
E85
330
22
100
AcDbEntity
  8
B.Cu
  6
CONTINUOUS
100
AcDbLine
 10
5.2201939763779528
 20
-2.9423291338582676
 30
0
 11
5.2242309055118108
 21
-2.9436408267716536
 31
0
  0
LINE
  5
E86
330
22
100
AcDbEntity
  8
B.Cu
  6
CONTINUOUS
100
AcDbLine
 10
5.2242309055118108
 20
-2.9436408267716536
 30
0
 11
5.227167283464567
 21
-2.9441059055118108
 31
0
  0
LINE
  5
E87
330
22
100
AcDbEntity
  8
B.Cu
  6
CONTINUOUS
100
AcDbLine
 10
5.227167283464567
 20
-2.9441059055118108
 30
0
 11
5.2321908661417318
 21
-2.9449015748031497
 31
0
  0
LINE
  5
E88
330
22
100
AcDbEntity
  8
B.Cu
  6
CONTINUOUS
100
AcDbLine
 10
5.2321908661417318
 20
-2.9449015748031497
 30
0
 11
5.2321909055118105
 21
-2.9449015748031497
 31
0
  0
LINE
  5
E89
330
22
100
AcDbEntity
  8
B.Cu
  6
CONTINUOUS
100
AcDbLine
 10
5.2321909055118105
 20
-2.9449015748031497
 30
0
 11
5.2402500393700784
 21
-2.9449015748031497
 31
0
  0
LINE
  5
E8A
330
22
100
AcDbEntity
  8
B.Cu
  6
CONTINUOUS
100
AcDbLine
 10
5.2402500393700784
 20
-2.9449015748031497
 30
0
 11
5.2402500787401571
 21
-2.9449015748031497
 31
0
  0
LINE
  5
E8B
330
22
100
AcDbEntity
  8
B.Cu
  6
CONTINUOUS
100
AcDbLine
 10
5.2402500787401571
 20
-2.9449015748031497
 30
0
 11
5.2482100000000003
 21
-2.9436408267716536
 31
0
  0
LINE
  5
E8C
330
22
100
AcDbEntity
  8
B.Cu
  6
CONTINUOUS
100
AcDbLine
 10
5.2482100000000003
 20
-2.9436408267716536
 30
0
 11
5.2558747637795271
 21
-2.9411503937007875
 31
0
  0
LINE
  5
E8D
330
22
100
AcDbEntity
  8
B.Cu
  6
CONTINUOUS
100
AcDbLine
 10
5.2558747637795271
 20
-2.9411503937007875
 30
0
 11
5.2630555118110234
 21
-2.9374916141732283
 31
0
  0
LINE
  5
E8E
330
22
100
AcDbEntity
  8
B.Cu
  6
CONTINUOUS
100
AcDbLine
 10
5.2630555118110234
 20
-2.9374916141732283
 30
0
 11
5.2667161417322834
 21
-2.934831968503937
 31
0
  0
LINE
  5
E8F
330
22
100
AcDbEntity
  8
B.Cu
  6
CONTINUOUS
100
AcDbLine
 10
5.2667161417322834
 20
-2.934831968503937
 30
0
 11
5.2695753149606297
 21
-2.9327547637795277
 31
0
  0
LINE
  5
E90
330
22
100
AcDbEntity
  8
B.Cu
  6
CONTINUOUS
100
AcDbLine
 10
5.2695753149606297
 20
-2.9327547637795277
 30
0
 11
5.2695753937007872
 21
-2.9327546456692914
 31
0
  0
LINE
  5
E91
330
22
100
AcDbEntity
  8
B.Cu
  6
CONTINUOUS
100
AcDbLine
 10
5.2695753937007872
 20
-2.9327546456692914
 30
0
 11
5.2695755511811022
 21
-2.9327545669291339
 31
0
  0
LINE
  5
E92
330
22
100
AcDbEntity
  8
B.Cu
  6
CONTINUOUS
100
AcDbLine
 10
5.2695755511811022
 20
-2.9327545669291339
 30
0
 11
5.2752742519685034
 21
-2.9270558661417323
 31
0
  0
LINE
  5
E93
330
22
100
AcDbEntity
  8
B.Cu
  6
CONTINUOUS
100
AcDbLine
 10
5.2752742519685034
 20
-2.9270558661417323
 30
0
 11
5.2752743307086609
 21
-2.9270557086614173
 31
0
  0
LINE
  5
E94
330
22
100
AcDbEntity
  8
B.Cu
  6
CONTINUOUS
100
AcDbLine
 10
5.2752743307086609
 20
-2.9270557086614173
 30
0
 11
5.2752744488188972
 21
-2.9270556299212598
 31
0
  0
LINE
  5
E95
330
22
100
AcDbEntity
  8
B.Cu
  6
CONTINUOUS
100
AcDbLine
 10
5.2752744488188972
 20
-2.9270556299212598
 30
0
 11
5.2781068897637793
 21
-2.9231570472440946
 31
0
  0
LINE
  5
E96
330
22
100
AcDbEntity
  8
B.Cu
  6
CONTINUOUS
100
AcDbLine
 10
5.2781068897637793
 20
-2.9231570472440946
 30
0
 11
5.2800112992125987
 21
-2.9205358267716535
 31
0
  0
LINE
  5
E97
330
22
100
AcDbEntity
  8
B.Cu
  6
CONTINUOUS
100
AcDbLine
 10
5.2800112992125987
 20
-2.9205358267716535
 30
0
 11
5.2836700787401574
 21
-2.9133550787401572
 31
0
  0
LINE
  5
E98
330
22
100
AcDbEntity
  8
B.Cu
  6
CONTINUOUS
100
AcDbLine
 10
5.2836700787401574
 20
-2.9133550787401572
 30
0
 11
5.2861605118110235
 21
-2.9056903149606299
 31
0
  0
LINE
  5
E99
330
22
100
AcDbEntity
  8
B.Cu
  6
CONTINUOUS
100
AcDbLine
 10
5.2861605118110235
 20
-2.9056903149606299
 30
0
 11
5.2874212598425192
 21
-2.8977303937007872
 31
0
  0
LINE
  5
E9A
330
22
100
AcDbEntity
  8
B.Cu
  6
CONTINUOUS
100
AcDbLine
 10
5.2874212598425192
 20
-2.8977303937007872
 30
0
 11
5.2874212598425192
 21
-2.8896711811023623
 31
0
  0
LINE
  5
E9B
330
22
100
AcDbEntity
  8
B.Cu
  6
CONTINUOUS
100
AcDbLine
 10
5.2874212598425192
 20
-2.8896711811023623
 30
0
 11
5.2861605118110235
 21
-2.8817112204724409
 31
0
  0
LINE
  5
E9C
330
22
100
AcDbEntity
  8
B.Cu
  6
CONTINUOUS
100
AcDbLine
 10
5.2861605118110235
 20
-2.8817112204724409
 30
0
 11
5.2836699999999999
 21
-2.8740462992125986
 31
0
  0
LINE
  5
E9D
330
22
100
AcDbEntity
  8
B.Cu
  6
CONTINUOUS
100
AcDbLine
 10
5.2836699999999999
 20
-2.8740462992125986
 30
0
 11
5.2816851181102358
 21
-2.8701508267716536
 31
0
  0
LINE
  5
E9E
330
22
100
AcDbEntity
  8
B.Cu
  6
CONTINUOUS
100
AcDbLine
 10
5.2816851181102358
 20
-2.8701508267716536
 30
0
 11
5.2800112992125987
 21
-2.8668657480314961
 31
0
  0
LINE
  5
E9F
330
22
100
AcDbEntity
  8
B.Cu
  6
CONTINUOUS
100
AcDbLine
 10
5.2800112992125987
 20
-2.8668657480314961
 30
0
 11
5.2794709842519687
 21
-2.8661220472440943
 31
0
  0
LINE
  5
EA0
330
22
100
AcDbEntity
  8
B.Cu
  6
CONTINUOUS
100
AcDbLine
 10
5.2794709842519687
 20
-2.8661220472440943
 30
0
 11
5.2752744488188972
 21
-2.860345905511811
 31
0
  0
LINE
  5
EA1
330
22
100
AcDbEntity
  8
B.Cu
  6
CONTINUOUS
100
AcDbLine
 10
5.2752744488188972
 20
-2.860345905511811
 30
0
 11
5.2695753149606297
 21
-2.8546467716535431
 31
0
  0
LINE
  5
EA2
330
22
100
AcDbEntity
  8
B.Cu
  6
CONTINUOUS
100
AcDbLine
 10
5.2695753149606297
 20
-2.8546467716535431
 30
0
 11
5.2630556299212596
 21
-2.8499100393700787
 31
0
  0
LINE
  5
EA3
330
22
100
AcDbEntity
  8
B.Cu
  6
CONTINUOUS
100
AcDbLine
 10
5.2630556299212596
 20
-2.8499100393700787
 30
0
 11
5.2630555905511809
 21
-2.8499099999999999
 31
0
  0
LINE
  5
EA4
330
22
100
AcDbEntity
  8
B.Cu
  6
CONTINUOUS
100
AcDbLine
 10
5.2630555905511809
 20
-2.8499099999999999
 30
0
 11
5.2630555118110234
 21
-2.8499099606299212
 31
0
  0
LINE
  5
EA5
330
22
100
AcDbEntity
  8
B.Cu
  6
CONTINUOUS
100
AcDbLine
 10
5.2630555118110234
 20
-2.8499099606299212
 30
0
 11
5.2608131102362208
 21
-2.8487673622047245
 31
0
  0
LINE
  5
EA6
330
22
100
AcDbEntity
  8
B.Cu
  6
CONTINUOUS
100
AcDbLine
 10
5.2608131102362208
 20
-2.8487673622047245
 30
0
 11
5.2558749212598421
 21
-2.8462512204724408
 31
0
  0
LINE
  5
EA7
330
22
100
AcDbEntity
  8
B.Cu
  6
CONTINUOUS
100
AcDbLine
 10
5.2558749212598421
 20
-2.8462512204724408
 30
0
 11
5.2482100000000003
 21
-2.8437607086614172
 31
0
  0
LINE
  5
EA8
330
22
100
AcDbEntity
  8
B.Cu
  6
CONTINUOUS
100
AcDbLine
 10
5.2482100000000003
 20
-2.8437607086614172
 30
0
 11
5.2413383858267713
 21
-2.8426723622047243
 31
0
  0
LINE
  5
EA9
330
22
100
AcDbEntity
  8
B.Cu
  6
CONTINUOUS
100
AcDbLine
 10
5.2413383858267713
 20
-2.8426723622047243
 30
0
 11
5.2402500787401571
 21
-2.8424999999999998
 31
0
  0
LINE
  5
EAA
330
22
100
AcDbEntity
  8
B.Cu
  6
CONTINUOUS
100
AcDbLine
 10
5.2402500787401571
 20
-2.8424999999999998
 30
0
 11
5.2321908661417318
 21
-2.8424999999999998
 31
0
  0
LINE
  5
EAB
330
22
100
AcDbEntity
  8
B.Cu
  6
CONTINUOUS
100
AcDbLine
 10
5.2321908661417318
 20
-2.8424999999999998
 30
0
 11
5.2312334251968506
 21
-2.8426516141732283
 31
0
  0
LINE
  5
EAC
330
22
100
AcDbEntity
  8
B.Cu
  6
CONTINUOUS
100
AcDbLine
 10
5.2312334251968506
 20
-2.8426516141732283
 30
0
 11
5.2242309055118108
 21
-2.8437607086614172
 31
0
  0
LINE
  5
EAD
330
22
100
AcDbEntity
  8
B.Cu
  6
CONTINUOUS
100
AcDbLine
 10
5.2242309055118108
 20
-2.8437607086614172
 30
0
 11
5.216565984251968
 21
-2.8462512204724408
 31
0
  0
LINE
  5
EAE
330
22
100
AcDbEntity
  8
B.Cu
  6
CONTINUOUS
100
AcDbLine
 10
5.216565984251968
 20
-2.8462512204724408
 30
0
 11
5.2093852755905514
 21
-2.8499100393700787
 31
0
  0
LINE
  5
EAF
330
22
100
AcDbEntity
  8
B.Cu
  6
CONTINUOUS
100
AcDbLine
 10
5.2093852755905514
 20
-2.8499100393700787
 30
0
 11
5.2028655905511814
 21
-2.8546467716535431
 31
0
  0
LINE
  5
EB0
330
22
100
AcDbEntity
  8
B.Cu
  6
CONTINUOUS
100
AcDbLine
 10
5.2028655905511814
 20
-2.8546467716535431
 30
0
 11
5.197166456692913
 21
-2.860345905511811
 31
0
  0
LINE
  5
EB1
330
22
100
AcDbEntity
  8
B.Cu
  6
CONTINUOUS
100
AcDbLine
 10
5.197166456692913
 20
-2.860345905511811
 30
0
 11
5.1924297244094486
 21
-2.8668655905511811
 31
0
  0
LINE
  5
EB2
330
22
100
AcDbEntity
  8
B.Cu
  6
CONTINUOUS
100
AcDbLine
 10
5.1924297244094486
 20
-2.8668655905511811
 30
0
 11
5.1887709055118112
 21
-2.8740462992125986
 31
0
  0
LINE
  5
EB3
330
22
100
AcDbEntity
  8
B.Cu
  6
CONTINUOUS
100
AcDbLine
 10
5.1887709055118112
 20
-2.8740462992125986
 30
0
 11
5.1862803937007875
 21
-2.8817112204724409
 31
0
  0
LINE
  5
EB4
330
22
100
AcDbEntity
  8
B.Cu
  6
CONTINUOUS
100
AcDbLine
 10
5.1862803937007875
 20
-2.8817112204724409
 30
0
 11
5.1850196850393697
 21
-2.8896711811023623
 31
0
  0
LINE
  5
EB5
330
22
100
AcDbEntity
  8
B.Cu
  6
CONTINUOUS
100
AcDbLine
 10
5.1850196850393697
 20
-2.8896711811023623
 30
0
 11
5.1850196850393697
 21
-2.8977303543307085
 31
0
  0
LINE
  5
EB6
330
22
100
AcDbEntity
  8
B.Cu
  6
CONTINUOUS
100
AcDbLine
 10
6.5236023622047243
 20
-2.8977303543307085
 30
0
 11
6.5248630708661413
 21
-2.9056903149606299
 31
0
  0
LINE
  5
EB7
330
22
100
AcDbEntity
  8
B.Cu
  6
CONTINUOUS
100
AcDbLine
 10
6.5248630708661413
 20
-2.9056903149606299
 30
0
 11
6.5273535826771649
 21
-2.9133552362204722
 31
0
  0
LINE
  5
EB8
330
22
100
AcDbEntity
  8
B.Cu
  6
CONTINUOUS
100
AcDbLine
 10
6.5273535826771649
 20
-2.9133552362204722
 30
0
 11
6.5310124015748032
 21
-2.9205359448818897
 31
0
  0
LINE
  5
EB9
330
22
100
AcDbEntity
  8
B.Cu
  6
CONTINUOUS
100
AcDbLine
 10
6.5310124015748032
 20
-2.9205359448818897
 30
0
 11
6.5357491338582676
 21
-2.9270556299212598
 31
0
  0
LINE
  5
EBA
330
22
100
AcDbEntity
  8
B.Cu
  6
CONTINUOUS
100
AcDbLine
 10
6.5357491338582676
 20
-2.9270556299212598
 30
0
 11
6.5414482677165351
 21
-2.9327547637795277
 31
0
  0
LINE
  5
EBB
330
22
100
AcDbEntity
  8
B.Cu
  6
CONTINUOUS
100
AcDbLine
 10
6.5414482677165351
 20
-2.9327547637795277
 30
0
 11
6.5475491732283464
 21
-2.9371872440944879
 31
0
  0
LINE
  5
EBC
330
22
100
AcDbEntity
  8
B.Cu
  6
CONTINUOUS
100
AcDbLine
 10
6.5475491732283464
 20
-2.9371872440944879
 30
0
 11
6.5479681102362202
 21
-2.9374916141732283
 31
0
  0
LINE
  5
EBD
330
22
100
AcDbEntity
  8
B.Cu
  6
CONTINUOUS
100
AcDbLine
 10
6.5479681102362202
 20
-2.9374916141732283
 30
0
 11
6.5525435826771652
 21
-2.9398229527559057
 31
0
  0
LINE
  5
EBE
330
22
100
AcDbEntity
  8
B.Cu
  6
CONTINUOUS
100
AcDbLine
 10
6.5525435826771652
 20
-2.9398229527559057
 30
0
 11
6.5551486614173227
 21
-2.94115031496063
 31
0
  0
LINE
  5
EBF
330
22
100
AcDbEntity
  8
B.Cu
  6
CONTINUOUS
100
AcDbLine
 10
6.5551486614173227
 20
-2.94115031496063
 30
0
 11
6.5551487401574802
 21
-2.94115031496063
 31
0
  0
LINE
  5
EC0
330
22
100
AcDbEntity
  8
B.Cu
  6
CONTINUOUS
100
AcDbLine
 10
6.5551487401574802
 20
-2.94115031496063
 30
0
 11
6.5551488582677164
 21
-2.9411503937007875
 31
0
  0
LINE
  5
EC1
330
22
100
AcDbEntity
  8
B.Cu
  6
CONTINUOUS
100
AcDbLine
 10
6.5551488582677164
 20
-2.9411503937007875
 30
0
 11
6.5587766535433065
 21
-2.9423291338582676
 31
0
  0
LINE
  5
EC2
330
22
100
AcDbEntity
  8
B.Cu
  6
CONTINUOUS
100
AcDbLine
 10
6.5587766535433065
 20
-2.9423291338582676
 30
0
 11
6.5628135826771654
 21
-2.9436408267716536
 31
0
  0
LINE
  5
EC3
330
22
100
AcDbEntity
  8
B.Cu
  6
CONTINUOUS
100
AcDbLine
 10
6.5628135826771654
 20
-2.9436408267716536
 30
0
 11
6.5657499606299208
 21
-2.9441059055118108
 31
0
  0
LINE
  5
EC4
330
22
100
AcDbEntity
  8
B.Cu
  6
CONTINUOUS
100
AcDbLine
 10
6.5657499606299208
 20
-2.9441059055118108
 30
0
 11
6.5707735433070864
 21
-2.9449015748031497
 31
0
  0
LINE
  5
EC5
330
22
100
AcDbEntity
  8
B.Cu
  6
CONTINUOUS
100
AcDbLine
 10
6.5707735433070864
 20
-2.9449015748031497
 30
0
 11
6.5707735826771652
 21
-2.9449015748031497
 31
0
  0
LINE
  5
EC6
330
22
100
AcDbEntity
  8
B.Cu
  6
CONTINUOUS
100
AcDbLine
 10
6.5707735826771652
 20
-2.9449015748031497
 30
0
 11
6.578832716535433
 21
-2.9449015748031497
 31
0
  0
LINE
  5
EC7
330
22
100
AcDbEntity
  8
B.Cu
  6
CONTINUOUS
100
AcDbLine
 10
6.578832716535433
 20
-2.9449015748031497
 30
0
 11
6.5788327559055118
 21
-2.9449015748031497
 31
0
  0
LINE
  5
EC8
330
22
100
AcDbEntity
  8
B.Cu
  6
CONTINUOUS
100
AcDbLine
 10
6.5788327559055118
 20
-2.9449015748031497
 30
0
 11
6.586792677165354
 21
-2.9436408267716536
 31
0
  0
LINE
  5
EC9
330
22
100
AcDbEntity
  8
B.Cu
  6
CONTINUOUS
100
AcDbLine
 10
6.586792677165354
 20
-2.9436408267716536
 30
0
 11
6.5944574409448817
 21
-2.9411503937007875
 31
0
  0
LINE
  5
ECA
330
22
100
AcDbEntity
  8
B.Cu
  6
CONTINUOUS
100
AcDbLine
 10
6.5944574409448817
 20
-2.9411503937007875
 30
0
 11
6.601638188976378
 21
-2.9374916141732283
 31
0
  0
LINE
  5
ECB
330
22
100
AcDbEntity
  8
B.Cu
  6
CONTINUOUS
100
AcDbLine
 10
6.601638188976378
 20
-2.9374916141732283
 30
0
 11
6.605298818897638
 21
-2.934831968503937
 31
0
  0
LINE
  5
ECC
330
22
100
AcDbEntity
  8
B.Cu
  6
CONTINUOUS
100
AcDbLine
 10
6.605298818897638
 20
-2.934831968503937
 30
0
 11
6.6081579921259843
 21
-2.9327547637795277
 31
0
  0
LINE
  5
ECD
330
22
100
AcDbEntity
  8
B.Cu
  6
CONTINUOUS
100
AcDbLine
 10
6.6081579921259843
 20
-2.9327547637795277
 30
0
 11
6.6081580708661418
 21
-2.9327546456692914
 31
0
  0
LINE
  5
ECE
330
22
100
AcDbEntity
  8
B.Cu
  6
CONTINUOUS
100
AcDbLine
 10
6.6081580708661418
 20
-2.9327546456692914
 30
0
 11
6.6081582283464568
 21
-2.9327545669291339
 31
0
  0
LINE
  5
ECF
330
22
100
AcDbEntity
  8
B.Cu
  6
CONTINUOUS
100
AcDbLine
 10
6.6081582283464568
 20
-2.9327545669291339
 30
0
 11
6.613856929133858
 21
-2.9270558661417323
 31
0
  0
LINE
  5
ED0
330
22
100
AcDbEntity
  8
B.Cu
  6
CONTINUOUS
100
AcDbLine
 10
6.613856929133858
 20
-2.9270558661417323
 30
0
 11
6.6138570078740155
 21
-2.9270557086614173
 31
0
  0
LINE
  5
ED1
330
22
100
AcDbEntity
  8
B.Cu
  6
CONTINUOUS
100
AcDbLine
 10
6.6138570078740155
 20
-2.9270557086614173
 30
0
 11
6.6138571259842518
 21
-2.9270556299212598
 31
0
  0
LINE
  5
ED2
330
22
100
AcDbEntity
  8
B.Cu
  6
CONTINUOUS
100
AcDbLine
 10
6.6138571259842518
 20
-2.9270556299212598
 30
0
 11
6.6166895669291339
 21
-2.9231570472440946
 31
0
  0
LINE
  5
ED3
330
22
100
AcDbEntity
  8
B.Cu
  6
CONTINUOUS
100
AcDbLine
 10
6.6166895669291339
 20
-2.9231570472440946
 30
0
 11
6.6185939763779524
 21
-2.9205358267716535
 31
0
  0
LINE
  5
ED4
330
22
100
AcDbEntity
  8
B.Cu
  6
CONTINUOUS
100
AcDbLine
 10
6.6185939763779524
 20
-2.9205358267716535
 30
0
 11
6.622252755905512
 21
-2.9133550787401572
 31
0
  0
LINE
  5
ED5
330
22
100
AcDbEntity
  8
B.Cu
  6
CONTINUOUS
100
AcDbLine
 10
6.622252755905512
 20
-2.9133550787401572
 30
0
 11
6.6247431889763781
 21
-2.9056903149606299
 31
0
  0
LINE
  5
ED6
330
22
100
AcDbEntity
  8
B.Cu
  6
CONTINUOUS
100
AcDbLine
 10
6.6247431889763781
 20
-2.9056903149606299
 30
0
 11
6.6260039370078738
 21
-2.8977303937007872
 31
0
  0
LINE
  5
ED7
330
22
100
AcDbEntity
  8
B.Cu
  6
CONTINUOUS
100
AcDbLine
 10
6.6260039370078738
 20
-2.8977303937007872
 30
0
 11
6.6260039370078738
 21
-2.8896711811023623
 31
0
  0
LINE
  5
ED8
330
22
100
AcDbEntity
  8
B.Cu
  6
CONTINUOUS
100
AcDbLine
 10
6.6260039370078738
 20
-2.8896711811023623
 30
0
 11
6.6247431889763781
 21
-2.8817112204724409
 31
0
  0
LINE
  5
ED9
330
22
100
AcDbEntity
  8
B.Cu
  6
CONTINUOUS
100
AcDbLine
 10
6.6247431889763781
 20
-2.8817112204724409
 30
0
 11
6.6222526771653545
 21
-2.8740462992125986
 31
0
  0
LINE
  5
EDA
330
22
100
AcDbEntity
  8
B.Cu
  6
CONTINUOUS
100
AcDbLine
 10
6.6222526771653545
 20
-2.8740462992125986
 30
0
 11
6.6202677952755904
 21
-2.8701508267716536
 31
0
  0
LINE
  5
EDB
330
22
100
AcDbEntity
  8
B.Cu
  6
CONTINUOUS
100
AcDbLine
 10
6.6202677952755904
 20
-2.8701508267716536
 30
0
 11
6.6185939763779524
 21
-2.8668657480314961
 31
0
  0
LINE
  5
EDC
330
22
100
AcDbEntity
  8
B.Cu
  6
CONTINUOUS
100
AcDbLine
 10
6.6185939763779524
 20
-2.8668657480314961
 30
0
 11
6.6180536614173224
 21
-2.8661220472440943
 31
0
  0
LINE
  5
EDD
330
22
100
AcDbEntity
  8
B.Cu
  6
CONTINUOUS
100
AcDbLine
 10
6.6180536614173224
 20
-2.8661220472440943
 30
0
 11
6.6138571259842518
 21
-2.860345905511811
 31
0
  0
LINE
  5
EDE
330
22
100
AcDbEntity
  8
B.Cu
  6
CONTINUOUS
100
AcDbLine
 10
6.6138571259842518
 20
-2.860345905511811
 30
0
 11
6.6081579921259843
 21
-2.8546467716535431
 31
0
  0
LINE
  5
EDF
330
22
100
AcDbEntity
  8
B.Cu
  6
CONTINUOUS
100
AcDbLine
 10
6.6081579921259843
 20
-2.8546467716535431
 30
0
 11
6.6016383070866143
 21
-2.8499100393700787
 31
0
  0
LINE
  5
EE0
330
22
100
AcDbEntity
  8
B.Cu
  6
CONTINUOUS
100
AcDbLine
 10
6.6016383070866143
 20
-2.8499100393700787
 30
0
 11
6.6016382677165355
 21
-2.8499099999999999
 31
0
  0
LINE
  5
EE1
330
22
100
AcDbEntity
  8
B.Cu
  6
CONTINUOUS
100
AcDbLine
 10
6.6016382677165355
 20
-2.8499099999999999
 30
0
 11
6.601638188976378
 21
-2.8499099606299212
 31
0
  0
LINE
  5
EE2
330
22
100
AcDbEntity
  8
B.Cu
  6
CONTINUOUS
100
AcDbLine
 10
6.601638188976378
 20
-2.8499099606299212
 30
0
 11
6.5993957874015745
 21
-2.8487673622047245
 31
0
  0
LINE
  5
EE3
330
22
100
AcDbEntity
  8
B.Cu
  6
CONTINUOUS
100
AcDbLine
 10
6.5993957874015745
 20
-2.8487673622047245
 30
0
 11
6.5944575984251967
 21
-2.8462512204724408
 31
0
  0
LINE
  5
EE4
330
22
100
AcDbEntity
  8
B.Cu
  6
CONTINUOUS
100
AcDbLine
 10
6.5944575984251967
 20
-2.8462512204724408
 30
0
 11
6.586792677165354
 21
-2.8437607086614172
 31
0
  0
LINE
  5
EE5
330
22
100
AcDbEntity
  8
B.Cu
  6
CONTINUOUS
100
AcDbLine
 10
6.586792677165354
 20
-2.8437607086614172
 30
0
 11
6.5799210629921259
 21
-2.8426723622047243
 31
0
  0
LINE
  5
EE6
330
22
100
AcDbEntity
  8
B.Cu
  6
CONTINUOUS
100
AcDbLine
 10
6.5799210629921259
 20
-2.8426723622047243
 30
0
 11
6.5788327559055118
 21
-2.8424999999999998
 31
0
  0
LINE
  5
EE7
330
22
100
AcDbEntity
  8
B.Cu
  6
CONTINUOUS
100
AcDbLine
 10
6.5788327559055118
 20
-2.8424999999999998
 30
0
 11
6.5707735433070864
 21
-2.8424999999999998
 31
0
  0
LINE
  5
EE8
330
22
100
AcDbEntity
  8
B.Cu
  6
CONTINUOUS
100
AcDbLine
 10
6.5707735433070864
 20
-2.8424999999999998
 30
0
 11
6.5698161023622044
 21
-2.8426516141732283
 31
0
  0
LINE
  5
EE9
330
22
100
AcDbEntity
  8
B.Cu
  6
CONTINUOUS
100
AcDbLine
 10
6.5698161023622044
 20
-2.8426516141732283
 30
0
 11
6.5628135826771654
 21
-2.8437607086614172
 31
0
  0
LINE
  5
EEA
330
22
100
AcDbEntity
  8
B.Cu
  6
CONTINUOUS
100
AcDbLine
 10
6.5628135826771654
 20
-2.8437607086614172
 30
0
 11
6.5551486614173227
 21
-2.8462512204724408
 31
0
  0
LINE
  5
EEB
330
22
100
AcDbEntity
  8
B.Cu
  6
CONTINUOUS
100
AcDbLine
 10
6.5551486614173227
 20
-2.8462512204724408
 30
0
 11
6.5479679527559052
 21
-2.8499100393700787
 31
0
  0
LINE
  5
EEC
330
22
100
AcDbEntity
  8
B.Cu
  6
CONTINUOUS
100
AcDbLine
 10
6.5479679527559052
 20
-2.8499100393700787
 30
0
 11
6.5414482677165351
 21
-2.8546467716535431
 31
0
  0
LINE
  5
EED
330
22
100
AcDbEntity
  8
B.Cu
  6
CONTINUOUS
100
AcDbLine
 10
6.5414482677165351
 20
-2.8546467716535431
 30
0
 11
6.5357491338582676
 21
-2.860345905511811
 31
0
  0
LINE
  5
EEE
330
22
100
AcDbEntity
  8
B.Cu
  6
CONTINUOUS
100
AcDbLine
 10
6.5357491338582676
 20
-2.860345905511811
 30
0
 11
6.5310124015748032
 21
-2.8668655905511811
 31
0
  0
LINE
  5
EEF
330
22
100
AcDbEntity
  8
B.Cu
  6
CONTINUOUS
100
AcDbLine
 10
6.5310124015748032
 20
-2.8668655905511811
 30
0
 11
6.5273535826771649
 21
-2.8740462992125986
 31
0
  0
LINE
  5
EF0
330
22
100
AcDbEntity
  8
B.Cu
  6
CONTINUOUS
100
AcDbLine
 10
6.5273535826771649
 20
-2.8740462992125986
 30
0
 11
6.5248630708661413
 21
-2.8817112204724409
 31
0
  0
LINE
  5
EF1
330
22
100
AcDbEntity
  8
B.Cu
  6
CONTINUOUS
100
AcDbLine
 10
6.5248630708661413
 20
-2.8817112204724409
 30
0
 11
6.5236023622047243
 21
-2.8896711811023623
 31
0
  0
LINE
  5
EF2
330
22
100
AcDbEntity
  8
B.Cu
  6
CONTINUOUS
100
AcDbLine
 10
6.5236023622047243
 20
-2.8896711811023623
 30
0
 11
6.5236023622047243
 21
-2.8977303543307085
 31
0
  0
ENDSEC
  0
SECTION
  2
OBJECTS
  0
DICTIONARY
  5
28
330
0
100
AcDbDictionary
281
1
  3
ACAD_GROUP
350
EF3
  3
ACAD_LAYOUT
350
29
  3
ACAD_PLOTSTYLENAME
350
11
  0
DICTIONARY
  5
EF3
330
28
100
AcDbDictionary
281
1
  0
ACDBDICTIONARYWDFLT
  5
11
330
28
100
AcDbDictionary
281
1
  3
Normal
350
10
100
AcDbDictionaryWithDefault
340
10
  0
ACDBPLACEHOLDER
  5
10
330
11
  0
DICTIONARY
  5
29
330
28
100
AcDbDictionary
281
1
  3
Model
350
25
  3
Layout1
350
26
  3
Layout2
350
27
  0
LAYOUT
  5
25
330
29
100
AcDbPlotSettings
  1

  2
none_device
  4
A3
  6

 40
0.0
 41
0.0
 42
0.0
 43
0.0
 44
420.0
 45
297.0
 46
0.0
 47
0.0
 48
0.0
 49
0.0
140
0.0
141
0.0
142
1.0
143
1.0
 70
1024
 72
1
 73
0
 74
5
  7

 75
16
 76
0
 77
2
 78
300
147
1.0
148
0.0
149
0.0
100
AcDbLayout
  1
Model
 70
1
 71
0
 10
0.0
 20
0.0
 11
420.0
 21
297.0
 12
0.0
 22
0.0
 32
0.0
 14
1e+20
 24
1e+20
 34
1e+20
 15
-1e+20
 25
-1e+20
 35
-1e+20
146
0.0
 13
0.0
 23
0.0
 33
0.0
 16
1.0
 26
0.0
 36
0.0
 17
0.0
 27
1.0
 37
0.0
 76
0
330
22
  0
LAYOUT
  5
26
330
29
100
AcDbPlotSettings
  1

  2
none_device
  4
A3
  6

 40
0.0
 41
0.0
 42
0.0
 43
0.0
 44
420.0
 45
297.0
 46
0.0
 47
0.0
 48
0.0
 49
0.0
140
0.0
141
0.0
142
1.0
143
1.0
 70
0
 72
1
 73
0
 74
5
  7

 75
16
 76
0
 77
2
 78
300
147
1.0
148
0.0
149
0.0
100
AcDbLayout
  1
Layout1
 70
1
 71
1
 10
0.0
 20
0.0
 11
420.0
 21
297.0
 12
0.0
 22
0.0
 32
0.0
 14
1e+20
 24
1e+20
 34
1e+20
 15
-1e+20
 25
-1e+20
 35
-1e+20
146
0.0
 13
0.0
 23
0.0
 33
0.0
 16
1.0
 26
0.0
 36
0.0
 17
0.0
 27
1.0
 37
0.0
 76
0
330
23
  0
LAYOUT
  5
27
330
29
100
AcDbPlotSettings
  1

  2
none_device
  4
A3
  6

 40
0.0
 41
0.0
 42
0.0
 43
0.0
 44
420.0
 45
297.0
 46
0.0
 47
0.0
 48
0.0
 49
0.0
140
0.0
141
0.0
142
1.0
143
1.0
 70
0
 72
1
 73
0
 74
5
  7

 75
16
 76
0
 77
2
 78
300
147
1.0
148
0.0
149
0.0
100
AcDbLayout
  1
Layout2
 70
1
 71
2
 10
0.0
 20
0.0
 11
420.0
 21
297.0
 12
0.0
 22
0.0
 32
0.0
 14
1e+20
 24
1e+20
 34
1e+20
 15
-1e+20
 25
-1e+20
 35
-1e+20
146
0.0
 13
0.0
 23
0.0
 33
0.0
 16
1.0
 26
0.0
 36
0.0
 17
0.0
 27
1.0
 37
0.0
 76
0
330
24
  0
ENDSEC
  0
EOF
