  0
SECTION
  2
HEADER
  9
$ACADVER
  1
AC1018
  9
$HANDSEED
  5
FFFFFFFF
  9
$ANGBASE
  50
0.0
  9
$ANGDIR
  70
1
  9
$MEASUREMENT
  70
0
  9
$INSUNITS
  70
1
  0
ENDSEC
  0
SECTION
  2
TABLES
  0
TABLE
  2
APPID
  5
1
330
0
100
AcDbSymbolTable
 70
1
  0
APPID
  5
2
330
1
100
AcDbSymbolTableRecord
100
AcDbRegAppTableRecord
  2
ACAD
 70
0
  0
ENDTAB
  0
TABLE
  2
LTYPE
  5
3
330
0
100
AcDbSymbolTable
 70
6
  0
LTYPE
  5
4
330
3
100
AcDbSymbolTableRecord
100
AcDbLinetypeTableRecord
  2
ByBlock
 70
0
  3

 72
65
 73
0
 40
0
  0
LTYPE
  5
5
330
3
100
AcDbSymbolTableRecord
100
AcDbLinetypeTableRecord
  2
ByLayer
 70
0
  3

 72
65
 73
0
 40
0
  0
LTYPE
  5
6
330
3
100
AcDbSymbolTableRecord
100
AcDbLinetypeTableRecord
  2
CONTINUOUS
 70
0
  3
Solid line
 72
65
 73
0
 40
0
  0
LTYPE
  5
7
330
3
100
AcDbSymbolTableRecord
100
AcDbLinetypeTableRecord
  2
DASHDOT
 70
0
  3
Dash Dot ____ _ ____ _
 72
65
 73
4
 40
2
 49
1.25
 74
0
 49
-0.25
 74
0
 49
0.25
 74
0
 49
-0.25
 74
0
  0
LTYPE
  5
8
330
3
100
AcDbSymbolTableRecord
100
AcDbLinetypeTableRecord
  2
DASHED
 70
0
  3
Dashed __ __ __ __ __
 72
65
 73
2
 40
0.75
 49
0.5
 74
0
 49
-0.25
 74
0
  0
LTYPE
  5
9
330
3
100
AcDbSymbolTableRecord
100
AcDbLinetypeTableRecord
  2
DOTTED
 70
0
  3
Dotted .  .  .  .
 72
65
 73
2
 40
0.2
 49
0.0
 74
0
 49
-0.2
 74
0
  0
ENDTAB
  0
TABLE
  2
STYLE
  5
A
330
0
100
AcDbSymbolTable
 70
4
  0
STYLE
  5
B
330
A
100
AcDbSymbolTableRecord
100
AcDbTextStyleTableRecord
  2
KICAD
 70
0
 40
0
 41
1
 42
1
 50
0
 71
0
  3
isocp.shx
  0
STYLE
  5
C
330
A
100
AcDbSymbolTableRecord
100
AcDbTextStyleTableRecord
  2
KICADB
 70
0
 40
0
 41
1
 42
1
 50
0
 71
0
  3
isocp.shx
  0
STYLE
  5
D
330
A
100
AcDbSymbolTableRecord
100
AcDbTextStyleTableRecord
  2
KICADI
 70
0
 40
0
 41
1
 42
1
 50
15
 71
0
  3
isocp.shx
  0
STYLE
  5
E
330
A
100
AcDbSymbolTableRecord
100
AcDbTextStyleTableRecord
  2
KICADBI
 70
0
 40
0
 41
1
 42
1
 50
15
 71
0
  3
isocp.shx
  0
ENDTAB
  0
TABLE
  2
LAYER
  5
F
330
0
100
AcDbSymbolTable
 70
3
  0
LAYER
  5
12
330
F
100
AcDbSymbolTableRecord
100
AcDbLayerTableRecord
  2
0
 70
0
 62
7
  6
CONTINUOUS
390
10
  0
LAYER
  5
13
330
F
100
AcDbSymbolTableRecord
100
AcDbLayerTableRecord
  2
B.Cu
 70
0
 62
153
420
5078980
  6
CONTINUOUS
390
10
  0
LAYER
  5
14
330
F
100
AcDbSymbolTableRecord
100
AcDbLayerTableRecord
  2
Edge.Cuts
 70
0
 62
254
420
13685453
  6
CONTINUOUS
390
10
  0
ENDTAB
  0
TABLE
  2
VPORT
  5
15
330
0
100
AcDbSymbolTable
 70
0
  0
ENDTAB
  0
TABLE
  2
VIEW
  5
16
330
0
100
AcDbSymbolTable
 70
0
  0
ENDTAB
  0
TABLE
  2
UCS
  5
17
330
0
100
AcDbSymbolTable
 70
0
  0
ENDTAB
  0
TABLE
  2
DIMSTYLE
  5
18
330
0
100
AcDbSymbolTable
 70
1
100
AcDbDimStyleTable
 71
0
  0
DIMSTYLE
105
19
330
18
100
AcDbSymbolTableRecord
100
AcDbDimStyleTableRecord
  2
Standard
 70
0
  0
ENDTAB
  0
TABLE
  2
BLOCK_RECORD
  5
1A
330
0
100
AcDbSymbolTable
 70
3
  0
BLOCK_RECORD
  5
1B
330
1A
100
AcDbSymbolTableRecord
100
AcDbBlockTableRecord
  2
*Model_Space
340
1E
 70
0
280
1
281
0
  0
BLOCK_RECORD
  5
1C
330
1A
100
AcDbSymbolTableRecord
100
AcDbBlockTableRecord
  2
*Paper_Space
340
1F
 70
0
280
1
281
0
  0
BLOCK_RECORD
  5
1D
330
1A
100
AcDbSymbolTableRecord
100
AcDbBlockTableRecord
  2
*Paper_Space0
340
20
 70
0
280
1
281
0
  0
ENDTAB
  0
ENDSEC
  0
SECTION
  2
BLOCKS
  0
BLOCK
  5
24
330
1B
100
AcDbEntity
  8
0
100
AcDbBlockBegin
  2
*Model_Space
 70
0
 10
0.0
 20
0.0
 30
0.0
  3
*Model_Space
  1

  0
ENDBLK
  5
23
330
1B
100
AcDbEntity
  8
0
100
AcDbBlockEnd
  0
BLOCK
  5
26
330
1C
100
AcDbEntity
 67
1
  8
0
100
AcDbBlockBegin
  2
*Paper_Space
 70
0
 10
0.0
 20
0.0
 30
0.0
  3
*Paper_Space
  1

  0
ENDBLK
  5
25
330
1C
100
AcDbEntity
 67
1
  8
0
100
AcDbBlockEnd
  0
BLOCK
  5
28
330
1D
100
AcDbEntity
 67
1
  8
0
100
AcDbBlockBegin
  2
*Paper_Space0
 70
0
 10
0.0
 20
0.0
 30
0.0
  3
*Paper_Space0
  1

  0
ENDBLK
  5
27
330
1D
100
AcDbEntity
 67
1
  8
0
100
AcDbBlockEnd
  0
ENDSEC
  0
SECTION
  2
ENTITIES
  0
LINE
  5
29
330
1B
100
AcDbEntity
  8
B.Cu
  6
CONTINUOUS
100
AcDbLine
 10
5.746924015748032
 20
-4.3371412992125986
 30
0
 11
5.74185062992126
 21
-4.3400704330708662
 31
0
  0
LINE
  5
2A
330
1B
100
AcDbEntity
  8
B.Cu
  6
CONTINUOUS
100
AcDbLine
 10
5.74185062992126
 20
-4.3400704330708662
 30
0
 11
5.737708228346457
 21
-4.3442128346456688
 31
0
  0
LINE
  5
2B
330
1B
100
AcDbEntity
  8
B.Cu
  6
CONTINUOUS
100
AcDbLine
 10
5.737708228346457
 20
-4.3442128346456688
 30
0
 11
5.734779094488189
 21
-4.3492862204724405
 31
0
  0
LINE
  5
2C
330
1B
100
AcDbEntity
  8
B.Cu
  6
CONTINUOUS
100
AcDbLine
 10
5.734779094488189
 20
-4.3492862204724405
 30
0
 11
5.73326283464567
 21
-4.3549448818897636
 31
0
  0
LINE
  5
2D
330
1B
100
AcDbEntity
  8
B.Cu
  6
CONTINUOUS
100
AcDbLine
 10
5.73326283464567
 20
-4.3549448818897636
 30
0
 11
5.733070866141733
 21
-4.3578740157480311
 31
0
  0
LINE
  5
2E
330
1B
100
AcDbEntity
  8
B.Cu
  6
CONTINUOUS
100
AcDbLine
 10
5.733070866141733
 20
-4.3578740157480311
 30
0
 11
5.733070866141733
 21
-4.3917322834645667
 31
0
  0
LINE
  5
2F
330
1B
100
AcDbEntity
  8
B.Cu
  6
CONTINUOUS
100
AcDbLine
 10
5.733070866141733
 20
-4.3917322834645667
 30
0
 11
5.73326283464567
 21
-4.3946614173228342
 31
0
  0
LINE
  5
30
330
1B
100
AcDbEntity
  8
B.Cu
  6
CONTINUOUS
100
AcDbLine
 10
5.73326283464567
 20
-4.3946614173228342
 30
0
 11
5.734779094488189
 21
-4.4003200787401573
 31
0
  0
LINE
  5
31
330
1B
100
AcDbEntity
  8
B.Cu
  6
CONTINUOUS
100
AcDbLine
 10
5.734779094488189
 20
-4.4003200787401573
 30
0
 11
5.737708228346457
 21
-4.405393464566929
 31
0
  0
LINE
  5
32
330
1B
100
AcDbEntity
  8
B.Cu
  6
CONTINUOUS
100
AcDbLine
 10
5.737708228346457
 20
-4.405393464566929
 30
0
 11
5.74185062992126
 21
-4.4095358661417325
 31
0
  0
LINE
  5
33
330
1B
100
AcDbEntity
  8
B.Cu
  6
CONTINUOUS
100
AcDbLine
 10
5.74185062992126
 20
-4.4095358661417325
 30
0
 11
5.7437007874015755
 21
-4.4106040551181103
 31
0
  0
LINE
  5
34
330
1B
100
AcDbEntity
  8
B.Cu
  6
CONTINUOUS
100
AcDbLine
 10
5.7437007874015755
 20
-4.4106040551181103
 30
0
 11
5.7437007874015755
 21
-4.6825092913385822
 31
0
  0
LINE
  5
35
330
1B
100
AcDbEntity
  8
B.Cu
  6
CONTINUOUS
100
AcDbLine
 10
5.7437007874015755
 20
-4.6825092913385822
 30
0
 11
5.6579402362204725
 21
-4.7682698425196852
 31
0
  0
LINE
  5
36
330
1B
100
AcDbEntity
  8
B.Cu
  6
CONTINUOUS
100
AcDbLine
 10
5.6579402362204725
 20
-4.7682698425196852
 30
0
 11
5.651192322834646
 21
-4.7654748031496066
 31
0
  0
LINE
  5
37
330
1B
100
AcDbEntity
  8
B.Cu
  6
CONTINUOUS
100
AcDbLine
 10
5.651192322834646
 20
-4.7654748031496066
 30
0
 11
5.643622716535433
 21
-4.7639690944881892
 31
0
  0
LINE
  5
38
330
1B
100
AcDbEntity
  8
B.Cu
  6
CONTINUOUS
100
AcDbLine
 10
5.643622716535433
 20
-4.7639690944881892
 30
0
 11
5.635904842519685
 21
-4.7639690944881892
 31
0
  0
LINE
  5
39
330
1B
100
AcDbEntity
  8
B.Cu
  6
CONTINUOUS
100
AcDbLine
 10
5.635904842519685
 20
-4.7639690944881892
 30
0
 11
5.628335236220473
 21
-4.7654748031496066
 31
0
  0
LINE
  5
3A
330
1B
100
AcDbEntity
  8
B.Cu
  6
CONTINUOUS
100
AcDbLine
 10
5.628335236220473
 20
-4.7654748031496066
 30
0
 11
5.621204842519686
 21
-4.768428307086614
 31
0
  0
LINE
  5
3B
330
1B
100
AcDbEntity
  8
B.Cu
  6
CONTINUOUS
100
AcDbLine
 10
5.621204842519686
 20
-4.768428307086614
 30
0
 11
5.614787677165355
 21
-4.7727161417322836
 31
0
  0
LINE
  5
3C
330
1B
100
AcDbEntity
  8
B.Cu
  6
CONTINUOUS
100
AcDbLine
 10
5.614787677165355
 20
-4.7727161417322836
 30
0
 11
5.609330314960631
 21
-4.7781735039370075
 31
0
  0
LINE
  5
3D
330
1B
100
AcDbEntity
  8
B.Cu
  6
CONTINUOUS
100
AcDbLine
 10
5.609330314960631
 20
-4.7781735039370075
 30
0
 11
5.605042480314961
 21
-4.7845906692913385
 31
0
  0
LINE
  5
3E
330
1B
100
AcDbEntity
  8
B.Cu
  6
CONTINUOUS
100
AcDbLine
 10
5.605042480314961
 20
-4.7845906692913385
 30
0
 11
5.602247401574804
 21
-4.7913385826771648
 31
0
  0
LINE
  5
3F
330
1B
100
AcDbEntity
  8
B.Cu
  6
CONTINUOUS
100
AcDbLine
 10
5.602247401574804
 20
-4.7913385826771648
 30
0
 11
5.4213746456692915
 21
-4.7913385826771648
 31
0
  0
LINE
  5
40
330
1B
100
AcDbEntity
  8
B.Cu
  6
CONTINUOUS
100
AcDbLine
 10
5.4213746456692915
 20
-4.7913385826771648
 30
0
 11
5.418579566929134
 21
-4.7845906692913385
 31
0
  0
LINE
  5
41
330
1B
100
AcDbEntity
  8
B.Cu
  6
CONTINUOUS
100
AcDbLine
 10
5.418579566929134
 20
-4.7845906692913385
 30
0
 11
5.414291732283465
 21
-4.7781735039370075
 31
0
  0
LINE
  5
42
330
1B
100
AcDbEntity
  8
B.Cu
  6
CONTINUOUS
100
AcDbLine
 10
5.414291732283465
 20
-4.7781735039370075
 30
0
 11
5.408834370078741
 21
-4.7727161417322836
 31
0
  0
LINE
  5
43
330
1B
100
AcDbEntity
  8
B.Cu
  6
CONTINUOUS
100
AcDbLine
 10
5.408834370078741
 20
-4.7727161417322836
 30
0
 11
5.40241720472441
 21
-4.768428307086614
 31
0
  0
LINE
  5
44
330
1B
100
AcDbEntity
  8
B.Cu
  6
CONTINUOUS
100
AcDbLine
 10
5.40241720472441
 20
-4.768428307086614
 30
0
 11
5.395286811023623
 21
-4.7654748031496066
 31
0
  0
LINE
  5
45
330
1B
100
AcDbEntity
  8
B.Cu
  6
CONTINUOUS
100
AcDbLine
 10
5.395286811023623
 20
-4.7654748031496066
 30
0
 11
5.38771720472441
 21
-4.7639690944881892
 31
0
  0
LINE
  5
46
330
1B
100
AcDbEntity
  8
B.Cu
  6
CONTINUOUS
100
AcDbLine
 10
5.38771720472441
 20
-4.7639690944881892
 30
0
 11
5.379999330708662
 21
-4.7639690944881892
 31
0
  0
LINE
  5
47
330
1B
100
AcDbEntity
  8
B.Cu
  6
CONTINUOUS
100
AcDbLine
 10
5.379999330708662
 20
-4.7639690944881892
 30
0
 11
5.372429724409449
 21
-4.7654748031496066
 31
0
  0
LINE
  5
48
330
1B
100
AcDbEntity
  8
B.Cu
  6
CONTINUOUS
100
AcDbLine
 10
5.372429724409449
 20
-4.7654748031496066
 30
0
 11
5.365299330708662
 21
-4.768428307086614
 31
0
  0
LINE
  5
49
330
1B
100
AcDbEntity
  8
B.Cu
  6
CONTINUOUS
100
AcDbLine
 10
5.365299330708662
 20
-4.768428307086614
 30
0
 11
5.3588821653543315
 21
-4.7727161417322836
 31
0
  0
LINE
  5
4A
330
1B
100
AcDbEntity
  8
B.Cu
  6
CONTINUOUS
100
AcDbLine
 10
5.3588821653543315
 20
-4.7727161417322836
 30
0
 11
5.353424803149607
 21
-4.7781735039370075
 31
0
  0
LINE
  5
4B
330
1B
100
AcDbEntity
  8
B.Cu
  6
CONTINUOUS
100
AcDbLine
 10
5.353424803149607
 20
-4.7781735039370075
 30
0
 11
5.349136968503937
 21
-4.7845906692913385
 31
0
  0
LINE
  5
4C
330
1B
100
AcDbEntity
  8
B.Cu
  6
CONTINUOUS
100
AcDbLine
 10
5.349136968503937
 20
-4.7845906692913385
 30
0
 11
5.34618346456693
 21
-4.7917210629921261
 31
0
  0
LINE
  5
4D
330
1B
100
AcDbEntity
  8
B.Cu
  6
CONTINUOUS
100
AcDbLine
 10
5.34618346456693
 20
-4.7917210629921261
 30
0
 11
5.344677755905512
 21
-4.7992906692913389
 31
0
  0
LINE
  5
4E
330
1B
100
AcDbEntity
  8
B.Cu
  6
CONTINUOUS
100
AcDbLine
 10
5.344677755905512
 20
-4.7992906692913389
 30
0
 11
5.344677755905512
 21
-4.8070085433070862
 31
0
  0
LINE
  5
4F
330
1B
100
AcDbEntity
  8
B.Cu
  6
CONTINUOUS
100
AcDbLine
 10
5.344677755905512
 20
-4.8070085433070862
 30
0
 11
5.34618346456693
 21
-4.8145781496062989
 31
0
  0
LINE
  5
50
330
1B
100
AcDbEntity
  8
B.Cu
  6
CONTINUOUS
100
AcDbLine
 10
5.34618346456693
 20
-4.8145781496062989
 30
0
 11
5.349136968503937
 21
-4.8217085433070865
 31
0
  0
LINE
  5
51
330
1B
100
AcDbEntity
  8
B.Cu
  6
CONTINUOUS
100
AcDbLine
 10
5.349136968503937
 20
-4.8217085433070865
 30
0
 11
5.353424803149607
 21
-4.8281257086614175
 31
0
  0
LINE
  5
52
330
1B
100
AcDbEntity
  8
B.Cu
  6
CONTINUOUS
100
AcDbLine
 10
5.353424803149607
 20
-4.8281257086614175
 30
0
 11
5.3588821653543315
 21
-4.8335830708661414
 31
0
  0
LINE
  5
53
330
1B
100
AcDbEntity
  8
B.Cu
  6
CONTINUOUS
100
AcDbLine
 10
5.3588821653543315
 20
-4.8335830708661414
 30
0
 11
5.365299330708662
 21
-4.837870905511811
 31
0
  0
LINE
  5
54
330
1B
100
AcDbEntity
  8
B.Cu
  6
CONTINUOUS
100
AcDbLine
 10
5.365299330708662
 20
-4.837870905511811
 30
0
 11
5.372429724409449
 21
-4.8408244094488184
 31
0
  0
LINE
  5
55
330
1B
100
AcDbEntity
  8
B.Cu
  6
CONTINUOUS
100
AcDbLine
 10
5.372429724409449
 20
-4.8408244094488184
 30
0
 11
5.379999330708662
 21
-4.8423301181102358
 31
0
  0
LINE
  5
56
330
1B
100
AcDbEntity
  8
B.Cu
  6
CONTINUOUS
100
AcDbLine
 10
5.379999330708662
 20
-4.8423301181102358
 30
0
 11
5.38771720472441
 21
-4.8423301181102358
 31
0
  0
LINE
  5
57
330
1B
100
AcDbEntity
  8
B.Cu
  6
CONTINUOUS
100
AcDbLine
 10
5.38771720472441
 20
-4.8423301181102358
 30
0
 11
5.395286811023623
 21
-4.8408244094488184
 31
0
  0
LINE
  5
58
330
1B
100
AcDbEntity
  8
B.Cu
  6
CONTINUOUS
100
AcDbLine
 10
5.395286811023623
 20
-4.8408244094488184
 30
0
 11
5.40241720472441
 21
-4.837870905511811
 31
0
  0
LINE
  5
59
330
1B
100
AcDbEntity
  8
B.Cu
  6
CONTINUOUS
100
AcDbLine
 10
5.40241720472441
 20
-4.837870905511811
 30
0
 11
5.408834370078741
 21
-4.8335830708661414
 31
0
  0
LINE
  5
5A
330
1B
100
AcDbEntity
  8
B.Cu
  6
CONTINUOUS
100
AcDbLine
 10
5.408834370078741
 20
-4.8335830708661414
 30
0
 11
5.414291732283465
 21
-4.8281257086614175
 31
0
  0
LINE
  5
5B
330
1B
100
AcDbEntity
  8
B.Cu
  6
CONTINUOUS
100
AcDbLine
 10
5.414291732283465
 20
-4.8281257086614175
 30
0
 11
5.418579566929134
 21
-4.8217085433070865
 31
0
  0
LINE
  5
5C
330
1B
100
AcDbEntity
  8
B.Cu
  6
CONTINUOUS
100
AcDbLine
 10
5.418579566929134
 20
-4.8217085433070865
 30
0
 11
5.4213746456692915
 21
-4.8149606299212602
 31
0
  0
LINE
  5
5D
330
1B
100
AcDbEntity
  8
B.Cu
  6
CONTINUOUS
100
AcDbLine
 10
5.4213746456692915
 20
-4.8149606299212602
 30
0
 11
5.602247401574804
 21
-4.8149606299212602
 31
0
  0
LINE
  5
5E
330
1B
100
AcDbEntity
  8
B.Cu
  6
CONTINUOUS
100
AcDbLine
 10
5.602247401574804
 20
-4.8149606299212602
 30
0
 11
5.605042480314961
 21
-4.8217085433070865
 31
0
  0
LINE
  5
5F
330
1B
100
AcDbEntity
  8
B.Cu
  6
CONTINUOUS
100
AcDbLine
 10
5.605042480314961
 20
-4.8217085433070865
 30
0
 11
5.609330314960631
 21
-4.8281257086614175
 31
0
  0
LINE
  5
60
330
1B
100
AcDbEntity
  8
B.Cu
  6
CONTINUOUS
100
AcDbLine
 10
5.609330314960631
 20
-4.8281257086614175
 30
0
 11
5.614787677165355
 21
-4.8335830708661414
 31
0
  0
LINE
  5
61
330
1B
100
AcDbEntity
  8
B.Cu
  6
CONTINUOUS
100
AcDbLine
 10
5.614787677165355
 20
-4.8335830708661414
 30
0
 11
5.621204842519686
 21
-4.837870905511811
 31
0
  0
LINE
  5
62
330
1B
100
AcDbEntity
  8
B.Cu
  6
CONTINUOUS
100
AcDbLine
 10
5.621204842519686
 20
-4.837870905511811
 30
0
 11
5.628335236220473
 21
-4.8408244094488184
 31
0
  0
LINE
  5
63
330
1B
100
AcDbEntity
  8
B.Cu
  6
CONTINUOUS
100
AcDbLine
 10
5.628335236220473
 20
-4.8408244094488184
 30
0
 11
5.635904842519685
 21
-4.8423301181102358
 31
0
  0
LINE
  5
64
330
1B
100
AcDbEntity
  8
B.Cu
  6
CONTINUOUS
100
AcDbLine
 10
5.635904842519685
 20
-4.8423301181102358
 30
0
 11
5.643622716535433
 21
-4.8423301181102358
 31
0
  0
LINE
  5
65
330
1B
100
AcDbEntity
  8
B.Cu
  6
CONTINUOUS
100
AcDbLine
 10
5.643622716535433
 20
-4.8423301181102358
 30
0
 11
5.651192322834646
 21
-4.8408244094488184
 31
0
  0
LINE
  5
66
330
1B
100
AcDbEntity
  8
B.Cu
  6
CONTINUOUS
100
AcDbLine
 10
5.651192322834646
 20
-4.8408244094488184
 30
0
 11
5.658322716535434
 21
-4.837870905511811
 31
0
  0
LINE
  5
67
330
1B
100
AcDbEntity
  8
B.Cu
  6
CONTINUOUS
100
AcDbLine
 10
5.658322716535434
 20
-4.837870905511811
 30
0
 11
5.664739881889764
 21
-4.8335830708661414
 31
0
  0
LINE
  5
68
330
1B
100
AcDbEntity
  8
B.Cu
  6
CONTINUOUS
100
AcDbLine
 10
5.664739881889764
 20
-4.8335830708661414
 30
0
 11
5.6701972440944886
 21
-4.8281257086614175
 31
0
  0
LINE
  5
69
330
1B
100
AcDbEntity
  8
B.Cu
  6
CONTINUOUS
100
AcDbLine
 10
5.6701972440944886
 20
-4.8281257086614175
 30
0
 11
5.674485078740158
 21
-4.8217085433070865
 31
0
  0
LINE
  5
6A
330
1B
100
AcDbEntity
  8
B.Cu
  6
CONTINUOUS
100
AcDbLine
 10
5.674485078740158
 20
-4.8217085433070865
 30
0
 11
5.677438582677166
 21
-4.8145781496062989
 31
0
  0
LINE
  5
6B
330
1B
100
AcDbEntity
  8
B.Cu
  6
CONTINUOUS
100
AcDbLine
 10
5.677438582677166
 20
-4.8145781496062989
 30
0
 11
5.678944291338583
 21
-4.8070085433070862
 31
0
  0
LINE
  5
6C
330
1B
100
AcDbEntity
  8
B.Cu
  6
CONTINUOUS
100
AcDbLine
 10
5.678944291338583
 20
-4.8070085433070862
 30
0
 11
5.678944291338583
 21
-4.7992906692913389
 31
0
  0
LINE
  5
6D
330
1B
100
AcDbEntity
  8
B.Cu
  6
CONTINUOUS
100
AcDbLine
 10
5.678944291338583
 20
-4.7992906692913389
 30
0
 11
5.677438582677166
 21
-4.7917210629921261
 31
0
  0
LINE
  5
6E
330
1B
100
AcDbEntity
  8
B.Cu
  6
CONTINUOUS
100
AcDbLine
 10
5.677438582677166
 20
-4.7917210629921261
 30
0
 11
5.674643543307087
 21
-4.7849731496062988
 31
0
  0
LINE
  5
6F
330
1B
100
AcDbEntity
  8
B.Cu
  6
CONTINUOUS
100
AcDbLine
 10
5.674643543307087
 20
-4.7849731496062988
 30
0
 11
5.7638634645669296
 21
-4.6957532283464563
 31
0
  0
LINE
  5
70
330
1B
100
AcDbEntity
  8
B.Cu
  6
CONTINUOUS
100
AcDbLine
 10
5.7638634645669296
 20
-4.6957532283464563
 30
0
 11
5.764882125984252
 21
-4.6945916535433065
 31
0
  0
LINE
  5
71
330
1B
100
AcDbEntity
  8
B.Cu
  6
CONTINUOUS
100
AcDbLine
 10
5.764882125984252
 20
-4.6945916535433065
 30
0
 11
5.7664237795275595
 21
-4.6919214566929135
 31
0
  0
LINE
  5
72
330
1B
100
AcDbEntity
  8
B.Cu
  6
CONTINUOUS
100
AcDbLine
 10
5.7664237795275595
 20
-4.6919214566929135
 30
0
 11
5.767221771653544
 21
-4.6889432283464565
 31
0
  0
LINE
  5
73
330
1B
100
AcDbEntity
  8
B.Cu
  6
CONTINUOUS
100
AcDbLine
 10
5.767221771653544
 20
-4.6889432283464565
 30
0
 11
5.76732283464567
 21
-4.6874015748031495
 31
0
  0
LINE
  5
74
330
1B
100
AcDbEntity
  8
B.Cu
  6
CONTINUOUS
100
AcDbLine
 10
5.76732283464567
 20
-4.6874015748031495
 30
0
 11
5.76732283464567
 21
-4.4106040551181103
 31
0
  0
LINE
  5
75
330
1B
100
AcDbEntity
  8
B.Cu
  6
CONTINUOUS
100
AcDbLine
 10
5.76732283464567
 20
-4.4106040551181103
 30
0
 11
5.769172992125985
 21
-4.4095358661417325
 31
0
  0
LINE
  5
76
330
1B
100
AcDbEntity
  8
B.Cu
  6
CONTINUOUS
100
AcDbLine
 10
5.769172992125985
 20
-4.4095358661417325
 30
0
 11
5.773315393700788
 21
-4.405393464566929
 31
0
  0
LINE
  5
77
330
1B
100
AcDbEntity
  8
B.Cu
  6
CONTINUOUS
100
AcDbLine
 10
5.773315393700788
 20
-4.405393464566929
 30
0
 11
5.776244527559055
 21
-4.4003200787401573
 31
0
  0
LINE
  5
78
330
1B
100
AcDbEntity
  8
B.Cu
  6
CONTINUOUS
100
AcDbLine
 10
5.776244527559055
 20
-4.4003200787401573
 30
0
 11
5.777760787401575
 21
-4.3946614173228342
 31
0
  0
LINE
  5
79
330
1B
100
AcDbEntity
  8
B.Cu
  6
CONTINUOUS
100
AcDbLine
 10
5.777760787401575
 20
-4.3946614173228342
 30
0
 11
5.777952755905512
 21
-4.3917322834645667
 31
0
  0
LINE
  5
7A
330
1B
100
AcDbEntity
  8
B.Cu
  6
CONTINUOUS
100
AcDbLine
 10
5.777952755905512
 20
-4.3917322834645667
 30
0
 11
5.777952755905512
 21
-4.3578740157480311
 31
0
  0
LINE
  5
7B
330
1B
100
AcDbEntity
  8
B.Cu
  6
CONTINUOUS
100
AcDbLine
 10
5.777952755905512
 20
-4.3578740157480311
 30
0
 11
5.777760787401575
 21
-4.3549448818897636
 31
0
  0
LINE
  5
7C
330
1B
100
AcDbEntity
  8
B.Cu
  6
CONTINUOUS
100
AcDbLine
 10
5.777760787401575
 20
-4.3549448818897636
 30
0
 11
5.776244527559055
 21
-4.3492862204724405
 31
0
  0
LINE
  5
7D
330
1B
100
AcDbEntity
  8
B.Cu
  6
CONTINUOUS
100
AcDbLine
 10
5.776244527559055
 20
-4.3492862204724405
 30
0
 11
5.773315393700788
 21
-4.3442128346456688
 31
0
  0
LINE
  5
7E
330
1B
100
AcDbEntity
  8
B.Cu
  6
CONTINUOUS
100
AcDbLine
 10
5.773315393700788
 20
-4.3442128346456688
 30
0
 11
5.769172992125985
 21
-4.3400704330708662
 31
0
  0
LINE
  5
7F
330
1B
100
AcDbEntity
  8
B.Cu
  6
CONTINUOUS
100
AcDbLine
 10
5.769172992125985
 20
-4.3400704330708662
 30
0
 11
5.764099606299213
 21
-4.3371412992125986
 31
0
  0
LINE
  5
80
330
1B
100
AcDbEntity
  8
B.Cu
  6
CONTINUOUS
100
AcDbLine
 10
5.764099606299213
 20
-4.3371412992125986
 30
0
 11
5.75844094488189
 21
-4.335625039370079
 31
0
  0
LINE
  5
81
330
1B
100
AcDbEntity
  8
B.Cu
  6
CONTINUOUS
100
AcDbLine
 10
5.75844094488189
 20
-4.335625039370079
 30
0
 11
5.752582677165355
 21
-4.335625039370079
 31
0
  0
LINE
  5
82
330
1B
100
AcDbEntity
  8
B.Cu
  6
CONTINUOUS
100
AcDbLine
 10
5.752582677165355
 20
-4.335625039370079
 30
0
 11
5.746924015748032
 21
-4.3371412992125986
 31
0
  0
LINE
  5
83
330
1B
100
AcDbEntity
  8
B.Cu
  6
CONTINUOUS
100
AcDbLine
 10
6.002395354330709
 20
-2.8819908267716534
 30
0
 11
5.999417125984253
 21
-2.8827888188976378
 31
0
  0
LINE
  5
84
330
1B
100
AcDbEntity
  8
B.Cu
  6
CONTINUOUS
100
AcDbLine
 10
5.999417125984253
 20
-2.8827888188976378
 30
0
 11
5.996746929133859
 21
-2.8843304724409449
 31
0
  0
LINE
  5
85
330
1B
100
AcDbEntity
  8
B.Cu
  6
CONTINUOUS
100
AcDbLine
 10
5.996746929133859
 20
-2.8843304724409449
 30
0
 11
5.995585354330709
 21
-2.8853491338582677
 31
0
  0
LINE
  5
86
330
1B
100
AcDbEntity
  8
B.Cu
  6
CONTINUOUS
100
AcDbLine
 10
5.995585354330709
 20
-2.8853491338582677
 30
0
 11
5.959364881889765
 21
-2.9215696062992125
 31
0
  0
LINE
  5
87
330
1B
100
AcDbEntity
  8
B.Cu
  6
CONTINUOUS
100
AcDbLine
 10
5.959364881889765
 20
-2.9215696062992125
 30
0
 11
5.95834657480315
 21
-2.9227308267716534
 31
0
  0
LINE
  5
88
330
1B
100
AcDbEntity
  8
B.Cu
  6
CONTINUOUS
100
AcDbLine
 10
5.95834657480315
 20
-2.9227308267716534
 30
0
 11
5.958346220472442
 21
-2.9227311811023622
 31
0
  0
LINE
  5
89
330
1B
100
AcDbEntity
  8
B.Cu
  6
CONTINUOUS
100
AcDbLine
 10
5.958346220472442
 20
-2.9227311811023622
 30
0
 11
5.956804566929135
 21
-2.9254013779527557
 31
0
  0
LINE
  5
8A
330
1B
100
AcDbEntity
  8
B.Cu
  6
CONTINUOUS
100
AcDbLine
 10
5.956804566929135
 20
-2.9254013779527557
 30
0
 11
5.95600657480315
 21
-2.9283796062992127
 31
0
  0
LINE
  5
8B
330
1B
100
AcDbEntity
  8
B.Cu
  6
CONTINUOUS
100
AcDbLine
 10
5.95600657480315
 20
-2.9283796062992127
 30
0
 11
5.955905511811024
 21
-2.9299212598425197
 31
0
  0
LINE
  5
8C
330
1B
100
AcDbEntity
  8
B.Cu
  6
CONTINUOUS
100
AcDbLine
 10
5.955905511811024
 20
-2.9299212598425197
 30
0
 11
5.955905511811024
 21
-2.960970905511811
 31
0
  0
LINE
  5
8D
330
1B
100
AcDbEntity
  8
B.Cu
  6
CONTINUOUS
100
AcDbLine
 10
5.955905511811024
 20
-2.960970905511811
 30
0
 11
5.951941456692913
 21
-2.9626128740157478
 31
0
  0
LINE
  5
8E
330
1B
100
AcDbEntity
  8
B.Cu
  6
CONTINUOUS
100
AcDbLine
 10
5.951941456692913
 20
-2.9626128740157478
 30
0
 11
5.946486850393701
 21
-2.9662575196850391
 31
0
  0
LINE
  5
8F
330
1B
100
AcDbEntity
  8
B.Cu
  6
CONTINUOUS
100
AcDbLine
 10
5.946486850393701
 20
-2.9662575196850391
 30
0
 11
5.9418480708661425
 21
-2.9708962992125985
 31
0
  0
LINE
  5
90
330
1B
100
AcDbEntity
  8
B.Cu
  6
CONTINUOUS
100
AcDbLine
 10
5.9418480708661425
 20
-2.9708962992125985
 30
0
 11
5.938203425196851
 21
-2.9763509055118109
 31
0
  0
LINE
  5
91
330
1B
100
AcDbEntity
  8
B.Cu
  6
CONTINUOUS
100
AcDbLine
 10
5.938203425196851
 20
-2.9763509055118109
 30
0
 11
5.935692952755906
 21
-2.9824117322834645
 31
0
  0
LINE
  5
92
330
1B
100
AcDbEntity
  8
B.Cu
  6
CONTINUOUS
100
AcDbLine
 10
5.935692952755906
 20
-2.9824117322834645
 30
0
 11
5.934413110236221
 21
-2.9888458661417321
 31
0
  0
LINE
  5
93
330
1B
100
AcDbEntity
  8
B.Cu
  6
CONTINUOUS
100
AcDbLine
 10
5.934413110236221
 20
-2.9888458661417321
 30
0
 11
5.934413110236221
 21
-2.9954061023622045
 31
0
  0
LINE
  5
94
330
1B
100
AcDbEntity
  8
B.Cu
  6
CONTINUOUS
100
AcDbLine
 10
5.934413110236221
 20
-2.9954061023622045
 30
0
 11
5.935692952755906
 21
-3.0018402362204726
 31
0
  0
LINE
  5
95
330
1B
100
AcDbEntity
  8
B.Cu
  6
CONTINUOUS
100
AcDbLine
 10
5.935692952755906
 20
-3.0018402362204726
 30
0
 11
5.938203425196851
 21
-3.0079010629921261
 31
0
  0
LINE
  5
96
330
1B
100
AcDbEntity
  8
B.Cu
  6
CONTINUOUS
100
AcDbLine
 10
5.938203425196851
 20
-3.0079010629921261
 30
0
 11
5.9418480708661425
 21
-3.0133556692913386
 31
0
  0
LINE
  5
97
330
1B
100
AcDbEntity
  8
B.Cu
  6
CONTINUOUS
100
AcDbLine
 10
5.9418480708661425
 20
-3.0133556692913386
 30
0
 11
5.946486850393701
 21
-3.0179944488188974
 31
0
  0
LINE
  5
98
330
1B
100
AcDbEntity
  8
B.Cu
  6
CONTINUOUS
100
AcDbLine
 10
5.946486850393701
 20
-3.0179944488188974
 30
0
 11
5.951941456692913
 21
-3.0216390944881888
 31
0
  0
LINE
  5
99
330
1B
100
AcDbEntity
  8
B.Cu
  6
CONTINUOUS
100
AcDbLine
 10
5.951941456692913
 20
-3.0216390944881888
 30
0
 11
5.958002283464568
 21
-3.0241495669291338
 31
0
  0
LINE
  5
9A
330
1B
100
AcDbEntity
  8
B.Cu
  6
CONTINUOUS
100
AcDbLine
 10
5.958002283464568
 20
-3.0241495669291338
 30
0
 11
5.964436417322835
 21
-3.0254294094488188
 31
0
  0
LINE
  5
9B
330
1B
100
AcDbEntity
  8
B.Cu
  6
CONTINUOUS
100
AcDbLine
 10
5.964436417322835
 20
-3.0254294094488188
 30
0
 11
5.970996653543308
 21
-3.0254294094488188
 31
0
  0
LINE
  5
9C
330
1B
100
AcDbEntity
  8
B.Cu
  6
CONTINUOUS
100
AcDbLine
 10
5.970996653543308
 20
-3.0254294094488188
 30
0
 11
5.977430787401575
 21
-3.0241495669291338
 31
0
  0
LINE
  5
9D
330
1B
100
AcDbEntity
  8
B.Cu
  6
CONTINUOUS
100
AcDbLine
 10
5.977430787401575
 20
-3.0241495669291338
 30
0
 11
5.983491614173229
 21
-3.0216390944881888
 31
0
  0
LINE
  5
9E
330
1B
100
AcDbEntity
  8
B.Cu
  6
CONTINUOUS
100
AcDbLine
 10
5.983491614173229
 20
-3.0216390944881888
 30
0
 11
5.9889462204724415
 21
-3.0179944488188974
 31
0
  0
LINE
  5
9F
330
1B
100
AcDbEntity
  8
B.Cu
  6
CONTINUOUS
100
AcDbLine
 10
5.9889462204724415
 20
-3.0179944488188974
 30
0
 11
5.993585
 21
-3.0133556692913386
 31
0
  0
LINE
  5
A0
330
1B
100
AcDbEntity
  8
B.Cu
  6
CONTINUOUS
100
AcDbLine
 10
5.993585
 20
-3.0133556692913386
 30
0
 11
5.997229645669292
 21
-3.0079010629921261
 31
0
  0
LINE
  5
A1
330
1B
100
AcDbEntity
  8
B.Cu
  6
CONTINUOUS
100
AcDbLine
 10
5.997229645669292
 20
-3.0079010629921261
 30
0
 11
5.999740118110236
 21
-3.0018402362204726
 31
0
  0
LINE
  5
A2
330
1B
100
AcDbEntity
  8
B.Cu
  6
CONTINUOUS
100
AcDbLine
 10
5.999740118110236
 20
-3.0018402362204726
 30
0
 11
6.001019960629922
 21
-2.9954061023622045
 31
0
  0
LINE
  5
A3
330
1B
100
AcDbEntity
  8
B.Cu
  6
CONTINUOUS
100
AcDbLine
 10
6.001019960629922
 20
-2.9954061023622045
 30
0
 11
6.001019960629922
 21
-2.9888458661417321
 31
0
  0
LINE
  5
A4
330
1B
100
AcDbEntity
  8
B.Cu
  6
CONTINUOUS
100
AcDbLine
 10
6.001019960629922
 20
-2.9888458661417321
 30
0
 11
5.999740118110236
 21
-2.9824117322834645
 31
0
  0
LINE
  5
A5
330
1B
100
AcDbEntity
  8
B.Cu
  6
CONTINUOUS
100
AcDbLine
 10
5.999740118110236
 20
-2.9824117322834645
 30
0
 11
5.997229645669292
 21
-2.9763509055118109
 31
0
  0
LINE
  5
A6
330
1B
100
AcDbEntity
  8
B.Cu
  6
CONTINUOUS
100
AcDbLine
 10
5.997229645669292
 20
-2.9763509055118109
 30
0
 11
5.993585
 21
-2.9708962992125985
 31
0
  0
LINE
  5
A7
330
1B
100
AcDbEntity
  8
B.Cu
  6
CONTINUOUS
100
AcDbLine
 10
5.993585
 20
-2.9708962992125985
 30
0
 11
5.9889462204724415
 21
-2.9662575196850391
 31
0
  0
LINE
  5
A8
330
1B
100
AcDbEntity
  8
B.Cu
  6
CONTINUOUS
100
AcDbLine
 10
5.9889462204724415
 20
-2.9662575196850391
 30
0
 11
5.983491614173229
 21
-2.9626128740157478
 31
0
  0
LINE
  5
A9
330
1B
100
AcDbEntity
  8
B.Cu
  6
CONTINUOUS
100
AcDbLine
 10
5.983491614173229
 20
-2.9626128740157478
 30
0
 11
5.979527559055119
 21
-2.960970905511811
 31
0
  0
LINE
  5
AA
330
1B
100
AcDbEntity
  8
B.Cu
  6
CONTINUOUS
100
AcDbLine
 10
5.979527559055119
 20
-2.960970905511811
 30
0
 11
5.979527559055119
 21
-2.9348135433070865
 31
0
  0
LINE
  5
AB
330
1B
100
AcDbEntity
  8
B.Cu
  6
CONTINUOUS
100
AcDbLine
 10
5.979527559055119
 20
-2.9348135433070865
 30
0
 11
6.008829291338583
 21
-2.9055118110236218
 31
0
  0
LINE
  5
AC
330
1B
100
AcDbEntity
  8
B.Cu
  6
CONTINUOUS
100
AcDbLine
 10
6.008829291338583
 20
-2.9055118110236218
 30
0
 11
6.294320314960631
 21
-2.9055118110236218
 31
0
  0
LINE
  5
AD
330
1B
100
AcDbEntity
  8
B.Cu
  6
CONTINUOUS
100
AcDbLine
 10
6.294320314960631
 20
-2.9055118110236218
 30
0
 11
6.523622047244095
 21
-3.1348135433070867
 31
0
  0
LINE
  5
AE
330
1B
100
AcDbEntity
  8
B.Cu
  6
CONTINUOUS
100
AcDbLine
 10
6.523622047244095
 20
-3.1348135433070867
 30
0
 11
6.523622047244095
 21
-3.3218793700787401
 31
0
  0
LINE
  5
AF
330
1B
100
AcDbEntity
  8
B.Cu
  6
CONTINUOUS
100
AcDbLine
 10
6.523622047244095
 20
-3.3218793700787401
 30
0
 11
6.428656220472441
 21
-3.4168451968503937
 31
0
  0
LINE
  5
B0
330
1B
100
AcDbEntity
  8
B.Cu
  6
CONTINUOUS
100
AcDbLine
 10
6.428656220472441
 20
-3.4168451968503937
 30
0
 11
6.4276375590551185
 21
-3.4180067716535434
 31
0
  0
LINE
  5
B1
330
1B
100
AcDbEntity
  8
B.Cu
  6
CONTINUOUS
100
AcDbLine
 10
6.4276375590551185
 20
-3.4180067716535434
 30
0
 11
6.426095905511811
 21
-3.4206769685039369
 31
0
  0
LINE
  5
B2
330
1B
100
AcDbEntity
  8
B.Cu
  6
CONTINUOUS
100
AcDbLine
 10
6.426095905511811
 20
-3.4206769685039369
 30
0
 11
6.425297913385827
 21
-3.4236551968503934
 31
0
  0
LINE
  5
B3
330
1B
100
AcDbEntity
  8
B.Cu
  6
CONTINUOUS
100
AcDbLine
 10
6.425297913385827
 20
-3.4236551968503934
 30
0
 11
6.425196850393701
 21
-3.4251968503937009
 31
0
  0
LINE
  5
B4
330
1B
100
AcDbEntity
  8
B.Cu
  6
CONTINUOUS
100
AcDbLine
 10
6.425196850393701
 20
-3.4251968503937009
 30
0
 11
6.425196850393701
 21
-4.4242415748031494
 31
0
  0
LINE
  5
B5
330
1B
100
AcDbEntity
  8
B.Cu
  6
CONTINUOUS
100
AcDbLine
 10
6.425196850393701
 20
-4.4242415748031494
 30
0
 11
6.373060472440946
 21
-4.4763779527559056
 31
0
  0
LINE
  5
B6
330
1B
100
AcDbEntity
  8
B.Cu
  6
CONTINUOUS
100
AcDbLine
 10
6.373060472440946
 20
-4.4763779527559056
 30
0
 11
6.205679685039371
 21
-4.4763779527559056
 31
0
  0
LINE
  5
B7
330
1B
100
AcDbEntity
  8
B.Cu
  6
CONTINUOUS
100
AcDbLine
 10
6.205679685039371
 20
-4.4763779527559056
 30
0
 11
6.167322834645669
 21
-4.4380211023622049
 31
0
  0
LINE
  5
B8
330
1B
100
AcDbEntity
  8
B.Cu
  6
CONTINUOUS
100
AcDbLine
 10
6.167322834645669
 20
-4.4380211023622049
 30
0
 11
6.167322834645669
 21
-4.4106040551181103
 31
0
  0
LINE
  5
B9
330
1B
100
AcDbEntity
  8
B.Cu
  6
CONTINUOUS
100
AcDbLine
 10
6.167322834645669
 20
-4.4106040551181103
 30
0
 11
6.169172992125985
 21
-4.4095358661417325
 31
0
  0
LINE
  5
BA
330
1B
100
AcDbEntity
  8
B.Cu
  6
CONTINUOUS
100
AcDbLine
 10
6.169172992125985
 20
-4.4095358661417325
 30
0
 11
6.173315393700788
 21
-4.405393464566929
 31
0
  0
LINE
  5
BB
330
1B
100
AcDbEntity
  8
B.Cu
  6
CONTINUOUS
100
AcDbLine
 10
6.173315393700788
 20
-4.405393464566929
 30
0
 11
6.176244527559056
 21
-4.4003200787401573
 31
0
  0
LINE
  5
BC
330
1B
100
AcDbEntity
  8
B.Cu
  6
CONTINUOUS
100
AcDbLine
 10
6.176244527559056
 20
-4.4003200787401573
 30
0
 11
6.177760787401575
 21
-4.3946614173228342
 31
0
  0
LINE
  5
BD
330
1B
100
AcDbEntity
  8
B.Cu
  6
CONTINUOUS
100
AcDbLine
 10
6.177760787401575
 20
-4.3946614173228342
 30
0
 11
6.177952755905512
 21
-4.3917322834645667
 31
0
  0
LINE
  5
BE
330
1B
100
AcDbEntity
  8
B.Cu
  6
CONTINUOUS
100
AcDbLine
 10
6.177952755905512
 20
-4.3917322834645667
 30
0
 11
6.177952755905512
 21
-4.3578740157480311
 31
0
  0
LINE
  5
BF
330
1B
100
AcDbEntity
  8
B.Cu
  6
CONTINUOUS
100
AcDbLine
 10
6.177952755905512
 20
-4.3578740157480311
 30
0
 11
6.177760787401575
 21
-4.3549448818897636
 31
0
  0
LINE
  5
C0
330
1B
100
AcDbEntity
  8
B.Cu
  6
CONTINUOUS
100
AcDbLine
 10
6.177760787401575
 20
-4.3549448818897636
 30
0
 11
6.176244527559056
 21
-4.3492862204724405
 31
0
  0
LINE
  5
C1
330
1B
100
AcDbEntity
  8
B.Cu
  6
CONTINUOUS
100
AcDbLine
 10
6.176244527559056
 20
-4.3492862204724405
 30
0
 11
6.173315393700788
 21
-4.3442128346456688
 31
0
  0
LINE
  5
C2
330
1B
100
AcDbEntity
  8
B.Cu
  6
CONTINUOUS
100
AcDbLine
 10
6.173315393700788
 20
-4.3442128346456688
 30
0
 11
6.169172992125985
 21
-4.3400704330708662
 31
0
  0
LINE
  5
C3
330
1B
100
AcDbEntity
  8
B.Cu
  6
CONTINUOUS
100
AcDbLine
 10
6.169172992125985
 20
-4.3400704330708662
 30
0
 11
6.164099606299213
 21
-4.3371412992125986
 31
0
  0
LINE
  5
C4
330
1B
100
AcDbEntity
  8
B.Cu
  6
CONTINUOUS
100
AcDbLine
 10
6.164099606299213
 20
-4.3371412992125986
 30
0
 11
6.158440944881891
 21
-4.335625039370079
 31
0
  0
LINE
  5
C5
330
1B
100
AcDbEntity
  8
B.Cu
  6
CONTINUOUS
100
AcDbLine
 10
6.158440944881891
 20
-4.335625039370079
 30
0
 11
6.152582677165355
 21
-4.335625039370079
 31
0
  0
LINE
  5
C6
330
1B
100
AcDbEntity
  8
B.Cu
  6
CONTINUOUS
100
AcDbLine
 10
6.152582677165355
 20
-4.335625039370079
 30
0
 11
6.146924015748032
 21
-4.3371412992125986
 31
0
  0
LINE
  5
C7
330
1B
100
AcDbEntity
  8
B.Cu
  6
CONTINUOUS
100
AcDbLine
 10
6.146924015748032
 20
-4.3371412992125986
 30
0
 11
6.141850629921261
 21
-4.3400704330708662
 31
0
  0
LINE
  5
C8
330
1B
100
AcDbEntity
  8
B.Cu
  6
CONTINUOUS
100
AcDbLine
 10
6.141850629921261
 20
-4.3400704330708662
 30
0
 11
6.137708228346457
 21
-4.3442128346456688
 31
0
  0
LINE
  5
C9
330
1B
100
AcDbEntity
  8
B.Cu
  6
CONTINUOUS
100
AcDbLine
 10
6.137708228346457
 20
-4.3442128346456688
 30
0
 11
6.13477909448819
 21
-4.3492862204724405
 31
0
  0
LINE
  5
CA
330
1B
100
AcDbEntity
  8
B.Cu
  6
CONTINUOUS
100
AcDbLine
 10
6.13477909448819
 20
-4.3492862204724405
 30
0
 11
6.13326283464567
 21
-4.3549448818897636
 31
0
  0
LINE
  5
CB
330
1B
100
AcDbEntity
  8
B.Cu
  6
CONTINUOUS
100
AcDbLine
 10
6.13326283464567
 20
-4.3549448818897636
 30
0
 11
6.133070866141733
 21
-4.3578740157480311
 31
0
  0
LINE
  5
CC
330
1B
100
AcDbEntity
  8
B.Cu
  6
CONTINUOUS
100
AcDbLine
 10
6.133070866141733
 20
-4.3578740157480311
 30
0
 11
6.133070866141733
 21
-4.3917322834645667
 31
0
  0
LINE
  5
CD
330
1B
100
AcDbEntity
  8
B.Cu
  6
CONTINUOUS
100
AcDbLine
 10
6.133070866141733
 20
-4.3917322834645667
 30
0
 11
6.13326283464567
 21
-4.3946614173228342
 31
0
  0
LINE
  5
CE
330
1B
100
AcDbEntity
  8
B.Cu
  6
CONTINUOUS
100
AcDbLine
 10
6.13326283464567
 20
-4.3946614173228342
 30
0
 11
6.13477909448819
 21
-4.4003200787401573
 31
0
  0
LINE
  5
CF
330
1B
100
AcDbEntity
  8
B.Cu
  6
CONTINUOUS
100
AcDbLine
 10
6.13477909448819
 20
-4.4003200787401573
 30
0
 11
6.137708228346457
 21
-4.405393464566929
 31
0
  0
LINE
  5
D0
330
1B
100
AcDbEntity
  8
B.Cu
  6
CONTINUOUS
100
AcDbLine
 10
6.137708228346457
 20
-4.405393464566929
 30
0
 11
6.141850629921261
 21
-4.4095358661417325
 31
0
  0
LINE
  5
D1
330
1B
100
AcDbEntity
  8
B.Cu
  6
CONTINUOUS
100
AcDbLine
 10
6.141850629921261
 20
-4.4095358661417325
 30
0
 11
6.143700787401575
 21
-4.4106040551181103
 31
0
  0
LINE
  5
D2
330
1B
100
AcDbEntity
  8
B.Cu
  6
CONTINUOUS
100
AcDbLine
 10
6.143700787401575
 20
-4.4106040551181103
 30
0
 11
6.143700787401575
 21
-4.4429133858267713
 31
0
  0
LINE
  5
D3
330
1B
100
AcDbEntity
  8
B.Cu
  6
CONTINUOUS
100
AcDbLine
 10
6.143700787401575
 20
-4.4429133858267713
 30
0
 11
6.143801850393701
 21
-4.4444550393700784
 31
0
  0
LINE
  5
D4
330
1B
100
AcDbEntity
  8
B.Cu
  6
CONTINUOUS
100
AcDbLine
 10
6.143801850393701
 20
-4.4444550393700784
 30
0
 11
6.1445998425196855
 21
-4.4474332677165354
 31
0
  0
LINE
  5
D5
330
1B
100
AcDbEntity
  8
B.Cu
  6
CONTINUOUS
100
AcDbLine
 10
6.1445998425196855
 20
-4.4474332677165354
 30
0
 11
6.1461414960629925
 21
-4.4501034645669293
 31
0
  0
LINE
  5
D6
330
1B
100
AcDbEntity
  8
B.Cu
  6
CONTINUOUS
100
AcDbLine
 10
6.1461414960629925
 20
-4.4501034645669293
 30
0
 11
6.147160157480315
 21
-4.451265039370079
 31
0
  0
LINE
  5
D7
330
1B
100
AcDbEntity
  8
B.Cu
  6
CONTINUOUS
100
AcDbLine
 10
6.147160157480315
 20
-4.451265039370079
 30
0
 11
6.192435748031497
 21
-4.4965406299212596
 31
0
  0
LINE
  5
D8
330
1B
100
AcDbEntity
  8
B.Cu
  6
CONTINUOUS
100
AcDbLine
 10
6.192435748031497
 20
-4.4965406299212596
 30
0
 11
6.193597322834646
 21
-4.4975592913385825
 31
0
  0
LINE
  5
D9
330
1B
100
AcDbEntity
  8
B.Cu
  6
CONTINUOUS
100
AcDbLine
 10
6.193597322834646
 20
-4.4975592913385825
 30
0
 11
6.19626751968504
 21
-4.4991009448818895
 31
0
  0
LINE
  5
DA
330
1B
100
AcDbEntity
  8
B.Cu
  6
CONTINUOUS
100
AcDbLine
 10
6.19626751968504
 20
-4.4991009448818895
 30
0
 11
6.199245748031497
 21
-4.4998989370078739
 31
0
  0
LINE
  5
DB
330
1B
100
AcDbEntity
  8
B.Cu
  6
CONTINUOUS
100
AcDbLine
 10
6.199245748031497
 20
-4.4998989370078739
 30
0
 11
6.200787401574804
 21
-4.5
 31
0
  0
LINE
  5
DC
330
1B
100
AcDbEntity
  8
B.Cu
  6
CONTINUOUS
100
AcDbLine
 10
6.200787401574804
 20
-4.5
 30
0
 11
6.377952755905512
 21
-4.5
 31
0
  0
LINE
  5
DD
330
1B
100
AcDbEntity
  8
B.Cu
  6
CONTINUOUS
100
AcDbLine
 10
6.377952755905512
 20
-4.5
 30
0
 11
6.379494409448819
 21
-4.4998989370078739
 31
0
  0
LINE
  5
DE
330
1B
100
AcDbEntity
  8
B.Cu
  6
CONTINUOUS
100
AcDbLine
 10
6.379494409448819
 20
-4.4998989370078739
 30
0
 11
6.382472637795276
 21
-4.4991009448818895
 31
0
  0
LINE
  5
DF
330
1B
100
AcDbEntity
  8
B.Cu
  6
CONTINUOUS
100
AcDbLine
 10
6.382472637795276
 20
-4.4991009448818895
 30
0
 11
6.38514283464567
 21
-4.4975592913385825
 31
0
  0
LINE
  5
E0
330
1B
100
AcDbEntity
  8
B.Cu
  6
CONTINUOUS
100
AcDbLine
 10
6.38514283464567
 20
-4.4975592913385825
 30
0
 11
6.38630440944882
 21
-4.4965406299212596
 31
0
  0
LINE
  5
E1
330
1B
100
AcDbEntity
  8
B.Cu
  6
CONTINUOUS
100
AcDbLine
 10
6.38630440944882
 20
-4.4965406299212596
 30
0
 11
6.445359527559056
 21
-4.4374855118110235
 31
0
  0
LINE
  5
E2
330
1B
100
AcDbEntity
  8
B.Cu
  6
CONTINUOUS
100
AcDbLine
 10
6.445359527559056
 20
-4.4374855118110235
 30
0
 11
6.446378188976379
 21
-4.4363239370078738
 31
0
  0
LINE
  5
E3
330
1B
100
AcDbEntity
  8
B.Cu
  6
CONTINUOUS
100
AcDbLine
 10
6.446378188976379
 20
-4.4363239370078738
 30
0
 11
6.447919842519686
 21
-4.4336537401574798
 31
0
  0
LINE
  5
E4
330
1B
100
AcDbEntity
  8
B.Cu
  6
CONTINUOUS
100
AcDbLine
 10
6.447919842519686
 20
-4.4336537401574798
 30
0
 11
6.44871783464567
 21
-4.4306755118110237
 31
0
  0
LINE
  5
E5
330
1B
100
AcDbEntity
  8
B.Cu
  6
CONTINUOUS
100
AcDbLine
 10
6.44871783464567
 20
-4.4306755118110237
 30
0
 11
6.448818897637795
 21
-4.4291338582677167
 31
0
  0
LINE
  5
E6
330
1B
100
AcDbEntity
  8
B.Cu
  6
CONTINUOUS
100
AcDbLine
 10
6.448818897637795
 20
-4.4291338582677167
 30
0
 11
6.448818897637795
 21
-3.4300891338582677
 31
0
  0
LINE
  5
E7
330
1B
100
AcDbEntity
  8
B.Cu
  6
CONTINUOUS
100
AcDbLine
 10
6.448818897637795
 20
-3.4300891338582677
 30
0
 11
6.543784724409449
 21
-3.3351233070866142
 31
0
  0
LINE
  5
E8
330
1B
100
AcDbEntity
  8
B.Cu
  6
CONTINUOUS
100
AcDbLine
 10
6.543784724409449
 20
-3.3351233070866142
 30
0
 11
6.544803385826772
 21
-3.3339617322834645
 31
0
  0
LINE
  5
E9
330
1B
100
AcDbEntity
  8
B.Cu
  6
CONTINUOUS
100
AcDbLine
 10
6.544803385826772
 20
-3.3339617322834645
 30
0
 11
6.546345039370079
 21
-3.331291535433071
 31
0
  0
LINE
  5
EA
330
1B
100
AcDbEntity
  8
B.Cu
  6
CONTINUOUS
100
AcDbLine
 10
6.546345039370079
 20
-3.331291535433071
 30
0
 11
6.547143031496064
 21
-3.328313307086614
 31
0
  0
LINE
  5
EB
330
1B
100
AcDbEntity
  8
B.Cu
  6
CONTINUOUS
100
AcDbLine
 10
6.547143031496064
 20
-3.328313307086614
 30
0
 11
6.54724409448819
 21
-3.326771653543307
 31
0
  0
LINE
  5
EC
330
1B
100
AcDbEntity
  8
B.Cu
  6
CONTINUOUS
100
AcDbLine
 10
6.54724409448819
 20
-3.326771653543307
 30
0
 11
6.54724409448819
 21
-3.1299212598425195
 31
0
  0
LINE
  5
ED
330
1B
100
AcDbEntity
  8
B.Cu
  6
CONTINUOUS
100
AcDbLine
 10
6.54724409448819
 20
-3.1299212598425195
 30
0
 11
6.547143031496064
 21
-3.1283796062992124
 31
0
  0
LINE
  5
EE
330
1B
100
AcDbEntity
  8
B.Cu
  6
CONTINUOUS
100
AcDbLine
 10
6.547143031496064
 20
-3.1283796062992124
 30
0
 11
6.546345039370079
 21
-3.1254013779527559
 31
0
  0
LINE
  5
EF
330
1B
100
AcDbEntity
  8
B.Cu
  6
CONTINUOUS
100
AcDbLine
 10
6.546345039370079
 20
-3.1254013779527559
 30
0
 11
6.544803385826772
 21
-3.1227311811023619
 31
0
  0
LINE
  5
F0
330
1B
100
AcDbEntity
  8
B.Cu
  6
CONTINUOUS
100
AcDbLine
 10
6.544803385826772
 20
-3.1227311811023619
 30
0
 11
6.543784724409449
 21
-3.1215696062992127
 31
0
  0
LINE
  5
F1
330
1B
100
AcDbEntity
  8
B.Cu
  6
CONTINUOUS
100
AcDbLine
 10
6.543784724409449
 20
-3.1215696062992127
 30
0
 11
6.307564251968504
 21
-2.8853491338582677
 31
0
  0
LINE
  5
F2
330
1B
100
AcDbEntity
  8
B.Cu
  6
CONTINUOUS
100
AcDbLine
 10
6.307564251968504
 20
-2.8853491338582677
 30
0
 11
6.306402677165355
 21
-2.8843304724409449
 31
0
  0
LINE
  5
F3
330
1B
100
AcDbEntity
  8
B.Cu
  6
CONTINUOUS
100
AcDbLine
 10
6.306402677165355
 20
-2.8843304724409449
 30
0
 11
6.303732480314961
 21
-2.8827888188976378
 31
0
  0
LINE
  5
F4
330
1B
100
AcDbEntity
  8
B.Cu
  6
CONTINUOUS
100
AcDbLine
 10
6.303732480314961
 20
-2.8827888188976378
 30
0
 11
6.300754251968504
 21
-2.8819908267716534
 31
0
  0
LINE
  5
F5
330
1B
100
AcDbEntity
  8
B.Cu
  6
CONTINUOUS
100
AcDbLine
 10
6.300754251968504
 20
-2.8819908267716534
 30
0
 11
6.299212598425197
 21
-2.8818897637795273
 31
0
  0
LINE
  5
F6
330
1B
100
AcDbEntity
  8
B.Cu
  6
CONTINUOUS
100
AcDbLine
 10
6.299212598425197
 20
-2.8818897637795273
 30
0
 11
6.003937007874017
 21
-2.8818897637795273
 31
0
  0
LINE
  5
F7
330
1B
100
AcDbEntity
  8
B.Cu
  6
CONTINUOUS
100
AcDbLine
 10
6.003937007874017
 20
-2.8818897637795273
 30
0
 11
6.002395354330709
 21
-2.8819908267716534
 31
0
  0
LINE
  5
F8
330
1B
100
AcDbEntity
  8
B.Cu
  6
CONTINUOUS
100
AcDbLine
 10
5.648064645669292
 20
-2.8819908267716534
 30
0
 11
5.645086417322835
 21
-2.8827888188976378
 31
0
  0
LINE
  5
F9
330
1B
100
AcDbEntity
  8
B.Cu
  6
CONTINUOUS
100
AcDbLine
 10
5.645086417322835
 20
-2.8827888188976378
 30
0
 11
5.642416220472441
 21
-2.8843304724409449
 31
0
  0
LINE
  5
FA
330
1B
100
AcDbEntity
  8
B.Cu
  6
CONTINUOUS
100
AcDbLine
 10
5.642416220472441
 20
-2.8843304724409449
 30
0
 11
5.641254645669292
 21
-2.8853491338582677
 31
0
  0
LINE
  5
FB
330
1B
100
AcDbEntity
  8
B.Cu
  6
CONTINUOUS
100
AcDbLine
 10
5.641254645669292
 20
-2.8853491338582677
 30
0
 11
5.405034173228347
 21
-3.1215696062992127
 31
0
  0
LINE
  5
FC
330
1B
100
AcDbEntity
  8
B.Cu
  6
CONTINUOUS
100
AcDbLine
 10
5.405034173228347
 20
-3.1215696062992127
 30
0
 11
5.404015511811024
 21
-3.1227311811023619
 31
0
  0
LINE
  5
FD
330
1B
100
AcDbEntity
  8
B.Cu
  6
CONTINUOUS
100
AcDbLine
 10
5.404015511811024
 20
-3.1227311811023619
 30
0
 11
5.402473858267717
 21
-3.1254013779527559
 31
0
  0
LINE
  5
FE
330
1B
100
AcDbEntity
  8
B.Cu
  6
CONTINUOUS
100
AcDbLine
 10
5.402473858267717
 20
-3.1254013779527559
 30
0
 11
5.401675866141733
 21
-3.1283796062992124
 31
0
  0
LINE
  5
FF
330
1B
100
AcDbEntity
  8
B.Cu
  6
CONTINUOUS
100
AcDbLine
 10
5.401675866141733
 20
-3.1283796062992124
 30
0
 11
5.4015748031496065
 21
-3.1299212598425195
 31
0
  0
LINE
  5
100
330
1B
100
AcDbEntity
  8
B.Cu
  6
CONTINUOUS
100
AcDbLine
 10
5.4015748031496065
 20
-3.1299212598425195
 30
0
 11
5.4015748031496065
 21
-4.3700787401574805
 31
0
  0
LINE
  5
101
330
1B
100
AcDbEntity
  8
B.Cu
  6
CONTINUOUS
100
AcDbLine
 10
5.4015748031496065
 20
-4.3700787401574805
 30
0
 11
5.401675866141733
 21
-4.3716203937007876
 31
0
  0
LINE
  5
102
330
1B
100
AcDbEntity
  8
B.Cu
  6
CONTINUOUS
100
AcDbLine
 10
5.401675866141733
 20
-4.3716203937007876
 30
0
 11
5.402473858267717
 21
-4.3745986220472437
 31
0
  0
LINE
  5
103
330
1B
100
AcDbEntity
  8
B.Cu
  6
CONTINUOUS
100
AcDbLine
 10
5.402473858267717
 20
-4.3745986220472437
 30
0
 11
5.404015511811024
 21
-4.3772688188976376
 31
0
  0
LINE
  5
104
330
1B
100
AcDbEntity
  8
B.Cu
  6
CONTINUOUS
100
AcDbLine
 10
5.404015511811024
 20
-4.3772688188976376
 30
0
 11
5.405034173228347
 21
-4.3784303937007873
 31
0
  0
LINE
  5
105
330
1B
100
AcDbEntity
  8
B.Cu
  6
CONTINUOUS
100
AcDbLine
 10
5.405034173228347
 20
-4.3784303937007873
 30
0
 11
5.50345937007874
 21
-4.4768555905511809
 31
0
  0
LINE
  5
106
330
1B
100
AcDbEntity
  8
B.Cu
  6
CONTINUOUS
100
AcDbLine
 10
5.50345937007874
 20
-4.4768555905511809
 30
0
 11
5.50462094488189
 21
-4.4778742519685037
 31
0
  0
LINE
  5
107
330
1B
100
AcDbEntity
  8
B.Cu
  6
CONTINUOUS
100
AcDbLine
 10
5.50462094488189
 20
-4.4778742519685037
 30
0
 11
5.507291141732284
 21
-4.4794159055118108
 31
0
  0
LINE
  5
108
330
1B
100
AcDbEntity
  8
B.Cu
  6
CONTINUOUS
100
AcDbLine
 10
5.507291141732284
 20
-4.4794159055118108
 30
0
 11
5.510269370078741
 21
-4.4802138976377952
 31
0
  0
LINE
  5
109
330
1B
100
AcDbEntity
  8
B.Cu
  6
CONTINUOUS
100
AcDbLine
 10
5.510269370078741
 20
-4.4802138976377952
 30
0
 11
5.511811023622048
 21
-4.4803149606299213
 31
0
  0
LINE
  5
10A
330
1B
100
AcDbEntity
  8
B.Cu
  6
CONTINUOUS
100
AcDbLine
 10
5.511811023622048
 20
-4.4803149606299213
 30
0
 11
5.632521732283465
 21
-4.4803149606299213
 31
0
  0
LINE
  5
10B
330
1B
100
AcDbEntity
  8
B.Cu
  6
CONTINUOUS
100
AcDbLine
 10
5.632521732283465
 20
-4.4803149606299213
 30
0
 11
5.634063385826772
 21
-4.4802138976377952
 31
0
  0
LINE
  5
10C
330
1B
100
AcDbEntity
  8
B.Cu
  6
CONTINUOUS
100
AcDbLine
 10
5.634063385826772
 20
-4.4802138976377952
 30
0
 11
5.637041614173229
 21
-4.4794159055118108
 31
0
  0
LINE
  5
10D
330
1B
100
AcDbEntity
  8
B.Cu
  6
CONTINUOUS
100
AcDbLine
 10
5.637041614173229
 20
-4.4794159055118108
 30
0
 11
5.639711811023623
 21
-4.4778742519685037
 31
0
  0
LINE
  5
10E
330
1B
100
AcDbEntity
  8
B.Cu
  6
CONTINUOUS
100
AcDbLine
 10
5.639711811023623
 20
-4.4778742519685037
 30
0
 11
5.640873385826772
 21
-4.4768555905511809
 31
0
  0
LINE
  5
10F
330
1B
100
AcDbEntity
  8
B.Cu
  6
CONTINUOUS
100
AcDbLine
 10
5.640873385826772
 20
-4.4768555905511809
 30
0
 11
5.660558425196851
 21
-4.4571705511811022
 31
0
  0
LINE
  5
110
330
1B
100
AcDbEntity
  8
B.Cu
  6
CONTINUOUS
100
AcDbLine
 10
5.660558425196851
 20
-4.4571705511811022
 30
0
 11
5.660977283464567
 21
-4.4566929133858268
 31
0
  0
LINE
  5
111
330
1B
100
AcDbEntity
  8
B.Cu
  6
CONTINUOUS
100
AcDbLine
 10
5.660977283464567
 20
-4.4566929133858268
 30
0
 11
5.663568110236221
 21
-4.4566929133858268
 31
0
  0
LINE
  5
112
330
1B
100
AcDbEntity
  8
B.Cu
  6
CONTINUOUS
100
AcDbLine
 10
5.663568110236221
 20
-4.4566929133858268
 30
0
 11
5.665104251968504
 21
-4.4565416141732284
 31
0
  0
LINE
  5
113
330
1B
100
AcDbEntity
  8
B.Cu
  6
CONTINUOUS
100
AcDbLine
 10
5.665104251968504
 20
-4.4565416141732284
 30
0
 11
5.667942677165355
 21
-4.4553659055118109
 31
0
  0
LINE
  5
114
330
1B
100
AcDbEntity
  8
B.Cu
  6
CONTINUOUS
100
AcDbLine
 10
5.667942677165355
 20
-4.4553659055118109
 30
0
 11
5.669135866141732
 21
-4.4543866929133857
 31
0
  0
LINE
  5
115
330
1B
100
AcDbEntity
  8
B.Cu
  6
CONTINUOUS
100
AcDbLine
 10
5.669135866141732
 20
-4.4543866929133857
 30
0
 11
5.7110795669291345
 21
-4.4124429527559057
 31
0
  0
LINE
  5
116
330
1B
100
AcDbEntity
  8
B.Cu
  6
CONTINUOUS
100
AcDbLine
 10
5.7110795669291345
 20
-4.4124429527559057
 30
0
 11
5.7120588188976384
 21
-4.4112497637795274
 31
0
  0
LINE
  5
117
330
1B
100
AcDbEntity
  8
B.Cu
  6
CONTINUOUS
100
AcDbLine
 10
5.7120588188976384
 20
-4.4112497637795274
 30
0
 11
5.713234527559056
 21
-4.4084113385826766
 31
0
  0
LINE
  5
118
330
1B
100
AcDbEntity
  8
B.Cu
  6
CONTINUOUS
100
AcDbLine
 10
5.713234527559056
 20
-4.4084113385826766
 30
0
 11
5.713385826771654
 21
-4.4068751968503932
 31
0
  0
LINE
  5
119
330
1B
100
AcDbEntity
  8
B.Cu
  6
CONTINUOUS
100
AcDbLine
 10
5.713385826771654
 20
-4.4068751968503932
 30
0
 11
5.713385826771654
 21
-4.2771903149606301
 31
0
  0
LINE
  5
11A
330
1B
100
AcDbEntity
  8
B.Cu
  6
CONTINUOUS
100
AcDbLine
 10
5.713385826771654
 20
-4.2771903149606301
 30
0
 11
5.714882125984253
 21
-4.275694015748031
 31
0
  0
LINE
  5
11B
330
1B
100
AcDbEntity
  8
B.Cu
  6
CONTINUOUS
100
AcDbLine
 10
5.714882125984253
 20
-4.275694015748031
 30
0
 11
5.71642377952756
 21
-4.2730238188976379
 31
0
  0
LINE
  5
11C
330
1B
100
AcDbEntity
  8
B.Cu
  6
CONTINUOUS
100
AcDbLine
 10
5.71642377952756
 20
-4.2730238188976379
 30
0
 11
5.717221771653544
 21
-4.2700455905511809
 31
0
  0
LINE
  5
11D
330
1B
100
AcDbEntity
  8
B.Cu
  6
CONTINUOUS
100
AcDbLine
 10
5.717221771653544
 20
-4.2700455905511809
 30
0
 11
5.71732283464567
 21
-4.2685039370078739
 31
0
  0
LINE
  5
11E
330
1B
100
AcDbEntity
  8
B.Cu
  6
CONTINUOUS
100
AcDbLine
 10
5.71732283464567
 20
-4.2685039370078739
 30
0
 11
5.71732283464567
 21
-3.8859946456692911
 31
0
  0
LINE
  5
11F
330
1B
100
AcDbEntity
  8
B.Cu
  6
CONTINUOUS
100
AcDbLine
 10
5.71732283464567
 20
-3.8859946456692911
 30
0
 11
5.7638634645669296
 21
-3.8394540157480312
 31
0
  0
LINE
  5
120
330
1B
100
AcDbEntity
  8
B.Cu
  6
CONTINUOUS
100
AcDbLine
 10
5.7638634645669296
 20
-3.8394540157480312
 30
0
 11
5.764882125984252
 21
-3.838292440944882
 31
0
  0
LINE
  5
121
330
1B
100
AcDbEntity
  8
B.Cu
  6
CONTINUOUS
100
AcDbLine
 10
5.764882125984252
 20
-3.838292440944882
 30
0
 11
5.7664237795275595
 21
-3.835622244094488
 31
0
  0
LINE
  5
122
330
1B
100
AcDbEntity
  8
B.Cu
  6
CONTINUOUS
100
AcDbLine
 10
5.7664237795275595
 20
-3.835622244094488
 30
0
 11
5.767221771653544
 21
-3.8326440157480315
 31
0
  0
LINE
  5
123
330
1B
100
AcDbEntity
  8
B.Cu
  6
CONTINUOUS
100
AcDbLine
 10
5.767221771653544
 20
-3.8326440157480315
 30
0
 11
5.76732283464567
 21
-3.8311023622047244
 31
0
  0
LINE
  5
124
330
1B
100
AcDbEntity
  8
B.Cu
  6
CONTINUOUS
100
AcDbLine
 10
5.76732283464567
 20
-3.8311023622047244
 30
0
 11
5.76732283464567
 21
-3.8106040551181102
 31
0
  0
LINE
  5
125
330
1B
100
AcDbEntity
  8
B.Cu
  6
CONTINUOUS
100
AcDbLine
 10
5.76732283464567
 20
-3.8106040551181102
 30
0
 11
5.769172992125985
 21
-3.809535866141732
 31
0
  0
LINE
  5
126
330
1B
100
AcDbEntity
  8
B.Cu
  6
CONTINUOUS
100
AcDbLine
 10
5.769172992125985
 20
-3.809535866141732
 30
0
 11
5.773315393700788
 21
-3.805393464566929
 31
0
  0
LINE
  5
127
330
1B
100
AcDbEntity
  8
B.Cu
  6
CONTINUOUS
100
AcDbLine
 10
5.773315393700788
 20
-3.805393464566929
 30
0
 11
5.776244527559055
 21
-3.8003200787401572
 31
0
  0
LINE
  5
128
330
1B
100
AcDbEntity
  8
B.Cu
  6
CONTINUOUS
100
AcDbLine
 10
5.776244527559055
 20
-3.8003200787401572
 30
0
 11
5.777760787401575
 21
-3.7946614173228346
 31
0
  0
LINE
  5
129
330
1B
100
AcDbEntity
  8
B.Cu
  6
CONTINUOUS
100
AcDbLine
 10
5.777760787401575
 20
-3.7946614173228346
 30
0
 11
5.777952755905512
 21
-3.791732283464567
 31
0
  0
LINE
  5
12A
330
1B
100
AcDbEntity
  8
B.Cu
  6
CONTINUOUS
100
AcDbLine
 10
5.777952755905512
 20
-3.791732283464567
 30
0
 11
5.777952755905512
 21
-3.7578740157480315
 31
0
  0
LINE
  5
12B
330
1B
100
AcDbEntity
  8
B.Cu
  6
CONTINUOUS
100
AcDbLine
 10
5.777952755905512
 20
-3.7578740157480315
 30
0
 11
5.777760787401575
 21
-3.7549448818897635
 31
0
  0
LINE
  5
12C
330
1B
100
AcDbEntity
  8
B.Cu
  6
CONTINUOUS
100
AcDbLine
 10
5.777760787401575
 20
-3.7549448818897635
 30
0
 11
5.776244527559055
 21
-3.7492862204724409
 31
0
  0
LINE
  5
12D
330
1B
100
AcDbEntity
  8
B.Cu
  6
CONTINUOUS
100
AcDbLine
 10
5.776244527559055
 20
-3.7492862204724409
 30
0
 11
5.773315393700788
 21
-3.7442128346456691
 31
0
  0
LINE
  5
12E
330
1B
100
AcDbEntity
  8
B.Cu
  6
CONTINUOUS
100
AcDbLine
 10
5.773315393700788
 20
-3.7442128346456691
 30
0
 11
5.769172992125985
 21
-3.7400704330708661
 31
0
  0
LINE
  5
12F
330
1B
100
AcDbEntity
  8
B.Cu
  6
CONTINUOUS
100
AcDbLine
 10
5.769172992125985
 20
-3.7400704330708661
 30
0
 11
5.764099606299213
 21
-3.7371412992125985
 31
0
  0
LINE
  5
130
330
1B
100
AcDbEntity
  8
B.Cu
  6
CONTINUOUS
100
AcDbLine
 10
5.764099606299213
 20
-3.7371412992125985
 30
0
 11
5.75844094488189
 21
-3.7356250393700785
 31
0
  0
LINE
  5
131
330
1B
100
AcDbEntity
  8
B.Cu
  6
CONTINUOUS
100
AcDbLine
 10
5.75844094488189
 20
-3.7356250393700785
 30
0
 11
5.752582677165355
 21
-3.7356250393700785
 31
0
  0
LINE
  5
132
330
1B
100
AcDbEntity
  8
B.Cu
  6
CONTINUOUS
100
AcDbLine
 10
5.752582677165355
 20
-3.7356250393700785
 30
0
 11
5.746924015748032
 21
-3.7371412992125985
 31
0
  0
LINE
  5
133
330
1B
100
AcDbEntity
  8
B.Cu
  6
CONTINUOUS
100
AcDbLine
 10
5.746924015748032
 20
-3.7371412992125985
 30
0
 11
5.74185062992126
 21
-3.7400704330708661
 31
0
  0
LINE
  5
134
330
1B
100
AcDbEntity
  8
B.Cu
  6
CONTINUOUS
100
AcDbLine
 10
5.74185062992126
 20
-3.7400704330708661
 30
0
 11
5.737708228346457
 21
-3.7442128346456691
 31
0
  0
LINE
  5
135
330
1B
100
AcDbEntity
  8
B.Cu
  6
CONTINUOUS
100
AcDbLine
 10
5.737708228346457
 20
-3.7442128346456691
 30
0
 11
5.734779094488189
 21
-3.7492862204724409
 31
0
  0
LINE
  5
136
330
1B
100
AcDbEntity
  8
B.Cu
  6
CONTINUOUS
100
AcDbLine
 10
5.734779094488189
 20
-3.7492862204724409
 30
0
 11
5.73326283464567
 21
-3.7549448818897635
 31
0
  0
LINE
  5
137
330
1B
100
AcDbEntity
  8
B.Cu
  6
CONTINUOUS
100
AcDbLine
 10
5.73326283464567
 20
-3.7549448818897635
 30
0
 11
5.733070866141733
 21
-3.7578740157480315
 31
0
  0
LINE
  5
138
330
1B
100
AcDbEntity
  8
B.Cu
  6
CONTINUOUS
100
AcDbLine
 10
5.733070866141733
 20
-3.7578740157480315
 30
0
 11
5.733070866141733
 21
-3.791732283464567
 31
0
  0
LINE
  5
139
330
1B
100
AcDbEntity
  8
B.Cu
  6
CONTINUOUS
100
AcDbLine
 10
5.733070866141733
 20
-3.791732283464567
 30
0
 11
5.73326283464567
 21
-3.7946614173228346
 31
0
  0
LINE
  5
13A
330
1B
100
AcDbEntity
  8
B.Cu
  6
CONTINUOUS
100
AcDbLine
 10
5.73326283464567
 20
-3.7946614173228346
 30
0
 11
5.734779094488189
 21
-3.8003200787401572
 31
0
  0
LINE
  5
13B
330
1B
100
AcDbEntity
  8
B.Cu
  6
CONTINUOUS
100
AcDbLine
 10
5.734779094488189
 20
-3.8003200787401572
 30
0
 11
5.737708228346457
 21
-3.805393464566929
 31
0
  0
LINE
  5
13C
330
1B
100
AcDbEntity
  8
B.Cu
  6
CONTINUOUS
100
AcDbLine
 10
5.737708228346457
 20
-3.805393464566929
 30
0
 11
5.74185062992126
 21
-3.809535866141732
 31
0
  0
LINE
  5
13D
330
1B
100
AcDbEntity
  8
B.Cu
  6
CONTINUOUS
100
AcDbLine
 10
5.74185062992126
 20
-3.809535866141732
 30
0
 11
5.7437007874015755
 21
-3.8106040551181102
 31
0
  0
LINE
  5
13E
330
1B
100
AcDbEntity
  8
B.Cu
  6
CONTINUOUS
100
AcDbLine
 10
5.7437007874015755
 20
-3.8106040551181102
 30
0
 11
5.7437007874015755
 21
-3.8262100787401572
 31
0
  0
LINE
  5
13F
330
1B
100
AcDbEntity
  8
B.Cu
  6
CONTINUOUS
100
AcDbLine
 10
5.7437007874015755
 20
-3.8262100787401572
 30
0
 11
5.697160157480315
 21
-3.872750708661417
 31
0
  0
LINE
  5
140
330
1B
100
AcDbEntity
  8
B.Cu
  6
CONTINUOUS
100
AcDbLine
 10
5.697160157480315
 20
-3.872750708661417
 30
0
 11
5.696141496062992
 21
-3.8739122834645667
 31
0
  0
LINE
  5
141
330
1B
100
AcDbEntity
  8
B.Cu
  6
CONTINUOUS
100
AcDbLine
 10
5.696141496062992
 20
-3.8739122834645667
 30
0
 11
5.694599842519685
 21
-3.8765824803149607
 31
0
  0
LINE
  5
142
330
1B
100
AcDbEntity
  8
B.Cu
  6
CONTINUOUS
100
AcDbLine
 10
5.694599842519685
 20
-3.8765824803149607
 30
0
 11
5.693801850393701
 21
-3.8795607086614172
 31
0
  0
LINE
  5
143
330
1B
100
AcDbEntity
  8
B.Cu
  6
CONTINUOUS
100
AcDbLine
 10
5.693801850393701
 20
-3.8795607086614172
 30
0
 11
5.693700787401576
 21
-3.8811023622047243
 31
0
  0
LINE
  5
144
330
1B
100
AcDbEntity
  8
B.Cu
  6
CONTINUOUS
100
AcDbLine
 10
5.693700787401576
 20
-3.8811023622047243
 30
0
 11
5.693700787401576
 21
-4.2685039370078739
 31
0
  0
LINE
  5
145
330
1B
100
AcDbEntity
  8
B.Cu
  6
CONTINUOUS
100
AcDbLine
 10
5.693700787401576
 20
-4.2685039370078739
 30
0
 11
5.693801850393701
 21
-4.2700455905511809
 31
0
  0
LINE
  5
146
330
1B
100
AcDbEntity
  8
B.Cu
  6
CONTINUOUS
100
AcDbLine
 10
5.693801850393701
 20
-4.2700455905511809
 30
0
 11
5.694599842519685
 21
-4.2730238188976379
 31
0
  0
LINE
  5
147
330
1B
100
AcDbEntity
  8
B.Cu
  6
CONTINUOUS
100
AcDbLine
 10
5.694599842519685
 20
-4.2730238188976379
 30
0
 11
5.696141496062992
 21
-4.275694015748031
 31
0
  0
LINE
  5
148
330
1B
100
AcDbEntity
  8
B.Cu
  6
CONTINUOUS
100
AcDbLine
 10
5.696141496062992
 20
-4.275694015748031
 30
0
 11
5.697637795275591
 21
-4.2771903149606301
 31
0
  0
LINE
  5
149
330
1B
100
AcDbEntity
  8
B.Cu
  6
CONTINUOUS
100
AcDbLine
 10
5.697637795275591
 20
-4.2771903149606301
 30
0
 11
5.697637795275591
 21
-4.4036136614173227
 31
0
  0
LINE
  5
14A
330
1B
100
AcDbEntity
  8
B.Cu
  6
CONTINUOUS
100
AcDbLine
 10
5.697637795275591
 20
-4.4036136614173227
 30
0
 11
5.660599881889764
 21
-4.4406515748031499
 31
0
  0
LINE
  5
14B
330
1B
100
AcDbEntity
  8
B.Cu
  6
CONTINUOUS
100
AcDbLine
 10
5.660599881889764
 20
-4.4406515748031499
 30
0
 11
5.659396850393701
 21
-4.4394485826771657
 31
0
  0
LINE
  5
14C
330
1B
100
AcDbEntity
  8
B.Cu
  6
CONTINUOUS
100
AcDbLine
 10
5.659396850393701
 20
-4.4394485826771657
 30
0
 11
5.656726653543307
 21
-4.4379069291338578
 31
0
  0
LINE
  5
14D
330
1B
100
AcDbEntity
  8
B.Cu
  6
CONTINUOUS
100
AcDbLine
 10
5.656726653543307
 20
-4.4379069291338578
 30
0
 11
5.653748425196851
 21
-4.4371089370078742
 31
0
  0
LINE
  5
14E
330
1B
100
AcDbEntity
  8
B.Cu
  6
CONTINUOUS
100
AcDbLine
 10
5.653748425196851
 20
-4.4371089370078742
 30
0
 11
5.650665118110236
 21
-4.4371089370078742
 31
0
  0
LINE
  5
14F
330
1B
100
AcDbEntity
  8
B.Cu
  6
CONTINUOUS
100
AcDbLine
 10
5.650665118110236
 20
-4.4371089370078742
 30
0
 11
5.64768688976378
 21
-4.4379069291338578
 31
0
  0
LINE
  5
150
330
1B
100
AcDbEntity
  8
B.Cu
  6
CONTINUOUS
100
AcDbLine
 10
5.64768688976378
 20
-4.4379069291338578
 30
0
 11
5.645016692913386
 21
-4.4394485826771657
 31
0
  0
LINE
  5
151
330
1B
100
AcDbEntity
  8
B.Cu
  6
CONTINUOUS
100
AcDbLine
 10
5.645016692913386
 20
-4.4394485826771657
 30
0
 11
5.6438551181102365
 21
-4.4404672440944877
 31
0
  0
LINE
  5
152
330
1B
100
AcDbEntity
  8
B.Cu
  6
CONTINUOUS
100
AcDbLine
 10
5.6438551181102365
 20
-4.4404672440944877
 30
0
 11
5.627629448818898
 21
-4.4566929133858268
 31
0
  0
LINE
  5
153
330
1B
100
AcDbEntity
  8
B.Cu
  6
CONTINUOUS
100
AcDbLine
 10
5.627629448818898
 20
-4.4566929133858268
 30
0
 11
5.5167033070866145
 21
-4.4566929133858268
 31
0
  0
LINE
  5
154
330
1B
100
AcDbEntity
  8
B.Cu
  6
CONTINUOUS
100
AcDbLine
 10
5.5167033070866145
 20
-4.4566929133858268
 30
0
 11
5.425196850393701
 21
-4.3651864566929133
 31
0
  0
LINE
  5
155
330
1B
100
AcDbEntity
  8
B.Cu
  6
CONTINUOUS
100
AcDbLine
 10
5.425196850393701
 20
-4.3651864566929133
 30
0
 11
5.425196850393701
 21
-3.1348135433070867
 31
0
  0
LINE
  5
156
330
1B
100
AcDbEntity
  8
B.Cu
  6
CONTINUOUS
100
AcDbLine
 10
5.425196850393701
 20
-3.1348135433070867
 30
0
 11
5.654498582677165
 21
-2.9055118110236218
 31
0
  0
LINE
  5
157
330
1B
100
AcDbEntity
  8
B.Cu
  6
CONTINUOUS
100
AcDbLine
 10
5.654498582677165
 20
-2.9055118110236218
 30
0
 11
5.820304566929134
 21
-2.9055118110236218
 31
0
  0
LINE
  5
158
330
1B
100
AcDbEntity
  8
B.Cu
  6
CONTINUOUS
100
AcDbLine
 10
5.820304566929134
 20
-2.9055118110236218
 30
0
 11
5.855905511811024
 21
-2.9411127559055119
 31
0
  0
LINE
  5
159
330
1B
100
AcDbEntity
  8
B.Cu
  6
CONTINUOUS
100
AcDbLine
 10
5.855905511811024
 20
-2.9411127559055119
 30
0
 11
5.855905511811024
 21
-2.960970905511811
 31
0
  0
LINE
  5
15A
330
1B
100
AcDbEntity
  8
B.Cu
  6
CONTINUOUS
100
AcDbLine
 10
5.855905511811024
 20
-2.960970905511811
 30
0
 11
5.851941456692914
 21
-2.9626128740157478
 31
0
  0
LINE
  5
15B
330
1B
100
AcDbEntity
  8
B.Cu
  6
CONTINUOUS
100
AcDbLine
 10
5.851941456692914
 20
-2.9626128740157478
 30
0
 11
5.846486850393701
 21
-2.9662575196850391
 31
0
  0
LINE
  5
15C
330
1B
100
AcDbEntity
  8
B.Cu
  6
CONTINUOUS
100
AcDbLine
 10
5.846486850393701
 20
-2.9662575196850391
 30
0
 11
5.841848070866142
 21
-2.9708962992125985
 31
0
  0
LINE
  5
15D
330
1B
100
AcDbEntity
  8
B.Cu
  6
CONTINUOUS
100
AcDbLine
 10
5.841848070866142
 20
-2.9708962992125985
 30
0
 11
5.838203425196851
 21
-2.9763509055118109
 31
0
  0
LINE
  5
15E
330
1B
100
AcDbEntity
  8
B.Cu
  6
CONTINUOUS
100
AcDbLine
 10
5.838203425196851
 20
-2.9763509055118109
 30
0
 11
5.835692952755906
 21
-2.9824117322834645
 31
0
  0
LINE
  5
15F
330
1B
100
AcDbEntity
  8
B.Cu
  6
CONTINUOUS
100
AcDbLine
 10
5.835692952755906
 20
-2.9824117322834645
 30
0
 11
5.834413110236221
 21
-2.9888458661417321
 31
0
  0
LINE
  5
160
330
1B
100
AcDbEntity
  8
B.Cu
  6
CONTINUOUS
100
AcDbLine
 10
5.834413110236221
 20
-2.9888458661417321
 30
0
 11
5.834413110236221
 21
-2.9954061023622045
 31
0
  0
LINE
  5
161
330
1B
100
AcDbEntity
  8
B.Cu
  6
CONTINUOUS
100
AcDbLine
 10
5.834413110236221
 20
-2.9954061023622045
 30
0
 11
5.835692952755906
 21
-3.0018402362204726
 31
0
  0
LINE
  5
162
330
1B
100
AcDbEntity
  8
B.Cu
  6
CONTINUOUS
100
AcDbLine
 10
5.835692952755906
 20
-3.0018402362204726
 30
0
 11
5.838203425196851
 21
-3.0079010629921261
 31
0
  0
LINE
  5
163
330
1B
100
AcDbEntity
  8
B.Cu
  6
CONTINUOUS
100
AcDbLine
 10
5.838203425196851
 20
-3.0079010629921261
 30
0
 11
5.841848070866142
 21
-3.0133556692913386
 31
0
  0
LINE
  5
164
330
1B
100
AcDbEntity
  8
B.Cu
  6
CONTINUOUS
100
AcDbLine
 10
5.841848070866142
 20
-3.0133556692913386
 30
0
 11
5.846486850393701
 21
-3.0179944488188974
 31
0
  0
LINE
  5
165
330
1B
100
AcDbEntity
  8
B.Cu
  6
CONTINUOUS
100
AcDbLine
 10
5.846486850393701
 20
-3.0179944488188974
 30
0
 11
5.851941456692914
 21
-3.0216390944881888
 31
0
  0
LINE
  5
166
330
1B
100
AcDbEntity
  8
B.Cu
  6
CONTINUOUS
100
AcDbLine
 10
5.851941456692914
 20
-3.0216390944881888
 30
0
 11
5.858002283464567
 21
-3.0241495669291338
 31
0
  0
LINE
  5
167
330
1B
100
AcDbEntity
  8
B.Cu
  6
CONTINUOUS
100
AcDbLine
 10
5.858002283464567
 20
-3.0241495669291338
 30
0
 11
5.864436417322835
 21
-3.0254294094488188
 31
0
  0
LINE
  5
168
330
1B
100
AcDbEntity
  8
B.Cu
  6
CONTINUOUS
100
AcDbLine
 10
5.864436417322835
 20
-3.0254294094488188
 30
0
 11
5.870996653543307
 21
-3.0254294094488188
 31
0
  0
LINE
  5
169
330
1B
100
AcDbEntity
  8
B.Cu
  6
CONTINUOUS
100
AcDbLine
 10
5.870996653543307
 20
-3.0254294094488188
 30
0
 11
5.877430787401575
 21
-3.0241495669291338
 31
0
  0
LINE
  5
16A
330
1B
100
AcDbEntity
  8
B.Cu
  6
CONTINUOUS
100
AcDbLine
 10
5.877430787401575
 20
-3.0241495669291338
 30
0
 11
5.883491614173229
 21
-3.0216390944881888
 31
0
  0
LINE
  5
16B
330
1B
100
AcDbEntity
  8
B.Cu
  6
CONTINUOUS
100
AcDbLine
 10
5.883491614173229
 20
-3.0216390944881888
 30
0
 11
5.888946220472441
 21
-3.0179944488188974
 31
0
  0
LINE
  5
16C
330
1B
100
AcDbEntity
  8
B.Cu
  6
CONTINUOUS
100
AcDbLine
 10
5.888946220472441
 20
-3.0179944488188974
 30
0
 11
5.893585000000001
 21
-3.0133556692913386
 31
0
  0
LINE
  5
16D
330
1B
100
AcDbEntity
  8
B.Cu
  6
CONTINUOUS
100
AcDbLine
 10
5.893585000000001
 20
-3.0133556692913386
 30
0
 11
5.897229645669292
 21
-3.0079010629921261
 31
0
  0
LINE
  5
16E
330
1B
100
AcDbEntity
  8
B.Cu
  6
CONTINUOUS
100
AcDbLine
 10
5.897229645669292
 20
-3.0079010629921261
 30
0
 11
5.899740118110237
 21
-3.0018402362204726
 31
0
  0
LINE
  5
16F
330
1B
100
AcDbEntity
  8
B.Cu
  6
CONTINUOUS
100
AcDbLine
 10
5.899740118110237
 20
-3.0018402362204726
 30
0
 11
5.901019960629922
 21
-2.9954061023622045
 31
0
  0
LINE
  5
170
330
1B
100
AcDbEntity
  8
B.Cu
  6
CONTINUOUS
100
AcDbLine
 10
5.901019960629922
 20
-2.9954061023622045
 30
0
 11
5.901019960629922
 21
-2.9888458661417321
 31
0
  0
LINE
  5
171
330
1B
100
AcDbEntity
  8
B.Cu
  6
CONTINUOUS
100
AcDbLine
 10
5.901019960629922
 20
-2.9888458661417321
 30
0
 11
5.899740118110237
 21
-2.9824117322834645
 31
0
  0
LINE
  5
172
330
1B
100
AcDbEntity
  8
B.Cu
  6
CONTINUOUS
100
AcDbLine
 10
5.899740118110237
 20
-2.9824117322834645
 30
0
 11
5.897229645669292
 21
-2.9763509055118109
 31
0
  0
LINE
  5
173
330
1B
100
AcDbEntity
  8
B.Cu
  6
CONTINUOUS
100
AcDbLine
 10
5.897229645669292
 20
-2.9763509055118109
 30
0
 11
5.893585000000001
 21
-2.9708962992125985
 31
0
  0
LINE
  5
174
330
1B
100
AcDbEntity
  8
B.Cu
  6
CONTINUOUS
100
AcDbLine
 10
5.893585000000001
 20
-2.9708962992125985
 30
0
 11
5.888946220472441
 21
-2.9662575196850391
 31
0
  0
LINE
  5
175
330
1B
100
AcDbEntity
  8
B.Cu
  6
CONTINUOUS
100
AcDbLine
 10
5.888946220472441
 20
-2.9662575196850391
 30
0
 11
5.883491614173229
 21
-2.9626128740157478
 31
0
  0
LINE
  5
176
330
1B
100
AcDbEntity
  8
B.Cu
  6
CONTINUOUS
100
AcDbLine
 10
5.883491614173229
 20
-2.9626128740157478
 30
0
 11
5.879527559055118
 21
-2.960970905511811
 31
0
  0
LINE
  5
177
330
1B
100
AcDbEntity
  8
B.Cu
  6
CONTINUOUS
100
AcDbLine
 10
5.879527559055118
 20
-2.960970905511811
 30
0
 11
5.879527559055118
 21
-2.9362204724409446
 31
0
  0
LINE
  5
178
330
1B
100
AcDbEntity
  8
B.Cu
  6
CONTINUOUS
100
AcDbLine
 10
5.879527559055118
 20
-2.9362204724409446
 30
0
 11
5.879426496062993
 21
-2.9346788188976376
 31
0
  0
LINE
  5
179
330
1B
100
AcDbEntity
  8
B.Cu
  6
CONTINUOUS
100
AcDbLine
 10
5.879426496062993
 20
-2.9346788188976376
 30
0
 11
5.8786285039370085
 21
-2.931700590551181
 31
0
  0
LINE
  5
17A
330
1B
100
AcDbEntity
  8
B.Cu
  6
CONTINUOUS
100
AcDbLine
 10
5.8786285039370085
 20
-2.931700590551181
 30
0
 11
5.8770868503937015
 21
-2.9290303937007875
 31
0
  0
LINE
  5
17B
330
1B
100
AcDbEntity
  8
B.Cu
  6
CONTINUOUS
100
AcDbLine
 10
5.8770868503937015
 20
-2.9290303937007875
 30
0
 11
5.876068188976379
 21
-2.9278688188976378
 31
0
  0
LINE
  5
17C
330
1B
100
AcDbEntity
  8
B.Cu
  6
CONTINUOUS
100
AcDbLine
 10
5.876068188976379
 20
-2.9278688188976378
 30
0
 11
5.833548503937008
 21
-2.8853491338582677
 31
0
  0
LINE
  5
17D
330
1B
100
AcDbEntity
  8
B.Cu
  6
CONTINUOUS
100
AcDbLine
 10
5.833548503937008
 20
-2.8853491338582677
 30
0
 11
5.832386929133858
 21
-2.8843304724409449
 31
0
  0
LINE
  5
17E
330
1B
100
AcDbEntity
  8
B.Cu
  6
CONTINUOUS
100
AcDbLine
 10
5.832386929133858
 20
-2.8843304724409449
 30
0
 11
5.829716732283465
 21
-2.8827888188976378
 31
0
  0
LINE
  5
17F
330
1B
100
AcDbEntity
  8
B.Cu
  6
CONTINUOUS
100
AcDbLine
 10
5.829716732283465
 20
-2.8827888188976378
 30
0
 11
5.826738503937008
 21
-2.8819908267716534
 31
0
  0
LINE
  5
180
330
1B
100
AcDbEntity
  8
B.Cu
  6
CONTINUOUS
100
AcDbLine
 10
5.826738503937008
 20
-2.8819908267716534
 30
0
 11
5.825196850393701
 21
-2.8818897637795273
 31
0
  0
LINE
  5
181
330
1B
100
AcDbEntity
  8
B.Cu
  6
CONTINUOUS
100
AcDbLine
 10
5.825196850393701
 20
-2.8818897637795273
 30
0
 11
5.649606299212599
 21
-2.8818897637795273
 31
0
  0
LINE
  5
182
330
1B
100
AcDbEntity
  8
B.Cu
  6
CONTINUOUS
100
AcDbLine
 10
5.649606299212599
 20
-2.8818897637795273
 30
0
 11
5.648064645669292
 21
-2.8819908267716534
 31
0
  0
LINE
  5
183
330
1B
100
AcDbEntity
  8
B.Cu
  6
CONTINUOUS
100
AcDbLine
 10
5.546924015748032
 20
-4.3540704330708664
 30
0
 11
5.54185062992126
 21
-4.3569995669291339
 31
0
  0
LINE
  5
184
330
1B
100
AcDbEntity
  8
B.Cu
  6
CONTINUOUS
100
AcDbLine
 10
5.54185062992126
 20
-4.3569995669291339
 30
0
 11
5.537708228346458
 21
-4.3611419685039365
 31
0
  0
LINE
  5
185
330
1B
100
AcDbEntity
  8
B.Cu
  6
CONTINUOUS
100
AcDbLine
 10
5.537708228346458
 20
-4.3611419685039365
 30
0
 11
5.534779094488189
 21
-4.3662153543307083
 31
0
  0
LINE
  5
186
330
1B
100
AcDbEntity
  8
B.Cu
  6
CONTINUOUS
100
AcDbLine
 10
5.534779094488189
 20
-4.3662153543307083
 30
0
 11
5.53326283464567
 21
-4.3718740157480314
 31
0
  0
LINE
  5
187
330
1B
100
AcDbEntity
  8
B.Cu
  6
CONTINUOUS
100
AcDbLine
 10
5.53326283464567
 20
-4.3718740157480314
 30
0
 11
5.53326283464567
 21
-4.3777322834645664
 31
0
  0
LINE
  5
188
330
1B
100
AcDbEntity
  8
B.Cu
  6
CONTINUOUS
100
AcDbLine
 10
5.53326283464567
 20
-4.3777322834645664
 30
0
 11
5.534779094488189
 21
-4.3833909448818895
 31
0
  0
LINE
  5
189
330
1B
100
AcDbEntity
  8
B.Cu
  6
CONTINUOUS
100
AcDbLine
 10
5.534779094488189
 20
-4.3833909448818895
 30
0
 11
5.537708228346458
 21
-4.3884643307086613
 31
0
  0
LINE
  5
18A
330
1B
100
AcDbEntity
  8
B.Cu
  6
CONTINUOUS
100
AcDbLine
 10
5.537708228346458
 20
-4.3884643307086613
 30
0
 11
5.54185062992126
 21
-4.3926067322834648
 31
0
  0
LINE
  5
18B
330
1B
100
AcDbEntity
  8
B.Cu
  6
CONTINUOUS
100
AcDbLine
 10
5.54185062992126
 20
-4.3926067322834648
 30
0
 11
5.546924015748032
 21
-4.3955358661417323
 31
0
  0
LINE
  5
18C
330
1B
100
AcDbEntity
  8
B.Cu
  6
CONTINUOUS
100
AcDbLine
 10
5.546924015748032
 20
-4.3955358661417323
 30
0
 11
5.552582677165355
 21
-4.3970521259842519
 31
0
  0
LINE
  5
18D
330
1B
100
AcDbEntity
  8
B.Cu
  6
CONTINUOUS
100
AcDbLine
 10
5.552582677165355
 20
-4.3970521259842519
 30
0
 11
5.55844094488189
 21
-4.3970521259842519
 31
0
  0
LINE
  5
18E
330
1B
100
AcDbEntity
  8
B.Cu
  6
CONTINUOUS
100
AcDbLine
 10
5.55844094488189
 20
-4.3970521259842519
 30
0
 11
5.564099606299213
 21
-4.3955358661417323
 31
0
  0
LINE
  5
18F
330
1B
100
AcDbEntity
  8
B.Cu
  6
CONTINUOUS
100
AcDbLine
 10
5.564099606299213
 20
-4.3955358661417323
 30
0
 11
5.569172992125985
 21
-4.3926067322834648
 31
0
  0
LINE
  5
190
330
1B
100
AcDbEntity
  8
B.Cu
  6
CONTINUOUS
100
AcDbLine
 10
5.569172992125985
 20
-4.3926067322834648
 30
0
 11
5.5733153937007875
 21
-4.3884643307086613
 31
0
  0
LINE
  5
191
330
1B
100
AcDbEntity
  8
B.Cu
  6
CONTINUOUS
100
AcDbLine
 10
5.5733153937007875
 20
-4.3884643307086613
 30
0
 11
5.576244527559056
 21
-4.3833909448818895
 31
0
  0
LINE
  5
192
330
1B
100
AcDbEntity
  8
B.Cu
  6
CONTINUOUS
100
AcDbLine
 10
5.576244527559056
 20
-4.3833909448818895
 30
0
 11
5.5777607874015755
 21
-4.3777322834645664
 31
0
  0
LINE
  5
193
330
1B
100
AcDbEntity
  8
B.Cu
  6
CONTINUOUS
100
AcDbLine
 10
5.5777607874015755
 20
-4.3777322834645664
 30
0
 11
5.5777607874015755
 21
-4.3718740157480314
 31
0
  0
LINE
  5
194
330
1B
100
AcDbEntity
  8
B.Cu
  6
CONTINUOUS
100
AcDbLine
 10
5.5777607874015755
 20
-4.3718740157480314
 30
0
 11
5.576244527559056
 21
-4.3662153543307083
 31
0
  0
LINE
  5
195
330
1B
100
AcDbEntity
  8
B.Cu
  6
CONTINUOUS
100
AcDbLine
 10
5.576244527559056
 20
-4.3662153543307083
 30
0
 11
5.5733153937007875
 21
-4.3611419685039365
 31
0
  0
LINE
  5
196
330
1B
100
AcDbEntity
  8
B.Cu
  6
CONTINUOUS
100
AcDbLine
 10
5.5733153937007875
 20
-4.3611419685039365
 30
0
 11
5.569172992125985
 21
-4.3569995669291339
 31
0
  0
LINE
  5
197
330
1B
100
AcDbEntity
  8
B.Cu
  6
CONTINUOUS
100
AcDbLine
 10
5.569172992125985
 20
-4.3569995669291339
 30
0
 11
5.564099606299213
 21
-4.3540704330708664
 31
0
  0
LINE
  5
198
330
1B
100
AcDbEntity
  8
B.Cu
  6
CONTINUOUS
100
AcDbLine
 10
5.564099606299213
 20
-4.3540704330708664
 30
0
 11
5.55844094488189
 21
-4.3525541732283459
 31
0
  0
LINE
  5
199
330
1B
100
AcDbEntity
  8
B.Cu
  6
CONTINUOUS
100
AcDbLine
 10
5.55844094488189
 20
-4.3525541732283459
 30
0
 11
5.552582677165355
 21
-4.3525541732283459
 31
0
  0
LINE
  5
19A
330
1B
100
AcDbEntity
  8
B.Cu
  6
CONTINUOUS
100
AcDbLine
 10
5.552582677165355
 20
-4.3525541732283459
 30
0
 11
5.546924015748032
 21
-4.3540704330708664
 31
0
  0
LINE
  5
19B
330
1B
100
AcDbEntity
  8
B.Cu
  6
CONTINUOUS
100
AcDbLine
 10
5.442584173228347
 20
-3.8732620078740156
 30
0
 11
5.441138503937008
 21
-3.8756022834645667
 31
0
  0
LINE
  5
19C
330
1B
100
AcDbEntity
  8
B.Cu
  6
CONTINUOUS
100
AcDbLine
 10
5.441138503937008
 20
-3.8756022834645667
 30
0
 11
5.440964566929134
 21
-3.8768938582677164
 31
0
  0
LINE
  5
19D
330
1B
100
AcDbEntity
  8
B.Cu
  6
CONTINUOUS
100
AcDbLine
 10
5.440964566929134
 20
-3.8768938582677164
 30
0
 11
5.440964566929134
 21
-4.3566331102362206
 31
0
  0
LINE
  5
19E
330
1B
100
AcDbEntity
  8
B.Cu
  6
CONTINUOUS
100
AcDbLine
 10
5.440964566929134
 20
-4.3566331102362206
 30
0
 11
5.441739566929134
 21
-4.3592724409448822
 31
0
  0
LINE
  5
19F
330
1B
100
AcDbEntity
  8
B.Cu
  6
CONTINUOUS
100
AcDbLine
 10
5.441739566929134
 20
-4.3592724409448822
 30
0
 11
5.442394448818898
 21
-4.360085118110236
 31
0
  0
LINE
  5
1A0
330
1B
100
AcDbEntity
  8
B.Cu
  6
CONTINUOUS
100
AcDbLine
 10
5.442394448818898
 20
-4.360085118110236
 30
0
 11
5.521804645669292
 21
-4.43949531496063
 31
0
  0
LINE
  5
1A1
330
1B
100
AcDbEntity
  8
B.Cu
  6
CONTINUOUS
100
AcDbLine
 10
5.521804645669292
 20
-4.43949531496063
 30
0
 11
5.524218937007874
 21
-4.4408136220472443
 31
0
  0
LINE
  5
1A2
330
1B
100
AcDbEntity
  8
B.Cu
  6
CONTINUOUS
100
AcDbLine
 10
5.524218937007874
 20
-4.4408136220472443
 30
0
 11
5.525256653543307
 21
-4.4409251968503938
 31
0
  0
LINE
  5
1A3
330
1B
100
AcDbEntity
  8
B.Cu
  6
CONTINUOUS
100
AcDbLine
 10
5.525256653543307
 20
-4.4409251968503938
 30
0
 11
5.619076102362206
 21
-4.4409251968503938
 31
0
  0
LINE
  5
1A4
330
1B
100
AcDbEntity
  8
B.Cu
  6
CONTINUOUS
100
AcDbLine
 10
5.619076102362206
 20
-4.4409251968503938
 30
0
 11
5.621715433070866
 21
-4.4401501968503938
 31
0
  0
LINE
  5
1A5
330
1B
100
AcDbEntity
  8
B.Cu
  6
CONTINUOUS
100
AcDbLine
 10
5.621715433070866
 20
-4.4401501968503938
 30
0
 11
5.622528110236221
 21
-4.43949531496063
 31
0
  0
LINE
  5
1A6
330
1B
100
AcDbEntity
  8
B.Cu
  6
CONTINUOUS
100
AcDbLine
 10
5.622528110236221
 20
-4.43949531496063
 30
0
 11
5.6326181496063
 21
-4.4294052362204726
 31
0
  0
LINE
  5
1A7
330
1B
100
AcDbEntity
  8
B.Cu
  6
CONTINUOUS
100
AcDbLine
 10
5.6326181496063
 20
-4.4294052362204726
 30
0
 11
5.633936456692914
 21
-4.42699094488189
 31
0
  0
LINE
  5
1A8
330
1B
100
AcDbEntity
  8
B.Cu
  6
CONTINUOUS
100
AcDbLine
 10
5.633936456692914
 20
-4.42699094488189
 30
0
 11
5.633740236220473
 21
-4.4242471653543305
 31
0
  0
LINE
  5
1A9
330
1B
100
AcDbEntity
  8
B.Cu
  6
CONTINUOUS
100
AcDbLine
 10
5.633740236220473
 20
-4.4242471653543305
 30
0
 11
5.632091732283465
 21
-4.4220450787401573
 31
0
  0
LINE
  5
1AA
330
1B
100
AcDbEntity
  8
B.Cu
  6
CONTINUOUS
100
AcDbLine
 10
5.632091732283465
 20
-4.4220450787401573
 30
0
 11
5.631878307086614
 21
-4.4218940551181101
 31
0
  0
LINE
  5
1AB
330
1B
100
AcDbEntity
  8
B.Cu
  6
CONTINUOUS
100
AcDbLine
 10
5.631878307086614
 20
-4.4218940551181101
 30
0
 11
5.631155196850394
 21
-4.4214109055118112
 31
0
  0
LINE
  5
1AC
330
1B
100
AcDbEntity
  8
B.Cu
  6
CONTINUOUS
100
AcDbLine
 10
5.631155196850394
 20
-4.4214109055118112
 30
0
 11
5.625833188976379
 21
-4.4160888976377954
 31
0
  0
LINE
  5
1AD
330
1B
100
AcDbEntity
  8
B.Cu
  6
CONTINUOUS
100
AcDbLine
 10
5.625833188976379
 20
-4.4160888976377954
 30
0
 11
5.621651732283465
 21
-4.409830866141732
 31
0
  0
LINE
  5
1AE
330
1B
100
AcDbEntity
  8
B.Cu
  6
CONTINUOUS
100
AcDbLine
 10
5.621651732283465
 20
-4.409830866141732
 30
0
 11
5.618771496062992
 21
-4.4028773228346454
 31
0
  0
LINE
  5
1AF
330
1B
100
AcDbEntity
  8
B.Cu
  6
CONTINUOUS
100
AcDbLine
 10
5.618771496062992
 20
-4.4028773228346454
 30
0
 11
5.6173031496062995
 21
-4.3954955118110233
 31
0
  0
LINE
  5
1B0
330
1B
100
AcDbEntity
  8
B.Cu
  6
CONTINUOUS
100
AcDbLine
 10
5.6173031496062995
 20
-4.3954955118110233
 30
0
 11
5.6173031496062995
 21
-4.378566456692913
 31
0
  0
LINE
  5
1B1
330
1B
100
AcDbEntity
  8
B.Cu
  6
CONTINUOUS
100
AcDbLine
 10
5.6173031496062995
 20
-4.378566456692913
 30
0
 11
5.6173031496062995
 21
-4.3541107874015745
 31
0
  0
LINE
  5
1B2
330
1B
100
AcDbEntity
  8
B.Cu
  6
CONTINUOUS
100
AcDbLine
 10
5.6173031496062995
 20
-4.3541107874015745
 30
0
 11
5.6173031496062995
 21
-4.3541106692913383
 31
0
  0
LINE
  5
1B3
330
1B
100
AcDbEntity
  8
B.Cu
  6
CONTINUOUS
100
AcDbLine
 10
5.6173031496062995
 20
-4.3541106692913383
 30
0
 11
5.6187714566929134
 21
-4.3467291732283462
 31
0
  0
LINE
  5
1B4
330
1B
100
AcDbEntity
  8
B.Cu
  6
CONTINUOUS
100
AcDbLine
 10
5.6187714566929134
 20
-4.3467291732283462
 30
0
 11
5.618771496062992
 21
-4.3467291338582674
 31
0
  0
LINE
  5
1B5
330
1B
100
AcDbEntity
  8
B.Cu
  6
CONTINUOUS
100
AcDbLine
 10
5.618771496062992
 20
-4.3467291338582674
 30
0
 11
5.618771496062992
 21
-4.3467289763779524
 31
0
  0
LINE
  5
1B6
330
1B
100
AcDbEntity
  8
B.Cu
  6
CONTINUOUS
100
AcDbLine
 10
5.618771496062992
 20
-4.3467289763779524
 30
0
 11
5.621168070866142
 21
-4.3409430708661416
 31
0
  0
LINE
  5
1B7
330
1B
100
AcDbEntity
  8
B.Cu
  6
CONTINUOUS
100
AcDbLine
 10
5.621168070866142
 20
-4.3409430708661416
 30
0
 11
5.621651653543307
 21
-4.339775551181102
 31
0
  0
LINE
  5
1B8
330
1B
100
AcDbEntity
  8
B.Cu
  6
CONTINUOUS
100
AcDbLine
 10
5.621651653543307
 20
-4.339775551181102
 30
0
 11
5.625833267716536
 21
-4.333517283464567
 31
0
  0
LINE
  5
1B9
330
1B
100
AcDbEntity
  8
B.Cu
  6
CONTINUOUS
100
AcDbLine
 10
5.625833267716536
 20
-4.333517283464567
 30
0
 11
5.626503188976378
 21
-4.3328473622047241
 31
0
  0
LINE
  5
1BA
330
1B
100
AcDbEntity
  8
B.Cu
  6
CONTINUOUS
100
AcDbLine
 10
5.626503188976378
 20
-4.3328473622047241
 30
0
 11
5.627821496062992
 21
-4.3304330708661416
 31
0
  0
LINE
  5
1BB
330
1B
100
AcDbEntity
  8
B.Cu
  6
CONTINUOUS
100
AcDbLine
 10
5.627821496062992
 20
-4.3304330708661416
 30
0
 11
5.627933070866142
 21
-4.3293953543307087
 31
0
  0
LINE
  5
1BC
330
1B
100
AcDbEntity
  8
B.Cu
  6
CONTINUOUS
100
AcDbLine
 10
5.627933070866142
 20
-4.3293953543307087
 30
0
 11
5.627933070866142
 21
-4.0547842125984248
 31
0
  0
LINE
  5
1BD
330
1B
100
AcDbEntity
  8
B.Cu
  6
CONTINUOUS
100
AcDbLine
 10
5.627933070866142
 20
-4.0547842125984248
 30
0
 11
5.627158070866142
 21
-4.0521448818897641
 31
0
  0
LINE
  5
1BE
330
1B
100
AcDbEntity
  8
B.Cu
  6
CONTINUOUS
100
AcDbLine
 10
5.627158070866142
 20
-4.0521448818897641
 30
0
 11
5.626503188976378
 21
-4.0513322047244094
 31
0
  0
LINE
  5
1BF
330
1B
100
AcDbEntity
  8
B.Cu
  6
CONTINUOUS
100
AcDbLine
 10
5.626503188976378
 20
-4.0513322047244094
 30
0
 11
5.451019212598426
 21
-3.8758482283464568
 31
0
  0
LINE
  5
1C0
330
1B
100
AcDbEntity
  8
B.Cu
  6
CONTINUOUS
100
AcDbLine
 10
5.451019212598426
 20
-3.8758482283464568
 30
0
 11
5.451019133858268
 21
-3.8758481496062993
 31
0
  0
LINE
  5
1C1
330
1B
100
AcDbEntity
  8
B.Cu
  6
CONTINUOUS
100
AcDbLine
 10
5.451019133858268
 20
-3.8758481496062993
 30
0
 11
5.44990562992126
 21
-3.8741816141732284
 31
0
  0
LINE
  5
1C2
330
1B
100
AcDbEntity
  8
B.Cu
  6
CONTINUOUS
100
AcDbLine
 10
5.44990562992126
 20
-3.8741816141732284
 30
0
 11
5.447794921259843
 21
-3.8724176377952757
 31
0
  0
LINE
  5
1C3
330
1B
100
AcDbEntity
  8
B.Cu
  6
CONTINUOUS
100
AcDbLine
 10
5.447794921259843
 20
-3.8724176377952757
 30
0
 11
5.445065590551182
 21
-3.8720748425196851
 31
0
  0
LINE
  5
1C4
330
1B
100
AcDbEntity
  8
B.Cu
  6
CONTINUOUS
100
AcDbLine
 10
5.445065590551182
 20
-3.8720748425196851
 30
0
 11
5.442584173228347
 21
-3.8732620078740156
 31
0
  0
LINE
  5
1C5
330
1B
100
AcDbEntity
  8
B.Cu
  6
CONTINUOUS
100
AcDbLine
 10
5.59225220472441
 20
-4.3859479527559051
 30
0
 11
5.592252086614174
 21
-4.3859483464566926
 31
0
  0
LINE
  5
1C6
330
1B
100
AcDbEntity
  8
B.Cu
  6
CONTINUOUS
100
AcDbLine
 10
5.592252086614174
 20
-4.3859483464566926
 30
0
 11
5.589372007874016
 21
-4.3929015748031492
 31
0
  0
LINE
  5
1C7
330
1B
100
AcDbEntity
  8
B.Cu
  6
CONTINUOUS
100
AcDbLine
 10
5.589372007874016
 20
-4.3929015748031492
 30
0
 11
5.585190393700788
 21
-4.3991598425196852
 31
0
  0
LINE
  5
1C8
330
1B
100
AcDbEntity
  8
B.Cu
  6
CONTINUOUS
100
AcDbLine
 10
5.585190393700788
 20
-4.3991598425196852
 30
0
 11
5.579868543307087
 21
-4.4044816929133859
 31
0
  0
LINE
  5
1C9
330
1B
100
AcDbEntity
  8
B.Cu
  6
CONTINUOUS
100
AcDbLine
 10
5.579868543307087
 20
-4.4044816929133859
 30
0
 11
5.573610275590552
 21
-4.4086633070866137
 31
0
  0
LINE
  5
1CA
330
1B
100
AcDbEntity
  8
B.Cu
  6
CONTINUOUS
100
AcDbLine
 10
5.573610275590552
 20
-4.4086633070866137
 30
0
 11
5.566657047244095
 21
-4.4115433858267714
 31
0
  0
LINE
  5
1CB
330
1B
100
AcDbEntity
  8
B.Cu
  6
CONTINUOUS
100
AcDbLine
 10
5.566657047244095
 20
-4.4115433858267714
 30
0
 11
5.566656850393701
 21
-4.4115434645669289
 31
0
  0
LINE
  5
1CC
330
1B
100
AcDbEntity
  8
B.Cu
  6
CONTINUOUS
100
AcDbLine
 10
5.566656850393701
 20
-4.4115434645669289
 30
0
 11
5.566656692913386
 21
-4.4115434645669289
 31
0
  0
LINE
  5
1CD
330
1B
100
AcDbEntity
  8
B.Cu
  6
CONTINUOUS
100
AcDbLine
 10
5.566656692913386
 20
-4.4115434645669289
 30
0
 11
5.5666566535433075
 21
-4.4115435039370077
 31
0
  0
LINE
  5
1CE
330
1B
100
AcDbEntity
  8
B.Cu
  6
CONTINUOUS
100
AcDbLine
 10
5.5666566535433075
 20
-4.4115435039370077
 30
0
 11
5.559275157480315
 21
-4.4130118110236216
 31
0
  0
LINE
  5
1CF
330
1B
100
AcDbEntity
  8
B.Cu
  6
CONTINUOUS
100
AcDbLine
 10
5.559275157480315
 20
-4.4130118110236216
 30
0
 11
5.559275039370079
 21
-4.4130118110236216
 31
0
  0
LINE
  5
1D0
330
1B
100
AcDbEntity
  8
B.Cu
  6
CONTINUOUS
100
AcDbLine
 10
5.559275039370079
 20
-4.4130118110236216
 30
0
 11
5.5517485039370085
 21
-4.4130118110236216
 31
0
  0
LINE
  5
1D1
330
1B
100
AcDbEntity
  8
B.Cu
  6
CONTINUOUS
100
AcDbLine
 10
5.5517485039370085
 20
-4.4130118110236216
 30
0
 11
5.5467823228346465
 21
-4.4120239370078735
 31
0
  0
LINE
  5
1D2
330
1B
100
AcDbEntity
  8
B.Cu
  6
CONTINUOUS
100
AcDbLine
 10
5.5467823228346465
 20
-4.4120239370078735
 30
0
 11
5.544366771653544
 21
-4.4115434645669289
 31
0
  0
LINE
  5
1D3
330
1B
100
AcDbEntity
  8
B.Cu
  6
CONTINUOUS
100
AcDbLine
 10
5.544366771653544
 20
-4.4115434645669289
 30
0
 11
5.540231771653544
 21
-4.409830708661417
 31
0
  0
LINE
  5
1D4
330
1B
100
AcDbEntity
  8
B.Cu
  6
CONTINUOUS
100
AcDbLine
 10
5.540231771653544
 20
-4.409830708661417
 30
0
 11
5.537413385826772
 21
-4.4086633070866137
 31
0
  0
LINE
  5
1D5
330
1B
100
AcDbEntity
  8
B.Cu
  6
CONTINUOUS
100
AcDbLine
 10
5.537413385826772
 20
-4.4086633070866137
 30
0
 11
5.5374133464566935
 21
-4.4086632677165349
 31
0
  0
LINE
  5
1D6
330
1B
100
AcDbEntity
  8
B.Cu
  6
CONTINUOUS
100
AcDbLine
 10
5.5374133464566935
 20
-4.4086632677165349
 30
0
 11
5.537413228346457
 21
-4.4086632283464562
 31
0
  0
LINE
  5
1D7
330
1B
100
AcDbEntity
  8
B.Cu
  6
CONTINUOUS
100
AcDbLine
 10
5.537413228346457
 20
-4.4086632283464562
 30
0
 11
5.531155196850394
 21
-4.4044817716535434
 31
0
  0
LINE
  5
1D8
330
1B
100
AcDbEntity
  8
B.Cu
  6
CONTINUOUS
100
AcDbLine
 10
5.531155196850394
 20
-4.4044817716535434
 30
0
 11
5.525833188976378
 21
-4.3991597637795277
 31
0
  0
LINE
  5
1D9
330
1B
100
AcDbEntity
  8
B.Cu
  6
CONTINUOUS
100
AcDbLine
 10
5.525833188976378
 20
-4.3991597637795277
 30
0
 11
5.521651732283465
 21
-4.3929017322834643
 31
0
  0
LINE
  5
1DA
330
1B
100
AcDbEntity
  8
B.Cu
  6
CONTINUOUS
100
AcDbLine
 10
5.521651732283465
 20
-4.3929017322834643
 30
0
 11
5.5187714960629926
 21
-4.3859481889763776
 31
0
  0
LINE
  5
1DB
330
1B
100
AcDbEntity
  8
B.Cu
  6
CONTINUOUS
100
AcDbLine
 10
5.5187714960629926
 20
-4.3859481889763776
 30
0
 11
5.5173031496063
 21
-4.3785663779527555
 31
0
  0
LINE
  5
1DC
330
1B
100
AcDbEntity
  8
B.Cu
  6
CONTINUOUS
100
AcDbLine
 10
5.5173031496063
 20
-4.3785663779527555
 30
0
 11
5.5173031496063
 21
-4.3710399212598423
 31
0
  0
LINE
  5
1DD
330
1B
100
AcDbEntity
  8
B.Cu
  6
CONTINUOUS
100
AcDbLine
 10
5.5173031496063
 20
-4.3710399212598423
 30
0
 11
5.5173031496063
 21
-4.3710398031496061
 31
0
  0
LINE
  5
1DE
330
1B
100
AcDbEntity
  8
B.Cu
  6
CONTINUOUS
100
AcDbLine
 10
5.5173031496063
 20
-4.3710398031496061
 30
0
 11
5.518771456692914
 21
-4.363658307086614
 31
0
  0
LINE
  5
1DF
330
1B
100
AcDbEntity
  8
B.Cu
  6
CONTINUOUS
100
AcDbLine
 10
5.518771456692914
 20
-4.363658307086614
 30
0
 11
5.5187714960629926
 21
-4.3636582677165352
 31
0
  0
LINE
  5
1E0
330
1B
100
AcDbEntity
  8
B.Cu
  6
CONTINUOUS
100
AcDbLine
 10
5.5187714960629926
 20
-4.3636582677165352
 30
0
 11
5.5187714960629926
 21
-4.3636581102362202
 31
0
  0
LINE
  5
1E1
330
1B
100
AcDbEntity
  8
B.Cu
  6
CONTINUOUS
100
AcDbLine
 10
5.5187714960629926
 20
-4.3636581102362202
 30
0
 11
5.52084374015748
 21
-4.3586552362204722
 31
0
  0
LINE
  5
1E2
330
1B
100
AcDbEntity
  8
B.Cu
  6
CONTINUOUS
100
AcDbLine
 10
5.52084374015748
 20
-4.3586552362204722
 30
0
 11
5.521651653543308
 21
-4.3567046850393698
 31
0
  0
LINE
  5
1E3
330
1B
100
AcDbEntity
  8
B.Cu
  6
CONTINUOUS
100
AcDbLine
 10
5.521651653543308
 20
-4.3567046850393698
 30
0
 11
5.525833267716536
 21
-4.3504464173228348
 31
0
  0
LINE
  5
1E4
330
1B
100
AcDbEntity
  8
B.Cu
  6
CONTINUOUS
100
AcDbLine
 10
5.525833267716536
 20
-4.3504464173228348
 30
0
 11
5.531155118110236
 21
-4.3451245669291341
 31
0
  0
LINE
  5
1E5
330
1B
100
AcDbEntity
  8
B.Cu
  6
CONTINUOUS
100
AcDbLine
 10
5.531155118110236
 20
-4.3451245669291341
 30
0
 11
5.537413385826772
 21
-4.3409429527559054
 31
0
  0
LINE
  5
1E6
330
1B
100
AcDbEntity
  8
B.Cu
  6
CONTINUOUS
100
AcDbLine
 10
5.537413385826772
 20
-4.3409429527559054
 30
0
 11
5.544366614173229
 21
-4.3380628740157476
 31
0
  0
LINE
  5
1E7
330
1B
100
AcDbEntity
  8
B.Cu
  6
CONTINUOUS
100
AcDbLine
 10
5.544366614173229
 20
-4.3380628740157476
 30
0
 11
5.544367007874016
 21
-4.3380627559055114
 31
0
  0
LINE
  5
1E8
330
1B
100
AcDbEntity
  8
B.Cu
  6
CONTINUOUS
100
AcDbLine
 10
5.544367007874016
 20
-4.3380627559055114
 30
0
 11
5.5517485039370085
 21
-4.3365944881889762
 31
0
  0
LINE
  5
1E9
330
1B
100
AcDbEntity
  8
B.Cu
  6
CONTINUOUS
100
AcDbLine
 10
5.5517485039370085
 20
-4.3365944881889762
 30
0
 11
5.551748582677166
 21
-4.3365944881889762
 31
0
  0
LINE
  5
1EA
330
1B
100
AcDbEntity
  8
B.Cu
  6
CONTINUOUS
100
AcDbLine
 10
5.551748582677166
 20
-4.3365944881889762
 30
0
 11
5.559275039370079
 21
-4.3365944881889762
 31
0
  0
LINE
  5
1EB
330
1B
100
AcDbEntity
  8
B.Cu
  6
CONTINUOUS
100
AcDbLine
 10
5.559275039370079
 20
-4.3365944881889762
 30
0
 11
5.559275118110237
 21
-4.3365944881889762
 31
0
  0
LINE
  5
1EC
330
1B
100
AcDbEntity
  8
B.Cu
  6
CONTINUOUS
100
AcDbLine
 10
5.559275118110237
 20
-4.3365944881889762
 30
0
 11
5.5666566535433075
 21
-4.3380627559055114
 31
0
  0
LINE
  5
1ED
330
1B
100
AcDbEntity
  8
B.Cu
  6
CONTINUOUS
100
AcDbLine
 10
5.5666566535433075
 20
-4.3380627559055114
 30
0
 11
5.566657047244095
 21
-4.3380628740157476
 31
0
  0
LINE
  5
1EE
330
1B
100
AcDbEntity
  8
B.Cu
  6
CONTINUOUS
100
AcDbLine
 10
5.566657047244095
 20
-4.3380628740157476
 30
0
 11
5.573610275590552
 21
-4.3409429527559054
 31
0
  0
LINE
  5
1EF
330
1B
100
AcDbEntity
  8
B.Cu
  6
CONTINUOUS
100
AcDbLine
 10
5.573610275590552
 20
-4.3409429527559054
 30
0
 11
5.579868543307087
 21
-4.3451245669291341
 31
0
  0
LINE
  5
1F0
330
1B
100
AcDbEntity
  8
B.Cu
  6
CONTINUOUS
100
AcDbLine
 10
5.579868543307087
 20
-4.3451245669291341
 30
0
 11
5.585190393700788
 21
-4.3504464173228348
 31
0
  0
LINE
  5
1F1
330
1B
100
AcDbEntity
  8
B.Cu
  6
CONTINUOUS
100
AcDbLine
 10
5.585190393700788
 20
-4.3504464173228348
 30
0
 11
5.589372007874016
 21
-4.3567046850393698
 31
0
  0
LINE
  5
1F2
330
1B
100
AcDbEntity
  8
B.Cu
  6
CONTINUOUS
100
AcDbLine
 10
5.589372007874016
 20
-4.3567046850393698
 30
0
 11
5.592252086614174
 21
-4.3636579133858264
 31
0
  0
LINE
  5
1F3
330
1B
100
AcDbEntity
  8
B.Cu
  6
CONTINUOUS
100
AcDbLine
 10
5.592252086614174
 20
-4.3636579133858264
 30
0
 11
5.59225220472441
 21
-4.363658307086614
 31
0
  0
LINE
  5
1F4
330
1B
100
AcDbEntity
  8
B.Cu
  6
CONTINUOUS
100
AcDbLine
 10
5.59225220472441
 20
-4.363658307086614
 30
0
 11
5.593720472440945
 21
-4.3710398031496061
 31
0
  0
LINE
  5
1F5
330
1B
100
AcDbEntity
  8
B.Cu
  6
CONTINUOUS
100
AcDbLine
 10
5.593720472440945
 20
-4.3710398031496061
 30
0
 11
5.593720472440945
 21
-4.3710399212598423
 31
0
  0
LINE
  5
1F6
330
1B
100
AcDbEntity
  8
B.Cu
  6
CONTINUOUS
100
AcDbLine
 10
5.593720472440945
 20
-4.3710399212598423
 30
0
 11
5.593720472440945
 21
-4.3785663779527555
 31
0
  0
LINE
  5
1F7
330
1B
100
AcDbEntity
  8
B.Cu
  6
CONTINUOUS
100
AcDbLine
 10
5.593720472440945
 20
-4.3785663779527555
 30
0
 11
5.593720472440945
 21
-4.378566456692913
 31
0
  0
LINE
  5
1F8
330
1B
100
AcDbEntity
  8
B.Cu
  6
CONTINUOUS
100
AcDbLine
 10
5.593720472440945
 20
-4.378566456692913
 30
0
 11
5.593720511811024
 21
-4.378566456692913
 31
0
  0
LINE
  5
1F9
330
1B
100
AcDbEntity
  8
B.Cu
  6
CONTINUOUS
100
AcDbLine
 10
5.593720511811024
 20
-4.378566456692913
 30
0
 11
5.59225220472441
 21
-4.3859479527559051
 31
0
  0
LINE
  5
1FA
330
1B
100
AcDbEntity
  8
B.Cu
  6
CONTINUOUS
100
AcDbLine
 10
5.958002283464568
 20
-3.0601024015748033
 30
0
 11
5.951941456692913
 21
-3.0626128740157479
 31
0
  0
LINE
  5
1FB
330
1B
100
AcDbEntity
  8
B.Cu
  6
CONTINUOUS
100
AcDbLine
 10
5.951941456692913
 20
-3.0626128740157479
 30
0
 11
5.946486850393701
 21
-3.0662575196850392
 31
0
  0
LINE
  5
1FC
330
1B
100
AcDbEntity
  8
B.Cu
  6
CONTINUOUS
100
AcDbLine
 10
5.946486850393701
 20
-3.0662575196850392
 30
0
 11
5.9418480708661425
 21
-3.0708962992125985
 31
0
  0
LINE
  5
1FD
330
1B
100
AcDbEntity
  8
B.Cu
  6
CONTINUOUS
100
AcDbLine
 10
5.9418480708661425
 20
-3.0708962992125985
 30
0
 11
5.938203425196851
 21
-3.076350905511811
 31
0
  0
LINE
  5
1FE
330
1B
100
AcDbEntity
  8
B.Cu
  6
CONTINUOUS
100
AcDbLine
 10
5.938203425196851
 20
-3.076350905511811
 30
0
 11
5.935692952755906
 21
-3.0824117322834645
 31
0
  0
LINE
  5
1FF
330
1B
100
AcDbEntity
  8
B.Cu
  6
CONTINUOUS
100
AcDbLine
 10
5.935692952755906
 20
-3.0824117322834645
 30
0
 11
5.934413110236221
 21
-3.0888458661417322
 31
0
  0
LINE
  5
200
330
1B
100
AcDbEntity
  8
B.Cu
  6
CONTINUOUS
100
AcDbLine
 10
5.934413110236221
 20
-3.0888458661417322
 30
0
 11
5.934413110236221
 21
-3.0954061023622046
 31
0
  0
LINE
  5
201
330
1B
100
AcDbEntity
  8
B.Cu
  6
CONTINUOUS
100
AcDbLine
 10
5.934413110236221
 20
-3.0954061023622046
 30
0
 11
5.935692952755906
 21
-3.1018402362204722
 31
0
  0
LINE
  5
202
330
1B
100
AcDbEntity
  8
B.Cu
  6
CONTINUOUS
100
AcDbLine
 10
5.935692952755906
 20
-3.1018402362204722
 30
0
 11
5.938203425196851
 21
-3.1079010629921258
 31
0
  0
LINE
  5
203
330
1B
100
AcDbEntity
  8
B.Cu
  6
CONTINUOUS
100
AcDbLine
 10
5.938203425196851
 20
-3.1079010629921258
 30
0
 11
5.9418480708661425
 21
-3.1133556692913387
 31
0
  0
LINE
  5
204
330
1B
100
AcDbEntity
  8
B.Cu
  6
CONTINUOUS
100
AcDbLine
 10
5.9418480708661425
 20
-3.1133556692913387
 30
0
 11
5.946486850393701
 21
-3.1179944488188975
 31
0
  0
LINE
  5
205
330
1B
100
AcDbEntity
  8
B.Cu
  6
CONTINUOUS
100
AcDbLine
 10
5.946486850393701
 20
-3.1179944488188975
 30
0
 11
5.951941456692913
 21
-3.1216390944881889
 31
0
  0
LINE
  5
206
330
1B
100
AcDbEntity
  8
B.Cu
  6
CONTINUOUS
100
AcDbLine
 10
5.951941456692913
 20
-3.1216390944881889
 30
0
 11
5.952755905511811
 21
-3.1219764173228346
 31
0
  0
LINE
  5
207
330
1B
100
AcDbEntity
  8
B.Cu
  6
CONTINUOUS
100
AcDbLine
 10
5.952755905511811
 20
-3.1219764173228346
 30
0
 11
5.952755905511811
 21
-3.1840840944881887
 31
0
  0
LINE
  5
208
330
1B
100
AcDbEntity
  8
B.Cu
  6
CONTINUOUS
100
AcDbLine
 10
5.952755905511811
 20
-3.1840840944881887
 30
0
 11
5.897160157480315
 21
-3.2396798425196849
 31
0
  0
LINE
  5
209
330
1B
100
AcDbEntity
  8
B.Cu
  6
CONTINUOUS
100
AcDbLine
 10
5.897160157480315
 20
-3.2396798425196849
 30
0
 11
5.8961414960629925
 21
-3.2408414173228346
 31
0
  0
LINE
  5
20A
330
1B
100
AcDbEntity
  8
B.Cu
  6
CONTINUOUS
100
AcDbLine
 10
5.8961414960629925
 20
-3.2408414173228346
 30
0
 11
5.8945998425196855
 21
-3.2435116141732281
 31
0
  0
LINE
  5
20B
330
1B
100
AcDbEntity
  8
B.Cu
  6
CONTINUOUS
100
AcDbLine
 10
5.8945998425196855
 20
-3.2435116141732281
 30
0
 11
5.893801850393701
 21
-3.2464898425196851
 31
0
  0
LINE
  5
20C
330
1B
100
AcDbEntity
  8
B.Cu
  6
CONTINUOUS
100
AcDbLine
 10
5.893801850393701
 20
-3.2464898425196851
 30
0
 11
5.893700787401575
 21
-3.2480314960629921
 31
0
  0
LINE
  5
20D
330
1B
100
AcDbEntity
  8
B.Cu
  6
CONTINUOUS
100
AcDbLine
 10
5.893700787401575
 20
-3.2480314960629921
 30
0
 11
5.893700787401575
 21
-3.7147223622047245
 31
0
  0
LINE
  5
20E
330
1B
100
AcDbEntity
  8
B.Cu
  6
CONTINUOUS
100
AcDbLine
 10
5.893700787401575
 20
-3.7147223622047245
 30
0
 11
5.893801850393701
 21
-3.7162640157480316
 31
0
  0
LINE
  5
20F
330
1B
100
AcDbEntity
  8
B.Cu
  6
CONTINUOUS
100
AcDbLine
 10
5.893801850393701
 20
-3.7162640157480316
 30
0
 11
5.8945998425196855
 21
-3.7192422440944881
 31
0
  0
LINE
  5
210
330
1B
100
AcDbEntity
  8
B.Cu
  6
CONTINUOUS
100
AcDbLine
 10
5.8945998425196855
 20
-3.7192422440944881
 30
0
 11
5.8961414960629925
 21
-3.7219124409448816
 31
0
  0
LINE
  5
211
330
1B
100
AcDbEntity
  8
B.Cu
  6
CONTINUOUS
100
AcDbLine
 10
5.8961414960629925
 20
-3.7219124409448816
 30
0
 11
5.897637795275591
 21
-3.7234087401574802
 31
0
  0
LINE
  5
212
330
1B
100
AcDbEntity
  8
B.Cu
  6
CONTINUOUS
100
AcDbLine
 10
5.897637795275591
 20
-3.7234087401574802
 30
0
 11
5.897637795275591
 21
-3.8261975590551178
 31
0
  0
LINE
  5
213
330
1B
100
AcDbEntity
  8
B.Cu
  6
CONTINUOUS
100
AcDbLine
 10
5.897637795275591
 20
-3.8261975590551178
 30
0
 11
5.8961414960629925
 21
-3.8276938582677165
 31
0
  0
LINE
  5
214
330
1B
100
AcDbEntity
  8
B.Cu
  6
CONTINUOUS
100
AcDbLine
 10
5.8961414960629925
 20
-3.8276938582677165
 30
0
 11
5.8945998425196855
 21
-3.83036405511811
 31
0
  0
LINE
  5
215
330
1B
100
AcDbEntity
  8
B.Cu
  6
CONTINUOUS
100
AcDbLine
 10
5.8945998425196855
 20
-3.83036405511811
 30
0
 11
5.893801850393701
 21
-3.833342283464567
 31
0
  0
LINE
  5
216
330
1B
100
AcDbEntity
  8
B.Cu
  6
CONTINUOUS
100
AcDbLine
 10
5.893801850393701
 20
-3.833342283464567
 30
0
 11
5.893700787401575
 21
-3.834883937007874
 31
0
  0
LINE
  5
217
330
1B
100
AcDbEntity
  8
B.Cu
  6
CONTINUOUS
100
AcDbLine
 10
5.893700787401575
 20
-3.834883937007874
 30
0
 11
5.893700787401575
 21
-3.9370078740157481
 31
0
  0
LINE
  5
218
330
1B
100
AcDbEntity
  8
B.Cu
  6
CONTINUOUS
100
AcDbLine
 10
5.893700787401575
 20
-3.9370078740157481
 30
0
 11
5.893801850393701
 21
-3.9385495275590552
 31
0
  0
LINE
  5
219
330
1B
100
AcDbEntity
  8
B.Cu
  6
CONTINUOUS
100
AcDbLine
 10
5.893801850393701
 20
-3.9385495275590552
 30
0
 11
5.8945998425196855
 21
-3.9415277559055117
 31
0
  0
LINE
  5
21A
330
1B
100
AcDbEntity
  8
B.Cu
  6
CONTINUOUS
100
AcDbLine
 10
5.8945998425196855
 20
-3.9415277559055117
 30
0
 11
5.8961414960629925
 21
-3.9441979527559052
 31
0
  0
LINE
  5
21B
330
1B
100
AcDbEntity
  8
B.Cu
  6
CONTINUOUS
100
AcDbLine
 10
5.8961414960629925
 20
-3.9441979527559052
 30
0
 11
5.897160157480315
 21
-3.9453595275590549
 31
0
  0
LINE
  5
21C
330
1B
100
AcDbEntity
  8
B.Cu
  6
CONTINUOUS
100
AcDbLine
 10
5.897160157480315
 20
-3.9453595275590549
 30
0
 11
6.2437007874015755
 21
-4.2919001574803151
 31
0
  0
LINE
  5
21D
330
1B
100
AcDbEntity
  8
B.Cu
  6
CONTINUOUS
100
AcDbLine
 10
6.2437007874015755
 20
-4.2919001574803151
 30
0
 11
6.2437007874015755
 21
-4.3390022047244097
 31
0
  0
LINE
  5
21E
330
1B
100
AcDbEntity
  8
B.Cu
  6
CONTINUOUS
100
AcDbLine
 10
6.2437007874015755
 20
-4.3390022047244097
 30
0
 11
6.24185062992126
 21
-4.3400704330708662
 31
0
  0
LINE
  5
21F
330
1B
100
AcDbEntity
  8
B.Cu
  6
CONTINUOUS
100
AcDbLine
 10
6.24185062992126
 20
-4.3400704330708662
 30
0
 11
6.237708228346457
 21
-4.3442128346456688
 31
0
  0
LINE
  5
220
330
1B
100
AcDbEntity
  8
B.Cu
  6
CONTINUOUS
100
AcDbLine
 10
6.237708228346457
 20
-4.3442128346456688
 30
0
 11
6.234779094488189
 21
-4.3492862204724405
 31
0
  0
LINE
  5
221
330
1B
100
AcDbEntity
  8
B.Cu
  6
CONTINUOUS
100
AcDbLine
 10
6.234779094488189
 20
-4.3492862204724405
 30
0
 11
6.23326283464567
 21
-4.3549448818897636
 31
0
  0
LINE
  5
222
330
1B
100
AcDbEntity
  8
B.Cu
  6
CONTINUOUS
100
AcDbLine
 10
6.23326283464567
 20
-4.3549448818897636
 30
0
 11
6.233070866141733
 21
-4.3578740157480311
 31
0
  0
LINE
  5
223
330
1B
100
AcDbEntity
  8
B.Cu
  6
CONTINUOUS
100
AcDbLine
 10
6.233070866141733
 20
-4.3578740157480311
 30
0
 11
6.233070866141733
 21
-4.3917322834645667
 31
0
  0
LINE
  5
224
330
1B
100
AcDbEntity
  8
B.Cu
  6
CONTINUOUS
100
AcDbLine
 10
6.233070866141733
 20
-4.3917322834645667
 30
0
 11
6.23326283464567
 21
-4.3946614173228342
 31
0
  0
LINE
  5
225
330
1B
100
AcDbEntity
  8
B.Cu
  6
CONTINUOUS
100
AcDbLine
 10
6.23326283464567
 20
-4.3946614173228342
 30
0
 11
6.234779094488189
 21
-4.4003200787401573
 31
0
  0
LINE
  5
226
330
1B
100
AcDbEntity
  8
B.Cu
  6
CONTINUOUS
100
AcDbLine
 10
6.234779094488189
 20
-4.4003200787401573
 30
0
 11
6.237708228346457
 21
-4.405393464566929
 31
0
  0
LINE
  5
227
330
1B
100
AcDbEntity
  8
B.Cu
  6
CONTINUOUS
100
AcDbLine
 10
6.237708228346457
 20
-4.405393464566929
 30
0
 11
6.24185062992126
 21
-4.4095358661417325
 31
0
  0
LINE
  5
228
330
1B
100
AcDbEntity
  8
B.Cu
  6
CONTINUOUS
100
AcDbLine
 10
6.24185062992126
 20
-4.4095358661417325
 30
0
 11
6.246924015748032
 21
-4.4124650000000001
 31
0
  0
LINE
  5
229
330
1B
100
AcDbEntity
  8
B.Cu
  6
CONTINUOUS
100
AcDbLine
 10
6.246924015748032
 20
-4.4124650000000001
 30
0
 11
6.252582677165355
 21
-4.4139812598425197
 31
0
  0
LINE
  5
22A
330
1B
100
AcDbEntity
  8
B.Cu
  6
CONTINUOUS
100
AcDbLine
 10
6.252582677165355
 20
-4.4139812598425197
 30
0
 11
6.25844094488189
 21
-4.4139812598425197
 31
0
  0
LINE
  5
22B
330
1B
100
AcDbEntity
  8
B.Cu
  6
CONTINUOUS
100
AcDbLine
 10
6.25844094488189
 20
-4.4139812598425197
 30
0
 11
6.264099606299213
 21
-4.4124650000000001
 31
0
  0
LINE
  5
22C
330
1B
100
AcDbEntity
  8
B.Cu
  6
CONTINUOUS
100
AcDbLine
 10
6.264099606299213
 20
-4.4124650000000001
 30
0
 11
6.269172992125985
 21
-4.4095358661417325
 31
0
  0
LINE
  5
22D
330
1B
100
AcDbEntity
  8
B.Cu
  6
CONTINUOUS
100
AcDbLine
 10
6.269172992125985
 20
-4.4095358661417325
 30
0
 11
6.273315393700788
 21
-4.405393464566929
 31
0
  0
LINE
  5
22E
330
1B
100
AcDbEntity
  8
B.Cu
  6
CONTINUOUS
100
AcDbLine
 10
6.273315393700788
 20
-4.405393464566929
 30
0
 11
6.276244527559055
 21
-4.4003200787401573
 31
0
  0
LINE
  5
22F
330
1B
100
AcDbEntity
  8
B.Cu
  6
CONTINUOUS
100
AcDbLine
 10
6.276244527559055
 20
-4.4003200787401573
 30
0
 11
6.277760787401575
 21
-4.3946614173228342
 31
0
  0
LINE
  5
230
330
1B
100
AcDbEntity
  8
B.Cu
  6
CONTINUOUS
100
AcDbLine
 10
6.277760787401575
 20
-4.3946614173228342
 30
0
 11
6.277952755905512
 21
-4.3917322834645667
 31
0
  0
LINE
  5
231
330
1B
100
AcDbEntity
  8
B.Cu
  6
CONTINUOUS
100
AcDbLine
 10
6.277952755905512
 20
-4.3917322834645667
 30
0
 11
6.277952755905512
 21
-4.3578740157480311
 31
0
  0
LINE
  5
232
330
1B
100
AcDbEntity
  8
B.Cu
  6
CONTINUOUS
100
AcDbLine
 10
6.277952755905512
 20
-4.3578740157480311
 30
0
 11
6.277760787401575
 21
-4.3549448818897636
 31
0
  0
LINE
  5
233
330
1B
100
AcDbEntity
  8
B.Cu
  6
CONTINUOUS
100
AcDbLine
 10
6.277760787401575
 20
-4.3549448818897636
 30
0
 11
6.276244527559055
 21
-4.3492862204724405
 31
0
  0
LINE
  5
234
330
1B
100
AcDbEntity
  8
B.Cu
  6
CONTINUOUS
100
AcDbLine
 10
6.276244527559055
 20
-4.3492862204724405
 30
0
 11
6.273315393700788
 21
-4.3442128346456688
 31
0
  0
LINE
  5
235
330
1B
100
AcDbEntity
  8
B.Cu
  6
CONTINUOUS
100
AcDbLine
 10
6.273315393700788
 20
-4.3442128346456688
 30
0
 11
6.269172992125985
 21
-4.3400704330708662
 31
0
  0
LINE
  5
236
330
1B
100
AcDbEntity
  8
B.Cu
  6
CONTINUOUS
100
AcDbLine
 10
6.269172992125985
 20
-4.3400704330708662
 30
0
 11
6.26732283464567
 21
-4.3390022047244097
 31
0
  0
LINE
  5
237
330
1B
100
AcDbEntity
  8
B.Cu
  6
CONTINUOUS
100
AcDbLine
 10
6.26732283464567
 20
-4.3390022047244097
 30
0
 11
6.26732283464567
 21
-4.2870078740157478
 31
0
  0
LINE
  5
238
330
1B
100
AcDbEntity
  8
B.Cu
  6
CONTINUOUS
100
AcDbLine
 10
6.26732283464567
 20
-4.2870078740157478
 30
0
 11
6.267221771653544
 21
-4.2854662204724407
 31
0
  0
LINE
  5
239
330
1B
100
AcDbEntity
  8
B.Cu
  6
CONTINUOUS
100
AcDbLine
 10
6.267221771653544
 20
-4.2854662204724407
 30
0
 11
6.2664237795275595
 21
-4.2824879921259837
 31
0
  0
LINE
  5
23A
330
1B
100
AcDbEntity
  8
B.Cu
  6
CONTINUOUS
100
AcDbLine
 10
6.2664237795275595
 20
-4.2824879921259837
 30
0
 11
6.264882125984252
 21
-4.2798177952755907
 31
0
  0
LINE
  5
23B
330
1B
100
AcDbEntity
  8
B.Cu
  6
CONTINUOUS
100
AcDbLine
 10
6.264882125984252
 20
-4.2798177952755907
 30
0
 11
6.2638634645669296
 21
-4.278656220472441
 31
0
  0
LINE
  5
23C
330
1B
100
AcDbEntity
  8
B.Cu
  6
CONTINUOUS
100
AcDbLine
 10
6.2638634645669296
 20
-4.278656220472441
 30
0
 11
5.917322834645669
 21
-3.9321155905511809
 31
0
  0
LINE
  5
23D
330
1B
100
AcDbEntity
  8
B.Cu
  6
CONTINUOUS
100
AcDbLine
 10
5.917322834645669
 20
-3.9321155905511809
 30
0
 11
5.917322834645669
 21
-3.834883937007874
 31
0
  0
LINE
  5
23E
330
1B
100
AcDbEntity
  8
B.Cu
  6
CONTINUOUS
100
AcDbLine
 10
5.917322834645669
 20
-3.834883937007874
 30
0
 11
5.917221771653543
 21
-3.833342283464567
 31
0
  0
LINE
  5
23F
330
1B
100
AcDbEntity
  8
B.Cu
  6
CONTINUOUS
100
AcDbLine
 10
5.917221771653543
 20
-3.833342283464567
 30
0
 11
5.91642377952756
 21
-3.83036405511811
 31
0
  0
LINE
  5
240
330
1B
100
AcDbEntity
  8
B.Cu
  6
CONTINUOUS
100
AcDbLine
 10
5.91642377952756
 20
-3.83036405511811
 30
0
 11
5.914882125984253
 21
-3.8276938582677165
 31
0
  0
LINE
  5
241
330
1B
100
AcDbEntity
  8
B.Cu
  6
CONTINUOUS
100
AcDbLine
 10
5.914882125984253
 20
-3.8276938582677165
 30
0
 11
5.913385826771654
 21
-3.8261975590551178
 31
0
  0
LINE
  5
242
330
1B
100
AcDbEntity
  8
B.Cu
  6
CONTINUOUS
100
AcDbLine
 10
5.913385826771654
 20
-3.8261975590551178
 30
0
 11
5.913385826771654
 21
-3.7234087401574802
 31
0
  0
LINE
  5
243
330
1B
100
AcDbEntity
  8
B.Cu
  6
CONTINUOUS
100
AcDbLine
 10
5.913385826771654
 20
-3.7234087401574802
 30
0
 11
5.914882125984253
 21
-3.7219124409448816
 31
0
  0
LINE
  5
244
330
1B
100
AcDbEntity
  8
B.Cu
  6
CONTINUOUS
100
AcDbLine
 10
5.914882125984253
 20
-3.7219124409448816
 30
0
 11
5.91642377952756
 21
-3.7192422440944881
 31
0
  0
LINE
  5
245
330
1B
100
AcDbEntity
  8
B.Cu
  6
CONTINUOUS
100
AcDbLine
 10
5.91642377952756
 20
-3.7192422440944881
 30
0
 11
5.917221771653543
 21
-3.7162640157480316
 31
0
  0
LINE
  5
246
330
1B
100
AcDbEntity
  8
B.Cu
  6
CONTINUOUS
100
AcDbLine
 10
5.917221771653543
 20
-3.7162640157480316
 30
0
 11
5.917322834645669
 21
-3.7147223622047245
 31
0
  0
LINE
  5
247
330
1B
100
AcDbEntity
  8
B.Cu
  6
CONTINUOUS
100
AcDbLine
 10
5.917322834645669
 20
-3.7147223622047245
 30
0
 11
5.917322834645669
 21
-3.252923779527559
 31
0
  0
LINE
  5
248
330
1B
100
AcDbEntity
  8
B.Cu
  6
CONTINUOUS
100
AcDbLine
 10
5.917322834645669
 20
-3.252923779527559
 30
0
 11
5.972918582677166
 21
-3.1973280314960628
 31
0
  0
LINE
  5
249
330
1B
100
AcDbEntity
  8
B.Cu
  6
CONTINUOUS
100
AcDbLine
 10
5.972918582677166
 20
-3.1973280314960628
 30
0
 11
5.973937244094489
 21
-3.1961664566929131
 31
0
  0
LINE
  5
24A
330
1B
100
AcDbEntity
  8
B.Cu
  6
CONTINUOUS
100
AcDbLine
 10
5.973937244094489
 20
-3.1961664566929131
 30
0
 11
5.975478897637796
 21
-3.1934962598425196
 31
0
  0
LINE
  5
24B
330
1B
100
AcDbEntity
  8
B.Cu
  6
CONTINUOUS
100
AcDbLine
 10
5.975478897637796
 20
-3.1934962598425196
 30
0
 11
5.97627688976378
 21
-3.1905180314960631
 31
0
  0
LINE
  5
24C
330
1B
100
AcDbEntity
  8
B.Cu
  6
CONTINUOUS
100
AcDbLine
 10
5.97627688976378
 20
-3.1905180314960631
 30
0
 11
5.9763779527559056
 21
-3.188976377952756
 31
0
  0
LINE
  5
24D
330
1B
100
AcDbEntity
  8
B.Cu
  6
CONTINUOUS
100
AcDbLine
 10
5.9763779527559056
 20
-3.188976377952756
 30
0
 11
5.9763779527559056
 21
-3.1243589763779527
 31
0
  0
LINE
  5
24E
330
1B
100
AcDbEntity
  8
B.Cu
  6
CONTINUOUS
100
AcDbLine
 10
5.9763779527559056
 20
-3.1243589763779527
 30
0
 11
5.977430787401575
 21
-3.1241495669291339
 31
0
  0
LINE
  5
24F
330
1B
100
AcDbEntity
  8
B.Cu
  6
CONTINUOUS
100
AcDbLine
 10
5.977430787401575
 20
-3.1241495669291339
 30
0
 11
5.983491614173229
 21
-3.1216390944881889
 31
0
  0
LINE
  5
250
330
1B
100
AcDbEntity
  8
B.Cu
  6
CONTINUOUS
100
AcDbLine
 10
5.983491614173229
 20
-3.1216390944881889
 30
0
 11
5.9889462204724415
 21
-3.1179944488188975
 31
0
  0
LINE
  5
251
330
1B
100
AcDbEntity
  8
B.Cu
  6
CONTINUOUS
100
AcDbLine
 10
5.9889462204724415
 20
-3.1179944488188975
 30
0
 11
5.993585
 21
-3.1133556692913387
 31
0
  0
LINE
  5
252
330
1B
100
AcDbEntity
  8
B.Cu
  6
CONTINUOUS
100
AcDbLine
 10
5.993585
 20
-3.1133556692913387
 30
0
 11
5.997229645669292
 21
-3.1079010629921258
 31
0
  0
LINE
  5
253
330
1B
100
AcDbEntity
  8
B.Cu
  6
CONTINUOUS
100
AcDbLine
 10
5.997229645669292
 20
-3.1079010629921258
 30
0
 11
5.999740118110236
 21
-3.1018402362204722
 31
0
  0
LINE
  5
254
330
1B
100
AcDbEntity
  8
B.Cu
  6
CONTINUOUS
100
AcDbLine
 10
5.999740118110236
 20
-3.1018402362204722
 30
0
 11
6.001019960629922
 21
-3.0954061023622046
 31
0
  0
LINE
  5
255
330
1B
100
AcDbEntity
  8
B.Cu
  6
CONTINUOUS
100
AcDbLine
 10
6.001019960629922
 20
-3.0954061023622046
 30
0
 11
6.001019960629922
 21
-3.0888458661417322
 31
0
  0
LINE
  5
256
330
1B
100
AcDbEntity
  8
B.Cu
  6
CONTINUOUS
100
AcDbLine
 10
6.001019960629922
 20
-3.0888458661417322
 30
0
 11
5.999740118110236
 21
-3.0824117322834645
 31
0
  0
LINE
  5
257
330
1B
100
AcDbEntity
  8
B.Cu
  6
CONTINUOUS
100
AcDbLine
 10
5.999740118110236
 20
-3.0824117322834645
 30
0
 11
5.997229645669292
 21
-3.076350905511811
 31
0
  0
LINE
  5
258
330
1B
100
AcDbEntity
  8
B.Cu
  6
CONTINUOUS
100
AcDbLine
 10
5.997229645669292
 20
-3.076350905511811
 30
0
 11
5.993585
 21
-3.0708962992125985
 31
0
  0
LINE
  5
259
330
1B
100
AcDbEntity
  8
B.Cu
  6
CONTINUOUS
100
AcDbLine
 10
5.993585
 20
-3.0708962992125985
 30
0
 11
5.9889462204724415
 21
-3.0662575196850392
 31
0
  0
LINE
  5
25A
330
1B
100
AcDbEntity
  8
B.Cu
  6
CONTINUOUS
100
AcDbLine
 10
5.9889462204724415
 20
-3.0662575196850392
 30
0
 11
5.983491614173229
 21
-3.0626128740157479
 31
0
  0
LINE
  5
25B
330
1B
100
AcDbEntity
  8
B.Cu
  6
CONTINUOUS
100
AcDbLine
 10
5.983491614173229
 20
-3.0626128740157479
 30
0
 11
5.977430787401575
 21
-3.0601024015748033
 31
0
  0
LINE
  5
25C
330
1B
100
AcDbEntity
  8
B.Cu
  6
CONTINUOUS
100
AcDbLine
 10
5.977430787401575
 20
-3.0601024015748033
 30
0
 11
5.970996653543308
 21
-3.0588225590551179
 31
0
  0
LINE
  5
25D
330
1B
100
AcDbEntity
  8
B.Cu
  6
CONTINUOUS
100
AcDbLine
 10
5.970996653543308
 20
-3.0588225590551179
 30
0
 11
5.964436417322835
 21
-3.0588225590551179
 31
0
  0
LINE
  5
25E
330
1B
100
AcDbEntity
  8
B.Cu
  6
CONTINUOUS
100
AcDbLine
 10
5.964436417322835
 20
-3.0588225590551179
 30
0
 11
5.958002283464568
 21
-3.0601024015748033
 31
0
  0
LINE
  5
25F
330
1B
100
AcDbEntity
  8
B.Cu
  6
CONTINUOUS
100
AcDbLine
 10
5.858002283464567
 20
-3.0601024015748033
 30
0
 11
5.851941456692914
 21
-3.0626128740157479
 31
0
  0
LINE
  5
260
330
1B
100
AcDbEntity
  8
B.Cu
  6
CONTINUOUS
100
AcDbLine
 10
5.851941456692914
 20
-3.0626128740157479
 30
0
 11
5.846486850393701
 21
-3.0662575196850392
 31
0
  0
LINE
  5
261
330
1B
100
AcDbEntity
  8
B.Cu
  6
CONTINUOUS
100
AcDbLine
 10
5.846486850393701
 20
-3.0662575196850392
 30
0
 11
5.841848070866142
 21
-3.0708962992125985
 31
0
  0
LINE
  5
262
330
1B
100
AcDbEntity
  8
B.Cu
  6
CONTINUOUS
100
AcDbLine
 10
5.841848070866142
 20
-3.0708962992125985
 30
0
 11
5.838203425196851
 21
-3.076350905511811
 31
0
  0
LINE
  5
263
330
1B
100
AcDbEntity
  8
B.Cu
  6
CONTINUOUS
100
AcDbLine
 10
5.838203425196851
 20
-3.076350905511811
 30
0
 11
5.835692952755906
 21
-3.0824117322834645
 31
0
  0
LINE
  5
264
330
1B
100
AcDbEntity
  8
B.Cu
  6
CONTINUOUS
100
AcDbLine
 10
5.835692952755906
 20
-3.0824117322834645
 30
0
 11
5.834413110236221
 21
-3.0888458661417322
 31
0
  0
LINE
  5
265
330
1B
100
AcDbEntity
  8
B.Cu
  6
CONTINUOUS
100
AcDbLine
 10
5.834413110236221
 20
-3.0888458661417322
 30
0
 11
5.834413110236221
 21
-3.0954061023622046
 31
0
  0
LINE
  5
266
330
1B
100
AcDbEntity
  8
B.Cu
  6
CONTINUOUS
100
AcDbLine
 10
5.834413110236221
 20
-3.0954061023622046
 30
0
 11
5.835692952755906
 21
-3.1018402362204722
 31
0
  0
LINE
  5
267
330
1B
100
AcDbEntity
  8
B.Cu
  6
CONTINUOUS
100
AcDbLine
 10
5.835692952755906
 20
-3.1018402362204722
 30
0
 11
5.838203425196851
 21
-3.1079010629921258
 31
0
  0
LINE
  5
268
330
1B
100
AcDbEntity
  8
B.Cu
  6
CONTINUOUS
100
AcDbLine
 10
5.838203425196851
 20
-3.1079010629921258
 30
0
 11
5.841848070866142
 21
-3.1133556692913387
 31
0
  0
LINE
  5
269
330
1B
100
AcDbEntity
  8
B.Cu
  6
CONTINUOUS
100
AcDbLine
 10
5.841848070866142
 20
-3.1133556692913387
 30
0
 11
5.846486850393701
 21
-3.1179944488188975
 31
0
  0
LINE
  5
26A
330
1B
100
AcDbEntity
  8
B.Cu
  6
CONTINUOUS
100
AcDbLine
 10
5.846486850393701
 20
-3.1179944488188975
 30
0
 11
5.851941456692914
 21
-3.1216390944881889
 31
0
  0
LINE
  5
26B
330
1B
100
AcDbEntity
  8
B.Cu
  6
CONTINUOUS
100
AcDbLine
 10
5.851941456692914
 20
-3.1216390944881889
 30
0
 11
5.854330708661418
 21
-3.1226287401574804
 31
0
  0
LINE
  5
26C
330
1B
100
AcDbEntity
  8
B.Cu
  6
CONTINUOUS
100
AcDbLine
 10
5.854330708661418
 20
-3.1226287401574804
 30
0
 11
5.854330708661418
 21
-3.1840840944881887
 31
0
  0
LINE
  5
26D
330
1B
100
AcDbEntity
  8
B.Cu
  6
CONTINUOUS
100
AcDbLine
 10
5.854330708661418
 20
-3.1840840944881887
 30
0
 11
5.798734960629922
 21
-3.2396798425196849
 31
0
  0
LINE
  5
26E
330
1B
100
AcDbEntity
  8
B.Cu
  6
CONTINUOUS
100
AcDbLine
 10
5.798734960629922
 20
-3.2396798425196849
 30
0
 11
5.797716299212599
 21
-3.2408414173228346
 31
0
  0
LINE
  5
26F
330
1B
100
AcDbEntity
  8
B.Cu
  6
CONTINUOUS
100
AcDbLine
 10
5.797716299212599
 20
-3.2408414173228346
 30
0
 11
5.796174645669292
 21
-3.2435116141732281
 31
0
  0
LINE
  5
270
330
1B
100
AcDbEntity
  8
B.Cu
  6
CONTINUOUS
100
AcDbLine
 10
5.796174645669292
 20
-3.2435116141732281
 30
0
 11
5.7953766535433076
 21
-3.2464898425196851
 31
0
  0
LINE
  5
271
330
1B
100
AcDbEntity
  8
B.Cu
  6
CONTINUOUS
100
AcDbLine
 10
5.7953766535433076
 20
-3.2464898425196851
 30
0
 11
5.7952755905511815
 21
-3.2480314960629921
 31
0
  0
LINE
  5
272
330
1B
100
AcDbEntity
  8
B.Cu
  6
CONTINUOUS
100
AcDbLine
 10
5.7952755905511815
 20
-3.2480314960629921
 30
0
 11
5.7952755905511815
 21
-3.713147559055118
 31
0
  0
LINE
  5
273
330
1B
100
AcDbEntity
  8
B.Cu
  6
CONTINUOUS
100
AcDbLine
 10
5.7952755905511815
 20
-3.713147559055118
 30
0
 11
5.7953766535433076
 21
-3.714689212598425
 31
0
  0
LINE
  5
274
330
1B
100
AcDbEntity
  8
B.Cu
  6
CONTINUOUS
100
AcDbLine
 10
5.7953766535433076
 20
-3.714689212598425
 30
0
 11
5.796174645669292
 21
-3.717667440944882
 31
0
  0
LINE
  5
275
330
1B
100
AcDbEntity
  8
B.Cu
  6
CONTINUOUS
100
AcDbLine
 10
5.796174645669292
 20
-3.717667440944882
 30
0
 11
5.797716299212599
 21
-3.7203376377952755
 31
0
  0
LINE
  5
276
330
1B
100
AcDbEntity
  8
B.Cu
  6
CONTINUOUS
100
AcDbLine
 10
5.797716299212599
 20
-3.7203376377952755
 30
0
 11
5.799212598425197
 21
-3.7218339370078741
 31
0
  0
LINE
  5
277
330
1B
100
AcDbEntity
  8
B.Cu
  6
CONTINUOUS
100
AcDbLine
 10
5.799212598425197
 20
-3.7218339370078741
 30
0
 11
5.799212598425197
 21
-3.8277723622047244
 31
0
  0
LINE
  5
278
330
1B
100
AcDbEntity
  8
B.Cu
  6
CONTINUOUS
100
AcDbLine
 10
5.799212598425197
 20
-3.8277723622047244
 30
0
 11
5.797716299212599
 21
-3.8292686614173226
 31
0
  0
LINE
  5
279
330
1B
100
AcDbEntity
  8
B.Cu
  6
CONTINUOUS
100
AcDbLine
 10
5.797716299212599
 20
-3.8292686614173226
 30
0
 11
5.796174645669292
 21
-3.8319388582677165
 31
0
  0
LINE
  5
27A
330
1B
100
AcDbEntity
  8
B.Cu
  6
CONTINUOUS
100
AcDbLine
 10
5.796174645669292
 20
-3.8319388582677165
 30
0
 11
5.7953766535433076
 21
-3.8349170866141731
 31
0
  0
LINE
  5
27B
330
1B
100
AcDbEntity
  8
B.Cu
  6
CONTINUOUS
100
AcDbLine
 10
5.7953766535433076
 20
-3.8349170866141731
 30
0
 11
5.7952755905511815
 21
-3.8364587401574801
 31
0
  0
LINE
  5
27C
330
1B
100
AcDbEntity
  8
B.Cu
  6
CONTINUOUS
100
AcDbLine
 10
5.7952755905511815
 20
-3.8364587401574801
 30
0
 11
5.7952755905511815
 21
-4.0212598425196848
 31
0
  0
LINE
  5
27D
330
1B
100
AcDbEntity
  8
B.Cu
  6
CONTINUOUS
100
AcDbLine
 10
5.7952755905511815
 20
-4.0212598425196848
 30
0
 11
5.7953766535433076
 21
-4.0228014960629919
 31
0
  0
LINE
  5
27E
330
1B
100
AcDbEntity
  8
B.Cu
  6
CONTINUOUS
100
AcDbLine
 10
5.7953766535433076
 20
-4.0228014960629919
 30
0
 11
5.796174645669292
 21
-4.0257797244094489
 31
0
  0
LINE
  5
27F
330
1B
100
AcDbEntity
  8
B.Cu
  6
CONTINUOUS
100
AcDbLine
 10
5.796174645669292
 20
-4.0257797244094489
 30
0
 11
5.797716299212599
 21
-4.0284499212598428
 31
0
  0
LINE
  5
280
330
1B
100
AcDbEntity
  8
B.Cu
  6
CONTINUOUS
100
AcDbLine
 10
5.797716299212599
 20
-4.0284499212598428
 30
0
 11
5.798734960629922
 21
-4.0296114960629916
 31
0
  0
LINE
  5
281
330
1B
100
AcDbEntity
  8
B.Cu
  6
CONTINUOUS
100
AcDbLine
 10
5.798734960629922
 20
-4.0296114960629916
 30
0
 11
6.043700787401575
 21
-4.274577322834646
 31
0
  0
LINE
  5
282
330
1B
100
AcDbEntity
  8
B.Cu
  6
CONTINUOUS
100
AcDbLine
 10
6.043700787401575
 20
-4.274577322834646
 30
0
 11
6.043700787401575
 21
-4.3390022047244097
 31
0
  0
LINE
  5
283
330
1B
100
AcDbEntity
  8
B.Cu
  6
CONTINUOUS
100
AcDbLine
 10
6.043700787401575
 20
-4.3390022047244097
 30
0
 11
6.04185062992126
 21
-4.3400704330708662
 31
0
  0
LINE
  5
284
330
1B
100
AcDbEntity
  8
B.Cu
  6
CONTINUOUS
100
AcDbLine
 10
6.04185062992126
 20
-4.3400704330708662
 30
0
 11
6.037708228346458
 21
-4.3442128346456688
 31
0
  0
LINE
  5
285
330
1B
100
AcDbEntity
  8
B.Cu
  6
CONTINUOUS
100
AcDbLine
 10
6.037708228346458
 20
-4.3442128346456688
 30
0
 11
6.034779094488189
 21
-4.3492862204724405
 31
0
  0
LINE
  5
286
330
1B
100
AcDbEntity
  8
B.Cu
  6
CONTINUOUS
100
AcDbLine
 10
6.034779094488189
 20
-4.3492862204724405
 30
0
 11
6.03326283464567
 21
-4.3549448818897636
 31
0
  0
LINE
  5
287
330
1B
100
AcDbEntity
  8
B.Cu
  6
CONTINUOUS
100
AcDbLine
 10
6.03326283464567
 20
-4.3549448818897636
 30
0
 11
6.033070866141733
 21
-4.3578740157480311
 31
0
  0
LINE
  5
288
330
1B
100
AcDbEntity
  8
B.Cu
  6
CONTINUOUS
100
AcDbLine
 10
6.033070866141733
 20
-4.3578740157480311
 30
0
 11
6.033070866141733
 21
-4.3917322834645667
 31
0
  0
LINE
  5
289
330
1B
100
AcDbEntity
  8
B.Cu
  6
CONTINUOUS
100
AcDbLine
 10
6.033070866141733
 20
-4.3917322834645667
 30
0
 11
6.03326283464567
 21
-4.3946614173228342
 31
0
  0
LINE
  5
28A
330
1B
100
AcDbEntity
  8
B.Cu
  6
CONTINUOUS
100
AcDbLine
 10
6.03326283464567
 20
-4.3946614173228342
 30
0
 11
6.034779094488189
 21
-4.4003200787401573
 31
0
  0
LINE
  5
28B
330
1B
100
AcDbEntity
  8
B.Cu
  6
CONTINUOUS
100
AcDbLine
 10
6.034779094488189
 20
-4.4003200787401573
 30
0
 11
6.037708228346458
 21
-4.405393464566929
 31
0
  0
LINE
  5
28C
330
1B
100
AcDbEntity
  8
B.Cu
  6
CONTINUOUS
100
AcDbLine
 10
6.037708228346458
 20
-4.405393464566929
 30
0
 11
6.04185062992126
 21
-4.4095358661417325
 31
0
  0
LINE
  5
28D
330
1B
100
AcDbEntity
  8
B.Cu
  6
CONTINUOUS
100
AcDbLine
 10
6.04185062992126
 20
-4.4095358661417325
 30
0
 11
6.046924015748032
 21
-4.4124650000000001
 31
0
  0
LINE
  5
28E
330
1B
100
AcDbEntity
  8
B.Cu
  6
CONTINUOUS
100
AcDbLine
 10
6.046924015748032
 20
-4.4124650000000001
 30
0
 11
6.052582677165355
 21
-4.4139812598425197
 31
0
  0
LINE
  5
28F
330
1B
100
AcDbEntity
  8
B.Cu
  6
CONTINUOUS
100
AcDbLine
 10
6.052582677165355
 20
-4.4139812598425197
 30
0
 11
6.05844094488189
 21
-4.4139812598425197
 31
0
  0
LINE
  5
290
330
1B
100
AcDbEntity
  8
B.Cu
  6
CONTINUOUS
100
AcDbLine
 10
6.05844094488189
 20
-4.4139812598425197
 30
0
 11
6.064099606299213
 21
-4.4124650000000001
 31
0
  0
LINE
  5
291
330
1B
100
AcDbEntity
  8
B.Cu
  6
CONTINUOUS
100
AcDbLine
 10
6.064099606299213
 20
-4.4124650000000001
 30
0
 11
6.069172992125985
 21
-4.4095358661417325
 31
0
  0
LINE
  5
292
330
1B
100
AcDbEntity
  8
B.Cu
  6
CONTINUOUS
100
AcDbLine
 10
6.069172992125985
 20
-4.4095358661417325
 30
0
 11
6.0733153937007875
 21
-4.405393464566929
 31
0
  0
LINE
  5
293
330
1B
100
AcDbEntity
  8
B.Cu
  6
CONTINUOUS
100
AcDbLine
 10
6.0733153937007875
 20
-4.405393464566929
 30
0
 11
6.076244527559056
 21
-4.4003200787401573
 31
0
  0
LINE
  5
294
330
1B
100
AcDbEntity
  8
B.Cu
  6
CONTINUOUS
100
AcDbLine
 10
6.076244527559056
 20
-4.4003200787401573
 30
0
 11
6.0777607874015755
 21
-4.3946614173228342
 31
0
  0
LINE
  5
295
330
1B
100
AcDbEntity
  8
B.Cu
  6
CONTINUOUS
100
AcDbLine
 10
6.0777607874015755
 20
-4.3946614173228342
 30
0
 11
6.077952755905512
 21
-4.3917322834645667
 31
0
  0
LINE
  5
296
330
1B
100
AcDbEntity
  8
B.Cu
  6
CONTINUOUS
100
AcDbLine
 10
6.077952755905512
 20
-4.3917322834645667
 30
0
 11
6.077952755905512
 21
-4.3578740157480311
 31
0
  0
LINE
  5
297
330
1B
100
AcDbEntity
  8
B.Cu
  6
CONTINUOUS
100
AcDbLine
 10
6.077952755905512
 20
-4.3578740157480311
 30
0
 11
6.0777607874015755
 21
-4.3549448818897636
 31
0
  0
LINE
  5
298
330
1B
100
AcDbEntity
  8
B.Cu
  6
CONTINUOUS
100
AcDbLine
 10
6.0777607874015755
 20
-4.3549448818897636
 30
0
 11
6.076244527559056
 21
-4.3492862204724405
 31
0
  0
LINE
  5
299
330
1B
100
AcDbEntity
  8
B.Cu
  6
CONTINUOUS
100
AcDbLine
 10
6.076244527559056
 20
-4.3492862204724405
 30
0
 11
6.0733153937007875
 21
-4.3442128346456688
 31
0
  0
LINE
  5
29A
330
1B
100
AcDbEntity
  8
B.Cu
  6
CONTINUOUS
100
AcDbLine
 10
6.0733153937007875
 20
-4.3442128346456688
 30
0
 11
6.069172992125985
 21
-4.3400704330708662
 31
0
  0
LINE
  5
29B
330
1B
100
AcDbEntity
  8
B.Cu
  6
CONTINUOUS
100
AcDbLine
 10
6.069172992125985
 20
-4.3400704330708662
 30
0
 11
6.06732283464567
 21
-4.3390022047244097
 31
0
  0
LINE
  5
29C
330
1B
100
AcDbEntity
  8
B.Cu
  6
CONTINUOUS
100
AcDbLine
 10
6.06732283464567
 20
-4.3390022047244097
 30
0
 11
6.06732283464567
 21
-4.2696850393700787
 31
0
  0
LINE
  5
29D
330
1B
100
AcDbEntity
  8
B.Cu
  6
CONTINUOUS
100
AcDbLine
 10
6.06732283464567
 20
-4.2696850393700787
 30
0
 11
6.067221771653544
 21
-4.2681433858267717
 31
0
  0
LINE
  5
29E
330
1B
100
AcDbEntity
  8
B.Cu
  6
CONTINUOUS
100
AcDbLine
 10
6.067221771653544
 20
-4.2681433858267717
 30
0
 11
6.066423779527559
 21
-4.2651651574803147
 31
0
  0
LINE
  5
29F
330
1B
100
AcDbEntity
  8
B.Cu
  6
CONTINUOUS
100
AcDbLine
 10
6.066423779527559
 20
-4.2651651574803147
 30
0
 11
6.064882125984252
 21
-4.2624949606299207
 31
0
  0
LINE
  5
2A0
330
1B
100
AcDbEntity
  8
B.Cu
  6
CONTINUOUS
100
AcDbLine
 10
6.064882125984252
 20
-4.2624949606299207
 30
0
 11
6.063863464566929
 21
-4.2613333858267719
 31
0
  0
LINE
  5
2A1
330
1B
100
AcDbEntity
  8
B.Cu
  6
CONTINUOUS
100
AcDbLine
 10
6.063863464566929
 20
-4.2613333858267719
 30
0
 11
5.818897637795276
 21
-4.0163675590551184
 31
0
  0
LINE
  5
2A2
330
1B
100
AcDbEntity
  8
B.Cu
  6
CONTINUOUS
100
AcDbLine
 10
5.818897637795276
 20
-4.0163675590551184
 30
0
 11
5.818897637795276
 21
-3.8364587401574801
 31
0
  0
LINE
  5
2A3
330
1B
100
AcDbEntity
  8
B.Cu
  6
CONTINUOUS
100
AcDbLine
 10
5.818897637795276
 20
-3.8364587401574801
 30
0
 11
5.81879657480315
 21
-3.8349170866141731
 31
0
  0
LINE
  5
2A4
330
1B
100
AcDbEntity
  8
B.Cu
  6
CONTINUOUS
100
AcDbLine
 10
5.81879657480315
 20
-3.8349170866141731
 30
0
 11
5.817998582677165
 21
-3.8319388582677165
 31
0
  0
LINE
  5
2A5
330
1B
100
AcDbEntity
  8
B.Cu
  6
CONTINUOUS
100
AcDbLine
 10
5.817998582677165
 20
-3.8319388582677165
 30
0
 11
5.816456929133858
 21
-3.8292686614173226
 31
0
  0
LINE
  5
2A6
330
1B
100
AcDbEntity
  8
B.Cu
  6
CONTINUOUS
100
AcDbLine
 10
5.816456929133858
 20
-3.8292686614173226
 30
0
 11
5.81496062992126
 21
-3.8277723622047244
 31
0
  0
LINE
  5
2A7
330
1B
100
AcDbEntity
  8
B.Cu
  6
CONTINUOUS
100
AcDbLine
 10
5.81496062992126
 20
-3.8277723622047244
 30
0
 11
5.81496062992126
 21
-3.7218339370078741
 31
0
  0
LINE
  5
2A8
330
1B
100
AcDbEntity
  8
B.Cu
  6
CONTINUOUS
100
AcDbLine
 10
5.81496062992126
 20
-3.7218339370078741
 30
0
 11
5.816456929133858
 21
-3.7203376377952755
 31
0
  0
LINE
  5
2A9
330
1B
100
AcDbEntity
  8
B.Cu
  6
CONTINUOUS
100
AcDbLine
 10
5.816456929133858
 20
-3.7203376377952755
 30
0
 11
5.817998582677165
 21
-3.717667440944882
 31
0
  0
LINE
  5
2AA
330
1B
100
AcDbEntity
  8
B.Cu
  6
CONTINUOUS
100
AcDbLine
 10
5.817998582677165
 20
-3.717667440944882
 30
0
 11
5.81879657480315
 21
-3.714689212598425
 31
0
  0
LINE
  5
2AB
330
1B
100
AcDbEntity
  8
B.Cu
  6
CONTINUOUS
100
AcDbLine
 10
5.81879657480315
 20
-3.714689212598425
 30
0
 11
5.818897637795276
 21
-3.713147559055118
 31
0
  0
LINE
  5
2AC
330
1B
100
AcDbEntity
  8
B.Cu
  6
CONTINUOUS
100
AcDbLine
 10
5.818897637795276
 20
-3.713147559055118
 30
0
 11
5.818897637795276
 21
-3.252923779527559
 31
0
  0
LINE
  5
2AD
330
1B
100
AcDbEntity
  8
B.Cu
  6
CONTINUOUS
100
AcDbLine
 10
5.818897637795276
 20
-3.252923779527559
 30
0
 11
5.8744933858267725
 21
-3.1973280314960628
 31
0
  0
LINE
  5
2AE
330
1B
100
AcDbEntity
  8
B.Cu
  6
CONTINUOUS
100
AcDbLine
 10
5.8744933858267725
 20
-3.1973280314960628
 30
0
 11
5.875512047244095
 21
-3.1961664566929131
 31
0
  0
LINE
  5
2AF
330
1B
100
AcDbEntity
  8
B.Cu
  6
CONTINUOUS
100
AcDbLine
 10
5.875512047244095
 20
-3.1961664566929131
 30
0
 11
5.877053700787402
 21
-3.1934962598425196
 31
0
  0
LINE
  5
2B0
330
1B
100
AcDbEntity
  8
B.Cu
  6
CONTINUOUS
100
AcDbLine
 10
5.877053700787402
 20
-3.1934962598425196
 30
0
 11
5.877851692913386
 21
-3.1905180314960631
 31
0
  0
LINE
  5
2B1
330
1B
100
AcDbEntity
  8
B.Cu
  6
CONTINUOUS
100
AcDbLine
 10
5.877851692913386
 20
-3.1905180314960631
 30
0
 11
5.877952755905512
 21
-3.188976377952756
 31
0
  0
LINE
  5
2B2
330
1B
100
AcDbEntity
  8
B.Cu
  6
CONTINUOUS
100
AcDbLine
 10
5.877952755905512
 20
-3.188976377952756
 30
0
 11
5.877952755905512
 21
-3.1239333464566927
 31
0
  0
LINE
  5
2B3
330
1B
100
AcDbEntity
  8
B.Cu
  6
CONTINUOUS
100
AcDbLine
 10
5.877952755905512
 20
-3.1239333464566927
 30
0
 11
5.883491614173229
 21
-3.1216390944881889
 31
0
  0
LINE
  5
2B4
330
1B
100
AcDbEntity
  8
B.Cu
  6
CONTINUOUS
100
AcDbLine
 10
5.883491614173229
 20
-3.1216390944881889
 30
0
 11
5.888946220472441
 21
-3.1179944488188975
 31
0
  0
LINE
  5
2B5
330
1B
100
AcDbEntity
  8
B.Cu
  6
CONTINUOUS
100
AcDbLine
 10
5.888946220472441
 20
-3.1179944488188975
 30
0
 11
5.893585000000001
 21
-3.1133556692913387
 31
0
  0
LINE
  5
2B6
330
1B
100
AcDbEntity
  8
B.Cu
  6
CONTINUOUS
100
AcDbLine
 10
5.893585000000001
 20
-3.1133556692913387
 30
0
 11
5.897229645669292
 21
-3.1079010629921258
 31
0
  0
LINE
  5
2B7
330
1B
100
AcDbEntity
  8
B.Cu
  6
CONTINUOUS
100
AcDbLine
 10
5.897229645669292
 20
-3.1079010629921258
 30
0
 11
5.899740118110237
 21
-3.1018402362204722
 31
0
  0
LINE
  5
2B8
330
1B
100
AcDbEntity
  8
B.Cu
  6
CONTINUOUS
100
AcDbLine
 10
5.899740118110237
 20
-3.1018402362204722
 30
0
 11
5.901019960629922
 21
-3.0954061023622046
 31
0
  0
LINE
  5
2B9
330
1B
100
AcDbEntity
  8
B.Cu
  6
CONTINUOUS
100
AcDbLine
 10
5.901019960629922
 20
-3.0954061023622046
 30
0
 11
5.901019960629922
 21
-3.0888458661417322
 31
0
  0
LINE
  5
2BA
330
1B
100
AcDbEntity
  8
B.Cu
  6
CONTINUOUS
100
AcDbLine
 10
5.901019960629922
 20
-3.0888458661417322
 30
0
 11
5.899740118110237
 21
-3.0824117322834645
 31
0
  0
LINE
  5
2BB
330
1B
100
AcDbEntity
  8
B.Cu
  6
CONTINUOUS
100
AcDbLine
 10
5.899740118110237
 20
-3.0824117322834645
 30
0
 11
5.897229645669292
 21
-3.076350905511811
 31
0
  0
LINE
  5
2BC
330
1B
100
AcDbEntity
  8
B.Cu
  6
CONTINUOUS
100
AcDbLine
 10
5.897229645669292
 20
-3.076350905511811
 30
0
 11
5.893585000000001
 21
-3.0708962992125985
 31
0
  0
LINE
  5
2BD
330
1B
100
AcDbEntity
  8
B.Cu
  6
CONTINUOUS
100
AcDbLine
 10
5.893585000000001
 20
-3.0708962992125985
 30
0
 11
5.888946220472441
 21
-3.0662575196850392
 31
0
  0
LINE
  5
2BE
330
1B
100
AcDbEntity
  8
B.Cu
  6
CONTINUOUS
100
AcDbLine
 10
5.888946220472441
 20
-3.0662575196850392
 30
0
 11
5.883491614173229
 21
-3.0626128740157479
 31
0
  0
LINE
  5
2BF
330
1B
100
AcDbEntity
  8
B.Cu
  6
CONTINUOUS
100
AcDbLine
 10
5.883491614173229
 20
-3.0626128740157479
 30
0
 11
5.877430787401575
 21
-3.0601024015748033
 31
0
  0
LINE
  5
2C0
330
1B
100
AcDbEntity
  8
B.Cu
  6
CONTINUOUS
100
AcDbLine
 10
5.877430787401575
 20
-3.0601024015748033
 30
0
 11
5.870996653543307
 21
-3.0588225590551179
 31
0
  0
LINE
  5
2C1
330
1B
100
AcDbEntity
  8
B.Cu
  6
CONTINUOUS
100
AcDbLine
 10
5.870996653543307
 20
-3.0588225590551179
 30
0
 11
5.864436417322835
 21
-3.0588225590551179
 31
0
  0
LINE
  5
2C2
330
1B
100
AcDbEntity
  8
B.Cu
  6
CONTINUOUS
100
AcDbLine
 10
5.864436417322835
 20
-3.0588225590551179
 30
0
 11
5.858002283464567
 21
-3.0601024015748033
 31
0
  0
LINE
  5
2C3
330
1B
100
AcDbEntity
  8
B.Cu
  6
CONTINUOUS
100
AcDbLine
 10
5.562992125984253
 20
-3.4251968503937009
 30
0
 11
5.590551181102363
 21
-3.4251968503937009
 31
0
  0
LINE
  5
2C4
330
1B
100
AcDbEntity
  8
B.Cu
  6
CONTINUOUS
100
AcDbLine
 10
5.590551181102363
 20
-3.4251968503937009
 30
0
 11
5.590551181102363
 21
-3.4675486614173225
 31
0
  0
LINE
  5
2C5
330
1B
100
AcDbEntity
  8
B.Cu
  6
CONTINUOUS
100
AcDbLine
 10
5.590551181102363
 20
-3.4675486614173225
 30
0
 11
5.464089291338583
 21
-3.5940105511811025
 31
0
  0
LINE
  5
2C6
330
1B
100
AcDbEntity
  8
B.Cu
  6
CONTINUOUS
100
AcDbLine
 10
5.464089291338583
 20
-3.5940105511811025
 30
0
 11
5.46307062992126
 21
-3.5951721259842517
 31
0
  0
LINE
  5
2C7
330
1B
100
AcDbEntity
  8
B.Cu
  6
CONTINUOUS
100
AcDbLine
 10
5.46307062992126
 20
-3.5951721259842517
 30
0
 11
5.461528976377953
 21
-3.5978423228346457
 31
0
  0
LINE
  5
2C8
330
1B
100
AcDbEntity
  8
B.Cu
  6
CONTINUOUS
100
AcDbLine
 10
5.461528976377953
 20
-3.5978423228346457
 30
0
 11
5.460730984251969
 21
-3.6008205511811022
 31
0
  0
LINE
  5
2C9
330
1B
100
AcDbEntity
  8
B.Cu
  6
CONTINUOUS
100
AcDbLine
 10
5.460730984251969
 20
-3.6008205511811022
 30
0
 11
5.460629921259843
 21
-3.6023622047244093
 31
0
  0
LINE
  5
2CA
330
1B
100
AcDbEntity
  8
B.Cu
  6
CONTINUOUS
100
AcDbLine
 10
5.460629921259843
 20
-3.6023622047244093
 30
0
 11
5.460629921259843
 21
-3.8582677165354329
 31
0
  0
LINE
  5
2CB
330
1B
100
AcDbEntity
  8
B.Cu
  6
CONTINUOUS
100
AcDbLine
 10
5.460629921259843
 20
-3.8582677165354329
 30
0
 11
5.460730984251969
 21
-3.8598093700787399
 31
0
  0
LINE
  5
2CC
330
1B
100
AcDbEntity
  8
B.Cu
  6
CONTINUOUS
100
AcDbLine
 10
5.460730984251969
 20
-3.8598093700787399
 30
0
 11
5.461528976377953
 21
-3.8627875984251969
 31
0
  0
LINE
  5
2CD
330
1B
100
AcDbEntity
  8
B.Cu
  6
CONTINUOUS
100
AcDbLine
 10
5.461528976377953
 20
-3.8627875984251969
 30
0
 11
5.46307062992126
 21
-3.8654577952755904
 31
0
  0
LINE
  5
2CE
330
1B
100
AcDbEntity
  8
B.Cu
  6
CONTINUOUS
100
AcDbLine
 10
5.46307062992126
 20
-3.8654577952755904
 30
0
 11
5.464089291338583
 21
-3.8666193700787401
 31
0
  0
LINE
  5
2CF
330
1B
100
AcDbEntity
  8
B.Cu
  6
CONTINUOUS
100
AcDbLine
 10
5.464089291338583
 20
-3.8666193700787401
 30
0
 11
5.643700787401575
 21
-4.0462308661417321
 31
0
  0
LINE
  5
2D0
330
1B
100
AcDbEntity
  8
B.Cu
  6
CONTINUOUS
100
AcDbLine
 10
5.643700787401575
 20
-4.0462308661417321
 30
0
 11
5.643700787401575
 21
-4.3390022047244097
 31
0
  0
LINE
  5
2D1
330
1B
100
AcDbEntity
  8
B.Cu
  6
CONTINUOUS
100
AcDbLine
 10
5.643700787401575
 20
-4.3390022047244097
 30
0
 11
5.641850629921261
 21
-4.3400704330708662
 31
0
  0
LINE
  5
2D2
330
1B
100
AcDbEntity
  8
B.Cu
  6
CONTINUOUS
100
AcDbLine
 10
5.641850629921261
 20
-4.3400704330708662
 30
0
 11
5.637708228346457
 21
-4.3442128346456688
 31
0
  0
LINE
  5
2D3
330
1B
100
AcDbEntity
  8
B.Cu
  6
CONTINUOUS
100
AcDbLine
 10
5.637708228346457
 20
-4.3442128346456688
 30
0
 11
5.63477909448819
 21
-4.3492862204724405
 31
0
  0
LINE
  5
2D4
330
1B
100
AcDbEntity
  8
B.Cu
  6
CONTINUOUS
100
AcDbLine
 10
5.63477909448819
 20
-4.3492862204724405
 30
0
 11
5.63326283464567
 21
-4.3549448818897636
 31
0
  0
LINE
  5
2D5
330
1B
100
AcDbEntity
  8
B.Cu
  6
CONTINUOUS
100
AcDbLine
 10
5.63326283464567
 20
-4.3549448818897636
 30
0
 11
5.633070866141733
 21
-4.3578740157480311
 31
0
  0
LINE
  5
2D6
330
1B
100
AcDbEntity
  8
B.Cu
  6
CONTINUOUS
100
AcDbLine
 10
5.633070866141733
 20
-4.3578740157480311
 30
0
 11
5.633070866141733
 21
-4.3917322834645667
 31
0
  0
LINE
  5
2D7
330
1B
100
AcDbEntity
  8
B.Cu
  6
CONTINUOUS
100
AcDbLine
 10
5.633070866141733
 20
-4.3917322834645667
 30
0
 11
5.63326283464567
 21
-4.3946614173228342
 31
0
  0
LINE
  5
2D8
330
1B
100
AcDbEntity
  8
B.Cu
  6
CONTINUOUS
100
AcDbLine
 10
5.63326283464567
 20
-4.3946614173228342
 30
0
 11
5.63477909448819
 21
-4.4003200787401573
 31
0
  0
LINE
  5
2D9
330
1B
100
AcDbEntity
  8
B.Cu
  6
CONTINUOUS
100
AcDbLine
 10
5.63477909448819
 20
-4.4003200787401573
 30
0
 11
5.637708228346457
 21
-4.405393464566929
 31
0
  0
LINE
  5
2DA
330
1B
100
AcDbEntity
  8
B.Cu
  6
CONTINUOUS
100
AcDbLine
 10
5.637708228346457
 20
-4.405393464566929
 30
0
 11
5.641850629921261
 21
-4.4095358661417325
 31
0
  0
LINE
  5
2DB
330
1B
100
AcDbEntity
  8
B.Cu
  6
CONTINUOUS
100
AcDbLine
 10
5.641850629921261
 20
-4.4095358661417325
 30
0
 11
5.646924015748032
 21
-4.4124650000000001
 31
0
  0
LINE
  5
2DC
330
1B
100
AcDbEntity
  8
B.Cu
  6
CONTINUOUS
100
AcDbLine
 10
5.646924015748032
 20
-4.4124650000000001
 30
0
 11
5.652582677165355
 21
-4.4139812598425197
 31
0
  0
LINE
  5
2DD
330
1B
100
AcDbEntity
  8
B.Cu
  6
CONTINUOUS
100
AcDbLine
 10
5.652582677165355
 20
-4.4139812598425197
 30
0
 11
5.658440944881891
 21
-4.4139812598425197
 31
0
  0
LINE
  5
2DE
330
1B
100
AcDbEntity
  8
B.Cu
  6
CONTINUOUS
100
AcDbLine
 10
5.658440944881891
 20
-4.4139812598425197
 30
0
 11
5.664099606299213
 21
-4.4124650000000001
 31
0
  0
LINE
  5
2DF
330
1B
100
AcDbEntity
  8
B.Cu
  6
CONTINUOUS
100
AcDbLine
 10
5.664099606299213
 20
-4.4124650000000001
 30
0
 11
5.669172992125985
 21
-4.4095358661417325
 31
0
  0
LINE
  5
2E0
330
1B
100
AcDbEntity
  8
B.Cu
  6
CONTINUOUS
100
AcDbLine
 10
5.669172992125985
 20
-4.4095358661417325
 30
0
 11
5.673315393700788
 21
-4.405393464566929
 31
0
  0
LINE
  5
2E1
330
1B
100
AcDbEntity
  8
B.Cu
  6
CONTINUOUS
100
AcDbLine
 10
5.673315393700788
 20
-4.405393464566929
 30
0
 11
5.676244527559056
 21
-4.4003200787401573
 31
0
  0
LINE
  5
2E2
330
1B
100
AcDbEntity
  8
B.Cu
  6
CONTINUOUS
100
AcDbLine
 10
5.676244527559056
 20
-4.4003200787401573
 30
0
 11
5.677760787401575
 21
-4.3946614173228342
 31
0
  0
LINE
  5
2E3
330
1B
100
AcDbEntity
  8
B.Cu
  6
CONTINUOUS
100
AcDbLine
 10
5.677760787401575
 20
-4.3946614173228342
 30
0
 11
5.677952755905512
 21
-4.3917322834645667
 31
0
  0
LINE
  5
2E4
330
1B
100
AcDbEntity
  8
B.Cu
  6
CONTINUOUS
100
AcDbLine
 10
5.677952755905512
 20
-4.3917322834645667
 30
0
 11
5.677952755905512
 21
-4.3578740157480311
 31
0
  0
LINE
  5
2E5
330
1B
100
AcDbEntity
  8
B.Cu
  6
CONTINUOUS
100
AcDbLine
 10
5.677952755905512
 20
-4.3578740157480311
 30
0
 11
5.677760787401575
 21
-4.3549448818897636
 31
0
  0
LINE
  5
2E6
330
1B
100
AcDbEntity
  8
B.Cu
  6
CONTINUOUS
100
AcDbLine
 10
5.677760787401575
 20
-4.3549448818897636
 30
0
 11
5.676244527559056
 21
-4.3492862204724405
 31
0
  0
LINE
  5
2E7
330
1B
100
AcDbEntity
  8
B.Cu
  6
CONTINUOUS
100
AcDbLine
 10
5.676244527559056
 20
-4.3492862204724405
 30
0
 11
5.673315393700788
 21
-4.3442128346456688
 31
0
  0
LINE
  5
2E8
330
1B
100
AcDbEntity
  8
B.Cu
  6
CONTINUOUS
100
AcDbLine
 10
5.673315393700788
 20
-4.3442128346456688
 30
0
 11
5.669172992125985
 21
-4.3400704330708662
 31
0
  0
LINE
  5
2E9
330
1B
100
AcDbEntity
  8
B.Cu
  6
CONTINUOUS
100
AcDbLine
 10
5.669172992125985
 20
-4.3400704330708662
 30
0
 11
5.667322834645669
 21
-4.3390022047244097
 31
0
  0
LINE
  5
2EA
330
1B
100
AcDbEntity
  8
B.Cu
  6
CONTINUOUS
100
AcDbLine
 10
5.667322834645669
 20
-4.3390022047244097
 30
0
 11
5.667322834645669
 21
-4.0413385826771648
 31
0
  0
LINE
  5
2EB
330
1B
100
AcDbEntity
  8
B.Cu
  6
CONTINUOUS
100
AcDbLine
 10
5.667322834645669
 20
-4.0413385826771648
 30
0
 11
5.667221771653543
 21
-4.0397969291338578
 31
0
  0
LINE
  5
2EC
330
1B
100
AcDbEntity
  8
B.Cu
  6
CONTINUOUS
100
AcDbLine
 10
5.667221771653543
 20
-4.0397969291338578
 30
0
 11
5.66642377952756
 21
-4.0368187007874017
 31
0
  0
LINE
  5
2ED
330
1B
100
AcDbEntity
  8
B.Cu
  6
CONTINUOUS
100
AcDbLine
 10
5.66642377952756
 20
-4.0368187007874017
 30
0
 11
5.664882125984253
 21
-4.0341485039370077
 31
0
  0
LINE
  5
2EE
330
1B
100
AcDbEntity
  8
B.Cu
  6
CONTINUOUS
100
AcDbLine
 10
5.664882125984253
 20
-4.0341485039370077
 30
0
 11
5.66386346456693
 21
-4.032986929133858
 31
0
  0
LINE
  5
2EF
330
1B
100
AcDbEntity
  8
B.Cu
  6
CONTINUOUS
100
AcDbLine
 10
5.66386346456693
 20
-4.032986929133858
 30
0
 11
5.484251968503938
 21
-3.8533754330708661
 31
0
  0
LINE
  5
2F0
330
1B
100
AcDbEntity
  8
B.Cu
  6
CONTINUOUS
100
AcDbLine
 10
5.484251968503938
 20
-3.8533754330708661
 30
0
 11
5.484251968503938
 21
-3.6072544881889761
 31
0
  0
LINE
  5
2F1
330
1B
100
AcDbEntity
  8
B.Cu
  6
CONTINUOUS
100
AcDbLine
 10
5.484251968503938
 20
-3.6072544881889761
 30
0
 11
5.610713858267717
 21
-3.4807925984251966
 31
0
  0
LINE
  5
2F2
330
1B
100
AcDbEntity
  8
B.Cu
  6
CONTINUOUS
100
AcDbLine
 10
5.610713858267717
 20
-3.4807925984251966
 30
0
 11
5.61173251968504
 21
-3.4796310236220473
 31
0
  0
LINE
  5
2F3
330
1B
100
AcDbEntity
  8
B.Cu
  6
CONTINUOUS
100
AcDbLine
 10
5.61173251968504
 20
-3.4796310236220473
 30
0
 11
5.613274173228347
 21
-3.4769608267716534
 31
0
  0
LINE
  5
2F4
330
1B
100
AcDbEntity
  8
B.Cu
  6
CONTINUOUS
100
AcDbLine
 10
5.613274173228347
 20
-3.4769608267716534
 30
0
 11
5.614072165354331
 21
-3.4739825984251969
 31
0
  0
LINE
  5
2F5
330
1B
100
AcDbEntity
  8
B.Cu
  6
CONTINUOUS
100
AcDbLine
 10
5.614072165354331
 20
-3.4739825984251969
 30
0
 11
5.614173228346457
 21
-3.4724409448818898
 31
0
  0
LINE
  5
2F6
330
1B
100
AcDbEntity
  8
B.Cu
  6
CONTINUOUS
100
AcDbLine
 10
5.614173228346457
 20
-3.4724409448818898
 30
0
 11
5.614173228346457
 21
-3.4251968503937009
 31
0
  0
LINE
  5
2F7
330
1B
100
AcDbEntity
  8
B.Cu
  6
CONTINUOUS
100
AcDbLine
 10
5.614173228346457
 20
-3.4251968503937009
 30
0
 11
5.641732283464568
 21
-3.4251968503937009
 31
0
  0
LINE
  5
2F8
330
1B
100
AcDbEntity
  8
B.Cu
  6
CONTINUOUS
100
AcDbLine
 10
5.641732283464568
 20
-3.4251968503937009
 30
0
 11
5.641732283464568
 21
-3.3464566929133857
 31
0
  0
LINE
  5
2F9
330
1B
100
AcDbEntity
  8
B.Cu
  6
CONTINUOUS
100
AcDbLine
 10
5.641732283464568
 20
-3.3464566929133857
 30
0
 11
5.562992125984253
 21
-3.3464566929133857
 31
0
  0
LINE
  5
2FA
330
1B
100
AcDbEntity
  8
B.Cu
  6
CONTINUOUS
100
AcDbLine
 10
5.562992125984253
 20
-3.3464566929133857
 30
0
 11
5.562992125984253
 21
-3.4251968503937009
 31
0
  0
LINE
  5
2FB
330
1B
100
AcDbEntity
  8
B.Cu
  6
CONTINUOUS
100
AcDbLine
 10
6.0580022834645675
 20
-2.9601024015748032
 30
0
 11
6.051941456692914
 21
-2.9626128740157478
 31
0
  0
LINE
  5
2FC
330
1B
100
AcDbEntity
  8
B.Cu
  6
CONTINUOUS
100
AcDbLine
 10
6.051941456692914
 20
-2.9626128740157478
 30
0
 11
6.046486850393701
 21
-2.9662575196850391
 31
0
  0
LINE
  5
2FD
330
1B
100
AcDbEntity
  8
B.Cu
  6
CONTINUOUS
100
AcDbLine
 10
6.046486850393701
 20
-2.9662575196850391
 30
0
 11
6.041848070866142
 21
-2.9708962992125985
 31
0
  0
LINE
  5
2FE
330
1B
100
AcDbEntity
  8
B.Cu
  6
CONTINUOUS
100
AcDbLine
 10
6.041848070866142
 20
-2.9708962992125985
 30
0
 11
6.038203425196851
 21
-2.9763509055118109
 31
0
  0
LINE
  5
2FF
330
1B
100
AcDbEntity
  8
B.Cu
  6
CONTINUOUS
100
AcDbLine
 10
6.038203425196851
 20
-2.9763509055118109
 30
0
 11
6.035692952755906
 21
-2.9824117322834645
 31
0
  0
LINE
  5
300
330
1B
100
AcDbEntity
  8
B.Cu
  6
CONTINUOUS
100
AcDbLine
 10
6.035692952755906
 20
-2.9824117322834645
 30
0
 11
6.034413110236221
 21
-2.9888458661417321
 31
0
  0
LINE
  5
301
330
1B
100
AcDbEntity
  8
B.Cu
  6
CONTINUOUS
100
AcDbLine
 10
6.034413110236221
 20
-2.9888458661417321
 30
0
 11
6.034413110236221
 21
-2.9954061023622045
 31
0
  0
LINE
  5
302
330
1B
100
AcDbEntity
  8
B.Cu
  6
CONTINUOUS
100
AcDbLine
 10
6.034413110236221
 20
-2.9954061023622045
 30
0
 11
6.035692952755906
 21
-3.0018402362204726
 31
0
  0
LINE
  5
303
330
1B
100
AcDbEntity
  8
B.Cu
  6
CONTINUOUS
100
AcDbLine
 10
6.035692952755906
 20
-3.0018402362204726
 30
0
 11
6.038203425196851
 21
-3.0079010629921261
 31
0
  0
LINE
  5
304
330
1B
100
AcDbEntity
  8
B.Cu
  6
CONTINUOUS
100
AcDbLine
 10
6.038203425196851
 20
-3.0079010629921261
 30
0
 11
6.041848070866142
 21
-3.0133556692913386
 31
0
  0
LINE
  5
305
330
1B
100
AcDbEntity
  8
B.Cu
  6
CONTINUOUS
100
AcDbLine
 10
6.041848070866142
 20
-3.0133556692913386
 30
0
 11
6.046486850393701
 21
-3.0179944488188974
 31
0
  0
LINE
  5
306
330
1B
100
AcDbEntity
  8
B.Cu
  6
CONTINUOUS
100
AcDbLine
 10
6.046486850393701
 20
-3.0179944488188974
 30
0
 11
6.051941456692914
 21
-3.0216390944881888
 31
0
  0
LINE
  5
307
330
1B
100
AcDbEntity
  8
B.Cu
  6
CONTINUOUS
100
AcDbLine
 10
6.051941456692914
 20
-3.0216390944881888
 30
0
 11
6.0580022834645675
 21
-3.0241495669291338
 31
0
  0
LINE
  5
308
330
1B
100
AcDbEntity
  8
B.Cu
  6
CONTINUOUS
100
AcDbLine
 10
6.0580022834645675
 20
-3.0241495669291338
 30
0
 11
6.064436417322835
 21
-3.0254294094488188
 31
0
  0
LINE
  5
309
330
1B
100
AcDbEntity
  8
B.Cu
  6
CONTINUOUS
100
AcDbLine
 10
6.064436417322835
 20
-3.0254294094488188
 30
0
 11
6.0709966535433075
 21
-3.0254294094488188
 31
0
  0
LINE
  5
30A
330
1B
100
AcDbEntity
  8
B.Cu
  6
CONTINUOUS
100
AcDbLine
 10
6.0709966535433075
 20
-3.0254294094488188
 30
0
 11
6.077430787401576
 21
-3.0241495669291338
 31
0
  0
LINE
  5
30B
330
1B
100
AcDbEntity
  8
B.Cu
  6
CONTINUOUS
100
AcDbLine
 10
6.077430787401576
 20
-3.0241495669291338
 30
0
 11
6.083491614173229
 21
-3.0216390944881888
 31
0
  0
LINE
  5
30C
330
1B
100
AcDbEntity
  8
B.Cu
  6
CONTINUOUS
100
AcDbLine
 10
6.083491614173229
 20
-3.0216390944881888
 30
0
 11
6.088946220472441
 21
-3.0179944488188974
 31
0
  0
LINE
  5
30D
330
1B
100
AcDbEntity
  8
B.Cu
  6
CONTINUOUS
100
AcDbLine
 10
6.088946220472441
 20
-3.0179944488188974
 30
0
 11
6.093585
 21
-3.0133556692913386
 31
0
  0
LINE
  5
30E
330
1B
100
AcDbEntity
  8
B.Cu
  6
CONTINUOUS
100
AcDbLine
 10
6.093585
 20
-3.0133556692913386
 30
0
 11
6.097229645669292
 21
-3.0079010629921261
 31
0
  0
LINE
  5
30F
330
1B
100
AcDbEntity
  8
B.Cu
  6
CONTINUOUS
100
AcDbLine
 10
6.097229645669292
 20
-3.0079010629921261
 30
0
 11
6.098871614173229
 21
-3.0039370078740157
 31
0
  0
LINE
  5
310
330
1B
100
AcDbEntity
  8
B.Cu
  6
CONTINUOUS
100
AcDbLine
 10
6.098871614173229
 20
-3.0039370078740157
 30
0
 11
6.117154960629922
 21
-3.0039370078740157
 31
0
  0
LINE
  5
311
330
1B
100
AcDbEntity
  8
B.Cu
  6
CONTINUOUS
100
AcDbLine
 10
6.117154960629922
 20
-3.0039370078740157
 30
0
 11
6.149606299212599
 21
-3.0363883464566928
 31
0
  0
LINE
  5
312
330
1B
100
AcDbEntity
  8
B.Cu
  6
CONTINUOUS
100
AcDbLine
 10
6.149606299212599
 20
-3.0363883464566928
 30
0
 11
6.149606299212599
 21
-3.5187297637795276
 31
0
  0
LINE
  5
313
330
1B
100
AcDbEntity
  8
B.Cu
  6
CONTINUOUS
100
AcDbLine
 10
6.149606299212599
 20
-3.5187297637795276
 30
0
 11
6.075171102362205
 21
-3.5931649606299212
 31
0
  0
LINE
  5
314
330
1B
100
AcDbEntity
  8
B.Cu
  6
CONTINUOUS
100
AcDbLine
 10
6.075171102362205
 20
-3.5931649606299212
 30
0
 11
6.0721349606299215
 21
-3.5919074015748031
 31
0
  0
LINE
  5
315
330
1B
100
AcDbEntity
  8
B.Cu
  6
CONTINUOUS
100
AcDbLine
 10
6.0721349606299215
 20
-3.5919074015748031
 30
0
 11
6.066079291338583
 21
-3.5907028346456693
 31
0
  0
LINE
  5
316
330
1B
100
AcDbEntity
  8
B.Cu
  6
CONTINUOUS
100
AcDbLine
 10
6.066079291338583
 20
-3.5907028346456693
 30
0
 11
6.059904960629922
 21
-3.5907028346456693
 31
0
  0
LINE
  5
317
330
1B
100
AcDbEntity
  8
B.Cu
  6
CONTINUOUS
100
AcDbLine
 10
6.059904960629922
 20
-3.5907028346456693
 30
0
 11
6.053849291338583
 21
-3.5919074015748031
 31
0
  0
LINE
  5
318
330
1B
100
AcDbEntity
  8
B.Cu
  6
CONTINUOUS
100
AcDbLine
 10
6.053849291338583
 20
-3.5919074015748031
 30
0
 11
6.048145000000001
 21
-3.5942701968503936
 31
0
  0
LINE
  5
319
330
1B
100
AcDbEntity
  8
B.Cu
  6
CONTINUOUS
100
AcDbLine
 10
6.048145000000001
 20
-3.5942701968503936
 30
0
 11
6.043011220472441
 21
-3.5977004724409447
 31
0
  0
LINE
  5
31A
330
1B
100
AcDbEntity
  8
B.Cu
  6
CONTINUOUS
100
AcDbLine
 10
6.043011220472441
 20
-3.5977004724409447
 30
0
 11
6.0386453543307095
 21
-3.6020663385826772
 31
0
  0
LINE
  5
31B
330
1B
100
AcDbEntity
  8
B.Cu
  6
CONTINUOUS
100
AcDbLine
 10
6.0386453543307095
 20
-3.6020663385826772
 30
0
 11
6.035215078740158
 21
-3.607200118110236
 31
0
  0
LINE
  5
31C
330
1B
100
AcDbEntity
  8
B.Cu
  6
CONTINUOUS
100
AcDbLine
 10
6.035215078740158
 20
-3.607200118110236
 30
0
 11
6.0328522834645675
 21
-3.6129044094488187
 31
0
  0
LINE
  5
31D
330
1B
100
AcDbEntity
  8
B.Cu
  6
CONTINUOUS
100
AcDbLine
 10
6.0328522834645675
 20
-3.6129044094488187
 30
0
 11
6.031647716535433
 21
-3.6189600787401575
 31
0
  0
LINE
  5
31E
330
1B
100
AcDbEntity
  8
B.Cu
  6
CONTINUOUS
100
AcDbLine
 10
6.031647716535433
 20
-3.6189600787401575
 30
0
 11
6.031647716535433
 21
-3.6251344094488189
 31
0
  0
LINE
  5
31F
330
1B
100
AcDbEntity
  8
B.Cu
  6
CONTINUOUS
100
AcDbLine
 10
6.031647716535433
 20
-3.6251344094488189
 30
0
 11
6.0328522834645675
 21
-3.6311900787401572
 31
0
  0
LINE
  5
320
330
1B
100
AcDbEntity
  8
B.Cu
  6
CONTINUOUS
100
AcDbLine
 10
6.0328522834645675
 20
-3.6311900787401572
 30
0
 11
6.035215078740158
 21
-3.6368943700787399
 31
0
  0
LINE
  5
321
330
1B
100
AcDbEntity
  8
B.Cu
  6
CONTINUOUS
100
AcDbLine
 10
6.035215078740158
 20
-3.6368943700787399
 30
0
 11
6.0386453543307095
 21
-3.6420281496062992
 31
0
  0
LINE
  5
322
330
1B
100
AcDbEntity
  8
B.Cu
  6
CONTINUOUS
100
AcDbLine
 10
6.0386453543307095
 20
-3.6420281496062992
 30
0
 11
6.043011220472441
 21
-3.6463940157480312
 31
0
  0
LINE
  5
323
330
1B
100
AcDbEntity
  8
B.Cu
  6
CONTINUOUS
100
AcDbLine
 10
6.043011220472441
 20
-3.6463940157480312
 30
0
 11
6.043700787401575
 21
-3.6468547637795274
 31
0
  0
LINE
  5
324
330
1B
100
AcDbEntity
  8
B.Cu
  6
CONTINUOUS
100
AcDbLine
 10
6.043700787401575
 20
-3.6468547637795274
 30
0
 11
6.043700787401575
 21
-3.7390022047244096
 31
0
  0
LINE
  5
325
330
1B
100
AcDbEntity
  8
B.Cu
  6
CONTINUOUS
100
AcDbLine
 10
6.043700787401575
 20
-3.7390022047244096
 30
0
 11
6.04185062992126
 21
-3.7400704330708661
 31
0
  0
LINE
  5
326
330
1B
100
AcDbEntity
  8
B.Cu
  6
CONTINUOUS
100
AcDbLine
 10
6.04185062992126
 20
-3.7400704330708661
 30
0
 11
6.037708228346458
 21
-3.7442128346456691
 31
0
  0
LINE
  5
327
330
1B
100
AcDbEntity
  8
B.Cu
  6
CONTINUOUS
100
AcDbLine
 10
6.037708228346458
 20
-3.7442128346456691
 30
0
 11
6.034779094488189
 21
-3.7492862204724409
 31
0
  0
LINE
  5
328
330
1B
100
AcDbEntity
  8
B.Cu
  6
CONTINUOUS
100
AcDbLine
 10
6.034779094488189
 20
-3.7492862204724409
 30
0
 11
6.03326283464567
 21
-3.7549448818897635
 31
0
  0
LINE
  5
329
330
1B
100
AcDbEntity
  8
B.Cu
  6
CONTINUOUS
100
AcDbLine
 10
6.03326283464567
 20
-3.7549448818897635
 30
0
 11
6.033070866141733
 21
-3.7578740157480315
 31
0
  0
LINE
  5
32A
330
1B
100
AcDbEntity
  8
B.Cu
  6
CONTINUOUS
100
AcDbLine
 10
6.033070866141733
 20
-3.7578740157480315
 30
0
 11
6.033070866141733
 21
-3.791732283464567
 31
0
  0
LINE
  5
32B
330
1B
100
AcDbEntity
  8
B.Cu
  6
CONTINUOUS
100
AcDbLine
 10
6.033070866141733
 20
-3.791732283464567
 30
0
 11
6.03326283464567
 21
-3.7946614173228346
 31
0
  0
LINE
  5
32C
330
1B
100
AcDbEntity
  8
B.Cu
  6
CONTINUOUS
100
AcDbLine
 10
6.03326283464567
 20
-3.7946614173228346
 30
0
 11
6.034779094488189
 21
-3.8003200787401572
 31
0
  0
LINE
  5
32D
330
1B
100
AcDbEntity
  8
B.Cu
  6
CONTINUOUS
100
AcDbLine
 10
6.034779094488189
 20
-3.8003200787401572
 30
0
 11
6.037708228346458
 21
-3.805393464566929
 31
0
  0
LINE
  5
32E
330
1B
100
AcDbEntity
  8
B.Cu
  6
CONTINUOUS
100
AcDbLine
 10
6.037708228346458
 20
-3.805393464566929
 30
0
 11
6.04185062992126
 21
-3.809535866141732
 31
0
  0
LINE
  5
32F
330
1B
100
AcDbEntity
  8
B.Cu
  6
CONTINUOUS
100
AcDbLine
 10
6.04185062992126
 20
-3.809535866141732
 30
0
 11
6.043700787401575
 21
-3.8106040551181102
 31
0
  0
LINE
  5
330
330
1B
100
AcDbEntity
  8
B.Cu
  6
CONTINUOUS
100
AcDbLine
 10
6.043700787401575
 20
-3.8106040551181102
 30
0
 11
6.043700787401575
 21
-3.8188976377952755
 31
0
  0
LINE
  5
331
330
1B
100
AcDbEntity
  8
B.Cu
  6
CONTINUOUS
100
AcDbLine
 10
6.043700787401575
 20
-3.8188976377952755
 30
0
 11
6.043801850393701
 21
-3.8204392913385825
 31
0
  0
LINE
  5
332
330
1B
100
AcDbEntity
  8
B.Cu
  6
CONTINUOUS
100
AcDbLine
 10
6.043801850393701
 20
-3.8204392913385825
 30
0
 11
6.044599842519686
 21
-3.8234175196850391
 31
0
  0
LINE
  5
333
330
1B
100
AcDbEntity
  8
B.Cu
  6
CONTINUOUS
100
AcDbLine
 10
6.044599842519686
 20
-3.8234175196850391
 30
0
 11
6.046141496062993
 21
-3.826087716535433
 31
0
  0
LINE
  5
334
330
1B
100
AcDbEntity
  8
B.Cu
  6
CONTINUOUS
100
AcDbLine
 10
6.046141496062993
 20
-3.826087716535433
 30
0
 11
6.047160157480316
 21
-3.8272492913385827
 31
0
  0
LINE
  5
335
330
1B
100
AcDbEntity
  8
B.Cu
  6
CONTINUOUS
100
AcDbLine
 10
6.047160157480316
 20
-3.8272492913385827
 30
0
 11
6.1889763779527565
 21
-3.9690655118110234
 31
0
  0
LINE
  5
336
330
1B
100
AcDbEntity
  8
B.Cu
  6
CONTINUOUS
100
AcDbLine
 10
6.1889763779527565
 20
-3.9690655118110234
 30
0
 11
6.1889763779527565
 21
-3.9960629921259843
 31
0
  0
LINE
  5
337
330
1B
100
AcDbEntity
  8
B.Cu
  6
CONTINUOUS
100
AcDbLine
 10
6.1889763779527565
 20
-3.9960629921259843
 30
0
 11
6.161417322834646
 21
-3.9960629921259843
 31
0
  0
LINE
  5
338
330
1B
100
AcDbEntity
  8
B.Cu
  6
CONTINUOUS
100
AcDbLine
 10
6.161417322834646
 20
-3.9960629921259843
 30
0
 11
6.161417322834646
 21
-4.0748031496062991
 31
0
  0
LINE
  5
339
330
1B
100
AcDbEntity
  8
B.Cu
  6
CONTINUOUS
100
AcDbLine
 10
6.161417322834646
 20
-4.0748031496062991
 30
0
 11
6.240157480314961
 21
-4.0748031496062991
 31
0
  0
LINE
  5
33A
330
1B
100
AcDbEntity
  8
B.Cu
  6
CONTINUOUS
100
AcDbLine
 10
6.240157480314961
 20
-4.0748031496062991
 30
0
 11
6.240157480314961
 21
-3.9960629921259843
 31
0
  0
LINE
  5
33B
330
1B
100
AcDbEntity
  8
B.Cu
  6
CONTINUOUS
100
AcDbLine
 10
6.240157480314961
 20
-3.9960629921259843
 30
0
 11
6.212598425196851
 21
-3.9960629921259843
 31
0
  0
LINE
  5
33C
330
1B
100
AcDbEntity
  8
B.Cu
  6
CONTINUOUS
100
AcDbLine
 10
6.212598425196851
 20
-3.9960629921259843
 30
0
 11
6.212598425196851
 21
-3.9641732283464566
 31
0
  0
LINE
  5
33D
330
1B
100
AcDbEntity
  8
B.Cu
  6
CONTINUOUS
100
AcDbLine
 10
6.212598425196851
 20
-3.9641732283464566
 30
0
 11
6.212497362204725
 21
-3.9626315748031495
 31
0
  0
LINE
  5
33E
330
1B
100
AcDbEntity
  8
B.Cu
  6
CONTINUOUS
100
AcDbLine
 10
6.212497362204725
 20
-3.9626315748031495
 30
0
 11
6.21169937007874
 21
-3.959653346456693
 31
0
  0
LINE
  5
33F
330
1B
100
AcDbEntity
  8
B.Cu
  6
CONTINUOUS
100
AcDbLine
 10
6.21169937007874
 20
-3.959653346456693
 30
0
 11
6.210157716535433
 21
-3.956983149606299
 31
0
  0
LINE
  5
340
330
1B
100
AcDbEntity
  8
B.Cu
  6
CONTINUOUS
100
AcDbLine
 10
6.210157716535433
 20
-3.956983149606299
 30
0
 11
6.2091390551181105
 21
-3.9558215748031493
 31
0
  0
LINE
  5
341
330
1B
100
AcDbEntity
  8
B.Cu
  6
CONTINUOUS
100
AcDbLine
 10
6.2091390551181105
 20
-3.9558215748031493
 30
0
 11
6.06732283464567
 21
-3.8140053543307086
 31
0
  0
LINE
  5
342
330
1B
100
AcDbEntity
  8
B.Cu
  6
CONTINUOUS
100
AcDbLine
 10
6.06732283464567
 20
-3.8140053543307086
 30
0
 11
6.06732283464567
 21
-3.8106040551181102
 31
0
  0
LINE
  5
343
330
1B
100
AcDbEntity
  8
B.Cu
  6
CONTINUOUS
100
AcDbLine
 10
6.06732283464567
 20
-3.8106040551181102
 30
0
 11
6.069172992125985
 21
-3.809535866141732
 31
0
  0
LINE
  5
344
330
1B
100
AcDbEntity
  8
B.Cu
  6
CONTINUOUS
100
AcDbLine
 10
6.069172992125985
 20
-3.809535866141732
 30
0
 11
6.0733153937007875
 21
-3.805393464566929
 31
0
  0
LINE
  5
345
330
1B
100
AcDbEntity
  8
B.Cu
  6
CONTINUOUS
100
AcDbLine
 10
6.0733153937007875
 20
-3.805393464566929
 30
0
 11
6.076244527559056
 21
-3.8003200787401572
 31
0
  0
LINE
  5
346
330
1B
100
AcDbEntity
  8
B.Cu
  6
CONTINUOUS
100
AcDbLine
 10
6.076244527559056
 20
-3.8003200787401572
 30
0
 11
6.0777607874015755
 21
-3.7946614173228346
 31
0
  0
LINE
  5
347
330
1B
100
AcDbEntity
  8
B.Cu
  6
CONTINUOUS
100
AcDbLine
 10
6.0777607874015755
 20
-3.7946614173228346
 30
0
 11
6.077952755905512
 21
-3.791732283464567
 31
0
  0
LINE
  5
348
330
1B
100
AcDbEntity
  8
B.Cu
  6
CONTINUOUS
100
AcDbLine
 10
6.077952755905512
 20
-3.791732283464567
 30
0
 11
6.077952755905512
 21
-3.7578740157480315
 31
0
  0
LINE
  5
349
330
1B
100
AcDbEntity
  8
B.Cu
  6
CONTINUOUS
100
AcDbLine
 10
6.077952755905512
 20
-3.7578740157480315
 30
0
 11
6.0777607874015755
 21
-3.7549448818897635
 31
0
  0
LINE
  5
34A
330
1B
100
AcDbEntity
  8
B.Cu
  6
CONTINUOUS
100
AcDbLine
 10
6.0777607874015755
 20
-3.7549448818897635
 30
0
 11
6.076244527559056
 21
-3.7492862204724409
 31
0
  0
LINE
  5
34B
330
1B
100
AcDbEntity
  8
B.Cu
  6
CONTINUOUS
100
AcDbLine
 10
6.076244527559056
 20
-3.7492862204724409
 30
0
 11
6.0733153937007875
 21
-3.7442128346456691
 31
0
  0
LINE
  5
34C
330
1B
100
AcDbEntity
  8
B.Cu
  6
CONTINUOUS
100
AcDbLine
 10
6.0733153937007875
 20
-3.7442128346456691
 30
0
 11
6.069172992125985
 21
-3.7400704330708661
 31
0
  0
LINE
  5
34D
330
1B
100
AcDbEntity
  8
B.Cu
  6
CONTINUOUS
100
AcDbLine
 10
6.069172992125985
 20
-3.7400704330708661
 30
0
 11
6.06732283464567
 21
-3.7390022047244096
 31
0
  0
LINE
  5
34E
330
1B
100
AcDbEntity
  8
B.Cu
  6
CONTINUOUS
100
AcDbLine
 10
6.06732283464567
 20
-3.7390022047244096
 30
0
 11
6.06732283464567
 21
-3.6531442913385828
 31
0
  0
LINE
  5
34F
330
1B
100
AcDbEntity
  8
B.Cu
  6
CONTINUOUS
100
AcDbLine
 10
6.06732283464567
 20
-3.6531442913385828
 30
0
 11
6.0721349606299215
 21
-3.6521870866141732
 31
0
  0
LINE
  5
350
330
1B
100
AcDbEntity
  8
B.Cu
  6
CONTINUOUS
100
AcDbLine
 10
6.0721349606299215
 20
-3.6521870866141732
 30
0
 11
6.077839251968505
 21
-3.6498242913385828
 31
0
  0
LINE
  5
351
330
1B
100
AcDbEntity
  8
B.Cu
  6
CONTINUOUS
100
AcDbLine
 10
6.077839251968505
 20
-3.6498242913385828
 30
0
 11
6.0829730314960635
 21
-3.6463940157480312
 31
0
  0
LINE
  5
352
330
1B
100
AcDbEntity
  8
B.Cu
  6
CONTINUOUS
100
AcDbLine
 10
6.0829730314960635
 20
-3.6463940157480312
 30
0
 11
6.087338897637796
 21
-3.6420281496062992
 31
0
  0
LINE
  5
353
330
1B
100
AcDbEntity
  8
B.Cu
  6
CONTINUOUS
100
AcDbLine
 10
6.087338897637796
 20
-3.6420281496062992
 30
0
 11
6.090769173228347
 21
-3.6368943700787399
 31
0
  0
LINE
  5
354
330
1B
100
AcDbEntity
  8
B.Cu
  6
CONTINUOUS
100
AcDbLine
 10
6.090769173228347
 20
-3.6368943700787399
 30
0
 11
6.093131968503937
 21
-3.6311900787401572
 31
0
  0
LINE
  5
355
330
1B
100
AcDbEntity
  8
B.Cu
  6
CONTINUOUS
100
AcDbLine
 10
6.093131968503937
 20
-3.6311900787401572
 30
0
 11
6.094336535433071
 21
-3.6251344094488189
 31
0
  0
LINE
  5
356
330
1B
100
AcDbEntity
  8
B.Cu
  6
CONTINUOUS
100
AcDbLine
 10
6.094336535433071
 20
-3.6251344094488189
 30
0
 11
6.094336535433071
 21
-3.6189600787401575
 31
0
  0
LINE
  5
357
330
1B
100
AcDbEntity
  8
B.Cu
  6
CONTINUOUS
100
AcDbLine
 10
6.094336535433071
 20
-3.6189600787401575
 30
0
 11
6.093131968503937
 21
-3.6129044094488187
 31
0
  0
LINE
  5
358
330
1B
100
AcDbEntity
  8
B.Cu
  6
CONTINUOUS
100
AcDbLine
 10
6.093131968503937
 20
-3.6129044094488187
 30
0
 11
6.0918744094488195
 21
-3.6098682677165352
 31
0
  0
LINE
  5
359
330
1B
100
AcDbEntity
  8
B.Cu
  6
CONTINUOUS
100
AcDbLine
 10
6.0918744094488195
 20
-3.6098682677165352
 30
0
 11
6.169768976377953
 21
-3.5319737007874017
 31
0
  0
LINE
  5
35A
330
1B
100
AcDbEntity
  8
B.Cu
  6
CONTINUOUS
100
AcDbLine
 10
6.169768976377953
 20
-3.5319737007874017
 30
0
 11
6.170787637795276
 21
-3.530812125984252
 31
0
  0
LINE
  5
35B
330
1B
100
AcDbEntity
  8
B.Cu
  6
CONTINUOUS
100
AcDbLine
 10
6.170787637795276
 20
-3.530812125984252
 30
0
 11
6.172329291338583
 21
-3.528141929133858
 31
0
  0
LINE
  5
35C
330
1B
100
AcDbEntity
  8
B.Cu
  6
CONTINUOUS
100
AcDbLine
 10
6.172329291338583
 20
-3.528141929133858
 30
0
 11
6.173127283464567
 21
-3.5251637007874015
 31
0
  0
LINE
  5
35D
330
1B
100
AcDbEntity
  8
B.Cu
  6
CONTINUOUS
100
AcDbLine
 10
6.173127283464567
 20
-3.5251637007874015
 30
0
 11
6.1732283464566935
 21
-3.5236220472440944
 31
0
  0
LINE
  5
35E
330
1B
100
AcDbEntity
  8
B.Cu
  6
CONTINUOUS
100
AcDbLine
 10
6.1732283464566935
 20
-3.5236220472440944
 30
0
 11
6.1732283464566935
 21
-3.0314960629921259
 31
0
  0
LINE
  5
35F
330
1B
100
AcDbEntity
  8
B.Cu
  6
CONTINUOUS
100
AcDbLine
 10
6.1732283464566935
 20
-3.0314960629921259
 30
0
 11
6.173127283464567
 21
-3.0299544094488189
 31
0
  0
LINE
  5
360
330
1B
100
AcDbEntity
  8
B.Cu
  6
CONTINUOUS
100
AcDbLine
 10
6.173127283464567
 20
-3.0299544094488189
 30
0
 11
6.172329291338583
 21
-3.0269761811023623
 31
0
  0
LINE
  5
361
330
1B
100
AcDbEntity
  8
B.Cu
  6
CONTINUOUS
100
AcDbLine
 10
6.172329291338583
 20
-3.0269761811023623
 30
0
 11
6.170787637795276
 21
-3.0243059842519684
 31
0
  0
LINE
  5
362
330
1B
100
AcDbEntity
  8
B.Cu
  6
CONTINUOUS
100
AcDbLine
 10
6.170787637795276
 20
-3.0243059842519684
 30
0
 11
6.169768976377953
 21
-3.0231444094488187
 31
0
  0
LINE
  5
363
330
1B
100
AcDbEntity
  8
B.Cu
  6
CONTINUOUS
100
AcDbLine
 10
6.169768976377953
 20
-3.0231444094488187
 30
0
 11
6.130398897637796
 21
-2.9837743307086613
 31
0
  0
LINE
  5
364
330
1B
100
AcDbEntity
  8
B.Cu
  6
CONTINUOUS
100
AcDbLine
 10
6.130398897637796
 20
-2.9837743307086613
 30
0
 11
6.129237322834646
 21
-2.9827556692913384
 31
0
  0
LINE
  5
365
330
1B
100
AcDbEntity
  8
B.Cu
  6
CONTINUOUS
100
AcDbLine
 10
6.129237322834646
 20
-2.9827556692913384
 30
0
 11
6.126567125984252
 21
-2.9812140157480314
 31
0
  0
LINE
  5
366
330
1B
100
AcDbEntity
  8
B.Cu
  6
CONTINUOUS
100
AcDbLine
 10
6.126567125984252
 20
-2.9812140157480314
 30
0
 11
6.123588897637796
 21
-2.9804160236220474
 31
0
  0
LINE
  5
367
330
1B
100
AcDbEntity
  8
B.Cu
  6
CONTINUOUS
100
AcDbLine
 10
6.123588897637796
 20
-2.9804160236220474
 30
0
 11
6.122047244094489
 21
-2.9803149606299213
 31
0
  0
LINE
  5
368
330
1B
100
AcDbEntity
  8
B.Cu
  6
CONTINUOUS
100
AcDbLine
 10
6.122047244094489
 20
-2.9803149606299213
 30
0
 11
6.098871614173229
 21
-2.9803149606299213
 31
0
  0
LINE
  5
369
330
1B
100
AcDbEntity
  8
B.Cu
  6
CONTINUOUS
100
AcDbLine
 10
6.098871614173229
 20
-2.9803149606299213
 30
0
 11
6.097229645669292
 21
-2.9763509055118109
 31
0
  0
LINE
  5
36A
330
1B
100
AcDbEntity
  8
B.Cu
  6
CONTINUOUS
100
AcDbLine
 10
6.097229645669292
 20
-2.9763509055118109
 30
0
 11
6.093585
 21
-2.9708962992125985
 31
0
  0
LINE
  5
36B
330
1B
100
AcDbEntity
  8
B.Cu
  6
CONTINUOUS
100
AcDbLine
 10
6.093585
 20
-2.9708962992125985
 30
0
 11
6.088946220472441
 21
-2.9662575196850391
 31
0
  0
LINE
  5
36C
330
1B
100
AcDbEntity
  8
B.Cu
  6
CONTINUOUS
100
AcDbLine
 10
6.088946220472441
 20
-2.9662575196850391
 30
0
 11
6.083491614173229
 21
-2.9626128740157478
 31
0
  0
LINE
  5
36D
330
1B
100
AcDbEntity
  8
B.Cu
  6
CONTINUOUS
100
AcDbLine
 10
6.083491614173229
 20
-2.9626128740157478
 30
0
 11
6.077430787401576
 21
-2.9601024015748032
 31
0
  0
LINE
  5
36E
330
1B
100
AcDbEntity
  8
B.Cu
  6
CONTINUOUS
100
AcDbLine
 10
6.077430787401576
 20
-2.9601024015748032
 30
0
 11
6.0709966535433075
 21
-2.9588225590551183
 31
0
  0
LINE
  5
36F
330
1B
100
AcDbEntity
  8
B.Cu
  6
CONTINUOUS
100
AcDbLine
 10
6.0709966535433075
 20
-2.9588225590551183
 30
0
 11
6.064436417322835
 21
-2.9588225590551183
 31
0
  0
LINE
  5
370
330
1B
100
AcDbEntity
  8
B.Cu
  6
CONTINUOUS
100
AcDbLine
 10
6.064436417322835
 20
-2.9588225590551183
 30
0
 11
6.0580022834645675
 21
-2.9601024015748032
 31
0
  0
LINE
  5
371
330
1B
100
AcDbEntity
  8
B.Cu
  6
CONTINUOUS
100
AcDbLine
 10
5.712373897637796
 20
-3.4893365748031497
 30
0
 11
5.711511692913386
 21
-3.4903138582677165
 31
0
  0
LINE
  5
372
330
1B
100
AcDbEntity
  8
B.Cu
  6
CONTINUOUS
100
AcDbLine
 10
5.711511692913386
 20
-3.4903138582677165
 30
0
 11
5.710398149606299
 21
-3.4919804330708661
 31
0
  0
LINE
  5
373
330
1B
100
AcDbEntity
  8
B.Cu
  6
CONTINUOUS
100
AcDbLine
 10
5.710398149606299
 20
-3.4919804330708661
 30
0
 11
5.710398110236221
 21
-3.4919804724409449
 31
0
  0
LINE
  5
374
330
1B
100
AcDbEntity
  8
B.Cu
  6
CONTINUOUS
100
AcDbLine
 10
5.710398110236221
 20
-3.4919804724409449
 30
0
 11
5.584520433070867
 21
-3.6178581102362202
 31
0
  0
LINE
  5
375
330
1B
100
AcDbEntity
  8
B.Cu
  6
CONTINUOUS
100
AcDbLine
 10
5.584520433070867
 20
-3.6178581102362202
 30
0
 11
5.583202125984252
 21
-3.6202724015748031
 31
0
  0
LINE
  5
376
330
1B
100
AcDbEntity
  8
B.Cu
  6
CONTINUOUS
100
AcDbLine
 10
5.583202125984252
 20
-3.6202724015748031
 30
0
 11
5.583090551181103
 21
-3.6213101181102361
 31
0
  0
LINE
  5
377
330
1B
100
AcDbEntity
  8
B.Cu
  6
CONTINUOUS
100
AcDbLine
 10
5.583090551181103
 20
-3.6213101181102361
 30
0
 11
5.583090551181103
 21
-3.7293953543307086
 31
0
  0
LINE
  5
378
330
1B
100
AcDbEntity
  8
B.Cu
  6
CONTINUOUS
100
AcDbLine
 10
5.583090551181103
 20
-3.7293953543307086
 30
0
 11
5.583865551181103
 21
-3.7320346850393702
 31
0
  0
LINE
  5
379
330
1B
100
AcDbEntity
  8
B.Cu
  6
CONTINUOUS
100
AcDbLine
 10
5.583865551181103
 20
-3.7320346850393702
 30
0
 11
5.584520433070867
 21
-3.7328473622047245
 31
0
  0
LINE
  5
37A
330
1B
100
AcDbEntity
  8
B.Cu
  6
CONTINUOUS
100
AcDbLine
 10
5.584520433070867
 20
-3.7328473622047245
 30
0
 11
5.5851903543307095
 21
-3.7335172440944882
 31
0
  0
LINE
  5
37B
330
1B
100
AcDbEntity
  8
B.Cu
  6
CONTINUOUS
100
AcDbLine
 10
5.5851903543307095
 20
-3.7335172440944882
 30
0
 11
5.585190393700788
 21
-3.7335172834645669
 31
0
  0
LINE
  5
37C
330
1B
100
AcDbEntity
  8
B.Cu
  6
CONTINUOUS
100
AcDbLine
 10
5.585190393700788
 20
-3.7335172834645669
 30
0
 11
5.589372007874016
 21
-3.7397755511811024
 31
0
  0
LINE
  5
37D
330
1B
100
AcDbEntity
  8
B.Cu
  6
CONTINUOUS
100
AcDbLine
 10
5.589372007874016
 20
-3.7397755511811024
 30
0
 11
5.592252086614174
 21
-3.746728779527559
 31
0
  0
LINE
  5
37E
330
1B
100
AcDbEntity
  8
B.Cu
  6
CONTINUOUS
100
AcDbLine
 10
5.592252086614174
 20
-3.746728779527559
 30
0
 11
5.59225220472441
 21
-3.7467291732283465
 31
0
  0
LINE
  5
37F
330
1B
100
AcDbEntity
  8
B.Cu
  6
CONTINUOUS
100
AcDbLine
 10
5.59225220472441
 20
-3.7467291732283465
 30
0
 11
5.593720472440945
 21
-3.7541106692913386
 31
0
  0
LINE
  5
380
330
1B
100
AcDbEntity
  8
B.Cu
  6
CONTINUOUS
100
AcDbLine
 10
5.593720472440945
 20
-3.7541106692913386
 30
0
 11
5.593720472440945
 21
-3.7541107874015749
 31
0
  0
LINE
  5
381
330
1B
100
AcDbEntity
  8
B.Cu
  6
CONTINUOUS
100
AcDbLine
 10
5.593720472440945
 20
-3.7541107874015749
 30
0
 11
5.593720472440945
 21
-3.7954955118110236
 31
0
  0
LINE
  5
382
330
1B
100
AcDbEntity
  8
B.Cu
  6
CONTINUOUS
100
AcDbLine
 10
5.593720472440945
 20
-3.7954955118110236
 30
0
 11
5.593720472440945
 21
-3.7954955905511811
 31
0
  0
LINE
  5
383
330
1B
100
AcDbEntity
  8
B.Cu
  6
CONTINUOUS
100
AcDbLine
 10
5.593720472440945
 20
-3.7954955905511811
 30
0
 11
5.593720511811024
 21
-3.7954955905511811
 31
0
  0
LINE
  5
384
330
1B
100
AcDbEntity
  8
B.Cu
  6
CONTINUOUS
100
AcDbLine
 10
5.593720511811024
 20
-3.7954955905511811
 30
0
 11
5.59225220472441
 21
-3.8028770866141732
 31
0
  0
LINE
  5
385
330
1B
100
AcDbEntity
  8
B.Cu
  6
CONTINUOUS
100
AcDbLine
 10
5.59225220472441
 20
-3.8028770866141732
 30
0
 11
5.592252086614174
 21
-3.8028774803149608
 31
0
  0
LINE
  5
386
330
1B
100
AcDbEntity
  8
B.Cu
  6
CONTINUOUS
100
AcDbLine
 10
5.592252086614174
 20
-3.8028774803149608
 30
0
 11
5.589372007874016
 21
-3.8098307086614174
 31
0
  0
LINE
  5
387
330
1B
100
AcDbEntity
  8
B.Cu
  6
CONTINUOUS
100
AcDbLine
 10
5.589372007874016
 20
-3.8098307086614174
 30
0
 11
5.585190393700788
 21
-3.8160889763779529
 31
0
  0
LINE
  5
388
330
1B
100
AcDbEntity
  8
B.Cu
  6
CONTINUOUS
100
AcDbLine
 10
5.585190393700788
 20
-3.8160889763779529
 30
0
 11
5.579868543307087
 21
-3.8214108267716536
 31
0
  0
LINE
  5
389
330
1B
100
AcDbEntity
  8
B.Cu
  6
CONTINUOUS
100
AcDbLine
 10
5.579868543307087
 20
-3.8214108267716536
 30
0
 11
5.573610275590552
 21
-3.8255924409448818
 31
0
  0
LINE
  5
38A
330
1B
100
AcDbEntity
  8
B.Cu
  6
CONTINUOUS
100
AcDbLine
 10
5.573610275590552
 20
-3.8255924409448818
 30
0
 11
5.566797992125985
 21
-3.8284141338582676
 31
0
  0
LINE
  5
38B
330
1B
100
AcDbEntity
  8
B.Cu
  6
CONTINUOUS
100
AcDbLine
 10
5.566797992125985
 20
-3.8284141338582676
 30
0
 11
5.566656850393701
 21
-3.8284725984251966
 31
0
  0
LINE
  5
38C
330
1B
100
AcDbEntity
  8
B.Cu
  6
CONTINUOUS
100
AcDbLine
 10
5.566656850393701
 20
-3.8284725984251966
 30
0
 11
5.566656692913386
 21
-3.8284725984251966
 31
0
  0
LINE
  5
38D
330
1B
100
AcDbEntity
  8
B.Cu
  6
CONTINUOUS
100
AcDbLine
 10
5.566656692913386
 20
-3.8284725984251966
 30
0
 11
5.5666566535433075
 21
-3.8284726377952754
 31
0
  0
LINE
  5
38E
330
1B
100
AcDbEntity
  8
B.Cu
  6
CONTINUOUS
100
AcDbLine
 10
5.5666566535433075
 20
-3.8284726377952754
 30
0
 11
5.559275157480315
 21
-3.8299409448818897
 31
0
  0
LINE
  5
38F
330
1B
100
AcDbEntity
  8
B.Cu
  6
CONTINUOUS
100
AcDbLine
 10
5.559275157480315
 20
-3.8299409448818897
 30
0
 11
5.559275039370079
 21
-3.8299409448818897
 31
0
  0
LINE
  5
390
330
1B
100
AcDbEntity
  8
B.Cu
  6
CONTINUOUS
100
AcDbLine
 10
5.559275039370079
 20
-3.8299409448818897
 30
0
 11
5.5517485039370085
 21
-3.8299409448818897
 31
0
  0
LINE
  5
391
330
1B
100
AcDbEntity
  8
B.Cu
  6
CONTINUOUS
100
AcDbLine
 10
5.5517485039370085
 20
-3.8299409448818897
 30
0
 11
5.5467823228346465
 21
-3.8289530708661417
 31
0
  0
LINE
  5
392
330
1B
100
AcDbEntity
  8
B.Cu
  6
CONTINUOUS
100
AcDbLine
 10
5.5467823228346465
 20
-3.8289530708661417
 30
0
 11
5.544366771653544
 21
-3.8284725984251966
 31
0
  0
LINE
  5
393
330
1B
100
AcDbEntity
  8
B.Cu
  6
CONTINUOUS
100
AcDbLine
 10
5.544366771653544
 20
-3.8284725984251966
 30
0
 11
5.540672047244095
 21
-3.8269422047244093
 31
0
  0
LINE
  5
394
330
1B
100
AcDbEntity
  8
B.Cu
  6
CONTINUOUS
100
AcDbLine
 10
5.540672047244095
 20
-3.8269422047244093
 30
0
 11
5.537413385826772
 21
-3.8255924409448818
 31
0
  0
LINE
  5
395
330
1B
100
AcDbEntity
  8
B.Cu
  6
CONTINUOUS
100
AcDbLine
 10
5.537413385826772
 20
-3.8255924409448818
 30
0
 11
5.5374133464566935
 21
-3.8255924015748031
 31
0
  0
LINE
  5
396
330
1B
100
AcDbEntity
  8
B.Cu
  6
CONTINUOUS
100
AcDbLine
 10
5.5374133464566935
 20
-3.8255924015748031
 30
0
 11
5.537413228346457
 21
-3.8255923622047243
 31
0
  0
LINE
  5
397
330
1B
100
AcDbEntity
  8
B.Cu
  6
CONTINUOUS
100
AcDbLine
 10
5.537413228346457
 20
-3.8255923622047243
 30
0
 11
5.531155196850394
 21
-3.8214109055118111
 31
0
  0
LINE
  5
398
330
1B
100
AcDbEntity
  8
B.Cu
  6
CONTINUOUS
100
AcDbLine
 10
5.531155196850394
 20
-3.8214109055118111
 30
0
 11
5.525833188976378
 21
-3.8160888976377954
 31
0
  0
LINE
  5
399
330
1B
100
AcDbEntity
  8
B.Cu
  6
CONTINUOUS
100
AcDbLine
 10
5.525833188976378
 20
-3.8160888976377954
 30
0
 11
5.521651732283465
 21
-3.8098308661417324
 31
0
  0
LINE
  5
39A
330
1B
100
AcDbEntity
  8
B.Cu
  6
CONTINUOUS
100
AcDbLine
 10
5.521651732283465
 20
-3.8098308661417324
 30
0
 11
5.520504803149607
 21
-3.8070619685039371
 31
0
  0
LINE
  5
39B
330
1B
100
AcDbEntity
  8
B.Cu
  6
CONTINUOUS
100
AcDbLine
 10
5.520504803149607
 20
-3.8070619685039371
 30
0
 11
5.5202116141732285
 21
-3.8063540944881891
 31
0
  0
LINE
  5
39C
330
1B
100
AcDbEntity
  8
B.Cu
  6
CONTINUOUS
100
AcDbLine
 10
5.5202116141732285
 20
-3.8063540944881891
 30
0
 11
5.5187714960629926
 21
-3.8028773228346457
 31
0
  0
LINE
  5
39D
330
1B
100
AcDbEntity
  8
B.Cu
  6
CONTINUOUS
100
AcDbLine
 10
5.5187714960629926
 20
-3.8028773228346457
 30
0
 11
5.5173031496063
 21
-3.7954955118110236
 31
0
  0
LINE
  5
39E
330
1B
100
AcDbEntity
  8
B.Cu
  6
CONTINUOUS
100
AcDbLine
 10
5.5173031496063
 20
-3.7954955118110236
 30
0
 11
5.5173031496063
 21
-3.7541107874015749
 31
0
  0
LINE
  5
39F
330
1B
100
AcDbEntity
  8
B.Cu
  6
CONTINUOUS
100
AcDbLine
 10
5.5173031496063
 20
-3.7541107874015749
 30
0
 11
5.5173031496063
 21
-3.7541106692913386
 31
0
  0
LINE
  5
3A0
330
1B
100
AcDbEntity
  8
B.Cu
  6
CONTINUOUS
100
AcDbLine
 10
5.5173031496063
 20
-3.7541106692913386
 30
0
 11
5.518771456692914
 21
-3.7467291732283465
 31
0
  0
LINE
  5
3A1
330
1B
100
AcDbEntity
  8
B.Cu
  6
CONTINUOUS
100
AcDbLine
 10
5.518771456692914
 20
-3.7467291732283465
 30
0
 11
5.5187714960629926
 21
-3.7467291338582678
 31
0
  0
LINE
  5
3A2
330
1B
100
AcDbEntity
  8
B.Cu
  6
CONTINUOUS
100
AcDbLine
 10
5.5187714960629926
 20
-3.7467291338582678
 30
0
 11
5.5187714960629926
 21
-3.7467289763779528
 31
0
  0
LINE
  5
3A3
330
1B
100
AcDbEntity
  8
B.Cu
  6
CONTINUOUS
100
AcDbLine
 10
5.5187714960629926
 20
-3.7467289763779528
 30
0
 11
5.519436062992127
 21
-3.7451245275590552
 31
0
  0
LINE
  5
3A4
330
1B
100
AcDbEntity
  8
B.Cu
  6
CONTINUOUS
100
AcDbLine
 10
5.519436062992127
 20
-3.7451245275590552
 30
0
 11
5.521651653543308
 21
-3.7397755511811024
 31
0
  0
LINE
  5
3A5
330
1B
100
AcDbEntity
  8
B.Cu
  6
CONTINUOUS
100
AcDbLine
 10
5.521651653543308
 20
-3.7397755511811024
 30
0
 11
5.525833267716536
 21
-3.7335172834645669
 31
0
  0
LINE
  5
3A6
330
1B
100
AcDbEntity
  8
B.Cu
  6
CONTINUOUS
100
AcDbLine
 10
5.525833267716536
 20
-3.7335172834645669
 30
0
 11
5.5265031889763785
 21
-3.7328473622047245
 31
0
  0
LINE
  5
3A7
330
1B
100
AcDbEntity
  8
B.Cu
  6
CONTINUOUS
100
AcDbLine
 10
5.5265031889763785
 20
-3.7328473622047245
 30
0
 11
5.527821496062993
 21
-3.7304330708661415
 31
0
  0
LINE
  5
3A8
330
1B
100
AcDbEntity
  8
B.Cu
  6
CONTINUOUS
100
AcDbLine
 10
5.527821496062993
 20
-3.7304330708661415
 30
0
 11
5.527933070866142
 21
-3.7293953543307086
 31
0
  0
LINE
  5
3A9
330
1B
100
AcDbEntity
  8
B.Cu
  6
CONTINUOUS
100
AcDbLine
 10
5.527933070866142
 20
-3.7293953543307086
 30
0
 11
5.527933070866142
 21
-3.6051482283464567
 31
0
  0
LINE
  5
3AA
330
1B
100
AcDbEntity
  8
B.Cu
  6
CONTINUOUS
100
AcDbLine
 10
5.527933070866142
 20
-3.6051482283464567
 30
0
 11
5.527971299212599
 21
-3.6049561417322833
 31
0
  0
LINE
  5
3AB
330
1B
100
AcDbEntity
  8
B.Cu
  6
CONTINUOUS
100
AcDbLine
 10
5.527971299212599
 20
-3.6049561417322833
 30
0
 11
5.528992913385827
 21
-3.5998200787401573
 31
0
  0
LINE
  5
3AC
330
1B
100
AcDbEntity
  8
B.Cu
  6
CONTINUOUS
100
AcDbLine
 10
5.528992913385827
 20
-3.5998200787401573
 30
0
 11
5.530046850393702
 21
-3.5972756299212598
 31
0
  0
LINE
  5
3AD
330
1B
100
AcDbEntity
  8
B.Cu
  6
CONTINUOUS
100
AcDbLine
 10
5.530046850393702
 20
-3.5972756299212598
 30
0
 11
5.530212716535433
 21
-3.5968751574803148
 31
0
  0
LINE
  5
3AE
330
1B
100
AcDbEntity
  8
B.Cu
  6
CONTINUOUS
100
AcDbLine
 10
5.530212716535433
 20
-3.5968751574803148
 30
0
 11
5.530506771653544
 21
-3.5941401574803149
 31
0
  0
LINE
  5
3AF
330
1B
100
AcDbEntity
  8
B.Cu
  6
CONTINUOUS
100
AcDbLine
 10
5.530506771653544
 20
-3.5941401574803149
 30
0
 11
5.529275472440945
 21
-3.5916803543307085
 31
0
  0
LINE
  5
3B0
330
1B
100
AcDbEntity
  8
B.Cu
  6
CONTINUOUS
100
AcDbLine
 10
5.529275472440945
 20
-3.5916803543307085
 30
0
 11
5.526909763779528
 21
-3.5902767322834643
 31
0
  0
LINE
  5
3B1
330
1B
100
AcDbEntity
  8
B.Cu
  6
CONTINUOUS
100
AcDbLine
 10
5.526909763779528
 20
-3.5902767322834643
 30
0
 11
5.524160708661418
 21
-3.5903749212598424
 31
0
  0
LINE
  5
3B2
330
1B
100
AcDbEntity
  8
B.Cu
  6
CONTINUOUS
100
AcDbLine
 10
5.524160708661418
 20
-3.5903749212598424
 30
0
 11
5.522250433070867
 21
-3.5915549606299213
 31
0
  0
LINE
  5
3B3
330
1B
100
AcDbEntity
  8
B.Cu
  6
CONTINUOUS
100
AcDbLine
 10
5.522250433070867
 20
-3.5915549606299213
 30
0
 11
5.501449566929134
 21
-3.6123558267716533
 31
0
  0
LINE
  5
3B4
330
1B
100
AcDbEntity
  8
B.Cu
  6
CONTINUOUS
100
AcDbLine
 10
5.501449566929134
 20
-3.6123558267716533
 30
0
 11
5.5001312598425205
 21
-3.6147701181102363
 31
0
  0
LINE
  5
3B5
330
1B
100
AcDbEntity
  8
B.Cu
  6
CONTINUOUS
100
AcDbLine
 10
5.5001312598425205
 20
-3.6147701181102363
 30
0
 11
5.500019685039371
 21
-3.6158078346456692
 31
0
  0
LINE
  5
3B6
330
1B
100
AcDbEntity
  8
B.Cu
  6
CONTINUOUS
100
AcDbLine
 10
5.500019685039371
 20
-3.6158078346456692
 30
0
 11
5.500019685039371
 21
-3.8448220472440946
 31
0
  0
LINE
  5
3B7
330
1B
100
AcDbEntity
  8
B.Cu
  6
CONTINUOUS
100
AcDbLine
 10
5.500019685039371
 20
-3.8448220472440946
 30
0
 11
5.500794685039371
 21
-3.8474613779527558
 31
0
  0
LINE
  5
3B8
330
1B
100
AcDbEntity
  8
B.Cu
  6
CONTINUOUS
100
AcDbLine
 10
5.500794685039371
 20
-3.8474613779527558
 30
0
 11
5.501449566929134
 21
-3.84827405511811
 31
0
  0
LINE
  5
3B9
330
1B
100
AcDbEntity
  8
B.Cu
  6
CONTINUOUS
100
AcDbLine
 10
5.501449566929134
 20
-3.84827405511811
 30
0
 11
5.669599173228347
 21
-4.0164236614173223
 31
0
  0
LINE
  5
3BA
330
1B
100
AcDbEntity
  8
B.Cu
  6
CONTINUOUS
100
AcDbLine
 10
5.669599173228347
 20
-4.0164236614173223
 30
0
 11
5.67201346456693
 21
-4.0177419685039366
 31
0
  0
LINE
  5
3BB
330
1B
100
AcDbEntity
  8
B.Cu
  6
CONTINUOUS
100
AcDbLine
 10
5.67201346456693
 20
-4.0177419685039366
 30
0
 11
5.674757244094488
 21
-4.0175457480314956
 31
0
  0
LINE
  5
3BC
330
1B
100
AcDbEntity
  8
B.Cu
  6
CONTINUOUS
100
AcDbLine
 10
5.674757244094488
 20
-4.0175457480314956
 30
0
 11
5.676959330708662
 21
-4.0158972440944884
 31
0
  0
LINE
  5
3BD
330
1B
100
AcDbEntity
  8
B.Cu
  6
CONTINUOUS
100
AcDbLine
 10
5.676959330708662
 20
-4.0158972440944884
 30
0
 11
5.67792062992126
 21
-4.0133199212598427
 31
0
  0
LINE
  5
3BE
330
1B
100
AcDbEntity
  8
B.Cu
  6
CONTINUOUS
100
AcDbLine
 10
5.67792062992126
 20
-4.0133199212598427
 30
0
 11
5.677933070866143
 21
-4.0129716535433069
 31
0
  0
LINE
  5
3BF
330
1B
100
AcDbEntity
  8
B.Cu
  6
CONTINUOUS
100
AcDbLine
 10
5.677933070866143
 20
-4.0129716535433069
 30
0
 11
5.677933070866143
 21
-3.8783859842519686
 31
0
  0
LINE
  5
3C0
330
1B
100
AcDbEntity
  8
B.Cu
  6
CONTINUOUS
100
AcDbLine
 10
5.677933070866143
 20
-3.8783859842519686
 30
0
 11
5.678992874015749
 21
-3.8730581496062992
 31
0
  0
LINE
  5
3C1
330
1B
100
AcDbEntity
  8
B.Cu
  6
CONTINUOUS
100
AcDbLine
 10
5.678992874015749
 20
-3.8730581496062992
 30
0
 11
5.6789929133858275
 21
-3.8730581102362205
 31
0
  0
LINE
  5
3C2
330
1B
100
AcDbEntity
  8
B.Cu
  6
CONTINUOUS
100
AcDbLine
 10
5.6789929133858275
 20
-3.8730581102362205
 30
0
 11
5.6789929133858275
 21
-3.8730579527559055
 31
0
  0
LINE
  5
3C3
330
1B
100
AcDbEntity
  8
B.Cu
  6
CONTINUOUS
100
AcDbLine
 10
5.6789929133858275
 20
-3.8730579527559055
 30
0
 11
5.679708188976378
 21
-3.8713311417322833
 31
0
  0
LINE
  5
3C4
330
1B
100
AcDbEntity
  8
B.Cu
  6
CONTINUOUS
100
AcDbLine
 10
5.679708188976378
 20
-3.8713311417322833
 30
0
 11
5.681071850393701
 21
-3.8680389370078738
 31
0
  0
LINE
  5
3C5
330
1B
100
AcDbEntity
  8
B.Cu
  6
CONTINUOUS
100
AcDbLine
 10
5.681071850393701
 20
-3.8680389370078738
 30
0
 11
5.68409
 21
-3.8635219291338583
 31
0
  0
LINE
  5
3C6
330
1B
100
AcDbEntity
  8
B.Cu
  6
CONTINUOUS
100
AcDbLine
 10
5.68409
 20
-3.8635219291338583
 30
0
 11
5.684090078740158
 21
-3.863521811023622
 31
0
  0
LINE
  5
3C7
330
1B
100
AcDbEntity
  8
B.Cu
  6
CONTINUOUS
100
AcDbLine
 10
5.684090078740158
 20
-3.863521811023622
 30
0
 11
5.684090118110237
 21
-3.8635217716535433
 31
0
  0
LINE
  5
3C8
330
1B
100
AcDbEntity
  8
B.Cu
  6
CONTINUOUS
100
AcDbLine
 10
5.684090118110237
 20
-3.8635217716535433
 30
0
 11
5.725279251968504
 21
-3.8223326771653543
 31
0
  0
LINE
  5
3C9
330
1B
100
AcDbEntity
  8
B.Cu
  6
CONTINUOUS
100
AcDbLine
 10
5.725279251968504
 20
-3.8223326771653543
 30
0
 11
5.726597559055119
 21
-3.8199183858267713
 31
0
  0
LINE
  5
3CA
330
1B
100
AcDbEntity
  8
B.Cu
  6
CONTINUOUS
100
AcDbLine
 10
5.726597559055119
 20
-3.8199183858267713
 30
0
 11
5.7264013385826775
 21
-3.8171746062992127
 31
0
  0
LINE
  5
3CB
330
1B
100
AcDbEntity
  8
B.Cu
  6
CONTINUOUS
100
AcDbLine
 10
5.7264013385826775
 20
-3.8171746062992127
 30
0
 11
5.725886377952756
 21
-3.8161684251968504
 31
0
  0
LINE
  5
3CC
330
1B
100
AcDbEntity
  8
B.Cu
  6
CONTINUOUS
100
AcDbLine
 10
5.725886377952756
 20
-3.8161684251968504
 30
0
 11
5.725833346456693
 21
-3.8160890157480316
 31
0
  0
LINE
  5
3CD
330
1B
100
AcDbEntity
  8
B.Cu
  6
CONTINUOUS
100
AcDbLine
 10
5.725833346456693
 20
-3.8160890157480316
 30
0
 11
5.725833188976378
 21
-3.8160888976377954
 31
0
  0
LINE
  5
3CE
330
1B
100
AcDbEntity
  8
B.Cu
  6
CONTINUOUS
100
AcDbLine
 10
5.725833188976378
 20
-3.8160888976377954
 30
0
 11
5.7216517322834655
 21
-3.8098308661417324
 31
0
  0
LINE
  5
3CF
330
1B
100
AcDbEntity
  8
B.Cu
  6
CONTINUOUS
100
AcDbLine
 10
5.7216517322834655
 20
-3.8098308661417324
 30
0
 11
5.718771496062993
 21
-3.8028773228346457
 31
0
  0
LINE
  5
3D0
330
1B
100
AcDbEntity
  8
B.Cu
  6
CONTINUOUS
100
AcDbLine
 10
5.718771496062993
 20
-3.8028773228346457
 30
0
 11
5.7173031496063
 21
-3.7954955118110236
 31
0
  0
LINE
  5
3D1
330
1B
100
AcDbEntity
  8
B.Cu
  6
CONTINUOUS
100
AcDbLine
 10
5.7173031496063
 20
-3.7954955118110236
 30
0
 11
5.7173031496063
 21
-3.7541107874015749
 31
0
  0
LINE
  5
3D2
330
1B
100
AcDbEntity
  8
B.Cu
  6
CONTINUOUS
100
AcDbLine
 10
5.7173031496063
 20
-3.7541107874015749
 30
0
 11
5.7173031496063
 21
-3.7541106692913386
 31
0
  0
LINE
  5
3D3
330
1B
100
AcDbEntity
  8
B.Cu
  6
CONTINUOUS
100
AcDbLine
 10
5.7173031496063
 20
-3.7541106692913386
 30
0
 11
5.718771456692914
 21
-3.7467291732283465
 31
0
  0
LINE
  5
3D4
330
1B
100
AcDbEntity
  8
B.Cu
  6
CONTINUOUS
100
AcDbLine
 10
5.718771456692914
 20
-3.7467291732283465
 30
0
 11
5.718771496062993
 21
-3.7467291338582678
 31
0
  0
LINE
  5
3D5
330
1B
100
AcDbEntity
  8
B.Cu
  6
CONTINUOUS
100
AcDbLine
 10
5.718771496062993
 20
-3.7467291338582678
 30
0
 11
5.718771496062993
 21
-3.7467289763779528
 31
0
  0
LINE
  5
3D6
330
1B
100
AcDbEntity
  8
B.Cu
  6
CONTINUOUS
100
AcDbLine
 10
5.718771496062993
 20
-3.7467289763779528
 30
0
 11
5.719436062992126
 21
-3.7451245275590552
 31
0
  0
LINE
  5
3D7
330
1B
100
AcDbEntity
  8
B.Cu
  6
CONTINUOUS
100
AcDbLine
 10
5.719436062992126
 20
-3.7451245275590552
 30
0
 11
5.721651653543308
 21
-3.7397755511811024
 31
0
  0
LINE
  5
3D8
330
1B
100
AcDbEntity
  8
B.Cu
  6
CONTINUOUS
100
AcDbLine
 10
5.721651653543308
 20
-3.7397755511811024
 30
0
 11
5.725833267716536
 21
-3.7335172834645669
 31
0
  0
LINE
  5
3D9
330
1B
100
AcDbEntity
  8
B.Cu
  6
CONTINUOUS
100
AcDbLine
 10
5.725833267716536
 20
-3.7335172834645669
 30
0
 11
5.7311551181102365
 21
-3.7281954330708662
 31
0
  0
LINE
  5
3DA
330
1B
100
AcDbEntity
  8
B.Cu
  6
CONTINUOUS
100
AcDbLine
 10
5.7311551181102365
 20
-3.7281954330708662
 30
0
 11
5.737413385826772
 21
-3.7240138188976375
 31
0
  0
LINE
  5
3DB
330
1B
100
AcDbEntity
  8
B.Cu
  6
CONTINUOUS
100
AcDbLine
 10
5.737413385826772
 20
-3.7240138188976375
 30
0
 11
5.744366614173229
 21
-3.7211337401574802
 31
0
  0
LINE
  5
3DC
330
1B
100
AcDbEntity
  8
B.Cu
  6
CONTINUOUS
100
AcDbLine
 10
5.744366614173229
 20
-3.7211337401574802
 30
0
 11
5.7443670078740166
 21
-3.721133622047244
 31
0
  0
LINE
  5
3DD
330
1B
100
AcDbEntity
  8
B.Cu
  6
CONTINUOUS
100
AcDbLine
 10
5.7443670078740166
 20
-3.721133622047244
 30
0
 11
5.751748503937009
 21
-3.7196653543307088
 31
0
  0
LINE
  5
3DE
330
1B
100
AcDbEntity
  8
B.Cu
  6
CONTINUOUS
100
AcDbLine
 10
5.751748503937009
 20
-3.7196653543307088
 30
0
 11
5.751748582677166
 21
-3.7196653543307088
 31
0
  0
LINE
  5
3DF
330
1B
100
AcDbEntity
  8
B.Cu
  6
CONTINUOUS
100
AcDbLine
 10
5.751748582677166
 20
-3.7196653543307088
 30
0
 11
5.759275039370079
 21
-3.7196653543307088
 31
0
  0
LINE
  5
3E0
330
1B
100
AcDbEntity
  8
B.Cu
  6
CONTINUOUS
100
AcDbLine
 10
5.759275039370079
 20
-3.7196653543307088
 30
0
 11
5.759275118110237
 21
-3.7196653543307088
 31
0
  0
LINE
  5
3E1
330
1B
100
AcDbEntity
  8
B.Cu
  6
CONTINUOUS
100
AcDbLine
 10
5.759275118110237
 20
-3.7196653543307088
 30
0
 11
5.766656653543308
 21
-3.721133622047244
 31
0
  0
LINE
  5
3E2
330
1B
100
AcDbEntity
  8
B.Cu
  6
CONTINUOUS
100
AcDbLine
 10
5.766656653543308
 20
-3.721133622047244
 30
0
 11
5.766657047244095
 21
-3.7211337401574802
 31
0
  0
LINE
  5
3E3
330
1B
100
AcDbEntity
  8
B.Cu
  6
CONTINUOUS
100
AcDbLine
 10
5.766657047244095
 20
-3.7211337401574802
 30
0
 11
5.773366023622048
 21
-3.7239126771653543
 31
0
  0
LINE
  5
3E4
330
1B
100
AcDbEntity
  8
B.Cu
  6
CONTINUOUS
100
AcDbLine
 10
5.773366023622048
 20
-3.7239126771653543
 30
0
 11
5.776101023622048
 21
-3.7242067322834647
 31
0
  0
LINE
  5
3E5
330
1B
100
AcDbEntity
  8
B.Cu
  6
CONTINUOUS
100
AcDbLine
 10
5.776101023622048
 20
-3.7242067322834647
 30
0
 11
5.778560826771654
 21
-3.7229753937007874
 31
0
  0
LINE
  5
3E6
330
1B
100
AcDbEntity
  8
B.Cu
  6
CONTINUOUS
100
AcDbLine
 10
5.778560826771654
 20
-3.7229753937007874
 30
0
 11
5.779964448818898
 21
-3.7206096850393702
 31
0
  0
LINE
  5
3E7
330
1B
100
AcDbEntity
  8
B.Cu
  6
CONTINUOUS
100
AcDbLine
 10
5.779964448818898
 20
-3.7206096850393702
 30
0
 11
5.780022283464567
 21
-3.7184499606299211
 31
0
  0
LINE
  5
3E8
330
1B
100
AcDbEntity
  8
B.Cu
  6
CONTINUOUS
100
AcDbLine
 10
5.780022283464567
 20
-3.7184499606299211
 30
0
 11
5.779507874015748
 21
-3.7158638976377953
 31
0
  0
LINE
  5
3E9
330
1B
100
AcDbEntity
  8
B.Cu
  6
CONTINUOUS
100
AcDbLine
 10
5.779507874015748
 20
-3.7158638976377953
 30
0
 11
5.779507874015748
 21
-3.5816182677165354
 31
0
  0
LINE
  5
3EA
330
1B
100
AcDbEntity
  8
B.Cu
  6
CONTINUOUS
100
AcDbLine
 10
5.779507874015748
 20
-3.5816182677165354
 30
0
 11
5.778732874015748
 21
-3.5789789370078737
 31
0
  0
LINE
  5
3EB
330
1B
100
AcDbEntity
  8
B.Cu
  6
CONTINUOUS
100
AcDbLine
 10
5.778732874015748
 20
-3.5789789370078737
 30
0
 11
5.776653976377953
 21
-3.577177559055118
 31
0
  0
LINE
  5
3EC
330
1B
100
AcDbEntity
  8
B.Cu
  6
CONTINUOUS
100
AcDbLine
 10
5.776653976377953
 20
-3.577177559055118
 30
0
 11
5.773931220472441
 21
-3.576786062992126
 31
0
  0
LINE
  5
3ED
330
1B
100
AcDbEntity
  8
B.Cu
  6
CONTINUOUS
100
AcDbLine
 10
5.773931220472441
 20
-3.576786062992126
 30
0
 11
5.771429015748032
 21
-3.5779287795275589
 31
0
  0
LINE
  5
3EE
330
1B
100
AcDbEntity
  8
B.Cu
  6
CONTINUOUS
100
AcDbLine
 10
5.771429015748032
 20
-3.5779287795275589
 30
0
 11
5.770566811023622
 21
-3.5789060629921261
 31
0
  0
LINE
  5
3EF
330
1B
100
AcDbEntity
  8
B.Cu
  6
CONTINUOUS
100
AcDbLine
 10
5.770566811023622
 20
-3.5789060629921261
 30
0
 11
5.7694532677165355
 21
-3.5805726377952753
 31
0
  0
LINE
  5
3F0
330
1B
100
AcDbEntity
  8
B.Cu
  6
CONTINUOUS
100
AcDbLine
 10
5.7694532677165355
 20
-3.5805726377952753
 30
0
 11
5.769453228346457
 21
-3.5805726771653541
 31
0
  0
LINE
  5
3F1
330
1B
100
AcDbEntity
  8
B.Cu
  6
CONTINUOUS
100
AcDbLine
 10
5.769453228346457
 20
-3.5805726771653541
 30
0
 11
5.684520433070866
 21
-3.6655054330708658
 31
0
  0
LINE
  5
3F2
330
1B
100
AcDbEntity
  8
B.Cu
  6
CONTINUOUS
100
AcDbLine
 10
5.684520433070866
 20
-3.6655054330708658
 30
0
 11
5.683202125984252
 21
-3.6679197244094488
 31
0
  0
LINE
  5
3F3
330
1B
100
AcDbEntity
  8
B.Cu
  6
CONTINUOUS
100
AcDbLine
 10
5.683202125984252
 20
-3.6679197244094488
 30
0
 11
5.6830905511811025
 21
-3.6689574409448817
 31
0
  0
LINE
  5
3F4
330
1B
100
AcDbEntity
  8
B.Cu
  6
CONTINUOUS
100
AcDbLine
 10
5.6830905511811025
 20
-3.6689574409448817
 30
0
 11
5.6830905511811025
 21
-3.7293953543307086
 31
0
  0
LINE
  5
3F5
330
1B
100
AcDbEntity
  8
B.Cu
  6
CONTINUOUS
100
AcDbLine
 10
5.6830905511811025
 20
-3.7293953543307086
 30
0
 11
5.6838655511811025
 21
-3.7320346850393702
 31
0
  0
LINE
  5
3F6
330
1B
100
AcDbEntity
  8
B.Cu
  6
CONTINUOUS
100
AcDbLine
 10
5.6838655511811025
 20
-3.7320346850393702
 30
0
 11
5.684520433070866
 21
-3.7328473622047245
 31
0
  0
LINE
  5
3F7
330
1B
100
AcDbEntity
  8
B.Cu
  6
CONTINUOUS
100
AcDbLine
 10
5.684520433070866
 20
-3.7328473622047245
 30
0
 11
5.685190354330709
 21
-3.7335172440944882
 31
0
  0
LINE
  5
3F8
330
1B
100
AcDbEntity
  8
B.Cu
  6
CONTINUOUS
100
AcDbLine
 10
5.685190354330709
 20
-3.7335172440944882
 30
0
 11
5.685190393700788
 21
-3.7335172834645669
 31
0
  0
LINE
  5
3F9
330
1B
100
AcDbEntity
  8
B.Cu
  6
CONTINUOUS
100
AcDbLine
 10
5.685190393700788
 20
-3.7335172834645669
 30
0
 11
5.689372007874017
 21
-3.7397755511811024
 31
0
  0
LINE
  5
3FA
330
1B
100
AcDbEntity
  8
B.Cu
  6
CONTINUOUS
100
AcDbLine
 10
5.689372007874017
 20
-3.7397755511811024
 30
0
 11
5.6922520866141735
 21
-3.746728779527559
 31
0
  0
LINE
  5
3FB
330
1B
100
AcDbEntity
  8
B.Cu
  6
CONTINUOUS
100
AcDbLine
 10
5.6922520866141735
 20
-3.746728779527559
 30
0
 11
5.69225220472441
 21
-3.7467291732283465
 31
0
  0
LINE
  5
3FC
330
1B
100
AcDbEntity
  8
B.Cu
  6
CONTINUOUS
100
AcDbLine
 10
5.69225220472441
 20
-3.7467291732283465
 30
0
 11
5.693720472440945
 21
-3.7541106692913386
 31
0
  0
LINE
  5
3FD
330
1B
100
AcDbEntity
  8
B.Cu
  6
CONTINUOUS
100
AcDbLine
 10
5.693720472440945
 20
-3.7541106692913386
 30
0
 11
5.693720472440945
 21
-3.7541107874015749
 31
0
  0
LINE
  5
3FE
330
1B
100
AcDbEntity
  8
B.Cu
  6
CONTINUOUS
100
AcDbLine
 10
5.693720472440945
 20
-3.7541107874015749
 30
0
 11
5.693720472440945
 21
-3.7954955118110236
 31
0
  0
LINE
  5
3FF
330
1B
100
AcDbEntity
  8
B.Cu
  6
CONTINUOUS
100
AcDbLine
 10
5.693720472440945
 20
-3.7954955118110236
 30
0
 11
5.693720472440945
 21
-3.7954955905511811
 31
0
  0
LINE
  5
400
330
1B
100
AcDbEntity
  8
B.Cu
  6
CONTINUOUS
100
AcDbLine
 10
5.693720472440945
 20
-3.7954955905511811
 30
0
 11
5.693720511811024
 21
-3.7954955905511811
 31
0
  0
LINE
  5
401
330
1B
100
AcDbEntity
  8
B.Cu
  6
CONTINUOUS
100
AcDbLine
 10
5.693720511811024
 20
-3.7954955905511811
 30
0
 11
5.69225220472441
 21
-3.8028770866141732
 31
0
  0
LINE
  5
402
330
1B
100
AcDbEntity
  8
B.Cu
  6
CONTINUOUS
100
AcDbLine
 10
5.69225220472441
 20
-3.8028770866141732
 30
0
 11
5.6922520866141735
 21
-3.8028774803149608
 31
0
  0
LINE
  5
403
330
1B
100
AcDbEntity
  8
B.Cu
  6
CONTINUOUS
100
AcDbLine
 10
5.6922520866141735
 20
-3.8028774803149608
 30
0
 11
5.689372007874017
 21
-3.8098307086614174
 31
0
  0
LINE
  5
404
330
1B
100
AcDbEntity
  8
B.Cu
  6
CONTINUOUS
100
AcDbLine
 10
5.689372007874017
 20
-3.8098307086614174
 30
0
 11
5.685190393700788
 21
-3.8160889763779529
 31
0
  0
LINE
  5
405
330
1B
100
AcDbEntity
  8
B.Cu
  6
CONTINUOUS
100
AcDbLine
 10
5.685190393700788
 20
-3.8160889763779529
 30
0
 11
5.679868543307087
 21
-3.8214108267716536
 31
0
  0
LINE
  5
406
330
1B
100
AcDbEntity
  8
B.Cu
  6
CONTINUOUS
100
AcDbLine
 10
5.679868543307087
 20
-3.8214108267716536
 30
0
 11
5.673610275590551
 21
-3.8255924409448818
 31
0
  0
LINE
  5
407
330
1B
100
AcDbEntity
  8
B.Cu
  6
CONTINUOUS
100
AcDbLine
 10
5.673610275590551
 20
-3.8255924409448818
 30
0
 11
5.666797992125985
 21
-3.8284141338582676
 31
0
  0
LINE
  5
408
330
1B
100
AcDbEntity
  8
B.Cu
  6
CONTINUOUS
100
AcDbLine
 10
5.666797992125985
 20
-3.8284141338582676
 30
0
 11
5.666656850393701
 21
-3.8284725984251966
 31
0
  0
LINE
  5
409
330
1B
100
AcDbEntity
  8
B.Cu
  6
CONTINUOUS
100
AcDbLine
 10
5.666656850393701
 20
-3.8284725984251966
 30
0
 11
5.666656692913386
 21
-3.8284725984251966
 31
0
  0
LINE
  5
40A
330
1B
100
AcDbEntity
  8
B.Cu
  6
CONTINUOUS
100
AcDbLine
 10
5.666656692913386
 20
-3.8284725984251966
 30
0
 11
5.666656653543307
 21
-3.8284726377952754
 31
0
  0
LINE
  5
40B
330
1B
100
AcDbEntity
  8
B.Cu
  6
CONTINUOUS
100
AcDbLine
 10
5.666656653543307
 20
-3.8284726377952754
 30
0
 11
5.659275157480315
 21
-3.8299409448818897
 31
0
  0
LINE
  5
40C
330
1B
100
AcDbEntity
  8
B.Cu
  6
CONTINUOUS
100
AcDbLine
 10
5.659275157480315
 20
-3.8299409448818897
 30
0
 11
5.659275039370079
 21
-3.8299409448818897
 31
0
  0
LINE
  5
40D
330
1B
100
AcDbEntity
  8
B.Cu
  6
CONTINUOUS
100
AcDbLine
 10
5.659275039370079
 20
-3.8299409448818897
 30
0
 11
5.651748503937008
 21
-3.8299409448818897
 31
0
  0
LINE
  5
40E
330
1B
100
AcDbEntity
  8
B.Cu
  6
CONTINUOUS
100
AcDbLine
 10
5.651748503937008
 20
-3.8299409448818897
 30
0
 11
5.646782322834646
 21
-3.8289530708661417
 31
0
  0
LINE
  5
40F
330
1B
100
AcDbEntity
  8
B.Cu
  6
CONTINUOUS
100
AcDbLine
 10
5.646782322834646
 20
-3.8289530708661417
 30
0
 11
5.6443667716535435
 21
-3.8284725984251966
 31
0
  0
LINE
  5
410
330
1B
100
AcDbEntity
  8
B.Cu
  6
CONTINUOUS
100
AcDbLine
 10
5.6443667716535435
 20
-3.8284725984251966
 30
0
 11
5.640672047244095
 21
-3.8269422047244093
 31
0
  0
LINE
  5
411
330
1B
100
AcDbEntity
  8
B.Cu
  6
CONTINUOUS
100
AcDbLine
 10
5.640672047244095
 20
-3.8269422047244093
 30
0
 11
5.637413385826772
 21
-3.8255924409448818
 31
0
  0
LINE
  5
412
330
1B
100
AcDbEntity
  8
B.Cu
  6
CONTINUOUS
100
AcDbLine
 10
5.637413385826772
 20
-3.8255924409448818
 30
0
 11
5.637413346456693
 21
-3.8255924015748031
 31
0
  0
LINE
  5
413
330
1B
100
AcDbEntity
  8
B.Cu
  6
CONTINUOUS
100
AcDbLine
 10
5.637413346456693
 20
-3.8255924015748031
 30
0
 11
5.637413228346457
 21
-3.8255923622047243
 31
0
  0
LINE
  5
414
330
1B
100
AcDbEntity
  8
B.Cu
  6
CONTINUOUS
100
AcDbLine
 10
5.637413228346457
 20
-3.8255923622047243
 30
0
 11
5.631155196850394
 21
-3.8214109055118111
 31
0
  0
LINE
  5
415
330
1B
100
AcDbEntity
  8
B.Cu
  6
CONTINUOUS
100
AcDbLine
 10
5.631155196850394
 20
-3.8214109055118111
 30
0
 11
5.625833188976379
 21
-3.8160888976377954
 31
0
  0
LINE
  5
416
330
1B
100
AcDbEntity
  8
B.Cu
  6
CONTINUOUS
100
AcDbLine
 10
5.625833188976379
 20
-3.8160888976377954
 30
0
 11
5.621651732283465
 21
-3.8098308661417324
 31
0
  0
LINE
  5
417
330
1B
100
AcDbEntity
  8
B.Cu
  6
CONTINUOUS
100
AcDbLine
 10
5.621651732283465
 20
-3.8098308661417324
 30
0
 11
5.620504803149607
 21
-3.8070619685039371
 31
0
  0
LINE
  5
418
330
1B
100
AcDbEntity
  8
B.Cu
  6
CONTINUOUS
100
AcDbLine
 10
5.620504803149607
 20
-3.8070619685039371
 30
0
 11
5.620211614173229
 21
-3.8063540944881891
 31
0
  0
LINE
  5
419
330
1B
100
AcDbEntity
  8
B.Cu
  6
CONTINUOUS
100
AcDbLine
 10
5.620211614173229
 20
-3.8063540944881891
 30
0
 11
5.618771496062992
 21
-3.8028773228346457
 31
0
  0
LINE
  5
41A
330
1B
100
AcDbEntity
  8
B.Cu
  6
CONTINUOUS
100
AcDbLine
 10
5.618771496062992
 20
-3.8028773228346457
 30
0
 11
5.6173031496062995
 21
-3.7954955118110236
 31
0
  0
LINE
  5
41B
330
1B
100
AcDbEntity
  8
B.Cu
  6
CONTINUOUS
100
AcDbLine
 10
5.6173031496062995
 20
-3.7954955118110236
 30
0
 11
5.6173031496062995
 21
-3.7541107874015749
 31
0
  0
LINE
  5
41C
330
1B
100
AcDbEntity
  8
B.Cu
  6
CONTINUOUS
100
AcDbLine
 10
5.6173031496062995
 20
-3.7541107874015749
 30
0
 11
5.6173031496062995
 21
-3.7541106692913386
 31
0
  0
LINE
  5
41D
330
1B
100
AcDbEntity
  8
B.Cu
  6
CONTINUOUS
100
AcDbLine
 10
5.6173031496062995
 20
-3.7541106692913386
 30
0
 11
5.6187714566929134
 21
-3.7467291732283465
 31
0
  0
LINE
  5
41E
330
1B
100
AcDbEntity
  8
B.Cu
  6
CONTINUOUS
100
AcDbLine
 10
5.6187714566929134
 20
-3.7467291732283465
 30
0
 11
5.618771496062992
 21
-3.7467291338582678
 31
0
  0
LINE
  5
41F
330
1B
100
AcDbEntity
  8
B.Cu
  6
CONTINUOUS
100
AcDbLine
 10
5.618771496062992
 20
-3.7467291338582678
 30
0
 11
5.618771496062992
 21
-3.7467289763779528
 31
0
  0
LINE
  5
420
330
1B
100
AcDbEntity
  8
B.Cu
  6
CONTINUOUS
100
AcDbLine
 10
5.618771496062992
 20
-3.7467289763779528
 30
0
 11
5.6194360629921265
 21
-3.7451245275590552
 31
0
  0
LINE
  5
421
330
1B
100
AcDbEntity
  8
B.Cu
  6
CONTINUOUS
100
AcDbLine
 10
5.6194360629921265
 20
-3.7451245275590552
 30
0
 11
5.621651653543307
 21
-3.7397755511811024
 31
0
  0
LINE
  5
422
330
1B
100
AcDbEntity
  8
B.Cu
  6
CONTINUOUS
100
AcDbLine
 10
5.621651653543307
 20
-3.7397755511811024
 30
0
 11
5.625833267716536
 21
-3.7335172834645669
 31
0
  0
LINE
  5
423
330
1B
100
AcDbEntity
  8
B.Cu
  6
CONTINUOUS
100
AcDbLine
 10
5.625833267716536
 20
-3.7335172834645669
 30
0
 11
5.626503188976378
 21
-3.7328473622047245
 31
0
  0
LINE
  5
424
330
1B
100
AcDbEntity
  8
B.Cu
  6
CONTINUOUS
100
AcDbLine
 10
5.626503188976378
 20
-3.7328473622047245
 30
0
 11
5.627821496062992
 21
-3.7304330708661415
 31
0
  0
LINE
  5
425
330
1B
100
AcDbEntity
  8
B.Cu
  6
CONTINUOUS
100
AcDbLine
 10
5.627821496062992
 20
-3.7304330708661415
 30
0
 11
5.627933070866142
 21
-3.7293953543307086
 31
0
  0
LINE
  5
426
330
1B
100
AcDbEntity
  8
B.Cu
  6
CONTINUOUS
100
AcDbLine
 10
5.627933070866142
 20
-3.7293953543307086
 30
0
 11
5.627933070866142
 21
-3.6527954330708661
 31
0
  0
LINE
  5
427
330
1B
100
AcDbEntity
  8
B.Cu
  6
CONTINUOUS
100
AcDbLine
 10
5.627933070866142
 20
-3.6527954330708661
 30
0
 11
5.628992874015749
 21
-3.6474675984251967
 31
0
  0
LINE
  5
428
330
1B
100
AcDbEntity
  8
B.Cu
  6
CONTINUOUS
100
AcDbLine
 10
5.628992874015749
 20
-3.6474675984251967
 30
0
 11
5.628992913385828
 21
-3.647467559055118
 31
0
  0
LINE
  5
429
330
1B
100
AcDbEntity
  8
B.Cu
  6
CONTINUOUS
100
AcDbLine
 10
5.628992913385828
 20
-3.647467559055118
 30
0
 11
5.628992913385828
 21
-3.647467401574803
 31
0
  0
LINE
  5
42A
330
1B
100
AcDbEntity
  8
B.Cu
  6
CONTINUOUS
100
AcDbLine
 10
5.628992913385828
 20
-3.647467401574803
 30
0
 11
5.629261535433072
 21
-3.6468188582677166
 31
0
  0
LINE
  5
42B
330
1B
100
AcDbEntity
  8
B.Cu
  6
CONTINUOUS
100
AcDbLine
 10
5.629261535433072
 20
-3.6468188582677166
 30
0
 11
5.631071732283465
 21
-3.6424485826771651
 31
0
  0
LINE
  5
42C
330
1B
100
AcDbEntity
  8
B.Cu
  6
CONTINUOUS
100
AcDbLine
 10
5.631071732283465
 20
-3.6424485826771651
 30
0
 11
5.631279724409449
 21
-3.6421373228346456
 31
0
  0
LINE
  5
42D
330
1B
100
AcDbEntity
  8
B.Cu
  6
CONTINUOUS
100
AcDbLine
 10
5.631279724409449
 20
-3.6421373228346456
 30
0
 11
5.631279763779528
 21
-3.6421372047244094
 31
0
  0
LINE
  5
42E
330
1B
100
AcDbEntity
  8
B.Cu
  6
CONTINUOUS
100
AcDbLine
 10
5.631279763779528
 20
-3.6421372047244094
 30
0
 11
5.634089960629922
 21
-3.6379314173228345
 31
0
  0
LINE
  5
42F
330
1B
100
AcDbEntity
  8
B.Cu
  6
CONTINUOUS
100
AcDbLine
 10
5.634089960629922
 20
-3.6379314173228345
 30
0
 11
5.634090196850394
 21
-3.6379311417322833
 31
0
  0
LINE
  5
430
330
1B
100
AcDbEntity
  8
B.Cu
  6
CONTINUOUS
100
AcDbLine
 10
5.634090196850394
 20
-3.6379311417322833
 30
0
 11
5.7190228740157485
 21
-3.552998464566929
 31
0
  0
LINE
  5
431
330
1B
100
AcDbEntity
  8
B.Cu
  6
CONTINUOUS
100
AcDbLine
 10
5.7190228740157485
 20
-3.552998464566929
 30
0
 11
5.720341181102363
 21
-3.5505841732283465
 31
0
  0
LINE
  5
432
330
1B
100
AcDbEntity
  8
B.Cu
  6
CONTINUOUS
100
AcDbLine
 10
5.720341181102363
 20
-3.5505841732283465
 30
0
 11
5.720452755905512
 21
-3.5495464566929131
 31
0
  0
LINE
  5
433
330
1B
100
AcDbEntity
  8
B.Cu
  6
CONTINUOUS
100
AcDbLine
 10
5.720452755905512
 20
-3.5495464566929131
 30
0
 11
5.720452755905512
 21
-3.4930260629921257
 31
0
  0
LINE
  5
434
330
1B
100
AcDbEntity
  8
B.Cu
  6
CONTINUOUS
100
AcDbLine
 10
5.720452755905512
 20
-3.4930260629921257
 30
0
 11
5.719677755905512
 21
-3.4903867322834645
 31
0
  0
LINE
  5
435
330
1B
100
AcDbEntity
  8
B.Cu
  6
CONTINUOUS
100
AcDbLine
 10
5.719677755905512
 20
-3.4903867322834645
 30
0
 11
5.717598858267717
 21
-3.4885853543307084
 31
0
  0
LINE
  5
436
330
1B
100
AcDbEntity
  8
B.Cu
  6
CONTINUOUS
100
AcDbLine
 10
5.717598858267717
 20
-3.4885853543307084
 30
0
 11
5.714876102362205
 21
-3.4881938582677163
 31
0
  0
LINE
  5
437
330
1B
100
AcDbEntity
  8
B.Cu
  6
CONTINUOUS
100
AcDbLine
 10
5.714876102362205
 20
-3.4881938582677163
 30
0
 11
5.712373897637796
 21
-3.4893365748031497
 31
0
  0
LINE
  5
438
330
1B
100
AcDbEntity
  8
B.Cu
  6
CONTINUOUS
100
AcDbLine
 10
5.758002283464568
 20
-3.0601024015748033
 30
0
 11
5.751941456692914
 21
-3.0626128740157479
 31
0
  0
LINE
  5
439
330
1B
100
AcDbEntity
  8
B.Cu
  6
CONTINUOUS
100
AcDbLine
 10
5.751941456692914
 20
-3.0626128740157479
 30
0
 11
5.746486850393701
 21
-3.0662575196850392
 31
0
  0
LINE
  5
43A
330
1B
100
AcDbEntity
  8
B.Cu
  6
CONTINUOUS
100
AcDbLine
 10
5.746486850393701
 20
-3.0662575196850392
 30
0
 11
5.741848070866142
 21
-3.0708962992125985
 31
0
  0
LINE
  5
43B
330
1B
100
AcDbEntity
  8
B.Cu
  6
CONTINUOUS
100
AcDbLine
 10
5.741848070866142
 20
-3.0708962992125985
 30
0
 11
5.738203425196851
 21
-3.076350905511811
 31
0
  0
LINE
  5
43C
330
1B
100
AcDbEntity
  8
B.Cu
  6
CONTINUOUS
100
AcDbLine
 10
5.738203425196851
 20
-3.076350905511811
 30
0
 11
5.735692952755906
 21
-3.0824117322834645
 31
0
  0
LINE
  5
43D
330
1B
100
AcDbEntity
  8
B.Cu
  6
CONTINUOUS
100
AcDbLine
 10
5.735692952755906
 20
-3.0824117322834645
 30
0
 11
5.734413110236221
 21
-3.0888458661417322
 31
0
  0
LINE
  5
43E
330
1B
100
AcDbEntity
  8
B.Cu
  6
CONTINUOUS
100
AcDbLine
 10
5.734413110236221
 20
-3.0888458661417322
 30
0
 11
5.734413110236221
 21
-3.0954061023622046
 31
0
  0
LINE
  5
43F
330
1B
100
AcDbEntity
  8
B.Cu
  6
CONTINUOUS
100
AcDbLine
 10
5.734413110236221
 20
-3.0954061023622046
 30
0
 11
5.735692952755906
 21
-3.1018402362204722
 31
0
  0
LINE
  5
440
330
1B
100
AcDbEntity
  8
B.Cu
  6
CONTINUOUS
100
AcDbLine
 10
5.735692952755906
 20
-3.1018402362204722
 30
0
 11
5.738203425196851
 21
-3.1079010629921258
 31
0
  0
LINE
  5
441
330
1B
100
AcDbEntity
  8
B.Cu
  6
CONTINUOUS
100
AcDbLine
 10
5.738203425196851
 20
-3.1079010629921258
 30
0
 11
5.741848070866142
 21
-3.1133556692913387
 31
0
  0
LINE
  5
442
330
1B
100
AcDbEntity
  8
B.Cu
  6
CONTINUOUS
100
AcDbLine
 10
5.741848070866142
 20
-3.1133556692913387
 30
0
 11
5.746486850393701
 21
-3.1179944488188975
 31
0
  0
LINE
  5
443
330
1B
100
AcDbEntity
  8
B.Cu
  6
CONTINUOUS
100
AcDbLine
 10
5.746486850393701
 20
-3.1179944488188975
 30
0
 11
5.751941456692914
 21
-3.1216390944881889
 31
0
  0
LINE
  5
444
330
1B
100
AcDbEntity
  8
B.Cu
  6
CONTINUOUS
100
AcDbLine
 10
5.751941456692914
 20
-3.1216390944881889
 30
0
 11
5.755905511811024
 21
-3.123281023622047
 31
0
  0
LINE
  5
445
330
1B
100
AcDbEntity
  8
B.Cu
  6
CONTINUOUS
100
AcDbLine
 10
5.755905511811024
 20
-3.123281023622047
 30
0
 11
5.755905511811024
 21
-3.1840840944881887
 31
0
  0
LINE
  5
446
330
1B
100
AcDbEntity
  8
B.Cu
  6
CONTINUOUS
100
AcDbLine
 10
5.755905511811024
 20
-3.1840840944881887
 30
0
 11
5.739679842519686
 21
-3.2003097637795275
 31
0
  0
LINE
  5
447
330
1B
100
AcDbEntity
  8
B.Cu
  6
CONTINUOUS
100
AcDbLine
 10
5.739679842519686
 20
-3.2003097637795275
 30
0
 11
5.738661181102363
 21
-3.2014713385826772
 31
0
  0
LINE
  5
448
330
1B
100
AcDbEntity
  8
B.Cu
  6
CONTINUOUS
100
AcDbLine
 10
5.738661181102363
 20
-3.2014713385826772
 30
0
 11
5.737119527559056
 21
-3.2041415354330707
 31
0
  0
LINE
  5
449
330
1B
100
AcDbEntity
  8
B.Cu
  6
CONTINUOUS
100
AcDbLine
 10
5.737119527559056
 20
-3.2041415354330707
 30
0
 11
5.736321535433071
 21
-3.2071197637795277
 31
0
  0
LINE
  5
44A
330
1B
100
AcDbEntity
  8
B.Cu
  6
CONTINUOUS
100
AcDbLine
 10
5.736321535433071
 20
-3.2071197637795277
 30
0
 11
5.736220472440945
 21
-3.2086614173228347
 31
0
  0
LINE
  5
44B
330
1B
100
AcDbEntity
  8
B.Cu
  6
CONTINUOUS
100
AcDbLine
 10
5.736220472440945
 20
-3.2086614173228347
 30
0
 11
5.736220472440945
 21
-3.558099842519685
 31
0
  0
LINE
  5
44C
330
1B
100
AcDbEntity
  8
B.Cu
  6
CONTINUOUS
100
AcDbLine
 10
5.736220472440945
 20
-3.558099842519685
 30
0
 11
5.647160157480315
 21
-3.647160157480315
 31
0
  0
LINE
  5
44D
330
1B
100
AcDbEntity
  8
B.Cu
  6
CONTINUOUS
100
AcDbLine
 10
5.647160157480315
 20
-3.647160157480315
 30
0
 11
5.6461414960629925
 21
-3.6483217322834647
 31
0
  0
LINE
  5
44E
330
1B
100
AcDbEntity
  8
B.Cu
  6
CONTINUOUS
100
AcDbLine
 10
5.6461414960629925
 20
-3.6483217322834647
 30
0
 11
5.6445998425196855
 21
-3.6509919291338582
 31
0
  0
LINE
  5
44F
330
1B
100
AcDbEntity
  8
B.Cu
  6
CONTINUOUS
100
AcDbLine
 10
5.6445998425196855
 20
-3.6509919291338582
 30
0
 11
5.643801850393701
 21
-3.6539701574803147
 31
0
  0
LINE
  5
450
330
1B
100
AcDbEntity
  8
B.Cu
  6
CONTINUOUS
100
AcDbLine
 10
5.643801850393701
 20
-3.6539701574803147
 30
0
 11
5.643700787401575
 21
-3.6555118110236218
 31
0
  0
LINE
  5
451
330
1B
100
AcDbEntity
  8
B.Cu
  6
CONTINUOUS
100
AcDbLine
 10
5.643700787401575
 20
-3.6555118110236218
 30
0
 11
5.643700787401575
 21
-3.7390022047244096
 31
0
  0
LINE
  5
452
330
1B
100
AcDbEntity
  8
B.Cu
  6
CONTINUOUS
100
AcDbLine
 10
5.643700787401575
 20
-3.7390022047244096
 30
0
 11
5.641850629921261
 21
-3.7400704330708661
 31
0
  0
LINE
  5
453
330
1B
100
AcDbEntity
  8
B.Cu
  6
CONTINUOUS
100
AcDbLine
 10
5.641850629921261
 20
-3.7400704330708661
 30
0
 11
5.637708228346457
 21
-3.7442128346456691
 31
0
  0
LINE
  5
454
330
1B
100
AcDbEntity
  8
B.Cu
  6
CONTINUOUS
100
AcDbLine
 10
5.637708228346457
 20
-3.7442128346456691
 30
0
 11
5.63477909448819
 21
-3.7492862204724409
 31
0
  0
LINE
  5
455
330
1B
100
AcDbEntity
  8
B.Cu
  6
CONTINUOUS
100
AcDbLine
 10
5.63477909448819
 20
-3.7492862204724409
 30
0
 11
5.63326283464567
 21
-3.7549448818897635
 31
0
  0
LINE
  5
456
330
1B
100
AcDbEntity
  8
B.Cu
  6
CONTINUOUS
100
AcDbLine
 10
5.63326283464567
 20
-3.7549448818897635
 30
0
 11
5.633070866141733
 21
-3.7578740157480315
 31
0
  0
LINE
  5
457
330
1B
100
AcDbEntity
  8
B.Cu
  6
CONTINUOUS
100
AcDbLine
 10
5.633070866141733
 20
-3.7578740157480315
 30
0
 11
5.633070866141733
 21
-3.791732283464567
 31
0
  0
LINE
  5
458
330
1B
100
AcDbEntity
  8
B.Cu
  6
CONTINUOUS
100
AcDbLine
 10
5.633070866141733
 20
-3.791732283464567
 30
0
 11
5.63326283464567
 21
-3.7946614173228346
 31
0
  0
LINE
  5
459
330
1B
100
AcDbEntity
  8
B.Cu
  6
CONTINUOUS
100
AcDbLine
 10
5.63326283464567
 20
-3.7946614173228346
 30
0
 11
5.63477909448819
 21
-3.8003200787401572
 31
0
  0
LINE
  5
45A
330
1B
100
AcDbEntity
  8
B.Cu
  6
CONTINUOUS
100
AcDbLine
 10
5.63477909448819
 20
-3.8003200787401572
 30
0
 11
5.637708228346457
 21
-3.805393464566929
 31
0
  0
LINE
  5
45B
330
1B
100
AcDbEntity
  8
B.Cu
  6
CONTINUOUS
100
AcDbLine
 10
5.637708228346457
 20
-3.805393464566929
 30
0
 11
5.641850629921261
 21
-3.809535866141732
 31
0
  0
LINE
  5
45C
330
1B
100
AcDbEntity
  8
B.Cu
  6
CONTINUOUS
100
AcDbLine
 10
5.641850629921261
 20
-3.809535866141732
 30
0
 11
5.646924015748032
 21
-3.812465
 31
0
  0
LINE
  5
45D
330
1B
100
AcDbEntity
  8
B.Cu
  6
CONTINUOUS
100
AcDbLine
 10
5.646924015748032
 20
-3.812465
 30
0
 11
5.652582677165355
 21
-3.8139812598425196
 31
0
  0
LINE
  5
45E
330
1B
100
AcDbEntity
  8
B.Cu
  6
CONTINUOUS
100
AcDbLine
 10
5.652582677165355
 20
-3.8139812598425196
 30
0
 11
5.658440944881891
 21
-3.8139812598425196
 31
0
  0
LINE
  5
45F
330
1B
100
AcDbEntity
  8
B.Cu
  6
CONTINUOUS
100
AcDbLine
 10
5.658440944881891
 20
-3.8139812598425196
 30
0
 11
5.664099606299213
 21
-3.812465
 31
0
  0
LINE
  5
460
330
1B
100
AcDbEntity
  8
B.Cu
  6
CONTINUOUS
100
AcDbLine
 10
5.664099606299213
 20
-3.812465
 30
0
 11
5.669172992125985
 21
-3.809535866141732
 31
0
  0
LINE
  5
461
330
1B
100
AcDbEntity
  8
B.Cu
  6
CONTINUOUS
100
AcDbLine
 10
5.669172992125985
 20
-3.809535866141732
 30
0
 11
5.673315393700788
 21
-3.805393464566929
 31
0
  0
LINE
  5
462
330
1B
100
AcDbEntity
  8
B.Cu
  6
CONTINUOUS
100
AcDbLine
 10
5.673315393700788
 20
-3.805393464566929
 30
0
 11
5.676244527559056
 21
-3.8003200787401572
 31
0
  0
LINE
  5
463
330
1B
100
AcDbEntity
  8
B.Cu
  6
CONTINUOUS
100
AcDbLine
 10
5.676244527559056
 20
-3.8003200787401572
 30
0
 11
5.677760787401575
 21
-3.7946614173228346
 31
0
  0
LINE
  5
464
330
1B
100
AcDbEntity
  8
B.Cu
  6
CONTINUOUS
100
AcDbLine
 10
5.677760787401575
 20
-3.7946614173228346
 30
0
 11
5.677952755905512
 21
-3.791732283464567
 31
0
  0
LINE
  5
465
330
1B
100
AcDbEntity
  8
B.Cu
  6
CONTINUOUS
100
AcDbLine
 10
5.677952755905512
 20
-3.791732283464567
 30
0
 11
5.677952755905512
 21
-3.7578740157480315
 31
0
  0
LINE
  5
466
330
1B
100
AcDbEntity
  8
B.Cu
  6
CONTINUOUS
100
AcDbLine
 10
5.677952755905512
 20
-3.7578740157480315
 30
0
 11
5.677760787401575
 21
-3.7549448818897635
 31
0
  0
LINE
  5
467
330
1B
100
AcDbEntity
  8
B.Cu
  6
CONTINUOUS
100
AcDbLine
 10
5.677760787401575
 20
-3.7549448818897635
 30
0
 11
5.676244527559056
 21
-3.7492862204724409
 31
0
  0
LINE
  5
468
330
1B
100
AcDbEntity
  8
B.Cu
  6
CONTINUOUS
100
AcDbLine
 10
5.676244527559056
 20
-3.7492862204724409
 30
0
 11
5.673315393700788
 21
-3.7442128346456691
 31
0
  0
LINE
  5
469
330
1B
100
AcDbEntity
  8
B.Cu
  6
CONTINUOUS
100
AcDbLine
 10
5.673315393700788
 20
-3.7442128346456691
 30
0
 11
5.669172992125985
 21
-3.7400704330708661
 31
0
  0
LINE
  5
46A
330
1B
100
AcDbEntity
  8
B.Cu
  6
CONTINUOUS
100
AcDbLine
 10
5.669172992125985
 20
-3.7400704330708661
 30
0
 11
5.667322834645669
 21
-3.7390022047244096
 31
0
  0
LINE
  5
46B
330
1B
100
AcDbEntity
  8
B.Cu
  6
CONTINUOUS
100
AcDbLine
 10
5.667322834645669
 20
-3.7390022047244096
 30
0
 11
5.667322834645669
 21
-3.660404094488189
 31
0
  0
LINE
  5
46C
330
1B
100
AcDbEntity
  8
B.Cu
  6
CONTINUOUS
100
AcDbLine
 10
5.667322834645669
 20
-3.660404094488189
 30
0
 11
5.756383149606299
 21
-3.5713437795275591
 31
0
  0
LINE
  5
46D
330
1B
100
AcDbEntity
  8
B.Cu
  6
CONTINUOUS
100
AcDbLine
 10
5.756383149606299
 20
-3.5713437795275591
 30
0
 11
5.757401811023622
 21
-3.5701822047244094
 31
0
  0
LINE
  5
46E
330
1B
100
AcDbEntity
  8
B.Cu
  6
CONTINUOUS
100
AcDbLine
 10
5.757401811023622
 20
-3.5701822047244094
 30
0
 11
5.758943464566929
 21
-3.5675120078740155
 31
0
  0
LINE
  5
46F
330
1B
100
AcDbEntity
  8
B.Cu
  6
CONTINUOUS
100
AcDbLine
 10
5.758943464566929
 20
-3.5675120078740155
 30
0
 11
5.759741456692914
 21
-3.5645337795275589
 31
0
  0
LINE
  5
470
330
1B
100
AcDbEntity
  8
B.Cu
  6
CONTINUOUS
100
AcDbLine
 10
5.759741456692914
 20
-3.5645337795275589
 30
0
 11
5.75984251968504
 21
-3.5629921259842519
 31
0
  0
LINE
  5
471
330
1B
100
AcDbEntity
  8
B.Cu
  6
CONTINUOUS
100
AcDbLine
 10
5.75984251968504
 20
-3.5629921259842519
 30
0
 11
5.75984251968504
 21
-3.2135537007874015
 31
0
  0
LINE
  5
472
330
1B
100
AcDbEntity
  8
B.Cu
  6
CONTINUOUS
100
AcDbLine
 10
5.75984251968504
 20
-3.2135537007874015
 30
0
 11
5.776068188976378
 21
-3.1973280314960628
 31
0
  0
LINE
  5
473
330
1B
100
AcDbEntity
  8
B.Cu
  6
CONTINUOUS
100
AcDbLine
 10
5.776068188976378
 20
-3.1973280314960628
 30
0
 11
5.777086850393701
 21
-3.1961664566929131
 31
0
  0
LINE
  5
474
330
1B
100
AcDbEntity
  8
B.Cu
  6
CONTINUOUS
100
AcDbLine
 10
5.777086850393701
 20
-3.1961664566929131
 30
0
 11
5.778628503937008
 21
-3.1934962598425196
 31
0
  0
LINE
  5
475
330
1B
100
AcDbEntity
  8
B.Cu
  6
CONTINUOUS
100
AcDbLine
 10
5.778628503937008
 20
-3.1934962598425196
 30
0
 11
5.779426496062992
 21
-3.1905180314960631
 31
0
  0
LINE
  5
476
330
1B
100
AcDbEntity
  8
B.Cu
  6
CONTINUOUS
100
AcDbLine
 10
5.779426496062992
 20
-3.1905180314960631
 30
0
 11
5.7795275590551185
 21
-3.188976377952756
 31
0
  0
LINE
  5
477
330
1B
100
AcDbEntity
  8
B.Cu
  6
CONTINUOUS
100
AcDbLine
 10
5.7795275590551185
 20
-3.188976377952756
 30
0
 11
5.7795275590551185
 21
-3.123281023622047
 31
0
  0
LINE
  5
478
330
1B
100
AcDbEntity
  8
B.Cu
  6
CONTINUOUS
100
AcDbLine
 10
5.7795275590551185
 20
-3.123281023622047
 30
0
 11
5.783491614173228
 21
-3.1216390944881889
 31
0
  0
LINE
  5
479
330
1B
100
AcDbEntity
  8
B.Cu
  6
CONTINUOUS
100
AcDbLine
 10
5.783491614173228
 20
-3.1216390944881889
 30
0
 11
5.788946220472441
 21
-3.1179944488188975
 31
0
  0
LINE
  5
47A
330
1B
100
AcDbEntity
  8
B.Cu
  6
CONTINUOUS
100
AcDbLine
 10
5.788946220472441
 20
-3.1179944488188975
 30
0
 11
5.793585
 21
-3.1133556692913387
 31
0
  0
LINE
  5
47B
330
1B
100
AcDbEntity
  8
B.Cu
  6
CONTINUOUS
100
AcDbLine
 10
5.793585
 20
-3.1133556692913387
 30
0
 11
5.797229645669292
 21
-3.1079010629921258
 31
0
  0
LINE
  5
47C
330
1B
100
AcDbEntity
  8
B.Cu
  6
CONTINUOUS
100
AcDbLine
 10
5.797229645669292
 20
-3.1079010629921258
 30
0
 11
5.799740118110237
 21
-3.1018402362204722
 31
0
  0
LINE
  5
47D
330
1B
100
AcDbEntity
  8
B.Cu
  6
CONTINUOUS
100
AcDbLine
 10
5.799740118110237
 20
-3.1018402362204722
 30
0
 11
5.8010199606299215
 21
-3.0954061023622046
 31
0
  0
LINE
  5
47E
330
1B
100
AcDbEntity
  8
B.Cu
  6
CONTINUOUS
100
AcDbLine
 10
5.8010199606299215
 20
-3.0954061023622046
 30
0
 11
5.8010199606299215
 21
-3.0888458661417322
 31
0
  0
LINE
  5
47F
330
1B
100
AcDbEntity
  8
B.Cu
  6
CONTINUOUS
100
AcDbLine
 10
5.8010199606299215
 20
-3.0888458661417322
 30
0
 11
5.799740118110237
 21
-3.0824117322834645
 31
0
  0
LINE
  5
480
330
1B
100
AcDbEntity
  8
B.Cu
  6
CONTINUOUS
100
AcDbLine
 10
5.799740118110237
 20
-3.0824117322834645
 30
0
 11
5.797229645669292
 21
-3.076350905511811
 31
0
  0
LINE
  5
481
330
1B
100
AcDbEntity
  8
B.Cu
  6
CONTINUOUS
100
AcDbLine
 10
5.797229645669292
 20
-3.076350905511811
 30
0
 11
5.793585
 21
-3.0708962992125985
 31
0
  0
LINE
  5
482
330
1B
100
AcDbEntity
  8
B.Cu
  6
CONTINUOUS
100
AcDbLine
 10
5.793585
 20
-3.0708962992125985
 30
0
 11
5.788946220472441
 21
-3.0662575196850392
 31
0
  0
LINE
  5
483
330
1B
100
AcDbEntity
  8
B.Cu
  6
CONTINUOUS
100
AcDbLine
 10
5.788946220472441
 20
-3.0662575196850392
 30
0
 11
5.783491614173228
 21
-3.0626128740157479
 31
0
  0
LINE
  5
484
330
1B
100
AcDbEntity
  8
B.Cu
  6
CONTINUOUS
100
AcDbLine
 10
5.783491614173228
 20
-3.0626128740157479
 30
0
 11
5.777430787401575
 21
-3.0601024015748033
 31
0
  0
LINE
  5
485
330
1B
100
AcDbEntity
  8
B.Cu
  6
CONTINUOUS
100
AcDbLine
 10
5.777430787401575
 20
-3.0601024015748033
 30
0
 11
5.770996653543308
 21
-3.0588225590551179
 31
0
  0
LINE
  5
486
330
1B
100
AcDbEntity
  8
B.Cu
  6
CONTINUOUS
100
AcDbLine
 10
5.770996653543308
 20
-3.0588225590551179
 30
0
 11
5.764436417322835
 21
-3.0588225590551179
 31
0
  0
LINE
  5
487
330
1B
100
AcDbEntity
  8
B.Cu
  6
CONTINUOUS
100
AcDbLine
 10
5.764436417322835
 20
-3.0588225590551179
 30
0
 11
5.758002283464568
 21
-3.0601024015748033
 31
0
  0
LINE
  5
488
330
1B
100
AcDbEntity
  8
B.Cu
  6
CONTINUOUS
100
AcDbLine
 10
5.758002283464568
 20
-2.9601024015748032
 30
0
 11
5.751941456692914
 21
-2.9626128740157478
 31
0
  0
LINE
  5
489
330
1B
100
AcDbEntity
  8
B.Cu
  6
CONTINUOUS
100
AcDbLine
 10
5.751941456692914
 20
-2.9626128740157478
 30
0
 11
5.746486850393701
 21
-2.9662575196850391
 31
0
  0
LINE
  5
48A
330
1B
100
AcDbEntity
  8
B.Cu
  6
CONTINUOUS
100
AcDbLine
 10
5.746486850393701
 20
-2.9662575196850391
 30
0
 11
5.741848070866142
 21
-2.9708962992125985
 31
0
  0
LINE
  5
48B
330
1B
100
AcDbEntity
  8
B.Cu
  6
CONTINUOUS
100
AcDbLine
 10
5.741848070866142
 20
-2.9708962992125985
 30
0
 11
5.738203425196851
 21
-2.9763509055118109
 31
0
  0
LINE
  5
48C
330
1B
100
AcDbEntity
  8
B.Cu
  6
CONTINUOUS
100
AcDbLine
 10
5.738203425196851
 20
-2.9763509055118109
 30
0
 11
5.735692952755906
 21
-2.9824117322834645
 31
0
  0
LINE
  5
48D
330
1B
100
AcDbEntity
  8
B.Cu
  6
CONTINUOUS
100
AcDbLine
 10
5.735692952755906
 20
-2.9824117322834645
 30
0
 11
5.734413110236221
 21
-2.9888458661417321
 31
0
  0
LINE
  5
48E
330
1B
100
AcDbEntity
  8
B.Cu
  6
CONTINUOUS
100
AcDbLine
 10
5.734413110236221
 20
-2.9888458661417321
 30
0
 11
5.734413110236221
 21
-2.9954061023622045
 31
0
  0
LINE
  5
48F
330
1B
100
AcDbEntity
  8
B.Cu
  6
CONTINUOUS
100
AcDbLine
 10
5.734413110236221
 20
-2.9954061023622045
 30
0
 11
5.735692952755906
 21
-3.0018402362204726
 31
0
  0
LINE
  5
490
330
1B
100
AcDbEntity
  8
B.Cu
  6
CONTINUOUS
100
AcDbLine
 10
5.735692952755906
 20
-3.0018402362204726
 30
0
 11
5.737334921259843
 21
-3.0058042913385825
 31
0
  0
LINE
  5
491
330
1B
100
AcDbEntity
  8
B.Cu
  6
CONTINUOUS
100
AcDbLine
 10
5.737334921259843
 20
-3.0058042913385825
 30
0
 11
5.68062472440945
 21
-3.0625144881889761
 31
0
  0
LINE
  5
492
330
1B
100
AcDbEntity
  8
B.Cu
  6
CONTINUOUS
100
AcDbLine
 10
5.68062472440945
 20
-3.0625144881889761
 30
0
 11
5.679606062992127
 21
-3.0636760629921258
 31
0
  0
LINE
  5
493
330
1B
100
AcDbEntity
  8
B.Cu
  6
CONTINUOUS
100
AcDbLine
 10
5.679606062992127
 20
-3.0636760629921258
 30
0
 11
5.67806440944882
 21
-3.0663462598425197
 31
0
  0
LINE
  5
494
330
1B
100
AcDbEntity
  8
B.Cu
  6
CONTINUOUS
100
AcDbLine
 10
5.67806440944882
 20
-3.0663462598425197
 30
0
 11
5.677266417322835
 21
-3.0693244881889763
 31
0
  0
LINE
  5
495
330
1B
100
AcDbEntity
  8
B.Cu
  6
CONTINUOUS
100
AcDbLine
 10
5.677266417322835
 20
-3.0693244881889763
 30
0
 11
5.677165354330709
 21
-3.0708661417322833
 31
0
  0
LINE
  5
496
330
1B
100
AcDbEntity
  8
B.Cu
  6
CONTINUOUS
100
AcDbLine
 10
5.677165354330709
 20
-3.0708661417322833
 30
0
 11
5.677165354330709
 21
-3.4695076377952754
 31
0
  0
LINE
  5
497
330
1B
100
AcDbEntity
  8
B.Cu
  6
CONTINUOUS
100
AcDbLine
 10
5.677165354330709
 20
-3.4695076377952754
 30
0
 11
5.547160157480316
 21
-3.5995128346456693
 31
0
  0
LINE
  5
498
330
1B
100
AcDbEntity
  8
B.Cu
  6
CONTINUOUS
100
AcDbLine
 10
5.547160157480316
 20
-3.5995128346456693
 30
0
 11
5.546141496062993
 21
-3.600674409448819
 31
0
  0
LINE
  5
499
330
1B
100
AcDbEntity
  8
B.Cu
  6
CONTINUOUS
100
AcDbLine
 10
5.546141496062993
 20
-3.600674409448819
 30
0
 11
5.544599842519686
 21
-3.6033446062992125
 31
0
  0
LINE
  5
49A
330
1B
100
AcDbEntity
  8
B.Cu
  6
CONTINUOUS
100
AcDbLine
 10
5.544599842519686
 20
-3.6033446062992125
 30
0
 11
5.543801850393701
 21
-3.6063228346456691
 31
0
  0
LINE
  5
49B
330
1B
100
AcDbEntity
  8
B.Cu
  6
CONTINUOUS
100
AcDbLine
 10
5.543801850393701
 20
-3.6063228346456691
 30
0
 11
5.543700787401575
 21
-3.6078644881889761
 31
0
  0
LINE
  5
49C
330
1B
100
AcDbEntity
  8
B.Cu
  6
CONTINUOUS
100
AcDbLine
 10
5.543700787401575
 20
-3.6078644881889761
 30
0
 11
5.543700787401575
 21
-3.7390022047244096
 31
0
  0
LINE
  5
49D
330
1B
100
AcDbEntity
  8
B.Cu
  6
CONTINUOUS
100
AcDbLine
 10
5.543700787401575
 20
-3.7390022047244096
 30
0
 11
5.54185062992126
 21
-3.7400704330708661
 31
0
  0
LINE
  5
49E
330
1B
100
AcDbEntity
  8
B.Cu
  6
CONTINUOUS
100
AcDbLine
 10
5.54185062992126
 20
-3.7400704330708661
 30
0
 11
5.537708228346458
 21
-3.7442128346456691
 31
0
  0
LINE
  5
49F
330
1B
100
AcDbEntity
  8
B.Cu
  6
CONTINUOUS
100
AcDbLine
 10
5.537708228346458
 20
-3.7442128346456691
 30
0
 11
5.534779094488189
 21
-3.7492862204724409
 31
0
  0
LINE
  5
4A0
330
1B
100
AcDbEntity
  8
B.Cu
  6
CONTINUOUS
100
AcDbLine
 10
5.534779094488189
 20
-3.7492862204724409
 30
0
 11
5.53326283464567
 21
-3.7549448818897635
 31
0
  0
LINE
  5
4A1
330
1B
100
AcDbEntity
  8
B.Cu
  6
CONTINUOUS
100
AcDbLine
 10
5.53326283464567
 20
-3.7549448818897635
 30
0
 11
5.533070866141733
 21
-3.7578740157480315
 31
0
  0
LINE
  5
4A2
330
1B
100
AcDbEntity
  8
B.Cu
  6
CONTINUOUS
100
AcDbLine
 10
5.533070866141733
 20
-3.7578740157480315
 30
0
 11
5.533070866141733
 21
-3.791732283464567
 31
0
  0
LINE
  5
4A3
330
1B
100
AcDbEntity
  8
B.Cu
  6
CONTINUOUS
100
AcDbLine
 10
5.533070866141733
 20
-3.791732283464567
 30
0
 11
5.53326283464567
 21
-3.7946614173228346
 31
0
  0
LINE
  5
4A4
330
1B
100
AcDbEntity
  8
B.Cu
  6
CONTINUOUS
100
AcDbLine
 10
5.53326283464567
 20
-3.7946614173228346
 30
0
 11
5.534779094488189
 21
-3.8003200787401572
 31
0
  0
LINE
  5
4A5
330
1B
100
AcDbEntity
  8
B.Cu
  6
CONTINUOUS
100
AcDbLine
 10
5.534779094488189
 20
-3.8003200787401572
 30
0
 11
5.537708228346458
 21
-3.805393464566929
 31
0
  0
LINE
  5
4A6
330
1B
100
AcDbEntity
  8
B.Cu
  6
CONTINUOUS
100
AcDbLine
 10
5.537708228346458
 20
-3.805393464566929
 30
0
 11
5.54185062992126
 21
-3.809535866141732
 31
0
  0
LINE
  5
4A7
330
1B
100
AcDbEntity
  8
B.Cu
  6
CONTINUOUS
100
AcDbLine
 10
5.54185062992126
 20
-3.809535866141732
 30
0
 11
5.546924015748032
 21
-3.812465
 31
0
  0
LINE
  5
4A8
330
1B
100
AcDbEntity
  8
B.Cu
  6
CONTINUOUS
100
AcDbLine
 10
5.546924015748032
 20
-3.812465
 30
0
 11
5.552582677165355
 21
-3.8139812598425196
 31
0
  0
LINE
  5
4A9
330
1B
100
AcDbEntity
  8
B.Cu
  6
CONTINUOUS
100
AcDbLine
 10
5.552582677165355
 20
-3.8139812598425196
 30
0
 11
5.55844094488189
 21
-3.8139812598425196
 31
0
  0
LINE
  5
4AA
330
1B
100
AcDbEntity
  8
B.Cu
  6
CONTINUOUS
100
AcDbLine
 10
5.55844094488189
 20
-3.8139812598425196
 30
0
 11
5.564099606299213
 21
-3.812465
 31
0
  0
LINE
  5
4AB
330
1B
100
AcDbEntity
  8
B.Cu
  6
CONTINUOUS
100
AcDbLine
 10
5.564099606299213
 20
-3.812465
 30
0
 11
5.569172992125985
 21
-3.809535866141732
 31
0
  0
LINE
  5
4AC
330
1B
100
AcDbEntity
  8
B.Cu
  6
CONTINUOUS
100
AcDbLine
 10
5.569172992125985
 20
-3.809535866141732
 30
0
 11
5.5733153937007875
 21
-3.805393464566929
 31
0
  0
LINE
  5
4AD
330
1B
100
AcDbEntity
  8
B.Cu
  6
CONTINUOUS
100
AcDbLine
 10
5.5733153937007875
 20
-3.805393464566929
 30
0
 11
5.576244527559056
 21
-3.8003200787401572
 31
0
  0
LINE
  5
4AE
330
1B
100
AcDbEntity
  8
B.Cu
  6
CONTINUOUS
100
AcDbLine
 10
5.576244527559056
 20
-3.8003200787401572
 30
0
 11
5.5777607874015755
 21
-3.7946614173228346
 31
0
  0
LINE
  5
4AF
330
1B
100
AcDbEntity
  8
B.Cu
  6
CONTINUOUS
100
AcDbLine
 10
5.5777607874015755
 20
-3.7946614173228346
 30
0
 11
5.577952755905512
 21
-3.791732283464567
 31
0
  0
LINE
  5
4B0
330
1B
100
AcDbEntity
  8
B.Cu
  6
CONTINUOUS
100
AcDbLine
 10
5.577952755905512
 20
-3.791732283464567
 30
0
 11
5.577952755905512
 21
-3.7578740157480315
 31
0
  0
LINE
  5
4B1
330
1B
100
AcDbEntity
  8
B.Cu
  6
CONTINUOUS
100
AcDbLine
 10
5.577952755905512
 20
-3.7578740157480315
 30
0
 11
5.5777607874015755
 21
-3.7549448818897635
 31
0
  0
LINE
  5
4B2
330
1B
100
AcDbEntity
  8
B.Cu
  6
CONTINUOUS
100
AcDbLine
 10
5.5777607874015755
 20
-3.7549448818897635
 30
0
 11
5.576244527559056
 21
-3.7492862204724409
 31
0
  0
LINE
  5
4B3
330
1B
100
AcDbEntity
  8
B.Cu
  6
CONTINUOUS
100
AcDbLine
 10
5.576244527559056
 20
-3.7492862204724409
 30
0
 11
5.5733153937007875
 21
-3.7442128346456691
 31
0
  0
LINE
  5
4B4
330
1B
100
AcDbEntity
  8
B.Cu
  6
CONTINUOUS
100
AcDbLine
 10
5.5733153937007875
 20
-3.7442128346456691
 30
0
 11
5.569172992125985
 21
-3.7400704330708661
 31
0
  0
LINE
  5
4B5
330
1B
100
AcDbEntity
  8
B.Cu
  6
CONTINUOUS
100
AcDbLine
 10
5.569172992125985
 20
-3.7400704330708661
 30
0
 11
5.56732283464567
 21
-3.7390022047244096
 31
0
  0
LINE
  5
4B6
330
1B
100
AcDbEntity
  8
B.Cu
  6
CONTINUOUS
100
AcDbLine
 10
5.56732283464567
 20
-3.7390022047244096
 30
0
 11
5.56732283464567
 21
-3.6127567716535434
 31
0
  0
LINE
  5
4B7
330
1B
100
AcDbEntity
  8
B.Cu
  6
CONTINUOUS
100
AcDbLine
 10
5.56732283464567
 20
-3.6127567716535434
 30
0
 11
5.697328031496063
 21
-3.4827515748031495
 31
0
  0
LINE
  5
4B8
330
1B
100
AcDbEntity
  8
B.Cu
  6
CONTINUOUS
100
AcDbLine
 10
5.697328031496063
 20
-3.4827515748031495
 30
0
 11
5.698346692913386
 21
-3.4815899999999997
 31
0
  0
LINE
  5
4B9
330
1B
100
AcDbEntity
  8
B.Cu
  6
CONTINUOUS
100
AcDbLine
 10
5.698346692913386
 20
-3.4815899999999997
 30
0
 11
5.699888346456693
 21
-3.4789198031496062
 31
0
  0
LINE
  5
4BA
330
1B
100
AcDbEntity
  8
B.Cu
  6
CONTINUOUS
100
AcDbLine
 10
5.699888346456693
 20
-3.4789198031496062
 30
0
 11
5.700686338582678
 21
-3.4759415748031497
 31
0
  0
LINE
  5
4BB
330
1B
100
AcDbEntity
  8
B.Cu
  6
CONTINUOUS
100
AcDbLine
 10
5.700686338582678
 20
-3.4759415748031497
 30
0
 11
5.700787401574804
 21
-3.4743999212598426
 31
0
  0
LINE
  5
4BC
330
1B
100
AcDbEntity
  8
B.Cu
  6
CONTINUOUS
100
AcDbLine
 10
5.700787401574804
 20
-3.4743999212598426
 30
0
 11
5.700787401574804
 21
-3.0757584251968502
 31
0
  0
LINE
  5
4BD
330
1B
100
AcDbEntity
  8
B.Cu
  6
CONTINUOUS
100
AcDbLine
 10
5.700787401574804
 20
-3.0757584251968502
 30
0
 11
5.754038228346457
 21
-3.0225075984251966
 31
0
  0
LINE
  5
4BE
330
1B
100
AcDbEntity
  8
B.Cu
  6
CONTINUOUS
100
AcDbLine
 10
5.754038228346457
 20
-3.0225075984251966
 30
0
 11
5.758002283464568
 21
-3.0241495669291338
 31
0
  0
LINE
  5
4BF
330
1B
100
AcDbEntity
  8
B.Cu
  6
CONTINUOUS
100
AcDbLine
 10
5.758002283464568
 20
-3.0241495669291338
 30
0
 11
5.764436417322835
 21
-3.0254294094488188
 31
0
  0
LINE
  5
4C0
330
1B
100
AcDbEntity
  8
B.Cu
  6
CONTINUOUS
100
AcDbLine
 10
5.764436417322835
 20
-3.0254294094488188
 30
0
 11
5.770996653543308
 21
-3.0254294094488188
 31
0
  0
LINE
  5
4C1
330
1B
100
AcDbEntity
  8
B.Cu
  6
CONTINUOUS
100
AcDbLine
 10
5.770996653543308
 20
-3.0254294094488188
 30
0
 11
5.777430787401575
 21
-3.0241495669291338
 31
0
  0
LINE
  5
4C2
330
1B
100
AcDbEntity
  8
B.Cu
  6
CONTINUOUS
100
AcDbLine
 10
5.777430787401575
 20
-3.0241495669291338
 30
0
 11
5.783491614173228
 21
-3.0216390944881888
 31
0
  0
LINE
  5
4C3
330
1B
100
AcDbEntity
  8
B.Cu
  6
CONTINUOUS
100
AcDbLine
 10
5.783491614173228
 20
-3.0216390944881888
 30
0
 11
5.788946220472441
 21
-3.0179944488188974
 31
0
  0
LINE
  5
4C4
330
1B
100
AcDbEntity
  8
B.Cu
  6
CONTINUOUS
100
AcDbLine
 10
5.788946220472441
 20
-3.0179944488188974
 30
0
 11
5.793585
 21
-3.0133556692913386
 31
0
  0
LINE
  5
4C5
330
1B
100
AcDbEntity
  8
B.Cu
  6
CONTINUOUS
100
AcDbLine
 10
5.793585
 20
-3.0133556692913386
 30
0
 11
5.797229645669292
 21
-3.0079010629921261
 31
0
  0
LINE
  5
4C6
330
1B
100
AcDbEntity
  8
B.Cu
  6
CONTINUOUS
100
AcDbLine
 10
5.797229645669292
 20
-3.0079010629921261
 30
0
 11
5.799740118110237
 21
-3.0018402362204726
 31
0
  0
LINE
  5
4C7
330
1B
100
AcDbEntity
  8
B.Cu
  6
CONTINUOUS
100
AcDbLine
 10
5.799740118110237
 20
-3.0018402362204726
 30
0
 11
5.8010199606299215
 21
-2.9954061023622045
 31
0
  0
LINE
  5
4C8
330
1B
100
AcDbEntity
  8
B.Cu
  6
CONTINUOUS
100
AcDbLine
 10
5.8010199606299215
 20
-2.9954061023622045
 30
0
 11
5.8010199606299215
 21
-2.9888458661417321
 31
0
  0
LINE
  5
4C9
330
1B
100
AcDbEntity
  8
B.Cu
  6
CONTINUOUS
100
AcDbLine
 10
5.8010199606299215
 20
-2.9888458661417321
 30
0
 11
5.799740118110237
 21
-2.9824117322834645
 31
0
  0
LINE
  5
4CA
330
1B
100
AcDbEntity
  8
B.Cu
  6
CONTINUOUS
100
AcDbLine
 10
5.799740118110237
 20
-2.9824117322834645
 30
0
 11
5.797229645669292
 21
-2.9763509055118109
 31
0
  0
LINE
  5
4CB
330
1B
100
AcDbEntity
  8
B.Cu
  6
CONTINUOUS
100
AcDbLine
 10
5.797229645669292
 20
-2.9763509055118109
 30
0
 11
5.793585
 21
-2.9708962992125985
 31
0
  0
LINE
  5
4CC
330
1B
100
AcDbEntity
  8
B.Cu
  6
CONTINUOUS
100
AcDbLine
 10
5.793585
 20
-2.9708962992125985
 30
0
 11
5.788946220472441
 21
-2.9662575196850391
 31
0
  0
LINE
  5
4CD
330
1B
100
AcDbEntity
  8
B.Cu
  6
CONTINUOUS
100
AcDbLine
 10
5.788946220472441
 20
-2.9662575196850391
 30
0
 11
5.783491614173228
 21
-2.9626128740157478
 31
0
  0
LINE
  5
4CE
330
1B
100
AcDbEntity
  8
B.Cu
  6
CONTINUOUS
100
AcDbLine
 10
5.783491614173228
 20
-2.9626128740157478
 30
0
 11
5.777430787401575
 21
-2.9601024015748032
 31
0
  0
LINE
  5
4CF
330
1B
100
AcDbEntity
  8
B.Cu
  6
CONTINUOUS
100
AcDbLine
 10
5.777430787401575
 20
-2.9601024015748032
 30
0
 11
5.770996653543308
 21
-2.9588225590551183
 31
0
  0
LINE
  5
4D0
330
1B
100
AcDbEntity
  8
B.Cu
  6
CONTINUOUS
100
AcDbLine
 10
5.770996653543308
 20
-2.9588225590551183
 30
0
 11
5.764436417322835
 21
-2.9588225590551183
 31
0
  0
LINE
  5
4D1
330
1B
100
AcDbEntity
  8
B.Cu
  6
CONTINUOUS
100
AcDbLine
 10
5.764436417322835
 20
-2.9588225590551183
 30
0
 11
5.758002283464568
 21
-2.9601024015748032
 31
0
  0
LINE
  5
4D2
330
1B
100
AcDbEntity
  8
B.Cu
  6
CONTINUOUS
100
AcDbLine
 10
5.946924015748032
 20
-3.7540704330708659
 30
0
 11
5.941850629921261
 21
-3.7569995669291338
 31
0
  0
LINE
  5
4D3
330
1B
100
AcDbEntity
  8
B.Cu
  6
CONTINUOUS
100
AcDbLine
 10
5.941850629921261
 20
-3.7569995669291338
 30
0
 11
5.937708228346457
 21
-3.7611419685039369
 31
0
  0
LINE
  5
4D4
330
1B
100
AcDbEntity
  8
B.Cu
  6
CONTINUOUS
100
AcDbLine
 10
5.937708228346457
 20
-3.7611419685039369
 30
0
 11
5.9347790944881895
 21
-3.7662153543307086
 31
0
  0
LINE
  5
4D5
330
1B
100
AcDbEntity
  8
B.Cu
  6
CONTINUOUS
100
AcDbLine
 10
5.9347790944881895
 20
-3.7662153543307086
 30
0
 11
5.93326283464567
 21
-3.7718740157480313
 31
0
  0
LINE
  5
4D6
330
1B
100
AcDbEntity
  8
B.Cu
  6
CONTINUOUS
100
AcDbLine
 10
5.93326283464567
 20
-3.7718740157480313
 30
0
 11
5.93326283464567
 21
-3.7777322834645668
 31
0
  0
LINE
  5
4D7
330
1B
100
AcDbEntity
  8
B.Cu
  6
CONTINUOUS
100
AcDbLine
 10
5.93326283464567
 20
-3.7777322834645668
 30
0
 11
5.9347790944881895
 21
-3.7833909448818899
 31
0
  0
LINE
  5
4D8
330
1B
100
AcDbEntity
  8
B.Cu
  6
CONTINUOUS
100
AcDbLine
 10
5.9347790944881895
 20
-3.7833909448818899
 30
0
 11
5.937708228346457
 21
-3.7884643307086612
 31
0
  0
LINE
  5
4D9
330
1B
100
AcDbEntity
  8
B.Cu
  6
CONTINUOUS
100
AcDbLine
 10
5.937708228346457
 20
-3.7884643307086612
 30
0
 11
5.941850629921261
 21
-3.7926067322834647
 31
0
  0
LINE
  5
4DA
330
1B
100
AcDbEntity
  8
B.Cu
  6
CONTINUOUS
100
AcDbLine
 10
5.941850629921261
 20
-3.7926067322834647
 30
0
 11
5.946924015748032
 21
-3.7955358661417322
 31
0
  0
LINE
  5
4DB
330
1B
100
AcDbEntity
  8
B.Cu
  6
CONTINUOUS
100
AcDbLine
 10
5.946924015748032
 20
-3.7955358661417322
 30
0
 11
5.9525826771653545
 21
-3.7970521259842518
 31
0
  0
LINE
  5
4DC
330
1B
100
AcDbEntity
  8
B.Cu
  6
CONTINUOUS
100
AcDbLine
 10
5.9525826771653545
 20
-3.7970521259842518
 30
0
 11
5.9584409448818905
 21
-3.7970521259842518
 31
0
  0
LINE
  5
4DD
330
1B
100
AcDbEntity
  8
B.Cu
  6
CONTINUOUS
100
AcDbLine
 10
5.9584409448818905
 20
-3.7970521259842518
 30
0
 11
5.964099606299213
 21
-3.7955358661417322
 31
0
  0
LINE
  5
4DE
330
1B
100
AcDbEntity
  8
B.Cu
  6
CONTINUOUS
100
AcDbLine
 10
5.964099606299213
 20
-3.7955358661417322
 30
0
 11
5.969172992125984
 21
-3.7926067322834647
 31
0
  0
LINE
  5
4DF
330
1B
100
AcDbEntity
  8
B.Cu
  6
CONTINUOUS
100
AcDbLine
 10
5.969172992125984
 20
-3.7926067322834647
 30
0
 11
5.973315393700788
 21
-3.7884643307086612
 31
0
  0
LINE
  5
4E0
330
1B
100
AcDbEntity
  8
B.Cu
  6
CONTINUOUS
100
AcDbLine
 10
5.973315393700788
 20
-3.7884643307086612
 30
0
 11
5.976244527559055
 21
-3.7833909448818899
 31
0
  0
LINE
  5
4E1
330
1B
100
AcDbEntity
  8
B.Cu
  6
CONTINUOUS
100
AcDbLine
 10
5.976244527559055
 20
-3.7833909448818899
 30
0
 11
5.977760787401575
 21
-3.7777322834645668
 31
0
  0
LINE
  5
4E2
330
1B
100
AcDbEntity
  8
B.Cu
  6
CONTINUOUS
100
AcDbLine
 10
5.977760787401575
 20
-3.7777322834645668
 30
0
 11
5.977760787401575
 21
-3.7718740157480313
 31
0
  0
LINE
  5
4E3
330
1B
100
AcDbEntity
  8
B.Cu
  6
CONTINUOUS
100
AcDbLine
 10
5.977760787401575
 20
-3.7718740157480313
 30
0
 11
5.976244527559055
 21
-3.7662153543307086
 31
0
  0
LINE
  5
4E4
330
1B
100
AcDbEntity
  8
B.Cu
  6
CONTINUOUS
100
AcDbLine
 10
5.976244527559055
 20
-3.7662153543307086
 30
0
 11
5.973315393700788
 21
-3.7611419685039369
 31
0
  0
LINE
  5
4E5
330
1B
100
AcDbEntity
  8
B.Cu
  6
CONTINUOUS
100
AcDbLine
 10
5.973315393700788
 20
-3.7611419685039369
 30
0
 11
5.969172992125984
 21
-3.7569995669291338
 31
0
  0
LINE
  5
4E6
330
1B
100
AcDbEntity
  8
B.Cu
  6
CONTINUOUS
100
AcDbLine
 10
5.969172992125984
 20
-3.7569995669291338
 30
0
 11
5.964099606299213
 21
-3.7540704330708659
 31
0
  0
LINE
  5
4E7
330
1B
100
AcDbEntity
  8
B.Cu
  6
CONTINUOUS
100
AcDbLine
 10
5.964099606299213
 20
-3.7540704330708659
 30
0
 11
5.9584409448818905
 21
-3.7525541732283463
 31
0
  0
LINE
  5
4E8
330
1B
100
AcDbEntity
  8
B.Cu
  6
CONTINUOUS
100
AcDbLine
 10
5.9584409448818905
 20
-3.7525541732283463
 30
0
 11
5.9525826771653545
 21
-3.7525541732283463
 31
0
  0
LINE
  5
4E9
330
1B
100
AcDbEntity
  8
B.Cu
  6
CONTINUOUS
100
AcDbLine
 10
5.9525826771653545
 20
-3.7525541732283463
 30
0
 11
5.946924015748032
 21
-3.7540704330708659
 31
0
  0
LINE
  5
4EA
330
1B
100
AcDbEntity
  8
B.Cu
  6
CONTINUOUS
100
AcDbLine
 10
5.846924015748032
 20
-3.7540704330708659
 30
0
 11
5.84185062992126
 21
-3.7569995669291338
 31
0
  0
LINE
  5
4EB
330
1B
100
AcDbEntity
  8
B.Cu
  6
CONTINUOUS
100
AcDbLine
 10
5.84185062992126
 20
-3.7569995669291338
 30
0
 11
5.837708228346457
 21
-3.7611419685039369
 31
0
  0
LINE
  5
4EC
330
1B
100
AcDbEntity
  8
B.Cu
  6
CONTINUOUS
100
AcDbLine
 10
5.837708228346457
 20
-3.7611419685039369
 30
0
 11
5.83477909448819
 21
-3.7662153543307086
 31
0
  0
LINE
  5
4ED
330
1B
100
AcDbEntity
  8
B.Cu
  6
CONTINUOUS
100
AcDbLine
 10
5.83477909448819
 20
-3.7662153543307086
 30
0
 11
5.833262834645669
 21
-3.7718740157480313
 31
0
  0
LINE
  5
4EE
330
1B
100
AcDbEntity
  8
B.Cu
  6
CONTINUOUS
100
AcDbLine
 10
5.833262834645669
 20
-3.7718740157480313
 30
0
 11
5.833262834645669
 21
-3.7777322834645668
 31
0
  0
LINE
  5
4EF
330
1B
100
AcDbEntity
  8
B.Cu
  6
CONTINUOUS
100
AcDbLine
 10
5.833262834645669
 20
-3.7777322834645668
 30
0
 11
5.83477909448819
 21
-3.7833909448818899
 31
0
  0
LINE
  5
4F0
330
1B
100
AcDbEntity
  8
B.Cu
  6
CONTINUOUS
100
AcDbLine
 10
5.83477909448819
 20
-3.7833909448818899
 30
0
 11
5.837708228346457
 21
-3.7884643307086612
 31
0
  0
LINE
  5
4F1
330
1B
100
AcDbEntity
  8
B.Cu
  6
CONTINUOUS
100
AcDbLine
 10
5.837708228346457
 20
-3.7884643307086612
 30
0
 11
5.84185062992126
 21
-3.7926067322834647
 31
0
  0
LINE
  5
4F2
330
1B
100
AcDbEntity
  8
B.Cu
  6
CONTINUOUS
100
AcDbLine
 10
5.84185062992126
 20
-3.7926067322834647
 30
0
 11
5.846924015748032
 21
-3.7955358661417322
 31
0
  0
LINE
  5
4F3
330
1B
100
AcDbEntity
  8
B.Cu
  6
CONTINUOUS
100
AcDbLine
 10
5.846924015748032
 20
-3.7955358661417322
 30
0
 11
5.852582677165355
 21
-3.7970521259842518
 31
0
  0
LINE
  5
4F4
330
1B
100
AcDbEntity
  8
B.Cu
  6
CONTINUOUS
100
AcDbLine
 10
5.852582677165355
 20
-3.7970521259842518
 30
0
 11
5.85844094488189
 21
-3.7970521259842518
 31
0
  0
LINE
  5
4F5
330
1B
100
AcDbEntity
  8
B.Cu
  6
CONTINUOUS
100
AcDbLine
 10
5.85844094488189
 20
-3.7970521259842518
 30
0
 11
5.864099606299213
 21
-3.7955358661417322
 31
0
  0
LINE
  5
4F6
330
1B
100
AcDbEntity
  8
B.Cu
  6
CONTINUOUS
100
AcDbLine
 10
5.864099606299213
 20
-3.7955358661417322
 30
0
 11
5.869172992125985
 21
-3.7926067322834647
 31
0
  0
LINE
  5
4F7
330
1B
100
AcDbEntity
  8
B.Cu
  6
CONTINUOUS
100
AcDbLine
 10
5.869172992125985
 20
-3.7926067322834647
 30
0
 11
5.873315393700788
 21
-3.7884643307086612
 31
0
  0
LINE
  5
4F8
330
1B
100
AcDbEntity
  8
B.Cu
  6
CONTINUOUS
100
AcDbLine
 10
5.873315393700788
 20
-3.7884643307086612
 30
0
 11
5.876244527559056
 21
-3.7833909448818899
 31
0
  0
LINE
  5
4F9
330
1B
100
AcDbEntity
  8
B.Cu
  6
CONTINUOUS
100
AcDbLine
 10
5.876244527559056
 20
-3.7833909448818899
 30
0
 11
5.877760787401575
 21
-3.7777322834645668
 31
0
  0
LINE
  5
4FA
330
1B
100
AcDbEntity
  8
B.Cu
  6
CONTINUOUS
100
AcDbLine
 10
5.877760787401575
 20
-3.7777322834645668
 30
0
 11
5.877760787401575
 21
-3.7718740157480313
 31
0
  0
LINE
  5
4FB
330
1B
100
AcDbEntity
  8
B.Cu
  6
CONTINUOUS
100
AcDbLine
 10
5.877760787401575
 20
-3.7718740157480313
 30
0
 11
5.876244527559056
 21
-3.7662153543307086
 31
0
  0
LINE
  5
4FC
330
1B
100
AcDbEntity
  8
B.Cu
  6
CONTINUOUS
100
AcDbLine
 10
5.876244527559056
 20
-3.7662153543307086
 30
0
 11
5.873315393700788
 21
-3.7611419685039369
 31
0
  0
LINE
  5
4FD
330
1B
100
AcDbEntity
  8
B.Cu
  6
CONTINUOUS
100
AcDbLine
 10
5.873315393700788
 20
-3.7611419685039369
 30
0
 11
5.869172992125985
 21
-3.7569995669291338
 31
0
  0
LINE
  5
4FE
330
1B
100
AcDbEntity
  8
B.Cu
  6
CONTINUOUS
100
AcDbLine
 10
5.869172992125985
 20
-3.7569995669291338
 30
0
 11
5.864099606299213
 21
-3.7540704330708659
 31
0
  0
LINE
  5
4FF
330
1B
100
AcDbEntity
  8
B.Cu
  6
CONTINUOUS
100
AcDbLine
 10
5.864099606299213
 20
-3.7540704330708659
 30
0
 11
5.85844094488189
 21
-3.7525541732283463
 31
0
  0
LINE
  5
500
330
1B
100
AcDbEntity
  8
B.Cu
  6
CONTINUOUS
100
AcDbLine
 10
5.85844094488189
 20
-3.7525541732283463
 30
0
 11
5.852582677165355
 21
-3.7525541732283463
 31
0
  0
LINE
  5
501
330
1B
100
AcDbEntity
  8
B.Cu
  6
CONTINUOUS
100
AcDbLine
 10
5.852582677165355
 20
-3.7525541732283463
 30
0
 11
5.846924015748032
 21
-3.7540704330708659
 31
0
  0
LINE
  5
502
330
1B
100
AcDbEntity
  8
B.Cu
  6
CONTINUOUS
100
AcDbLine
 10
5.914903740157481
 20
-3.1092020472440942
 30
0
 11
5.913366732283465
 21
-3.1109758661417324
 31
0
  0
LINE
  5
503
330
1B
100
AcDbEntity
  8
B.Cu
  6
CONTINUOUS
100
AcDbLine
 10
5.913366732283465
 20
-3.1109758661417324
 30
0
 11
5.909823858267717
 21
-3.117929251968504
 31
0
  0
LINE
  5
504
330
1B
100
AcDbEntity
  8
B.Cu
  6
CONTINUOUS
100
AcDbLine
 10
5.909823858267717
 20
-3.117929251968504
 30
0
 11
5.908455354330709
 21
-3.1198128346456691
 31
0
  0
LINE
  5
505
330
1B
100
AcDbEntity
  8
B.Cu
  6
CONTINUOUS
100
AcDbLine
 10
5.908455354330709
 20
-3.1198128346456691
 30
0
 11
5.905268818897638
 21
-3.1241986614173229
 31
0
  0
LINE
  5
506
330
1B
100
AcDbEntity
  8
B.Cu
  6
CONTINUOUS
100
AcDbLine
 10
5.905268818897638
 20
-3.1241986614173229
 30
0
 11
5.899789212598425
 21
-3.1296782677165353
 31
0
  0
LINE
  5
507
330
1B
100
AcDbEntity
  8
B.Cu
  6
CONTINUOUS
100
AcDbLine
 10
5.899789212598425
 20
-3.1296782677165353
 30
0
 11
5.89573283464567
 21
-3.1326253937007875
 31
0
  0
LINE
  5
508
330
1B
100
AcDbEntity
  8
B.Cu
  6
CONTINUOUS
100
AcDbLine
 10
5.89573283464567
 20
-3.1326253937007875
 30
0
 11
5.894053110236221
 21
-3.1348037401574804
 31
0
  0
LINE
  5
509
330
1B
100
AcDbEntity
  8
B.Cu
  6
CONTINUOUS
100
AcDbLine
 10
5.894053110236221
 20
-3.1348037401574804
 30
0
 11
5.893720472440945
 21
-3.1365749212598426
 31
0
  0
LINE
  5
50A
330
1B
100
AcDbEntity
  8
B.Cu
  6
CONTINUOUS
100
AcDbLine
 10
5.893720472440945
 20
-3.1365749212598426
 30
0
 11
5.893720472440945
 21
-3.1862600787401574
 31
0
  0
LINE
  5
50B
330
1B
100
AcDbEntity
  8
B.Cu
  6
CONTINUOUS
100
AcDbLine
 10
5.893720472440945
 20
-3.1862600787401574
 30
0
 11
5.893720472440945
 21
-3.1916926771653542
 31
0
  0
LINE
  5
50C
330
1B
100
AcDbEntity
  8
B.Cu
  6
CONTINUOUS
100
AcDbLine
 10
5.893720472440945
 20
-3.1916926771653542
 30
0
 11
5.893720472440945
 21
-3.1916927559055117
 31
0
  0
LINE
  5
50D
330
1B
100
AcDbEntity
  8
B.Cu
  6
CONTINUOUS
100
AcDbLine
 10
5.893720472440945
 20
-3.1916927559055117
 30
0
 11
5.893720511811024
 21
-3.1916927559055117
 31
0
  0
LINE
  5
50E
330
1B
100
AcDbEntity
  8
B.Cu
  6
CONTINUOUS
100
AcDbLine
 10
5.893720511811024
 20
-3.1916927559055117
 30
0
 11
5.892660708661418
 21
-3.1970205511811023
 31
0
  0
LINE
  5
50F
330
1B
100
AcDbEntity
  8
B.Cu
  6
CONTINUOUS
100
AcDbLine
 10
5.892660708661418
 20
-3.1970205511811023
 30
0
 11
5.8926605905511815
 21
-3.1970209448818898
 31
0
  0
LINE
  5
510
330
1B
100
AcDbEntity
  8
B.Cu
  6
CONTINUOUS
100
AcDbLine
 10
5.8926605905511815
 20
-3.1970209448818898
 30
0
 11
5.8905818110236225
 21
-3.2020396456692914
 31
0
  0
LINE
  5
511
330
1B
100
AcDbEntity
  8
B.Cu
  6
CONTINUOUS
100
AcDbLine
 10
5.8905818110236225
 20
-3.2020396456692914
 30
0
 11
5.887563503937009
 21
-3.2065568897637795
 31
0
  0
LINE
  5
512
330
1B
100
AcDbEntity
  8
B.Cu
  6
CONTINUOUS
100
AcDbLine
 10
5.887563503937009
 20
-3.2065568897637795
 30
0
 11
5.88756346456693
 21
-3.2065569291338583
 31
0
  0
LINE
  5
513
330
1B
100
AcDbEntity
  8
B.Cu
  6
CONTINUOUS
100
AcDbLine
 10
5.88756346456693
 20
-3.2065569291338583
 30
0
 11
5.836095236220473
 21
-3.2580250787401575
 31
0
  0
LINE
  5
514
330
1B
100
AcDbEntity
  8
B.Cu
  6
CONTINUOUS
100
AcDbLine
 10
5.836095236220473
 20
-3.2580250787401575
 30
0
 11
5.8347769291338585
 21
-3.26043937007874
 31
0
  0
LINE
  5
515
330
1B
100
AcDbEntity
  8
B.Cu
  6
CONTINUOUS
100
AcDbLine
 10
5.8347769291338585
 20
-3.26043937007874
 30
0
 11
5.834665354330709
 21
-3.2614770866141733
 31
0
  0
LINE
  5
516
330
1B
100
AcDbEntity
  8
B.Cu
  6
CONTINUOUS
100
AcDbLine
 10
5.834665354330709
 20
-3.2614770866141733
 30
0
 11
5.834665354330709
 21
-3.7158638188976378
 31
0
  0
LINE
  5
517
330
1B
100
AcDbEntity
  8
B.Cu
  6
CONTINUOUS
100
AcDbLine
 10
5.834665354330709
 20
-3.7158638188976378
 30
0
 11
5.834665354330709
 21
-3.7158638976377953
 31
0
  0
LINE
  5
518
330
1B
100
AcDbEntity
  8
B.Cu
  6
CONTINUOUS
100
AcDbLine
 10
5.834665354330709
 20
-3.7158638976377953
 30
0
 11
5.834665393700788
 21
-3.7158638976377953
 31
0
  0
LINE
  5
519
330
1B
100
AcDbEntity
  8
B.Cu
  6
CONTINUOUS
100
AcDbLine
 10
5.834665393700788
 20
-3.7158638976377953
 30
0
 11
5.833605590551182
 21
-3.7211917322834647
 31
0
  0
LINE
  5
51A
330
1B
100
AcDbEntity
  8
B.Cu
  6
CONTINUOUS
100
AcDbLine
 10
5.833605590551182
 20
-3.7211917322834647
 30
0
 11
5.833605472440945
 21
-3.7211921259842518
 31
0
  0
LINE
  5
51B
330
1B
100
AcDbEntity
  8
B.Cu
  6
CONTINUOUS
100
AcDbLine
 10
5.833605472440945
 20
-3.7211921259842518
 30
0
 11
5.831526692913386
 21
-3.7262107874015746
 31
0
  0
LINE
  5
51C
330
1B
100
AcDbEntity
  8
B.Cu
  6
CONTINUOUS
100
AcDbLine
 10
5.831526692913386
 20
-3.7262107874015746
 30
0
 11
5.831413622047244
 21
-3.7264222834645668
 31
0
  0
LINE
  5
51D
330
1B
100
AcDbEntity
  8
B.Cu
  6
CONTINUOUS
100
AcDbLine
 10
5.831413622047244
 20
-3.7264222834645668
 30
0
 11
5.831464881889764
 21
-3.7264496850393698
 31
0
  0
LINE
  5
51E
330
1B
100
AcDbEntity
  8
B.Cu
  6
CONTINUOUS
100
AcDbLine
 10
5.831464881889764
 20
-3.7264496850393698
 30
0
 11
5.830729133858268
 21
-3.7287992913385826
 31
0
  0
LINE
  5
51F
330
1B
100
AcDbEntity
  8
B.Cu
  6
CONTINUOUS
100
AcDbLine
 10
5.830729133858268
 20
-3.7287992913385826
 30
0
 11
5.830728346456693
 21
-3.7288864960629922
 31
0
  0
LINE
  5
520
330
1B
100
AcDbEntity
  8
B.Cu
  6
CONTINUOUS
100
AcDbLine
 10
5.830728346456693
 20
-3.7288864960629922
 30
0
 11
5.830728346456693
 21
-3.7364057480314958
 31
0
  0
LINE
  5
521
330
1B
100
AcDbEntity
  8
B.Cu
  6
CONTINUOUS
100
AcDbLine
 10
5.830728346456693
 20
-3.7364057480314958
 30
0
 11
5.831503346456693
 21
-3.7390450787401575
 31
0
  0
LINE
  5
522
330
1B
100
AcDbEntity
  8
B.Cu
  6
CONTINUOUS
100
AcDbLine
 10
5.831503346456693
 20
-3.7390450787401575
 30
0
 11
5.8335822440944884
 21
-3.7408464566929132
 31
0
  0
LINE
  5
523
330
1B
100
AcDbEntity
  8
B.Cu
  6
CONTINUOUS
100
AcDbLine
 10
5.8335822440944884
 20
-3.7408464566929132
 30
0
 11
5.836305
 21
-3.7412379527559052
 31
0
  0
LINE
  5
524
330
1B
100
AcDbEntity
  8
B.Cu
  6
CONTINUOUS
100
AcDbLine
 10
5.836305
 20
-3.7412379527559052
 30
0
 11
5.837478425196851
 21
-3.7409160236220473
 31
0
  0
LINE
  5
525
330
1B
100
AcDbEntity
  8
B.Cu
  6
CONTINUOUS
100
AcDbLine
 10
5.837478425196851
 20
-3.7409160236220473
 30
0
 11
5.844366614173229
 21
-3.738062874015748
 31
0
  0
LINE
  5
526
330
1B
100
AcDbEntity
  8
B.Cu
  6
CONTINUOUS
100
AcDbLine
 10
5.844366614173229
 20
-3.738062874015748
 30
0
 11
5.844367007874016
 21
-3.7380627559055117
 31
0
  0
LINE
  5
527
330
1B
100
AcDbEntity
  8
B.Cu
  6
CONTINUOUS
100
AcDbLine
 10
5.844367007874016
 20
-3.7380627559055117
 30
0
 11
5.851748503937008
 21
-3.7365944881889761
 31
0
  0
LINE
  5
528
330
1B
100
AcDbEntity
  8
B.Cu
  6
CONTINUOUS
100
AcDbLine
 10
5.851748503937008
 20
-3.7365944881889761
 30
0
 11
5.851748582677166
 21
-3.7365944881889761
 31
0
  0
LINE
  5
529
330
1B
100
AcDbEntity
  8
B.Cu
  6
CONTINUOUS
100
AcDbLine
 10
5.851748582677166
 20
-3.7365944881889761
 30
0
 11
5.859275039370079
 21
-3.7365944881889761
 31
0
  0
LINE
  5
52A
330
1B
100
AcDbEntity
  8
B.Cu
  6
CONTINUOUS
100
AcDbLine
 10
5.859275039370079
 20
-3.7365944881889761
 30
0
 11
5.8592751181102365
 21
-3.7365944881889761
 31
0
  0
LINE
  5
52B
330
1B
100
AcDbEntity
  8
B.Cu
  6
CONTINUOUS
100
AcDbLine
 10
5.8592751181102365
 20
-3.7365944881889761
 30
0
 11
5.866656653543307
 21
-3.7380627559055117
 31
0
  0
LINE
  5
52C
330
1B
100
AcDbEntity
  8
B.Cu
  6
CONTINUOUS
100
AcDbLine
 10
5.866656653543307
 20
-3.7380627559055117
 30
0
 11
5.866657047244095
 21
-3.738062874015748
 31
0
  0
LINE
  5
52D
330
1B
100
AcDbEntity
  8
B.Cu
  6
CONTINUOUS
100
AcDbLine
 10
5.866657047244095
 20
-3.738062874015748
 30
0
 11
5.873610354330709
 21
-3.740942992125984
 31
0
  0
LINE
  5
52E
330
1B
100
AcDbEntity
  8
B.Cu
  6
CONTINUOUS
100
AcDbLine
 10
5.873610354330709
 20
-3.740942992125984
 30
0
 11
5.8736104330708665
 21
-3.7409430314960628
 31
0
  0
LINE
  5
52F
330
1B
100
AcDbEntity
  8
B.Cu
  6
CONTINUOUS
100
AcDbLine
 10
5.8736104330708665
 20
-3.7409430314960628
 30
0
 11
5.8742760236220475
 21
-3.7413877952755903
 31
0
  0
LINE
  5
530
330
1B
100
AcDbEntity
  8
B.Cu
  6
CONTINUOUS
100
AcDbLine
 10
5.8742760236220475
 20
-3.7413877952755903
 30
0
 11
5.876901141732284
 21
-3.7422097244094488
 31
0
  0
LINE
  5
531
330
1B
100
AcDbEntity
  8
B.Cu
  6
CONTINUOUS
100
AcDbLine
 10
5.876901141732284
 20
-3.7422097244094488
 30
0
 11
5.879553897637796
 21
-3.7414819291338581
 31
0
  0
LINE
  5
532
330
1B
100
AcDbEntity
  8
B.Cu
  6
CONTINUOUS
100
AcDbLine
 10
5.879553897637796
 20
-3.7414819291338581
 30
0
 11
5.881392047244095
 21
-3.7394355118110236
 31
0
  0
LINE
  5
533
330
1B
100
AcDbEntity
  8
B.Cu
  6
CONTINUOUS
100
AcDbLine
 10
5.881392047244095
 20
-3.7394355118110236
 30
0
 11
5.881870078740158
 21
-3.7373286220472441
 31
0
  0
LINE
  5
534
330
1B
100
AcDbEntity
  8
B.Cu
  6
CONTINUOUS
100
AcDbLine
 10
5.881870078740158
 20
-3.7373286220472441
 30
0
 11
5.881870078740158
 21
-3.7304612992125983
 31
0
  0
LINE
  5
535
330
1B
100
AcDbEntity
  8
B.Cu
  6
CONTINUOUS
100
AcDbLine
 10
5.881870078740158
 20
-3.7304612992125983
 30
0
 11
5.881151732283465
 21
-3.7280147637795276
 31
0
  0
LINE
  5
536
330
1B
100
AcDbEntity
  8
B.Cu
  6
CONTINUOUS
100
AcDbLine
 10
5.881151732283465
 20
-3.7280147637795276
 30
0
 11
5.881184803149607
 21
-3.727997086614173
 31
0
  0
LINE
  5
537
330
1B
100
AcDbEntity
  8
B.Cu
  6
CONTINUOUS
100
AcDbLine
 10
5.881184803149607
 20
-3.727997086614173
 30
0
 11
5.881099842519686
 21
-3.7278381102362204
 31
0
  0
LINE
  5
538
330
1B
100
AcDbEntity
  8
B.Cu
  6
CONTINUOUS
100
AcDbLine
 10
5.881099842519686
 20
-3.7278381102362204
 30
0
 11
5.881095078740158
 21
-3.7278219685039371
 31
0
  0
LINE
  5
539
330
1B
100
AcDbEntity
  8
B.Cu
  6
CONTINUOUS
100
AcDbLine
 10
5.881095078740158
 20
-3.7278219685039371
 30
0
 11
5.881073976377953
 21
-3.7277896850393701
 31
0
  0
LINE
  5
53A
330
1B
100
AcDbEntity
  8
B.Cu
  6
CONTINUOUS
100
AcDbLine
 10
5.881073976377953
 20
-3.7277896850393701
 30
0
 11
5.881072007874017
 21
-3.7277859842519683
 31
0
  0
LINE
  5
53B
330
1B
100
AcDbEntity
  8
B.Cu
  6
CONTINUOUS
100
AcDbLine
 10
5.881072007874017
 20
-3.7277859842519683
 30
0
 11
5.881071850393702
 21
-3.7277857874015745
 31
0
  0
LINE
  5
53C
330
1B
100
AcDbEntity
  8
B.Cu
  6
CONTINUOUS
100
AcDbLine
 10
5.881071850393702
 20
-3.7277857874015745
 30
0
 11
5.878992913385828
 21
-3.7227667716535433
 31
0
  0
LINE
  5
53D
330
1B
100
AcDbEntity
  8
B.Cu
  6
CONTINUOUS
100
AcDbLine
 10
5.878992913385828
 20
-3.7227667716535433
 30
0
 11
5.878646102362206
 21
-3.7210231889763778
 31
0
  0
LINE
  5
53E
330
1B
100
AcDbEntity
  8
B.Cu
  6
CONTINUOUS
100
AcDbLine
 10
5.878646102362206
 20
-3.7210231889763778
 30
0
 11
5.877933070866142
 21
-3.7174387007874015
 31
0
  0
LINE
  5
53F
330
1B
100
AcDbEntity
  8
B.Cu
  6
CONTINUOUS
100
AcDbLine
 10
5.877933070866142
 20
-3.7174387007874015
 30
0
 11
5.877933070866142
 21
-3.245315118110236
 31
0
  0
LINE
  5
540
330
1B
100
AcDbEntity
  8
B.Cu
  6
CONTINUOUS
100
AcDbLine
 10
5.877933070866142
 20
-3.245315118110236
 30
0
 11
5.878992874015749
 21
-3.2399872834645667
 31
0
  0
LINE
  5
541
330
1B
100
AcDbEntity
  8
B.Cu
  6
CONTINUOUS
100
AcDbLine
 10
5.878992874015749
 20
-3.2399872834645667
 30
0
 11
5.878992913385828
 21
-3.2399872440944879
 31
0
  0
LINE
  5
542
330
1B
100
AcDbEntity
  8
B.Cu
  6
CONTINUOUS
100
AcDbLine
 10
5.878992913385828
 20
-3.2399872440944879
 30
0
 11
5.878992913385828
 21
-3.2399870866141733
 31
0
  0
LINE
  5
543
330
1B
100
AcDbEntity
  8
B.Cu
  6
CONTINUOUS
100
AcDbLine
 10
5.878992913385828
 20
-3.2399870866141733
 30
0
 11
5.879737716535433
 21
-3.2381889763779528
 31
0
  0
LINE
  5
544
330
1B
100
AcDbEntity
  8
B.Cu
  6
CONTINUOUS
100
AcDbLine
 10
5.879737716535433
 20
-3.2381889763779528
 30
0
 11
5.881071732283465
 21
-3.2349683070866142
 31
0
  0
LINE
  5
545
330
1B
100
AcDbEntity
  8
B.Cu
  6
CONTINUOUS
100
AcDbLine
 10
5.881071732283465
 20
-3.2349683070866142
 30
0
 11
5.881072007874017
 21
-3.2349677952755904
 31
0
  0
LINE
  5
546
330
1B
100
AcDbEntity
  8
B.Cu
  6
CONTINUOUS
100
AcDbLine
 10
5.881072007874017
 20
-3.2349677952755904
 30
0
 11
5.884089960629922
 21
-3.2304511417322832
 31
0
  0
LINE
  5
547
330
1B
100
AcDbEntity
  8
B.Cu
  6
CONTINUOUS
100
AcDbLine
 10
5.884089960629922
 20
-3.2304511417322832
 30
0
 11
5.885135748031496
 21
-3.2294053543307086
 31
0
  0
LINE
  5
548
330
1B
100
AcDbEntity
  8
B.Cu
  6
CONTINUOUS
100
AcDbLine
 10
5.885135748031496
 20
-3.2294053543307086
 30
0
 11
5.887931417322835
 21
-3.22660968503937
 31
0
  0
LINE
  5
549
330
1B
100
AcDbEntity
  8
B.Cu
  6
CONTINUOUS
100
AcDbLine
 10
5.887931417322835
 20
-3.22660968503937
 30
0
 11
5.935558346456693
 21
-3.1789827165354332
 31
0
  0
LINE
  5
54A
330
1B
100
AcDbEntity
  8
B.Cu
  6
CONTINUOUS
100
AcDbLine
 10
5.935558346456693
 20
-3.1789827165354332
 30
0
 11
5.9368766141732285
 21
-3.176568464566929
 31
0
  0
LINE
  5
54B
330
1B
100
AcDbEntity
  8
B.Cu
  6
CONTINUOUS
100
AcDbLine
 10
5.9368766141732285
 20
-3.176568464566929
 30
0
 11
5.936988188976378
 21
-3.175530748031496
 31
0
  0
LINE
  5
54C
330
1B
100
AcDbEntity
  8
B.Cu
  6
CONTINUOUS
100
AcDbLine
 10
5.936988188976378
 20
-3.175530748031496
 30
0
 11
5.936988188976378
 21
-3.1330447244094488
 31
0
  0
LINE
  5
54D
330
1B
100
AcDbEntity
  8
B.Cu
  6
CONTINUOUS
100
AcDbLine
 10
5.936988188976378
 20
-3.1330447244094488
 30
0
 11
5.936213188976378
 21
-3.1304053937007872
 31
0
  0
LINE
  5
54E
330
1B
100
AcDbEntity
  8
B.Cu
  6
CONTINUOUS
100
AcDbLine
 10
5.936213188976378
 20
-3.1304053937007872
 30
0
 11
5.935558307086614
 21
-3.1295927165354329
 31
0
  0
LINE
  5
54F
330
1B
100
AcDbEntity
  8
B.Cu
  6
CONTINUOUS
100
AcDbLine
 10
5.935558307086614
 20
-3.1295927165354329
 30
0
 11
5.9331704724409455
 21
-3.1272048818897638
 31
0
  0
LINE
  5
550
330
1B
100
AcDbEntity
  8
B.Cu
  6
CONTINUOUS
100
AcDbLine
 10
5.9331704724409455
 20
-3.1272048818897638
 30
0
 11
5.930164251968504
 21
-3.1241986614173229
 31
0
  0
LINE
  5
551
330
1B
100
AcDbEntity
  8
B.Cu
  6
CONTINUOUS
100
AcDbLine
 10
5.930164251968504
 20
-3.1241986614173229
 30
0
 11
5.925609291338583
 21
-3.1179293307086615
 31
0
  0
LINE
  5
552
330
1B
100
AcDbEntity
  8
B.Cu
  6
CONTINUOUS
100
AcDbLine
 10
5.925609291338583
 20
-3.1179293307086615
 30
0
 11
5.92448937007874
 21
-3.115731377952756
 31
0
  0
LINE
  5
553
330
1B
100
AcDbEntity
  8
B.Cu
  6
CONTINUOUS
100
AcDbLine
 10
5.92448937007874
 20
-3.115731377952756
 30
0
 11
5.9220663385826775
 21
-3.1109758661417324
 31
0
  0
LINE
  5
554
330
1B
100
AcDbEntity
  8
B.Cu
  6
CONTINUOUS
100
AcDbLine
 10
5.9220663385826775
 20
-3.1109758661417324
 30
0
 11
5.920177598425197
 21
-3.1089759842519684
 31
0
  0
LINE
  5
555
330
1B
100
AcDbEntity
  8
B.Cu
  6
CONTINUOUS
100
AcDbLine
 10
5.920177598425197
 20
-3.1089759842519684
 30
0
 11
5.917507480314961
 21
-3.1083147637795276
 31
0
  0
LINE
  5
556
330
1B
100
AcDbEntity
  8
B.Cu
  6
CONTINUOUS
100
AcDbLine
 10
5.917507480314961
 20
-3.1083147637795276
 30
0
 11
5.914903740157481
 21
-3.1092020472440942
 31
0
  0
LINE
  5
557
330
1B
100
AcDbEntity
  8
B.Cu
  6
CONTINUOUS
100
AcDbLine
 10
5.660412598425197
 20
-2.9220545275590553
 30
0
 11
5.659599921259843
 21
-2.9227094094488186
 31
0
  0
LINE
  5
558
330
1B
100
AcDbEntity
  8
B.Cu
  6
CONTINUOUS
100
AcDbLine
 10
5.659599921259843
 20
-2.9227094094488186
 30
0
 11
5.442394448818898
 21
-3.1399148425196848
 31
0
  0
LINE
  5
559
330
1B
100
AcDbEntity
  8
B.Cu
  6
CONTINUOUS
100
AcDbLine
 10
5.442394448818898
 20
-3.1399148425196848
 30
0
 11
5.441076141732284
 21
-3.1423291338582677
 31
0
  0
LINE
  5
55A
330
1B
100
AcDbEntity
  8
B.Cu
  6
CONTINUOUS
100
AcDbLine
 10
5.441076141732284
 20
-3.1423291338582677
 30
0
 11
5.440964566929134
 21
-3.1433668503937007
 31
0
  0
LINE
  5
55B
330
1B
100
AcDbEntity
  8
B.Cu
  6
CONTINUOUS
100
AcDbLine
 10
5.440964566929134
 20
-3.1433668503937007
 30
0
 11
5.440964566929134
 21
-3.5837360629921258
 31
0
  0
LINE
  5
55C
330
1B
100
AcDbEntity
  8
B.Cu
  6
CONTINUOUS
100
AcDbLine
 10
5.440964566929134
 20
-3.5837360629921258
 30
0
 11
5.441739566929134
 21
-3.5863753937007874
 31
0
  0
LINE
  5
55D
330
1B
100
AcDbEntity
  8
B.Cu
  6
CONTINUOUS
100
AcDbLine
 10
5.441739566929134
 20
-3.5863753937007874
 30
0
 11
5.443818464566929
 21
-3.5881767716535431
 31
0
  0
LINE
  5
55E
330
1B
100
AcDbEntity
  8
B.Cu
  6
CONTINUOUS
100
AcDbLine
 10
5.443818464566929
 20
-3.5881767716535431
 30
0
 11
5.446541220472441
 21
-3.5885682677165351
 31
0
  0
LINE
  5
55F
330
1B
100
AcDbEntity
  8
B.Cu
  6
CONTINUOUS
100
AcDbLine
 10
5.446541220472441
 20
-3.5885682677165351
 30
0
 11
5.449043425196851
 21
-3.5874255511811022
 31
0
  0
LINE
  5
560
330
1B
100
AcDbEntity
  8
B.Cu
  6
CONTINUOUS
100
AcDbLine
 10
5.449043425196851
 20
-3.5874255511811022
 30
0
 11
5.449905551181103
 21
-3.5864483858267717
 31
0
  0
LINE
  5
561
330
1B
100
AcDbEntity
  8
B.Cu
  6
CONTINUOUS
100
AcDbLine
 10
5.449905551181103
 20
-3.5864483858267717
 30
0
 11
5.450207480314961
 21
-3.585996535433071
 31
0
  0
LINE
  5
562
330
1B
100
AcDbEntity
  8
B.Cu
  6
CONTINUOUS
100
AcDbLine
 10
5.450207480314961
 20
-3.585996535433071
 30
0
 11
5.45020751968504
 21
-3.5859964566929134
 31
0
  0
LINE
  5
563
330
1B
100
AcDbEntity
  8
B.Cu
  6
CONTINUOUS
100
AcDbLine
 10
5.45020751968504
 20
-3.5859964566929134
 30
0
 11
5.451019212598426
 21
-3.584781653543307
 31
0
  0
LINE
  5
564
330
1B
100
AcDbEntity
  8
B.Cu
  6
CONTINUOUS
100
AcDbLine
 10
5.451019212598426
 20
-3.584781653543307
 30
0
 11
5.573353582677166
 21
-3.462447283464567
 31
0
  0
LINE
  5
565
330
1B
100
AcDbEntity
  8
B.Cu
  6
CONTINUOUS
100
AcDbLine
 10
5.573353582677166
 20
-3.462447283464567
 30
0
 11
5.57467188976378
 21
-3.460032992125984
 31
0
  0
LINE
  5
566
330
1B
100
AcDbEntity
  8
B.Cu
  6
CONTINUOUS
100
AcDbLine
 10
5.57467188976378
 20
-3.460032992125984
 30
0
 11
5.57478346456693
 21
-3.4589952755905511
 31
0
  0
LINE
  5
567
330
1B
100
AcDbEntity
  8
B.Cu
  6
CONTINUOUS
100
AcDbLine
 10
5.57478346456693
 20
-3.4589952755905511
 30
0
 11
5.57478346456693
 21
-3.4458464173228345
 31
0
  0
LINE
  5
568
330
1B
100
AcDbEntity
  8
B.Cu
  6
CONTINUOUS
100
AcDbLine
 10
5.57478346456693
 20
-3.4458464173228345
 30
0
 11
5.57400846456693
 21
-3.4432070866141733
 31
0
  0
LINE
  5
569
330
1B
100
AcDbEntity
  8
B.Cu
  6
CONTINUOUS
100
AcDbLine
 10
5.57400846456693
 20
-3.4432070866141733
 30
0
 11
5.571929566929135
 21
-3.4414057086614172
 31
0
  0
LINE
  5
56A
330
1B
100
AcDbEntity
  8
B.Cu
  6
CONTINUOUS
100
AcDbLine
 10
5.571929566929135
 20
-3.4414057086614172
 30
0
 11
5.56990157480315
 21
-3.4409645275590552
 31
0
  0
LINE
  5
56B
330
1B
100
AcDbEntity
  8
B.Cu
  6
CONTINUOUS
100
AcDbLine
 10
5.56990157480315
 20
-3.4409645275590552
 30
0
 11
5.561751299212599
 21
-3.4409645275590552
 31
0
  0
LINE
  5
56C
330
1B
100
AcDbEntity
  8
B.Cu
  6
CONTINUOUS
100
AcDbLine
 10
5.561751299212599
 20
-3.4409645275590552
 30
0
 11
5.56175125984252
 21
-3.4409645275590552
 31
0
  0
LINE
  5
56D
330
1B
100
AcDbEntity
  8
B.Cu
  6
CONTINUOUS
100
AcDbLine
 10
5.56175125984252
 20
-3.4409645275590552
 30
0
 11
5.558058897637796
 21
-3.4403797637795277
 31
0
  0
LINE
  5
56E
330
1B
100
AcDbEntity
  8
B.Cu
  6
CONTINUOUS
100
AcDbLine
 10
5.558058897637796
 20
-3.4403797637795277
 30
0
 11
5.553608582677166
 21
-3.4381122047244093
 31
0
  0
LINE
  5
56F
330
1B
100
AcDbEntity
  8
B.Cu
  6
CONTINUOUS
100
AcDbLine
 10
5.553608582677166
 20
-3.4381122047244093
 30
0
 11
5.5500767716535435
 21
-3.4345803937007875
 31
0
  0
LINE
  5
570
330
1B
100
AcDbEntity
  8
B.Cu
  6
CONTINUOUS
100
AcDbLine
 10
5.5500767716535435
 20
-3.4345803937007875
 30
0
 11
5.547809212598426
 21
-3.4301300787401572
 31
0
  0
LINE
  5
571
330
1B
100
AcDbEntity
  8
B.Cu
  6
CONTINUOUS
100
AcDbLine
 10
5.547809212598426
 20
-3.4301300787401572
 30
0
 11
5.547809212598426
 21
-3.4301300000000001
 31
0
  0
LINE
  5
572
330
1B
100
AcDbEntity
  8
B.Cu
  6
CONTINUOUS
100
AcDbLine
 10
5.547809212598426
 20
-3.4301300000000001
 30
0
 11
5.547809173228347
 21
-3.4301299606299214
 31
0
  0
LINE
  5
573
330
1B
100
AcDbEntity
  8
B.Cu
  6
CONTINUOUS
100
AcDbLine
 10
5.547809173228347
 20
-3.4301299606299214
 30
0
 11
5.547224448818898
 21
-3.4264379527559052
 31
0
  0
LINE
  5
574
330
1B
100
AcDbEntity
  8
B.Cu
  6
CONTINUOUS
100
AcDbLine
 10
5.547224448818898
 20
-3.4264379527559052
 30
0
 11
5.54722440944882
 21
-3.4264377559055119
 31
0
  0
LINE
  5
575
330
1B
100
AcDbEntity
  8
B.Cu
  6
CONTINUOUS
100
AcDbLine
 10
5.54722440944882
 20
-3.4264377559055119
 30
0
 11
5.547224448818898
 21
-3.3452158267716534
 31
0
  0
LINE
  5
576
330
1B
100
AcDbEntity
  8
B.Cu
  6
CONTINUOUS
100
AcDbLine
 10
5.547224448818898
 20
-3.3452158267716534
 30
0
 11
5.547809212598426
 21
-3.3415234645669289
 31
0
  0
LINE
  5
577
330
1B
100
AcDbEntity
  8
B.Cu
  6
CONTINUOUS
100
AcDbLine
 10
5.547809212598426
 20
-3.3415234645669289
 30
0
 11
5.5500767716535435
 21
-3.3370731496062991
 31
0
  0
LINE
  5
578
330
1B
100
AcDbEntity
  8
B.Cu
  6
CONTINUOUS
100
AcDbLine
 10
5.5500767716535435
 20
-3.3370731496062991
 30
0
 11
5.5500769291338585
 21
-3.3370729921259841
 31
0
  0
LINE
  5
579
330
1B
100
AcDbEntity
  8
B.Cu
  6
CONTINUOUS
100
AcDbLine
 10
5.5500769291338585
 20
-3.3370729921259841
 30
0
 11
5.550076968503937
 21
-3.3370729133858266
 31
0
  0
LINE
  5
57A
330
1B
100
AcDbEntity
  8
B.Cu
  6
CONTINUOUS
100
AcDbLine
 10
5.550076968503937
 20
-3.3370729133858266
 30
0
 11
5.553608385826772
 21
-3.3335414960629919
 31
0
  0
LINE
  5
57B
330
1B
100
AcDbEntity
  8
B.Cu
  6
CONTINUOUS
100
AcDbLine
 10
5.553608385826772
 20
-3.3335414960629919
 30
0
 11
5.553608503937008
 21
-3.3335414173228344
 31
0
  0
LINE
  5
57C
330
1B
100
AcDbEntity
  8
B.Cu
  6
CONTINUOUS
100
AcDbLine
 10
5.553608503937008
 20
-3.3335414173228344
 30
0
 11
5.553608582677166
 21
-3.3335413385826769
 31
0
  0
LINE
  5
57D
330
1B
100
AcDbEntity
  8
B.Cu
  6
CONTINUOUS
100
AcDbLine
 10
5.553608582677166
 20
-3.3335413385826769
 30
0
 11
5.556633188976378
 21
-3.3320001968503936
 31
0
  0
LINE
  5
57E
330
1B
100
AcDbEntity
  8
B.Cu
  6
CONTINUOUS
100
AcDbLine
 10
5.556633188976378
 20
-3.3320001968503936
 30
0
 11
5.558059015748032
 21
-3.3312737007874014
 31
0
  0
LINE
  5
57F
330
1B
100
AcDbEntity
  8
B.Cu
  6
CONTINUOUS
100
AcDbLine
 10
5.558059015748032
 20
-3.3312737007874014
 30
0
 11
5.5617510236220475
 21
-3.3306889763779526
 31
0
  0
LINE
  5
580
330
1B
100
AcDbEntity
  8
B.Cu
  6
CONTINUOUS
100
AcDbLine
 10
5.5617510236220475
 20
-3.3306889763779526
 30
0
 11
5.642973149606299
 21
-3.3306889763779526
 31
0
  0
LINE
  5
581
330
1B
100
AcDbEntity
  8
B.Cu
  6
CONTINUOUS
100
AcDbLine
 10
5.642973149606299
 20
-3.3306889763779526
 30
0
 11
5.646160669291339
 21
-3.3311938188976375
 31
0
  0
LINE
  5
582
330
1B
100
AcDbEntity
  8
B.Cu
  6
CONTINUOUS
100
AcDbLine
 10
5.646160669291339
 20
-3.3311938188976375
 30
0
 11
5.646665511811024
 21
-3.3312737795275589
 31
0
  0
LINE
  5
583
330
1B
100
AcDbEntity
  8
B.Cu
  6
CONTINUOUS
100
AcDbLine
 10
5.646665511811024
 20
-3.3312737795275589
 30
0
 11
5.651115826771654
 21
-3.3335413385826769
 31
0
  0
LINE
  5
584
330
1B
100
AcDbEntity
  8
B.Cu
  6
CONTINUOUS
100
AcDbLine
 10
5.651115826771654
 20
-3.3335413385826769
 30
0
 11
5.6511158661417324
 21
-3.3335413779527556
 31
0
  0
LINE
  5
585
330
1B
100
AcDbEntity
  8
B.Cu
  6
CONTINUOUS
100
AcDbLine
 10
5.6511158661417324
 20
-3.3335413779527556
 30
0
 11
5.651116062992126
 21
-3.3335414960629919
 31
0
  0
LINE
  5
586
330
1B
100
AcDbEntity
  8
B.Cu
  6
CONTINUOUS
100
AcDbLine
 10
5.651116062992126
 20
-3.3335414960629919
 30
0
 11
5.653063740157481
 21
-3.335489212598425
 31
0
  0
LINE
  5
587
330
1B
100
AcDbEntity
  8
B.Cu
  6
CONTINUOUS
100
AcDbLine
 10
5.653063740157481
 20
-3.335489212598425
 30
0
 11
5.655478031496063
 21
-3.3368075196850393
 31
0
  0
LINE
  5
588
330
1B
100
AcDbEntity
  8
B.Cu
  6
CONTINUOUS
100
AcDbLine
 10
5.655478031496063
 20
-3.3368075196850393
 30
0
 11
5.658221811023623
 21
-3.3366112992125982
 31
0
  0
LINE
  5
589
330
1B
100
AcDbEntity
  8
B.Cu
  6
CONTINUOUS
100
AcDbLine
 10
5.658221811023623
 20
-3.3366112992125982
 30
0
 11
5.660423897637796
 21
-3.3349627952755907
 31
0
  0
LINE
  5
58A
330
1B
100
AcDbEntity
  8
B.Cu
  6
CONTINUOUS
100
AcDbLine
 10
5.660423897637796
 20
-3.3349627952755907
 30
0
 11
5.661385196850394
 21
-3.332385472440945
 31
0
  0
LINE
  5
58B
330
1B
100
AcDbEntity
  8
B.Cu
  6
CONTINUOUS
100
AcDbLine
 10
5.661385196850394
 20
-3.332385472440945
 30
0
 11
5.661397637795276
 21
-3.3320372047244096
 31
0
  0
LINE
  5
58C
330
1B
100
AcDbEntity
  8
B.Cu
  6
CONTINUOUS
100
AcDbLine
 10
5.661397637795276
 20
-3.3320372047244096
 30
0
 11
5.661397637795276
 21
-3.0681497637795276
 31
0
  0
LINE
  5
58D
330
1B
100
AcDbEntity
  8
B.Cu
  6
CONTINUOUS
100
AcDbLine
 10
5.661397637795276
 20
-3.0681497637795276
 30
0
 11
5.662457440944882
 21
-3.0628219291338583
 31
0
  0
LINE
  5
58E
330
1B
100
AcDbEntity
  8
B.Cu
  6
CONTINUOUS
100
AcDbLine
 10
5.662457440944882
 20
-3.0628219291338583
 30
0
 11
5.662457480314961
 21
-3.0628218897637796
 31
0
  0
LINE
  5
58F
330
1B
100
AcDbEntity
  8
B.Cu
  6
CONTINUOUS
100
AcDbLine
 10
5.662457480314961
 20
-3.0628218897637796
 30
0
 11
5.662457480314961
 21
-3.0628217322834645
 31
0
  0
LINE
  5
590
330
1B
100
AcDbEntity
  8
B.Cu
  6
CONTINUOUS
100
AcDbLine
 10
5.662457480314961
 20
-3.0628217322834645
 30
0
 11
5.662544842519686
 21
-3.0626107874015749
 31
0
  0
LINE
  5
591
330
1B
100
AcDbEntity
  8
B.Cu
  6
CONTINUOUS
100
AcDbLine
 10
5.662544842519686
 20
-3.0626107874015749
 30
0
 11
5.664536299212599
 21
-3.0578029527559054
 31
0
  0
LINE
  5
592
330
1B
100
AcDbEntity
  8
B.Cu
  6
CONTINUOUS
100
AcDbLine
 10
5.664536299212599
 20
-3.0578029527559054
 30
0
 11
5.664536377952756
 21
-3.0578027952755904
 31
0
  0
LINE
  5
593
330
1B
100
AcDbEntity
  8
B.Cu
  6
CONTINUOUS
100
AcDbLine
 10
5.664536377952756
 20
-3.0578027952755904
 30
0
 11
5.664536417322835
 21
-3.0578027165354329
 31
0
  0
LINE
  5
594
330
1B
100
AcDbEntity
  8
B.Cu
  6
CONTINUOUS
100
AcDbLine
 10
5.664536417322835
 20
-3.0578027165354329
 30
0
 11
5.666693976377953
 21
-3.0545737007874014
 31
0
  0
LINE
  5
595
330
1B
100
AcDbEntity
  8
B.Cu
  6
CONTINUOUS
100
AcDbLine
 10
5.666693976377953
 20
-3.0545737007874014
 30
0
 11
5.666693976377953
 21
-3.0545736614173227
 31
0
  0
LINE
  5
596
330
1B
100
AcDbEntity
  8
B.Cu
  6
CONTINUOUS
100
AcDbLine
 10
5.666693976377953
 20
-3.0545736614173227
 30
0
 11
5.667554527559056
 21
-3.0532857480314961
 31
0
  0
LINE
  5
597
330
1B
100
AcDbEntity
  8
B.Cu
  6
CONTINUOUS
100
AcDbLine
 10
5.667554527559056
 20
-3.0532857480314961
 30
0
 11
5.667554763779528
 21
-3.0532854724409448
 31
0
  0
LINE
  5
598
330
1B
100
AcDbEntity
  8
B.Cu
  6
CONTINUOUS
100
AcDbLine
 10
5.667554763779528
 20
-3.0532854724409448
 30
0
 11
5.717594370078741
 21
-3.003245905511811
 31
0
  0
LINE
  5
599
330
1B
100
AcDbEntity
  8
B.Cu
  6
CONTINUOUS
100
AcDbLine
 10
5.717594370078741
 20
-3.003245905511811
 30
0
 11
5.7189126771653545
 21
-3.0008316141732281
 31
0
  0
LINE
  5
59A
330
1B
100
AcDbEntity
  8
B.Cu
  6
CONTINUOUS
100
AcDbLine
 10
5.7189126771653545
 20
-3.0008316141732281
 30
0
 11
5.718964133858268
 21
-2.9990303937007874
 31
0
  0
LINE
  5
59B
330
1B
100
AcDbEntity
  8
B.Cu
  6
CONTINUOUS
100
AcDbLine
 10
5.718964133858268
 20
-2.9990303937007874
 30
0
 11
5.718484251968505
 21
-2.9960006692913383
 31
0
  0
LINE
  5
59C
330
1B
100
AcDbEntity
  8
B.Cu
  6
CONTINUOUS
100
AcDbLine
 10
5.718484251968505
 20
-2.9960006692913383
 30
0
 11
5.718484251968505
 21
-2.9882512992125982
 31
0
  0
LINE
  5
59D
330
1B
100
AcDbEntity
  8
B.Cu
  6
CONTINUOUS
100
AcDbLine
 10
5.718484251968505
 20
-2.9882512992125982
 30
0
 11
5.718484251968505
 21
-2.9882510629921257
 31
0
  0
LINE
  5
59E
330
1B
100
AcDbEntity
  8
B.Cu
  6
CONTINUOUS
100
AcDbLine
 10
5.718484251968505
 20
-2.9882510629921257
 30
0
 11
5.719696496062992
 21
-2.9805973622047244
 31
0
  0
LINE
  5
59F
330
1B
100
AcDbEntity
  8
B.Cu
  6
CONTINUOUS
100
AcDbLine
 10
5.719696496062992
 20
-2.9805973622047244
 30
0
 11
5.72209125984252
 21
-2.9732271653543307
 31
0
  0
LINE
  5
5A0
330
1B
100
AcDbEntity
  8
B.Cu
  6
CONTINUOUS
100
AcDbLine
 10
5.72209125984252
 20
-2.9732271653543307
 30
0
 11
5.723947125984252
 21
-2.9695848425196849
 31
0
  0
LINE
  5
5A1
330
1B
100
AcDbEntity
  8
B.Cu
  6
CONTINUOUS
100
AcDbLine
 10
5.723947125984252
 20
-2.9695848425196849
 30
0
 11
5.725609291338583
 21
-2.9663226377952756
 31
0
  0
LINE
  5
5A2
330
1B
100
AcDbEntity
  8
B.Cu
  6
CONTINUOUS
100
AcDbLine
 10
5.725609291338583
 20
-2.9663226377952756
 30
0
 11
5.730164251968504
 21
-2.9600533070866142
 31
0
  0
LINE
  5
5A3
330
1B
100
AcDbEntity
  8
B.Cu
  6
CONTINUOUS
100
AcDbLine
 10
5.730164251968504
 20
-2.9600533070866142
 30
0
 11
5.735643858267717
 21
-2.9545737007874013
 31
0
  0
LINE
  5
5A4
330
1B
100
AcDbEntity
  8
B.Cu
  6
CONTINUOUS
100
AcDbLine
 10
5.735643858267717
 20
-2.9545737007874013
 30
0
 11
5.741913188976379
 21
-2.9500187401574802
 31
0
  0
LINE
  5
5A5
330
1B
100
AcDbEntity
  8
B.Cu
  6
CONTINUOUS
100
AcDbLine
 10
5.741913188976379
 20
-2.9500187401574802
 30
0
 11
5.748817755905512
 21
-2.9465006692913387
 31
0
  0
LINE
  5
5A6
330
1B
100
AcDbEntity
  8
B.Cu
  6
CONTINUOUS
100
AcDbLine
 10
5.748817755905512
 20
-2.9465006692913387
 30
0
 11
5.756187952755906
 21
-2.9441059055118108
 31
0
  0
LINE
  5
5A7
330
1B
100
AcDbEntity
  8
B.Cu
  6
CONTINUOUS
100
AcDbLine
 10
5.756187952755906
 20
-2.9441059055118108
 30
0
 11
5.763841653543308
 21
-2.9428937007874016
 31
0
  0
LINE
  5
5A8
330
1B
100
AcDbEntity
  8
B.Cu
  6
CONTINUOUS
100
AcDbLine
 10
5.763841653543308
 20
-2.9428937007874016
 30
0
 11
5.7638418503937014
 21
-2.9428937007874016
 31
0
  0
LINE
  5
5A9
330
1B
100
AcDbEntity
  8
B.Cu
  6
CONTINUOUS
100
AcDbLine
 10
5.7638418503937014
 20
-2.9428937007874016
 30
0
 11
5.771591220472441
 21
-2.9428937007874016
 31
0
  0
LINE
  5
5AA
330
1B
100
AcDbEntity
  8
B.Cu
  6
CONTINUOUS
100
AcDbLine
 10
5.771591220472441
 20
-2.9428937007874016
 30
0
 11
5.771591417322835
 21
-2.9428937007874016
 31
0
  0
LINE
  5
5AB
330
1B
100
AcDbEntity
  8
B.Cu
  6
CONTINUOUS
100
AcDbLine
 10
5.771591417322835
 20
-2.9428937007874016
 30
0
 11
5.779245157480315
 21
-2.9441059055118108
 31
0
  0
LINE
  5
5AC
330
1B
100
AcDbEntity
  8
B.Cu
  6
CONTINUOUS
100
AcDbLine
 10
5.779245157480315
 20
-2.9441059055118108
 30
0
 11
5.786615354330709
 21
-2.9465006692913387
 31
0
  0
LINE
  5
5AD
330
1B
100
AcDbEntity
  8
B.Cu
  6
CONTINUOUS
100
AcDbLine
 10
5.786615354330709
 20
-2.9465006692913387
 30
0
 11
5.793519921259843
 21
-2.9500187401574802
 31
0
  0
LINE
  5
5AE
330
1B
100
AcDbEntity
  8
B.Cu
  6
CONTINUOUS
100
AcDbLine
 10
5.793519921259843
 20
-2.9500187401574802
 30
0
 11
5.797096811023622
 21
-2.9526175196850395
 31
0
  0
LINE
  5
5AF
330
1B
100
AcDbEntity
  8
B.Cu
  6
CONTINUOUS
100
AcDbLine
 10
5.797096811023622
 20
-2.9526175196850395
 30
0
 11
5.799789212598426
 21
-2.9545737007874013
 31
0
  0
LINE
  5
5B0
330
1B
100
AcDbEntity
  8
B.Cu
  6
CONTINUOUS
100
AcDbLine
 10
5.799789212598426
 20
-2.9545737007874013
 30
0
 11
5.799789291338583
 21
-2.9545737795275588
 31
0
  0
LINE
  5
5B1
330
1B
100
AcDbEntity
  8
B.Cu
  6
CONTINUOUS
100
AcDbLine
 10
5.799789291338583
 20
-2.9545737795275588
 30
0
 11
5.799789330708662
 21
-2.9545737795275588
 31
0
  0
LINE
  5
5B2
330
1B
100
AcDbEntity
  8
B.Cu
  6
CONTINUOUS
100
AcDbLine
 10
5.799789330708662
 20
-2.9545737795275588
 30
0
 11
5.805268740157481
 21
-2.9600531889763779
 31
0
  0
LINE
  5
5B3
330
1B
100
AcDbEntity
  8
B.Cu
  6
CONTINUOUS
100
AcDbLine
 10
5.805268740157481
 20
-2.9600531889763779
 30
0
 11
5.805268740157481
 21
-2.9600532283464567
 31
0
  0
LINE
  5
5B4
330
1B
100
AcDbEntity
  8
B.Cu
  6
CONTINUOUS
100
AcDbLine
 10
5.805268740157481
 20
-2.9600532283464567
 30
0
 11
5.8052688188976385
 21
-2.9600533070866142
 31
0
  0
LINE
  5
5B5
330
1B
100
AcDbEntity
  8
B.Cu
  6
CONTINUOUS
100
AcDbLine
 10
5.8052688188976385
 20
-2.9600533070866142
 30
0
 11
5.807071811023622
 21
-2.9625348818897637
 31
0
  0
LINE
  5
5B6
330
1B
100
AcDbEntity
  8
B.Cu
  6
CONTINUOUS
100
AcDbLine
 10
5.807071811023622
 20
-2.9625348818897637
 30
0
 11
5.80982377952756
 21
-2.9663225984251969
 31
0
  0
LINE
  5
5B7
330
1B
100
AcDbEntity
  8
B.Cu
  6
CONTINUOUS
100
AcDbLine
 10
5.80982377952756
 20
-2.9663225984251969
 30
0
 11
5.813366732283465
 21
-2.9732761023622047
 31
0
  0
LINE
  5
5B8
330
1B
100
AcDbEntity
  8
B.Cu
  6
CONTINUOUS
100
AcDbLine
 10
5.813366732283465
 20
-2.9732761023622047
 30
0
 11
5.8152554724409455
 21
-2.9752759448818895
 31
0
  0
LINE
  5
5B9
330
1B
100
AcDbEntity
  8
B.Cu
  6
CONTINUOUS
100
AcDbLine
 10
5.8152554724409455
 20
-2.9752759448818895
 30
0
 11
5.817925590551182
 21
-2.9759371653543307
 31
0
  0
LINE
  5
5BA
330
1B
100
AcDbEntity
  8
B.Cu
  6
CONTINUOUS
100
AcDbLine
 10
5.817925590551182
 20
-2.9759371653543307
 30
0
 11
5.820529330708662
 21
-2.9750498818897637
 31
0
  0
LINE
  5
5BB
330
1B
100
AcDbEntity
  8
B.Cu
  6
CONTINUOUS
100
AcDbLine
 10
5.820529330708662
 20
-2.9750498818897637
 30
0
 11
5.822066338582678
 21
-2.9732761023622047
 31
0
  0
LINE
  5
5BC
330
1B
100
AcDbEntity
  8
B.Cu
  6
CONTINUOUS
100
AcDbLine
 10
5.822066338582678
 20
-2.9732761023622047
 30
0
 11
5.823376811023622
 21
-2.9707041732283463
 31
0
  0
LINE
  5
5BD
330
1B
100
AcDbEntity
  8
B.Cu
  6
CONTINUOUS
100
AcDbLine
 10
5.823376811023622
 20
-2.9707041732283463
 30
0
 11
5.8256092913385835
 21
-2.9663226377952756
 31
0
  0
LINE
  5
5BE
330
1B
100
AcDbEntity
  8
B.Cu
  6
CONTINUOUS
100
AcDbLine
 10
5.8256092913385835
 20
-2.9663226377952756
 30
0
 11
5.830164251968505
 21
-2.9600533070866142
 31
0
  0
LINE
  5
5BF
330
1B
100
AcDbEntity
  8
B.Cu
  6
CONTINUOUS
100
AcDbLine
 10
5.830164251968505
 20
-2.9600533070866142
 30
0
 11
5.835643858267717
 21
-2.9545737007874013
 31
0
  0
LINE
  5
5C0
330
1B
100
AcDbEntity
  8
B.Cu
  6
CONTINUOUS
100
AcDbLine
 10
5.835643858267717
 20
-2.9545737007874013
 30
0
 11
5.837636181102362
 21
-2.9531261811023621
 31
0
  0
LINE
  5
5C1
330
1B
100
AcDbEntity
  8
B.Cu
  6
CONTINUOUS
100
AcDbLine
 10
5.837636181102362
 20
-2.9531261811023621
 30
0
 11
5.839315826771654
 21
-2.9509479133858267
 31
0
  0
LINE
  5
5C2
330
1B
100
AcDbEntity
  8
B.Cu
  6
CONTINUOUS
100
AcDbLine
 10
5.839315826771654
 20
-2.9509479133858267
 30
0
 11
5.839551220472441
 21
-2.9482072047244094
 31
0
  0
LINE
  5
5C3
330
1B
100
AcDbEntity
  8
B.Cu
  6
CONTINUOUS
100
AcDbLine
 10
5.839551220472441
 20
-2.9482072047244094
 30
0
 11
5.83826751968504
 21
-2.9457743307086615
 31
0
  0
LINE
  5
5C4
330
1B
100
AcDbEntity
  8
B.Cu
  6
CONTINUOUS
100
AcDbLine
 10
5.83826751968504
 20
-2.9457743307086615
 30
0
 11
5.838221496062992
 21
-2.9457276377952755
 31
0
  0
LINE
  5
5C5
330
1B
100
AcDbEntity
  8
B.Cu
  6
CONTINUOUS
100
AcDbLine
 10
5.838221496062992
 20
-2.9457276377952755
 30
0
 11
5.815203228346457
 21
-2.9227094094488186
 31
0
  0
LINE
  5
5C6
330
1B
100
AcDbEntity
  8
B.Cu
  6
CONTINUOUS
100
AcDbLine
 10
5.815203228346457
 20
-2.9227094094488186
 30
0
 11
5.812788937007874
 21
-2.9213911023622048
 31
0
  0
LINE
  5
5C7
330
1B
100
AcDbEntity
  8
B.Cu
  6
CONTINUOUS
100
AcDbLine
 10
5.812788937007874
 20
-2.9213911023622048
 30
0
 11
5.811751220472441
 21
-2.9212795275590548
 31
0
  0
LINE
  5
5C8
330
1B
100
AcDbEntity
  8
B.Cu
  6
CONTINUOUS
100
AcDbLine
 10
5.811751220472441
 20
-2.9212795275590548
 30
0
 11
5.663051929133859
 21
-2.9212795275590548
 31
0
  0
LINE
  5
5C9
330
1B
100
AcDbEntity
  8
B.Cu
  6
CONTINUOUS
100
AcDbLine
 10
5.663051929133859
 20
-2.9212795275590548
 30
0
 11
5.660412598425197
 21
-2.9220545275590553
 31
0
  0
LINE
  5
5CA
330
1B
100
AcDbEntity
  8
B.Cu
  6
CONTINUOUS
100
AcDbLine
 10
5.6533187795275595
 20
-3.4359268503937006
 30
0
 11
5.653063740157481
 21
-3.4361643307086611
 31
0
  0
LINE
  5
5CB
330
1B
100
AcDbEntity
  8
B.Cu
  6
CONTINUOUS
100
AcDbLine
 10
5.653063740157481
 20
-3.4361643307086611
 30
0
 11
5.651116062992126
 21
-3.4381120078740155
 31
0
  0
LINE
  5
5CC
330
1B
100
AcDbEntity
  8
B.Cu
  6
CONTINUOUS
100
AcDbLine
 10
5.651116062992126
 20
-3.4381120078740155
 30
0
 11
5.651115984251969
 21
-3.4381120472440942
 31
0
  0
LINE
  5
5CD
330
1B
100
AcDbEntity
  8
B.Cu
  6
CONTINUOUS
100
AcDbLine
 10
5.651115984251969
 20
-3.4381120472440942
 30
0
 11
5.651115826771654
 21
-3.4381122047244093
 31
0
  0
LINE
  5
5CE
330
1B
100
AcDbEntity
  8
B.Cu
  6
CONTINUOUS
100
AcDbLine
 10
5.651115826771654
 20
-3.4381122047244093
 30
0
 11
5.647662637795276
 21
-3.4398716929133859
 31
0
  0
LINE
  5
5CF
330
1B
100
AcDbEntity
  8
B.Cu
  6
CONTINUOUS
100
AcDbLine
 10
5.647662637795276
 20
-3.4398716929133859
 30
0
 11
5.646665433070867
 21
-3.440379803149606
 31
0
  0
LINE
  5
5D0
330
1B
100
AcDbEntity
  8
B.Cu
  6
CONTINUOUS
100
AcDbLine
 10
5.646665433070867
 20
-3.440379803149606
 30
0
 11
5.642973425196851
 21
-3.4409645275590552
 31
0
  0
LINE
  5
5D1
330
1B
100
AcDbEntity
  8
B.Cu
  6
CONTINUOUS
100
AcDbLine
 10
5.642973425196851
 20
-3.4409645275590552
 30
0
 11
5.642973188976378
 21
-3.440964566929134
 31
0
  0
LINE
  5
5D2
330
1B
100
AcDbEntity
  8
B.Cu
  6
CONTINUOUS
100
AcDbLine
 10
5.642973188976378
 20
-3.440964566929134
 30
0
 11
5.63482283464567
 21
-3.4409645275590552
 31
0
  0
LINE
  5
5D3
330
1B
100
AcDbEntity
  8
B.Cu
  6
CONTINUOUS
100
AcDbLine
 10
5.63482283464567
 20
-3.4409645275590552
 30
0
 11
5.632183503937008
 21
-3.4417394881889765
 31
0
  0
LINE
  5
5D4
330
1B
100
AcDbEntity
  8
B.Cu
  6
CONTINUOUS
100
AcDbLine
 10
5.632183503937008
 20
-3.4417394881889765
 30
0
 11
5.630382125984252
 21
-3.4438183858267717
 31
0
  0
LINE
  5
5D5
330
1B
100
AcDbEntity
  8
B.Cu
  6
CONTINUOUS
100
AcDbLine
 10
5.630382125984252
 20
-3.4438183858267717
 30
0
 11
5.6299409448818905
 21
-3.4458464173228345
 31
0
  0
LINE
  5
5D6
330
1B
100
AcDbEntity
  8
B.Cu
  6
CONTINUOUS
100
AcDbLine
 10
5.6299409448818905
 20
-3.4458464173228345
 30
0
 11
5.6299409448818905
 21
-3.4697246456692912
 31
0
  0
LINE
  5
5D7
330
1B
100
AcDbEntity
  8
B.Cu
  6
CONTINUOUS
100
AcDbLine
 10
5.6299409448818905
 20
-3.4697246456692912
 30
0
 11
5.6299409448818905
 21
-3.475157244094488
 31
0
  0
LINE
  5
5D8
330
1B
100
AcDbEntity
  8
B.Cu
  6
CONTINUOUS
100
AcDbLine
 10
5.6299409448818905
 20
-3.475157244094488
 30
0
 11
5.6299409448818905
 21
-3.4751573228346455
 31
0
  0
LINE
  5
5D9
330
1B
100
AcDbEntity
  8
B.Cu
  6
CONTINUOUS
100
AcDbLine
 10
5.6299409448818905
 20
-3.4751573228346455
 30
0
 11
5.629940984251969
 21
-3.4751573228346455
 31
0
  0
LINE
  5
5DA
330
1B
100
AcDbEntity
  8
B.Cu
  6
CONTINUOUS
100
AcDbLine
 10
5.629940984251969
 20
-3.4751573228346455
 30
0
 11
5.628881181102362
 21
-3.4804851181102361
 31
0
  0
LINE
  5
5DB
330
1B
100
AcDbEntity
  8
B.Cu
  6
CONTINUOUS
100
AcDbLine
 10
5.628881181102362
 20
-3.4804851181102361
 30
0
 11
5.628881141732284
 21
-3.4804851574803148
 31
0
  0
LINE
  5
5DC
330
1B
100
AcDbEntity
  8
B.Cu
  6
CONTINUOUS
100
AcDbLine
 10
5.628881141732284
 20
-3.4804851574803148
 30
0
 11
5.628881102362206
 21
-3.4804853543307086
 31
0
  0
LINE
  5
5DD
330
1B
100
AcDbEntity
  8
B.Cu
  6
CONTINUOUS
100
AcDbLine
 10
5.628881102362206
 20
-3.4804853543307086
 30
0
 11
5.627730511811024
 21
-3.4832631496062993
 31
0
  0
LINE
  5
5DE
330
1B
100
AcDbEntity
  8
B.Cu
  6
CONTINUOUS
100
AcDbLine
 10
5.627730511811024
 20
-3.4832631496062993
 30
0
 11
5.6276612992125985
 21
-3.4834302362204723
 31
0
  0
LINE
  5
5DF
330
1B
100
AcDbEntity
  8
B.Cu
  6
CONTINUOUS
100
AcDbLine
 10
5.6276612992125985
 20
-3.4834302362204723
 30
0
 11
5.627367283464568
 21
-3.486165275590551
 31
0
  0
LINE
  5
5E0
330
1B
100
AcDbEntity
  8
B.Cu
  6
CONTINUOUS
100
AcDbLine
 10
5.627367283464568
 20
-3.486165275590551
 30
0
 11
5.628598622047244
 21
-3.4886250787401574
 31
0
  0
LINE
  5
5E1
330
1B
100
AcDbEntity
  8
B.Cu
  6
CONTINUOUS
100
AcDbLine
 10
5.628598622047244
 20
-3.4886250787401574
 30
0
 11
5.630964330708662
 21
-3.4900287007874016
 31
0
  0
LINE
  5
5E2
330
1B
100
AcDbEntity
  8
B.Cu
  6
CONTINUOUS
100
AcDbLine
 10
5.630964330708662
 20
-3.4900287007874016
 30
0
 11
5.633713346456694
 21
-3.4899304724409448
 31
0
  0
LINE
  5
5E3
330
1B
100
AcDbEntity
  8
B.Cu
  6
CONTINUOUS
100
AcDbLine
 10
5.633713346456694
 20
-3.4899304724409448
 30
0
 11
5.635623622047245
 21
-3.4887504330708659
 31
0
  0
LINE
  5
5E4
330
1B
100
AcDbEntity
  8
B.Cu
  6
CONTINUOUS
100
AcDbLine
 10
5.635623622047245
 20
-3.4887504330708659
 30
0
 11
5.659967755905512
 21
-3.4644062598425198
 31
0
  0
LINE
  5
5E5
330
1B
100
AcDbEntity
  8
B.Cu
  6
CONTINUOUS
100
AcDbLine
 10
5.659967755905512
 20
-3.4644062598425198
 30
0
 11
5.661286062992127
 21
-3.4619919685039369
 31
0
  0
LINE
  5
5E6
330
1B
100
AcDbEntity
  8
B.Cu
  6
CONTINUOUS
100
AcDbLine
 10
5.661286062992127
 20
-3.4619919685039369
 30
0
 11
5.661397637795276
 21
-3.4609542519685039
 31
0
  0
LINE
  5
5E7
330
1B
100
AcDbEntity
  8
B.Cu
  6
CONTINUOUS
100
AcDbLine
 10
5.661397637795276
 20
-3.4609542519685039
 30
0
 11
5.661397637795276
 21
-3.439616338582677
 31
0
  0
LINE
  5
5E8
330
1B
100
AcDbEntity
  8
B.Cu
  6
CONTINUOUS
100
AcDbLine
 10
5.661397637795276
 20
-3.439616338582677
 30
0
 11
5.660622637795276
 21
-3.4369770078740158
 31
0
  0
LINE
  5
5E9
330
1B
100
AcDbEntity
  8
B.Cu
  6
CONTINUOUS
100
AcDbLine
 10
5.660622637795276
 20
-3.4369770078740158
 30
0
 11
5.658543740157481
 21
-3.4351756299212597
 31
0
  0
LINE
  5
5EA
330
1B
100
AcDbEntity
  8
B.Cu
  6
CONTINUOUS
100
AcDbLine
 10
5.658543740157481
 20
-3.4351756299212597
 30
0
 11
5.655820984251969
 21
-3.4347841338582676
 31
0
  0
LINE
  5
5EB
330
1B
100
AcDbEntity
  8
B.Cu
  6
CONTINUOUS
100
AcDbLine
 10
5.655820984251969
 20
-3.4347841338582676
 30
0
 11
5.6533187795275595
 21
-3.4359268503937006
 31
0
  0
LINE
  5
5EC
330
1B
100
AcDbEntity
  8
B.Cu
  6
CONTINUOUS
100
AcDbLine
 10
5.81490374015748
 20
-3.1092020472440942
 30
0
 11
5.813366732283465
 21
-3.1109758661417324
 31
0
  0
LINE
  5
5ED
330
1B
100
AcDbEntity
  8
B.Cu
  6
CONTINUOUS
100
AcDbLine
 10
5.813366732283465
 20
-3.1109758661417324
 30
0
 11
5.809823858267717
 21
-3.117929251968504
 31
0
  0
LINE
  5
5EE
330
1B
100
AcDbEntity
  8
B.Cu
  6
CONTINUOUS
100
AcDbLine
 10
5.809823858267717
 20
-3.117929251968504
 30
0
 11
5.808455354330709
 21
-3.1198128346456691
 31
0
  0
LINE
  5
5EF
330
1B
100
AcDbEntity
  8
B.Cu
  6
CONTINUOUS
100
AcDbLine
 10
5.808455354330709
 20
-3.1198128346456691
 30
0
 11
5.8052688188976385
 21
-3.1241986614173229
 31
0
  0
LINE
  5
5F0
330
1B
100
AcDbEntity
  8
B.Cu
  6
CONTINUOUS
100
AcDbLine
 10
5.8052688188976385
 20
-3.1241986614173229
 30
0
 11
5.799789212598426
 21
-3.1296782677165353
 31
0
  0
LINE
  5
5F1
330
1B
100
AcDbEntity
  8
B.Cu
  6
CONTINUOUS
100
AcDbLine
 10
5.799789212598426
 20
-3.1296782677165353
 30
0
 11
5.797307559055119
 21
-3.1314812598425195
 31
0
  0
LINE
  5
5F2
330
1B
100
AcDbEntity
  8
B.Cu
  6
CONTINUOUS
100
AcDbLine
 10
5.797307559055119
 20
-3.1314812598425195
 30
0
 11
5.795627913385827
 21
-3.1336594881889761
 31
0
  0
LINE
  5
5F3
330
1B
100
AcDbEntity
  8
B.Cu
  6
CONTINUOUS
100
AcDbLine
 10
5.795627913385827
 20
-3.1336594881889761
 30
0
 11
5.795295275590552
 21
-3.135430708661417
 31
0
  0
LINE
  5
5F4
330
1B
100
AcDbEntity
  8
B.Cu
  6
CONTINUOUS
100
AcDbLine
 10
5.795295275590552
 20
-3.135430708661417
 30
0
 11
5.795295275590552
 21
-3.1862600787401574
 31
0
  0
LINE
  5
5F5
330
1B
100
AcDbEntity
  8
B.Cu
  6
CONTINUOUS
100
AcDbLine
 10
5.795295275590552
 20
-3.1862600787401574
 30
0
 11
5.795295275590552
 21
-3.1916926771653542
 31
0
  0
LINE
  5
5F6
330
1B
100
AcDbEntity
  8
B.Cu
  6
CONTINUOUS
100
AcDbLine
 10
5.795295275590552
 20
-3.1916926771653542
 30
0
 11
5.795295275590552
 21
-3.1916927559055117
 31
0
  0
LINE
  5
5F7
330
1B
100
AcDbEntity
  8
B.Cu
  6
CONTINUOUS
100
AcDbLine
 10
5.795295275590552
 20
-3.1916927559055117
 30
0
 11
5.79529531496063
 21
-3.1916927559055117
 31
0
  0
LINE
  5
5F8
330
1B
100
AcDbEntity
  8
B.Cu
  6
CONTINUOUS
100
AcDbLine
 10
5.79529531496063
 20
-3.1916927559055117
 30
0
 11
5.794235511811024
 21
-3.1970205511811023
 31
0
  0
LINE
  5
5F9
330
1B
100
AcDbEntity
  8
B.Cu
  6
CONTINUOUS
100
AcDbLine
 10
5.794235511811024
 20
-3.1970205511811023
 30
0
 11
5.794235393700788
 21
-3.1970209448818898
 31
0
  0
LINE
  5
5FA
330
1B
100
AcDbEntity
  8
B.Cu
  6
CONTINUOUS
100
AcDbLine
 10
5.794235393700788
 20
-3.1970209448818898
 30
0
 11
5.792156614173229
 21
-3.2020396456692914
 31
0
  0
LINE
  5
5FB
330
1B
100
AcDbEntity
  8
B.Cu
  6
CONTINUOUS
100
AcDbLine
 10
5.792156614173229
 20
-3.2020396456692914
 30
0
 11
5.789138307086614
 21
-3.2065568897637795
 31
0
  0
LINE
  5
5FC
330
1B
100
AcDbEntity
  8
B.Cu
  6
CONTINUOUS
100
AcDbLine
 10
5.789138307086614
 20
-3.2065568897637795
 30
0
 11
5.7891382677165355
 21
-3.2065569291338583
 31
0
  0
LINE
  5
5FD
330
1B
100
AcDbEntity
  8
B.Cu
  6
CONTINUOUS
100
AcDbLine
 10
5.7891382677165355
 20
-3.2065569291338583
 30
0
 11
5.777040118110237
 21
-3.2186550393700788
 31
0
  0
LINE
  5
5FE
330
1B
100
AcDbEntity
  8
B.Cu
  6
CONTINUOUS
100
AcDbLine
 10
5.777040118110237
 20
-3.2186550393700788
 30
0
 11
5.776837086614174
 21
-3.2190268897637795
 31
0
  0
LINE
  5
5FF
330
1B
100
AcDbEntity
  8
B.Cu
  6
CONTINUOUS
100
AcDbLine
 10
5.776837086614174
 20
-3.2190268897637795
 30
0
 11
5.776505
 21
-3.2192900393700787
 31
0
  0
LINE
  5
600
330
1B
100
AcDbEntity
  8
B.Cu
  6
CONTINUOUS
100
AcDbLine
 10
5.776505
 20
-3.2192900393700787
 30
0
 11
5.776189330708662
 21
-3.2202131102362204
 31
0
  0
LINE
  5
601
330
1B
100
AcDbEntity
  8
B.Cu
  6
CONTINUOUS
100
AcDbLine
 10
5.776189330708662
 20
-3.2202131102362204
 30
0
 11
5.775721811023622
 21
-3.2210693307086613
 31
0
  0
LINE
  5
602
330
1B
100
AcDbEntity
  8
B.Cu
  6
CONTINUOUS
100
AcDbLine
 10
5.775721811023622
 20
-3.2210693307086613
 30
0
 11
5.775752047244095
 21
-3.2214918897637794
 31
0
  0
LINE
  5
603
330
1B
100
AcDbEntity
  8
B.Cu
  6
CONTINUOUS
100
AcDbLine
 10
5.775752047244095
 20
-3.2214918897637794
 30
0
 11
5.775614921259843
 21
-3.221892834645669
 31
0
  0
LINE
  5
604
330
1B
100
AcDbEntity
  8
B.Cu
  6
CONTINUOUS
100
AcDbLine
 10
5.775614921259843
 20
-3.221892834645669
 30
0
 11
5.775610236220473
 21
-3.2221070472440942
 31
0
  0
LINE
  5
605
330
1B
100
AcDbEntity
  8
B.Cu
  6
CONTINUOUS
100
AcDbLine
 10
5.775610236220473
 20
-3.2221070472440942
 30
0
 11
5.775610236220473
 21
-3.2294053543307086
 31
0
  0
LINE
  5
606
330
1B
100
AcDbEntity
  8
B.Cu
  6
CONTINUOUS
100
AcDbLine
 10
5.775610236220473
 20
-3.2294053543307086
 30
0
 11
5.776385236220473
 21
-3.2320446850393698
 31
0
  0
LINE
  5
607
330
1B
100
AcDbEntity
  8
B.Cu
  6
CONTINUOUS
100
AcDbLine
 10
5.776385236220473
 20
-3.2320446850393698
 30
0
 11
5.778464133858268
 21
-3.233846062992126
 31
0
  0
LINE
  5
608
330
1B
100
AcDbEntity
  8
B.Cu
  6
CONTINUOUS
100
AcDbLine
 10
5.778464133858268
 20
-3.233846062992126
 30
0
 11
5.78118688976378
 21
-3.234237559055118
 31
0
  0
LINE
  5
609
330
1B
100
AcDbEntity
  8
B.Cu
  6
CONTINUOUS
100
AcDbLine
 10
5.78118688976378
 20
-3.234237559055118
 30
0
 11
5.78368909448819
 21
-3.233094842519685
 31
0
  0
LINE
  5
60A
330
1B
100
AcDbEntity
  8
B.Cu
  6
CONTINUOUS
100
AcDbLine
 10
5.78368909448819
 20
-3.233094842519685
 30
0
 11
5.78455125984252
 21
-3.2321175984251966
 31
0
  0
LINE
  5
60B
330
1B
100
AcDbEntity
  8
B.Cu
  6
CONTINUOUS
100
AcDbLine
 10
5.78455125984252
 20
-3.2321175984251966
 30
0
 11
5.785664763779528
 21
-3.2304511417322832
 31
0
  0
LINE
  5
60C
330
1B
100
AcDbEntity
  8
B.Cu
  6
CONTINUOUS
100
AcDbLine
 10
5.785664763779528
 20
-3.2304511417322832
 30
0
 11
5.786710551181103
 21
-3.2294053543307086
 31
0
  0
LINE
  5
60D
330
1B
100
AcDbEntity
  8
B.Cu
  6
CONTINUOUS
100
AcDbLine
 10
5.786710551181103
 20
-3.2294053543307086
 30
0
 11
5.7895062204724415
 21
-3.22660968503937
 31
0
  0
LINE
  5
60E
330
1B
100
AcDbEntity
  8
B.Cu
  6
CONTINUOUS
100
AcDbLine
 10
5.7895062204724415
 20
-3.22660968503937
 30
0
 11
5.8371331496062995
 21
-3.1789827165354332
 31
0
  0
LINE
  5
60F
330
1B
100
AcDbEntity
  8
B.Cu
  6
CONTINUOUS
100
AcDbLine
 10
5.8371331496062995
 20
-3.1789827165354332
 30
0
 11
5.838451417322835
 21
-3.176568464566929
 31
0
  0
LINE
  5
610
330
1B
100
AcDbEntity
  8
B.Cu
  6
CONTINUOUS
100
AcDbLine
 10
5.838451417322835
 20
-3.176568464566929
 30
0
 11
5.8385629921259845
 21
-3.175530748031496
 31
0
  0
LINE
  5
611
330
1B
100
AcDbEntity
  8
B.Cu
  6
CONTINUOUS
100
AcDbLine
 10
5.8385629921259845
 20
-3.175530748031496
 30
0
 11
5.8385629921259845
 21
-3.1342865748031494
 31
0
  0
LINE
  5
612
330
1B
100
AcDbEntity
  8
B.Cu
  6
CONTINUOUS
100
AcDbLine
 10
5.8385629921259845
 20
-3.1342865748031494
 30
0
 11
5.8377879921259845
 21
-3.1316472440944882
 31
0
  0
LINE
  5
613
330
1B
100
AcDbEntity
  8
B.Cu
  6
CONTINUOUS
100
AcDbLine
 10
5.8377879921259845
 20
-3.1316472440944882
 30
0
 11
5.836550590551181
 21
-3.1303370078740156
 31
0
  0
LINE
  5
614
330
1B
100
AcDbEntity
  8
B.Cu
  6
CONTINUOUS
100
AcDbLine
 10
5.836550590551181
 20
-3.1303370078740156
 30
0
 11
5.835643858267717
 21
-3.1296782677165353
 31
0
  0
LINE
  5
615
330
1B
100
AcDbEntity
  8
B.Cu
  6
CONTINUOUS
100
AcDbLine
 10
5.835643858267717
 20
-3.1296782677165353
 30
0
 11
5.830164251968505
 21
-3.1241986614173229
 31
0
  0
LINE
  5
616
330
1B
100
AcDbEntity
  8
B.Cu
  6
CONTINUOUS
100
AcDbLine
 10
5.830164251968505
 20
-3.1241986614173229
 30
0
 11
5.8256092913385835
 21
-3.1179293307086615
 31
0
  0
LINE
  5
617
330
1B
100
AcDbEntity
  8
B.Cu
  6
CONTINUOUS
100
AcDbLine
 10
5.8256092913385835
 20
-3.1179293307086615
 30
0
 11
5.824489370078741
 21
-3.115731377952756
 31
0
  0
LINE
  5
618
330
1B
100
AcDbEntity
  8
B.Cu
  6
CONTINUOUS
100
AcDbLine
 10
5.824489370078741
 20
-3.115731377952756
 30
0
 11
5.822066338582678
 21
-3.1109758661417324
 31
0
  0
LINE
  5
619
330
1B
100
AcDbEntity
  8
B.Cu
  6
CONTINUOUS
100
AcDbLine
 10
5.822066338582678
 20
-3.1109758661417324
 30
0
 11
5.8201775984251976
 21
-3.1089759842519684
 31
0
  0
LINE
  5
61A
330
1B
100
AcDbEntity
  8
B.Cu
  6
CONTINUOUS
100
AcDbLine
 10
5.8201775984251976
 20
-3.1089759842519684
 30
0
 11
5.817507480314961
 21
-3.1083147637795276
 31
0
  0
LINE
  5
61B
330
1B
100
AcDbEntity
  8
B.Cu
  6
CONTINUOUS
100
AcDbLine
 10
5.817507480314961
 20
-3.1083147637795276
 30
0
 11
5.81490374015748
 21
-3.1092020472440942
 31
0
  0
LINE
  5
61C
330
1B
100
AcDbEntity
  8
B.Cu
  6
CONTINUOUS
100
AcDbLine
 10
5.718320039370079
 20
-3.1167068503937005
 30
0
 11
5.716783503937008
 21
-3.1189884645669292
 31
0
  0
LINE
  5
61D
330
1B
100
AcDbEntity
  8
B.Cu
  6
CONTINUOUS
100
AcDbLine
 10
5.716783503937008
 20
-3.1189884645669292
 30
0
 11
5.716555118110237
 21
-3.1204641338582677
 31
0
  0
LINE
  5
61E
330
1B
100
AcDbEntity
  8
B.Cu
  6
CONTINUOUS
100
AcDbLine
 10
5.716555118110237
 20
-3.1204641338582677
 30
0
 11
5.716555118110237
 21
-3.1900352362204725
 31
0
  0
LINE
  5
61F
330
1B
100
AcDbEntity
  8
B.Cu
  6
CONTINUOUS
100
AcDbLine
 10
5.716555118110237
 20
-3.1900352362204725
 30
0
 11
5.717330118110237
 21
-3.1926745669291337
 31
0
  0
LINE
  5
620
330
1B
100
AcDbEntity
  8
B.Cu
  6
CONTINUOUS
100
AcDbLine
 10
5.717330118110237
 20
-3.1926745669291337
 30
0
 11
5.719409015748032
 21
-3.1944759448818898
 31
0
  0
LINE
  5
621
330
1B
100
AcDbEntity
  8
B.Cu
  6
CONTINUOUS
100
AcDbLine
 10
5.719409015748032
 20
-3.1944759448818898
 30
0
 11
5.722131771653544
 21
-3.1948674409448818
 31
0
  0
LINE
  5
622
330
1B
100
AcDbEntity
  8
B.Cu
  6
CONTINUOUS
100
AcDbLine
 10
5.722131771653544
 20
-3.1948674409448818
 30
0
 11
5.7246339763779535
 21
-3.1937247244094489
 31
0
  0
LINE
  5
623
330
1B
100
AcDbEntity
  8
B.Cu
  6
CONTINUOUS
100
AcDbLine
 10
5.7246339763779535
 20
-3.1937247244094489
 30
0
 11
5.725496141732284
 21
-3.1927474803149605
 31
0
  0
LINE
  5
624
330
1B
100
AcDbEntity
  8
B.Cu
  6
CONTINUOUS
100
AcDbLine
 10
5.725496141732284
 20
-3.1927474803149605
 30
0
 11
5.726609685039371
 21
-3.1910809842519683
 31
0
  0
LINE
  5
625
330
1B
100
AcDbEntity
  8
B.Cu
  6
CONTINUOUS
100
AcDbLine
 10
5.726609685039371
 20
-3.1910809842519683
 30
0
 11
5.726609803149607
 21
-3.1910808267716533
 31
0
  0
LINE
  5
626
330
1B
100
AcDbEntity
  8
B.Cu
  6
CONTINUOUS
100
AcDbLine
 10
5.726609803149607
 20
-3.1910808267716533
 30
0
 11
5.738707913385827
 21
-3.1789827165354332
 31
0
  0
LINE
  5
627
330
1B
100
AcDbEntity
  8
B.Cu
  6
CONTINUOUS
100
AcDbLine
 10
5.738707913385827
 20
-3.1789827165354332
 30
0
 11
5.7400262204724415
 21
-3.1765684251968502
 31
0
  0
LINE
  5
628
330
1B
100
AcDbEntity
  8
B.Cu
  6
CONTINUOUS
100
AcDbLine
 10
5.7400262204724415
 20
-3.1765684251968502
 30
0
 11
5.740137795275591
 21
-3.1755307086614173
 31
0
  0
LINE
  5
629
330
1B
100
AcDbEntity
  8
B.Cu
  6
CONTINUOUS
100
AcDbLine
 10
5.740137795275591
 20
-3.1755307086614173
 30
0
 11
5.740137795275591
 21
-3.135430708661417
 31
0
  0
LINE
  5
62A
330
1B
100
AcDbEntity
  8
B.Cu
  6
CONTINUOUS
100
AcDbLine
 10
5.740137795275591
 20
-3.135430708661417
 30
0
 11
5.739362795275591
 21
-3.1327913779527559
 31
0
  0
LINE
  5
62B
330
1B
100
AcDbEntity
  8
B.Cu
  6
CONTINUOUS
100
AcDbLine
 10
5.739362795275591
 20
-3.1327913779527559
 30
0
 11
5.73812562992126
 21
-3.131481338582677
 31
0
  0
LINE
  5
62C
330
1B
100
AcDbEntity
  8
B.Cu
  6
CONTINUOUS
100
AcDbLine
 10
5.73812562992126
 20
-3.131481338582677
 30
0
 11
5.735643858267717
 21
-3.1296782677165353
 31
0
  0
LINE
  5
62D
330
1B
100
AcDbEntity
  8
B.Cu
  6
CONTINUOUS
100
AcDbLine
 10
5.735643858267717
 20
-3.1296782677165353
 30
0
 11
5.730164251968504
 21
-3.1241986614173229
 31
0
  0
LINE
  5
62E
330
1B
100
AcDbEntity
  8
B.Cu
  6
CONTINUOUS
100
AcDbLine
 10
5.730164251968504
 20
-3.1241986614173229
 30
0
 11
5.725609291338583
 21
-3.1179293307086615
 31
0
  0
LINE
  5
62F
330
1B
100
AcDbEntity
  8
B.Cu
  6
CONTINUOUS
100
AcDbLine
 10
5.725609291338583
 20
-3.1179293307086615
 30
0
 11
5.725609133858268
 21
-3.117928937007874
 31
0
  0
LINE
  5
630
330
1B
100
AcDbEntity
  8
B.Cu
  6
CONTINUOUS
100
AcDbLine
 10
5.725609133858268
 20
-3.117928937007874
 30
0
 11
5.725599645669292
 21
-3.1179135826771653
 31
0
  0
LINE
  5
631
330
1B
100
AcDbEntity
  8
B.Cu
  6
CONTINUOUS
100
AcDbLine
 10
5.725599645669292
 20
-3.1179135826771653
 30
0
 11
5.725594448818898
 21
-3.1179088188976376
 31
0
  0
LINE
  5
632
330
1B
100
AcDbEntity
  8
B.Cu
  6
CONTINUOUS
100
AcDbLine
 10
5.725594448818898
 20
-3.1179088188976376
 30
0
 11
5.725496535433071
 21
-3.1177741338582678
 31
0
  0
LINE
  5
633
330
1B
100
AcDbEntity
  8
B.Cu
  6
CONTINUOUS
100
AcDbLine
 10
5.725496535433071
 20
-3.1177741338582678
 30
0
 11
5.725468267716536
 21
-3.1177946850393701
 31
0
  0
LINE
  5
634
330
1B
100
AcDbEntity
  8
B.Cu
  6
CONTINUOUS
100
AcDbLine
 10
5.725468267716536
 20
-3.1177946850393701
 30
0
 11
5.723559921259843
 21
-3.1160679921259842
 31
0
  0
LINE
  5
635
330
1B
100
AcDbEntity
  8
B.Cu
  6
CONTINUOUS
100
AcDbLine
 10
5.723559921259843
 20
-3.1160679921259842
 30
0
 11
5.720846181102362
 21
-3.1156181102362206
 31
0
  0
LINE
  5
636
330
1B
100
AcDbEntity
  8
B.Cu
  6
CONTINUOUS
100
AcDbLine
 10
5.720846181102362
 20
-3.1156181102362206
 30
0
 11
5.718320039370079
 21
-3.1167068503937005
 31
0
  0
LINE
  5
637
330
1B
100
AcDbEntity
  8
B.Cu
  6
CONTINUOUS
100
AcDbLine
 10
5.914903740157481
 20
-3.0092020472440946
 30
0
 11
5.913366732283465
 21
-3.0109758661417323
 31
0
  0
LINE
  5
638
330
1B
100
AcDbEntity
  8
B.Cu
  6
CONTINUOUS
100
AcDbLine
 10
5.913366732283465
 20
-3.0109758661417323
 30
0
 11
5.909823858267717
 21
-3.0179292519685039
 31
0
  0
LINE
  5
639
330
1B
100
AcDbEntity
  8
B.Cu
  6
CONTINUOUS
100
AcDbLine
 10
5.909823858267717
 20
-3.0179292519685039
 30
0
 11
5.908533858267717
 21
-3.0197047244094488
 31
0
  0
LINE
  5
63A
330
1B
100
AcDbEntity
  8
B.Cu
  6
CONTINUOUS
100
AcDbLine
 10
5.908533858267717
 20
-3.0197047244094488
 30
0
 11
5.905268818897638
 21
-3.0241986614173229
 31
0
  0
LINE
  5
63B
330
1B
100
AcDbEntity
  8
B.Cu
  6
CONTINUOUS
100
AcDbLine
 10
5.905268818897638
 20
-3.0241986614173229
 30
0
 11
5.899789212598425
 21
-3.0296782677165353
 31
0
  0
LINE
  5
63C
330
1B
100
AcDbEntity
  8
B.Cu
  6
CONTINUOUS
100
AcDbLine
 10
5.899789212598425
 20
-3.0296782677165353
 30
0
 11
5.893519881889764
 21
-3.0342332283464568
 31
0
  0
LINE
  5
63D
330
1B
100
AcDbEntity
  8
B.Cu
  6
CONTINUOUS
100
AcDbLine
 10
5.893519881889764
 20
-3.0342332283464568
 30
0
 11
5.888661732283465
 21
-3.0367085433070864
 31
0
  0
LINE
  5
63E
330
1B
100
AcDbEntity
  8
B.Cu
  6
CONTINUOUS
100
AcDbLine
 10
5.888661732283465
 20
-3.0367085433070864
 30
0
 11
5.886566417322835
 21
-3.037776181102362
 31
0
  0
LINE
  5
63F
330
1B
100
AcDbEntity
  8
B.Cu
  6
CONTINUOUS
100
AcDbLine
 10
5.886566417322835
 20
-3.037776181102362
 30
0
 11
5.88456657480315
 21
-3.0396649212598423
 31
0
  0
LINE
  5
640
330
1B
100
AcDbEntity
  8
B.Cu
  6
CONTINUOUS
100
AcDbLine
 10
5.88456657480315
 20
-3.0396649212598423
 30
0
 11
5.883905354330709
 21
-3.0423350393700788
 31
0
  0
LINE
  5
641
330
1B
100
AcDbEntity
  8
B.Cu
  6
CONTINUOUS
100
AcDbLine
 10
5.883905354330709
 20
-3.0423350393700788
 30
0
 11
5.884792637795276
 21
-3.0449387795275591
 31
0
  0
LINE
  5
642
330
1B
100
AcDbEntity
  8
B.Cu
  6
CONTINUOUS
100
AcDbLine
 10
5.884792637795276
 20
-3.0449387795275591
 30
0
 11
5.886566417322835
 21
-3.0464757874015747
 31
0
  0
LINE
  5
643
330
1B
100
AcDbEntity
  8
B.Cu
  6
CONTINUOUS
100
AcDbLine
 10
5.886566417322835
 20
-3.0464757874015747
 30
0
 11
5.893519921259843
 21
-3.0500187401574803
 31
0
  0
LINE
  5
644
330
1B
100
AcDbEntity
  8
B.Cu
  6
CONTINUOUS
100
AcDbLine
 10
5.893519921259843
 20
-3.0500187401574803
 30
0
 11
5.8997893307086615
 21
-3.0545737795275589
 31
0
  0
LINE
  5
645
330
1B
100
AcDbEntity
  8
B.Cu
  6
CONTINUOUS
100
AcDbLine
 10
5.8997893307086615
 20
-3.0545737795275589
 30
0
 11
5.905268740157481
 21
-3.060053188976378
 31
0
  0
LINE
  5
646
330
1B
100
AcDbEntity
  8
B.Cu
  6
CONTINUOUS
100
AcDbLine
 10
5.905268740157481
 20
-3.060053188976378
 30
0
 11
5.905268740157481
 21
-3.0600532283464568
 31
0
  0
LINE
  5
647
330
1B
100
AcDbEntity
  8
B.Cu
  6
CONTINUOUS
100
AcDbLine
 10
5.905268740157481
 20
-3.0600532283464568
 30
0
 11
5.905268818897638
 21
-3.0600533070866143
 31
0
  0
LINE
  5
648
330
1B
100
AcDbEntity
  8
B.Cu
  6
CONTINUOUS
100
AcDbLine
 10
5.905268818897638
 20
-3.0600533070866143
 30
0
 11
5.9057355511811025
 21
-3.060695708661417
 31
0
  0
LINE
  5
649
330
1B
100
AcDbEntity
  8
B.Cu
  6
CONTINUOUS
100
AcDbLine
 10
5.9057355511811025
 20
-3.060695708661417
 30
0
 11
5.909823779527559
 21
-3.0663225984251969
 31
0
  0
LINE
  5
64A
330
1B
100
AcDbEntity
  8
B.Cu
  6
CONTINUOUS
100
AcDbLine
 10
5.909823779527559
 20
-3.0663225984251969
 30
0
 11
5.913366732283465
 21
-3.0732761023622048
 31
0
  0
LINE
  5
64B
330
1B
100
AcDbEntity
  8
B.Cu
  6
CONTINUOUS
100
AcDbLine
 10
5.913366732283465
 20
-3.0732761023622048
 30
0
 11
5.915255472440945
 21
-3.0752759448818896
 31
0
  0
LINE
  5
64C
330
1B
100
AcDbEntity
  8
B.Cu
  6
CONTINUOUS
100
AcDbLine
 10
5.915255472440945
 20
-3.0752759448818896
 30
0
 11
5.917925590551182
 21
-3.0759371653543308
 31
0
  0
LINE
  5
64D
330
1B
100
AcDbEntity
  8
B.Cu
  6
CONTINUOUS
100
AcDbLine
 10
5.917925590551182
 20
-3.0759371653543308
 30
0
 11
5.9205293307086615
 21
-3.0750498818897638
 31
0
  0
LINE
  5
64E
330
1B
100
AcDbEntity
  8
B.Cu
  6
CONTINUOUS
100
AcDbLine
 10
5.9205293307086615
 20
-3.0750498818897638
 30
0
 11
5.9220663385826775
 21
-3.0732761023622048
 31
0
  0
LINE
  5
64F
330
1B
100
AcDbEntity
  8
B.Cu
  6
CONTINUOUS
100
AcDbLine
 10
5.9220663385826775
 20
-3.0732761023622048
 30
0
 11
5.925609330708662
 21
-3.0663225984251969
 31
0
  0
LINE
  5
650
330
1B
100
AcDbEntity
  8
B.Cu
  6
CONTINUOUS
100
AcDbLine
 10
5.925609330708662
 20
-3.0663225984251969
 30
0
 11
5.930164251968504
 21
-3.0600533070866143
 31
0
  0
LINE
  5
651
330
1B
100
AcDbEntity
  8
B.Cu
  6
CONTINUOUS
100
AcDbLine
 10
5.930164251968504
 20
-3.0600533070866143
 30
0
 11
5.935643858267717
 21
-3.0545737007874014
 31
0
  0
LINE
  5
652
330
1B
100
AcDbEntity
  8
B.Cu
  6
CONTINUOUS
100
AcDbLine
 10
5.935643858267717
 20
-3.0545737007874014
 30
0
 11
5.938778543307087
 21
-3.0522962204724409
 31
0
  0
LINE
  5
653
330
1B
100
AcDbEntity
  8
B.Cu
  6
CONTINUOUS
100
AcDbLine
 10
5.938778543307087
 20
-3.0522962204724409
 30
0
 11
5.941913267716536
 21
-3.0500186614173228
 31
0
  0
LINE
  5
654
330
1B
100
AcDbEntity
  8
B.Cu
  6
CONTINUOUS
100
AcDbLine
 10
5.941913267716536
 20
-3.0500186614173228
 30
0
 11
5.948866653543307
 21
-3.0464757874015747
 31
0
  0
LINE
  5
655
330
1B
100
AcDbEntity
  8
B.Cu
  6
CONTINUOUS
100
AcDbLine
 10
5.948866653543307
 20
-3.0464757874015747
 30
0
 11
5.950866535433072
 21
-3.0445870472440943
 31
0
  0
LINE
  5
656
330
1B
100
AcDbEntity
  8
B.Cu
  6
CONTINUOUS
100
AcDbLine
 10
5.950866535433072
 20
-3.0445870472440943
 30
0
 11
5.951527755905512
 21
-3.0419169291338584
 31
0
  0
LINE
  5
657
330
1B
100
AcDbEntity
  8
B.Cu
  6
CONTINUOUS
100
AcDbLine
 10
5.951527755905512
 20
-3.0419169291338584
 30
0
 11
5.950640472440945
 21
-3.039313188976378
 31
0
  0
LINE
  5
658
330
1B
100
AcDbEntity
  8
B.Cu
  6
CONTINUOUS
100
AcDbLine
 10
5.950640472440945
 20
-3.039313188976378
 30
0
 11
5.948866653543307
 21
-3.037776181102362
 31
0
  0
LINE
  5
659
330
1B
100
AcDbEntity
  8
B.Cu
  6
CONTINUOUS
100
AcDbLine
 10
5.948866653543307
 20
-3.037776181102362
 30
0
 11
5.941913267716536
 21
-3.0342332677165356
 31
0
  0
LINE
  5
65A
330
1B
100
AcDbEntity
  8
B.Cu
  6
CONTINUOUS
100
AcDbLine
 10
5.941913267716536
 20
-3.0342332677165356
 30
0
 11
5.941913307086614
 21
-3.0342332677165356
 31
0
  0
LINE
  5
65B
330
1B
100
AcDbEntity
  8
B.Cu
  6
CONTINUOUS
100
AcDbLine
 10
5.941913307086614
 20
-3.0342332677165356
 30
0
 11
5.941913188976378
 21
-3.0342332283464568
 31
0
  0
LINE
  5
65C
330
1B
100
AcDbEntity
  8
B.Cu
  6
CONTINUOUS
100
AcDbLine
 10
5.941913188976378
 20
-3.0342332283464568
 30
0
 11
5.935643858267717
 21
-3.0296782677165353
 31
0
  0
LINE
  5
65D
330
1B
100
AcDbEntity
  8
B.Cu
  6
CONTINUOUS
100
AcDbLine
 10
5.935643858267717
 20
-3.0296782677165353
 30
0
 11
5.930164251968504
 21
-3.0241986614173229
 31
0
  0
LINE
  5
65E
330
1B
100
AcDbEntity
  8
B.Cu
  6
CONTINUOUS
100
AcDbLine
 10
5.930164251968504
 20
-3.0241986614173229
 30
0
 11
5.925609291338583
 21
-3.0179293307086614
 31
0
  0
LINE
  5
65F
330
1B
100
AcDbEntity
  8
B.Cu
  6
CONTINUOUS
100
AcDbLine
 10
5.925609291338583
 20
-3.0179293307086614
 30
0
 11
5.922091181102362
 21
-3.0110246062992125
 31
0
  0
LINE
  5
660
330
1B
100
AcDbEntity
  8
B.Cu
  6
CONTINUOUS
100
AcDbLine
 10
5.922091181102362
 20
-3.0110246062992125
 30
0
 11
5.9220663385826775
 21
-3.0109758661417323
 31
0
  0
LINE
  5
661
330
1B
100
AcDbEntity
  8
B.Cu
  6
CONTINUOUS
100
AcDbLine
 10
5.9220663385826775
 20
-3.0109758661417323
 30
0
 11
5.920177598425197
 21
-3.0089759842519683
 31
0
  0
LINE
  5
662
330
1B
100
AcDbEntity
  8
B.Cu
  6
CONTINUOUS
100
AcDbLine
 10
5.920177598425197
 20
-3.0089759842519683
 30
0
 11
5.917507480314961
 21
-3.0083147637795276
 31
0
  0
LINE
  5
663
330
1B
100
AcDbEntity
  8
B.Cu
  6
CONTINUOUS
100
AcDbLine
 10
5.917507480314961
 20
-3.0083147637795276
 30
0
 11
5.914903740157481
 21
-3.0092020472440946
 31
0
  0
LINE
  5
664
330
1B
100
AcDbEntity
  8
B.Cu
  6
CONTINUOUS
100
AcDbLine
 10
5.81490374015748
 20
-3.0092020472440946
 30
0
 11
5.813366732283465
 21
-3.0109758661417323
 31
0
  0
LINE
  5
665
330
1B
100
AcDbEntity
  8
B.Cu
  6
CONTINUOUS
100
AcDbLine
 10
5.813366732283465
 20
-3.0109758661417323
 30
0
 11
5.809823858267717
 21
-3.0179292519685039
 31
0
  0
LINE
  5
666
330
1B
100
AcDbEntity
  8
B.Cu
  6
CONTINUOUS
100
AcDbLine
 10
5.809823858267717
 20
-3.0179292519685039
 30
0
 11
5.808533858267717
 21
-3.0197047244094488
 31
0
  0
LINE
  5
667
330
1B
100
AcDbEntity
  8
B.Cu
  6
CONTINUOUS
100
AcDbLine
 10
5.808533858267717
 20
-3.0197047244094488
 30
0
 11
5.8052688188976385
 21
-3.0241986614173229
 31
0
  0
LINE
  5
668
330
1B
100
AcDbEntity
  8
B.Cu
  6
CONTINUOUS
100
AcDbLine
 10
5.8052688188976385
 20
-3.0241986614173229
 30
0
 11
5.799789212598426
 21
-3.0296782677165353
 31
0
  0
LINE
  5
669
330
1B
100
AcDbEntity
  8
B.Cu
  6
CONTINUOUS
100
AcDbLine
 10
5.799789212598426
 20
-3.0296782677165353
 30
0
 11
5.793519881889765
 21
-3.0342332283464568
 31
0
  0
LINE
  5
66A
330
1B
100
AcDbEntity
  8
B.Cu
  6
CONTINUOUS
100
AcDbLine
 10
5.793519881889765
 20
-3.0342332283464568
 30
0
 11
5.788661732283465
 21
-3.0367085433070864
 31
0
  0
LINE
  5
66B
330
1B
100
AcDbEntity
  8
B.Cu
  6
CONTINUOUS
100
AcDbLine
 10
5.788661732283465
 20
-3.0367085433070864
 30
0
 11
5.7865664173228355
 21
-3.037776181102362
 31
0
  0
LINE
  5
66C
330
1B
100
AcDbEntity
  8
B.Cu
  6
CONTINUOUS
100
AcDbLine
 10
5.7865664173228355
 20
-3.037776181102362
 30
0
 11
5.78456657480315
 21
-3.0396649212598423
 31
0
  0
LINE
  5
66D
330
1B
100
AcDbEntity
  8
B.Cu
  6
CONTINUOUS
100
AcDbLine
 10
5.78456657480315
 20
-3.0396649212598423
 30
0
 11
5.7839053543307095
 21
-3.0423350393700788
 31
0
  0
LINE
  5
66E
330
1B
100
AcDbEntity
  8
B.Cu
  6
CONTINUOUS
100
AcDbLine
 10
5.7839053543307095
 20
-3.0423350393700788
 30
0
 11
5.784792637795276
 21
-3.0449387795275591
 31
0
  0
LINE
  5
66F
330
1B
100
AcDbEntity
  8
B.Cu
  6
CONTINUOUS
100
AcDbLine
 10
5.784792637795276
 20
-3.0449387795275591
 30
0
 11
5.7865664173228355
 21
-3.0464757874015747
 31
0
  0
LINE
  5
670
330
1B
100
AcDbEntity
  8
B.Cu
  6
CONTINUOUS
100
AcDbLine
 10
5.7865664173228355
 20
-3.0464757874015747
 30
0
 11
5.793519921259843
 21
-3.0500187401574803
 31
0
  0
LINE
  5
671
330
1B
100
AcDbEntity
  8
B.Cu
  6
CONTINUOUS
100
AcDbLine
 10
5.793519921259843
 20
-3.0500187401574803
 30
0
 11
5.799789330708662
 21
-3.0545737795275589
 31
0
  0
LINE
  5
672
330
1B
100
AcDbEntity
  8
B.Cu
  6
CONTINUOUS
100
AcDbLine
 10
5.799789330708662
 20
-3.0545737795275589
 30
0
 11
5.805268740157481
 21
-3.060053188976378
 31
0
  0
LINE
  5
673
330
1B
100
AcDbEntity
  8
B.Cu
  6
CONTINUOUS
100
AcDbLine
 10
5.805268740157481
 20
-3.060053188976378
 30
0
 11
5.805268740157481
 21
-3.0600532283464568
 31
0
  0
LINE
  5
674
330
1B
100
AcDbEntity
  8
B.Cu
  6
CONTINUOUS
100
AcDbLine
 10
5.805268740157481
 20
-3.0600532283464568
 30
0
 11
5.8052688188976385
 21
-3.0600533070866143
 31
0
  0
LINE
  5
675
330
1B
100
AcDbEntity
  8
B.Cu
  6
CONTINUOUS
100
AcDbLine
 10
5.8052688188976385
 20
-3.0600533070866143
 30
0
 11
5.805735551181103
 21
-3.060695708661417
 31
0
  0
LINE
  5
676
330
1B
100
AcDbEntity
  8
B.Cu
  6
CONTINUOUS
100
AcDbLine
 10
5.805735551181103
 20
-3.060695708661417
 30
0
 11
5.80982377952756
 21
-3.0663225984251969
 31
0
  0
LINE
  5
677
330
1B
100
AcDbEntity
  8
B.Cu
  6
CONTINUOUS
100
AcDbLine
 10
5.80982377952756
 20
-3.0663225984251969
 30
0
 11
5.813366732283465
 21
-3.0732761023622048
 31
0
  0
LINE
  5
678
330
1B
100
AcDbEntity
  8
B.Cu
  6
CONTINUOUS
100
AcDbLine
 10
5.813366732283465
 20
-3.0732761023622048
 30
0
 11
5.8152554724409455
 21
-3.0752759448818896
 31
0
  0
LINE
  5
679
330
1B
100
AcDbEntity
  8
B.Cu
  6
CONTINUOUS
100
AcDbLine
 10
5.8152554724409455
 20
-3.0752759448818896
 30
0
 11
5.817925590551182
 21
-3.0759371653543308
 31
0
  0
LINE
  5
67A
330
1B
100
AcDbEntity
  8
B.Cu
  6
CONTINUOUS
100
AcDbLine
 10
5.817925590551182
 20
-3.0759371653543308
 30
0
 11
5.820529330708662
 21
-3.0750498818897638
 31
0
  0
LINE
  5
67B
330
1B
100
AcDbEntity
  8
B.Cu
  6
CONTINUOUS
100
AcDbLine
 10
5.820529330708662
 20
-3.0750498818897638
 30
0
 11
5.822066338582678
 21
-3.0732761023622048
 31
0
  0
LINE
  5
67C
330
1B
100
AcDbEntity
  8
B.Cu
  6
CONTINUOUS
100
AcDbLine
 10
5.822066338582678
 20
-3.0732761023622048
 30
0
 11
5.825609330708662
 21
-3.0663225984251969
 31
0
  0
LINE
  5
67D
330
1B
100
AcDbEntity
  8
B.Cu
  6
CONTINUOUS
100
AcDbLine
 10
5.825609330708662
 20
-3.0663225984251969
 30
0
 11
5.830164251968505
 21
-3.0600533070866143
 31
0
  0
LINE
  5
67E
330
1B
100
AcDbEntity
  8
B.Cu
  6
CONTINUOUS
100
AcDbLine
 10
5.830164251968505
 20
-3.0600533070866143
 30
0
 11
5.835643858267717
 21
-3.0545737007874014
 31
0
  0
LINE
  5
67F
330
1B
100
AcDbEntity
  8
B.Cu
  6
CONTINUOUS
100
AcDbLine
 10
5.835643858267717
 20
-3.0545737007874014
 30
0
 11
5.838778543307087
 21
-3.0522962204724409
 31
0
  0
LINE
  5
680
330
1B
100
AcDbEntity
  8
B.Cu
  6
CONTINUOUS
100
AcDbLine
 10
5.838778543307087
 20
-3.0522962204724409
 30
0
 11
5.841913267716536
 21
-3.0500186614173228
 31
0
  0
LINE
  5
681
330
1B
100
AcDbEntity
  8
B.Cu
  6
CONTINUOUS
100
AcDbLine
 10
5.841913267716536
 20
-3.0500186614173228
 30
0
 11
5.848866653543308
 21
-3.0464757874015747
 31
0
  0
LINE
  5
682
330
1B
100
AcDbEntity
  8
B.Cu
  6
CONTINUOUS
100
AcDbLine
 10
5.848866653543308
 20
-3.0464757874015747
 30
0
 11
5.850866535433071
 21
-3.0445870472440943
 31
0
  0
LINE
  5
683
330
1B
100
AcDbEntity
  8
B.Cu
  6
CONTINUOUS
100
AcDbLine
 10
5.850866535433071
 20
-3.0445870472440943
 30
0
 11
5.851527755905512
 21
-3.0419169291338584
 31
0
  0
LINE
  5
684
330
1B
100
AcDbEntity
  8
B.Cu
  6
CONTINUOUS
100
AcDbLine
 10
5.851527755905512
 20
-3.0419169291338584
 30
0
 11
5.850640472440945
 21
-3.039313188976378
 31
0
  0
LINE
  5
685
330
1B
100
AcDbEntity
  8
B.Cu
  6
CONTINUOUS
100
AcDbLine
 10
5.850640472440945
 20
-3.039313188976378
 30
0
 11
5.848866653543308
 21
-3.037776181102362
 31
0
  0
LINE
  5
686
330
1B
100
AcDbEntity
  8
B.Cu
  6
CONTINUOUS
100
AcDbLine
 10
5.848866653543308
 20
-3.037776181102362
 30
0
 11
5.841913267716536
 21
-3.0342332677165356
 31
0
  0
LINE
  5
687
330
1B
100
AcDbEntity
  8
B.Cu
  6
CONTINUOUS
100
AcDbLine
 10
5.841913267716536
 20
-3.0342332677165356
 30
0
 11
5.841913307086615
 21
-3.0342332677165356
 31
0
  0
LINE
  5
688
330
1B
100
AcDbEntity
  8
B.Cu
  6
CONTINUOUS
100
AcDbLine
 10
5.841913307086615
 20
-3.0342332677165356
 30
0
 11
5.8419131889763785
 21
-3.0342332283464568
 31
0
  0
LINE
  5
689
330
1B
100
AcDbEntity
  8
B.Cu
  6
CONTINUOUS
100
AcDbLine
 10
5.8419131889763785
 20
-3.0342332283464568
 30
0
 11
5.835643858267717
 21
-3.0296782677165353
 31
0
  0
LINE
  5
68A
330
1B
100
AcDbEntity
  8
B.Cu
  6
CONTINUOUS
100
AcDbLine
 10
5.835643858267717
 20
-3.0296782677165353
 30
0
 11
5.830164251968505
 21
-3.0241986614173229
 31
0
  0
LINE
  5
68B
330
1B
100
AcDbEntity
  8
B.Cu
  6
CONTINUOUS
100
AcDbLine
 10
5.830164251968505
 20
-3.0241986614173229
 30
0
 11
5.8256092913385835
 21
-3.0179293307086614
 31
0
  0
LINE
  5
68C
330
1B
100
AcDbEntity
  8
B.Cu
  6
CONTINUOUS
100
AcDbLine
 10
5.8256092913385835
 20
-3.0179293307086614
 30
0
 11
5.822091181102363
 21
-3.0110246062992125
 31
0
  0
LINE
  5
68D
330
1B
100
AcDbEntity
  8
B.Cu
  6
CONTINUOUS
100
AcDbLine
 10
5.822091181102363
 20
-3.0110246062992125
 30
0
 11
5.822066338582678
 21
-3.0109758661417323
 31
0
  0
LINE
  5
68E
330
1B
100
AcDbEntity
  8
B.Cu
  6
CONTINUOUS
100
AcDbLine
 10
5.822066338582678
 20
-3.0109758661417323
 30
0
 11
5.8201775984251976
 21
-3.0089759842519683
 31
0
  0
LINE
  5
68F
330
1B
100
AcDbEntity
  8
B.Cu
  6
CONTINUOUS
100
AcDbLine
 10
5.8201775984251976
 20
-3.0089759842519683
 30
0
 11
5.817507480314961
 21
-3.0083147637795276
 31
0
  0
LINE
  5
690
330
1B
100
AcDbEntity
  8
B.Cu
  6
CONTINUOUS
100
AcDbLine
 10
5.817507480314961
 20
-3.0083147637795276
 30
0
 11
5.81490374015748
 21
-3.0092020472440946
 31
0
  0
LINE
  5
691
330
1B
100
AcDbEntity
  8
B.Cu
  6
CONTINUOUS
100
AcDbLine
 10
6.0149037401574805
 20
-3.0092020472440946
 30
0
 11
6.013366732283465
 21
-3.0109758661417323
 31
0
  0
LINE
  5
692
330
1B
100
AcDbEntity
  8
B.Cu
  6
CONTINUOUS
100
AcDbLine
 10
6.013366732283465
 20
-3.0109758661417323
 30
0
 11
6.009823858267717
 21
-3.0179292519685039
 31
0
  0
LINE
  5
693
330
1B
100
AcDbEntity
  8
B.Cu
  6
CONTINUOUS
100
AcDbLine
 10
6.009823858267717
 20
-3.0179292519685039
 30
0
 11
6.008533858267717
 21
-3.0197047244094488
 31
0
  0
LINE
  5
694
330
1B
100
AcDbEntity
  8
B.Cu
  6
CONTINUOUS
100
AcDbLine
 10
6.008533858267717
 20
-3.0197047244094488
 30
0
 11
6.005268818897639
 21
-3.0241986614173229
 31
0
  0
LINE
  5
695
330
1B
100
AcDbEntity
  8
B.Cu
  6
CONTINUOUS
100
AcDbLine
 10
6.005268818897639
 20
-3.0241986614173229
 30
0
 11
5.999789212598426
 21
-3.0296782677165353
 31
0
  0
LINE
  5
696
330
1B
100
AcDbEntity
  8
B.Cu
  6
CONTINUOUS
100
AcDbLine
 10
5.999789212598426
 20
-3.0296782677165353
 30
0
 11
5.993519881889764
 21
-3.0342332283464568
 31
0
  0
LINE
  5
697
330
1B
100
AcDbEntity
  8
B.Cu
  6
CONTINUOUS
100
AcDbLine
 10
5.993519881889764
 20
-3.0342332283464568
 30
0
 11
5.988661732283465
 21
-3.0367085433070864
 31
0
  0
LINE
  5
698
330
1B
100
AcDbEntity
  8
B.Cu
  6
CONTINUOUS
100
AcDbLine
 10
5.988661732283465
 20
-3.0367085433070864
 30
0
 11
5.986566417322835
 21
-3.037776181102362
 31
0
  0
LINE
  5
699
330
1B
100
AcDbEntity
  8
B.Cu
  6
CONTINUOUS
100
AcDbLine
 10
5.986566417322835
 20
-3.037776181102362
 30
0
 11
5.98456657480315
 21
-3.0396649212598423
 31
0
  0
LINE
  5
69A
330
1B
100
AcDbEntity
  8
B.Cu
  6
CONTINUOUS
100
AcDbLine
 10
5.98456657480315
 20
-3.0396649212598423
 30
0
 11
5.983905354330709
 21
-3.0423350393700788
 31
0
  0
LINE
  5
69B
330
1B
100
AcDbEntity
  8
B.Cu
  6
CONTINUOUS
100
AcDbLine
 10
5.983905354330709
 20
-3.0423350393700788
 30
0
 11
5.984792637795276
 21
-3.0449387795275591
 31
0
  0
LINE
  5
69C
330
1B
100
AcDbEntity
  8
B.Cu
  6
CONTINUOUS
100
AcDbLine
 10
5.984792637795276
 20
-3.0449387795275591
 30
0
 11
5.986566417322835
 21
-3.0464757874015747
 31
0
  0
LINE
  5
69D
330
1B
100
AcDbEntity
  8
B.Cu
  6
CONTINUOUS
100
AcDbLine
 10
5.986566417322835
 20
-3.0464757874015747
 30
0
 11
5.993519921259843
 21
-3.0500187401574803
 31
0
  0
LINE
  5
69E
330
1B
100
AcDbEntity
  8
B.Cu
  6
CONTINUOUS
100
AcDbLine
 10
5.993519921259843
 20
-3.0500187401574803
 30
0
 11
5.999789330708662
 21
-3.0545737795275589
 31
0
  0
LINE
  5
69F
330
1B
100
AcDbEntity
  8
B.Cu
  6
CONTINUOUS
100
AcDbLine
 10
5.999789330708662
 20
-3.0545737795275589
 30
0
 11
6.005268858267717
 21
-3.0600533070866143
 31
0
  0
LINE
  5
6A0
330
1B
100
AcDbEntity
  8
B.Cu
  6
CONTINUOUS
100
AcDbLine
 10
6.005268858267717
 20
-3.0600533070866143
 30
0
 11
6.005735551181103
 21
-3.060695708661417
 31
0
  0
LINE
  5
6A1
330
1B
100
AcDbEntity
  8
B.Cu
  6
CONTINUOUS
100
AcDbLine
 10
6.005735551181103
 20
-3.060695708661417
 30
0
 11
6.0079138976377955
 21
-3.0623754330708661
 31
0
  0
LINE
  5
6A2
330
1B
100
AcDbEntity
  8
B.Cu
  6
CONTINUOUS
100
AcDbLine
 10
6.0079138976377955
 20
-3.0623754330708661
 30
0
 11
6.010654606299213
 21
-3.0626107874015749
 31
0
  0
LINE
  5
6A3
330
1B
100
AcDbEntity
  8
B.Cu
  6
CONTINUOUS
100
AcDbLine
 10
6.010654606299213
 20
-3.0626107874015749
 30
0
 11
6.013087440944882
 21
-3.0613270472440943
 31
0
  0
LINE
  5
6A4
330
1B
100
AcDbEntity
  8
B.Cu
  6
CONTINUOUS
100
AcDbLine
 10
6.013087440944882
 20
-3.0613270472440943
 30
0
 11
6.014440078740158
 21
-3.0589318110236219
 31
0
  0
LINE
  5
6A5
330
1B
100
AcDbEntity
  8
B.Cu
  6
CONTINUOUS
100
AcDbLine
 10
6.014440078740158
 20
-3.0589318110236219
 30
0
 11
6.014566929133859
 21
-3.0578261417322832
 31
0
  0
LINE
  5
6A6
330
1B
100
AcDbEntity
  8
B.Cu
  6
CONTINUOUS
100
AcDbLine
 10
6.014566929133859
 20
-3.0578261417322832
 30
0
 11
6.014566929133859
 21
-3.0567784251968502
 31
0
  0
LINE
  5
6A7
330
1B
100
AcDbEntity
  8
B.Cu
  6
CONTINUOUS
100
AcDbLine
 10
6.014566929133859
 20
-3.0567784251968502
 30
0
 11
6.014566968503938
 21
-3.0567777559055118
 31
0
  0
LINE
  5
6A8
330
1B
100
AcDbEntity
  8
B.Cu
  6
CONTINUOUS
100
AcDbLine
 10
6.014566968503938
 20
-3.0567777559055118
 30
0
 11
6.014818976377954
 21
-3.0544341338582677
 31
0
  0
LINE
  5
6A9
330
1B
100
AcDbEntity
  8
B.Cu
  6
CONTINUOUS
100
AcDbLine
 10
6.014818976377954
 20
-3.0544341338582677
 30
0
 11
6.014819055118111
 21
-3.0544338582677164
 31
0
  0
LINE
  5
6AA
330
1B
100
AcDbEntity
  8
B.Cu
  6
CONTINUOUS
100
AcDbLine
 10
6.014819055118111
 20
-3.0544338582677164
 30
0
 11
6.016797086614174
 21
-3.0491304330708662
 31
0
  0
LINE
  5
6AB
330
1B
100
AcDbEntity
  8
B.Cu
  6
CONTINUOUS
100
AcDbLine
 10
6.016797086614174
 20
-3.0491304330708662
 30
0
 11
6.016797244094489
 21
-3.0491301574803149
 31
0
  0
LINE
  5
6AC
330
1B
100
AcDbEntity
  8
B.Cu
  6
CONTINUOUS
100
AcDbLine
 10
6.016797244094489
 20
-3.0491301574803149
 30
0
 11
6.02018937007874
 21
-3.0445988976377953
 31
0
  0
LINE
  5
6AD
330
1B
100
AcDbEntity
  8
B.Cu
  6
CONTINUOUS
100
AcDbLine
 10
6.02018937007874
 20
-3.0445988976377953
 30
0
 11
6.020189488188977
 21
-3.0445987795275591
 31
0
  0
LINE
  5
6AE
330
1B
100
AcDbEntity
  8
B.Cu
  6
CONTINUOUS
100
AcDbLine
 10
6.020189488188977
 20
-3.0445987795275591
 30
0
 11
6.024720748031497
 21
-3.0412066535433069
 31
0
  0
LINE
  5
6AF
330
1B
100
AcDbEntity
  8
B.Cu
  6
CONTINUOUS
100
AcDbLine
 10
6.024720748031497
 20
-3.0412066535433069
 30
0
 11
6.024721023622048
 21
-3.0412064960629919
 31
0
  0
LINE
  5
6B0
330
1B
100
AcDbEntity
  8
B.Cu
  6
CONTINUOUS
100
AcDbLine
 10
6.024721023622048
 20
-3.0412064960629919
 30
0
 11
6.0300244488188985
 21
-3.039228464566929
 31
0
  0
LINE
  5
6B1
330
1B
100
AcDbEntity
  8
B.Cu
  6
CONTINUOUS
100
AcDbLine
 10
6.0300244488188985
 20
-3.039228464566929
 30
0
 11
6.030024724409449
 21
-3.0392283858267715
 31
0
  0
LINE
  5
6B2
330
1B
100
AcDbEntity
  8
B.Cu
  6
CONTINUOUS
100
AcDbLine
 10
6.030024724409449
 20
-3.0392283858267715
 30
0
 11
6.0323683464566935
 21
-3.0389763779527557
 31
0
  0
LINE
  5
6B3
330
1B
100
AcDbEntity
  8
B.Cu
  6
CONTINUOUS
100
AcDbLine
 10
6.0323683464566935
 20
-3.0389763779527557
 30
0
 11
6.033416692913386
 21
-3.0389763779527557
 31
0
  0
LINE
  5
6B4
330
1B
100
AcDbEntity
  8
B.Cu
  6
CONTINUOUS
100
AcDbLine
 10
6.033416692913386
 20
-3.0389763779527557
 30
0
 11
6.036056023622048
 21
-3.0382013779527557
 31
0
  0
LINE
  5
6B5
330
1B
100
AcDbEntity
  8
B.Cu
  6
CONTINUOUS
100
AcDbLine
 10
6.036056023622048
 20
-3.0382013779527557
 30
0
 11
6.037857401574803
 21
-3.0361224803149605
 31
0
  0
LINE
  5
6B6
330
1B
100
AcDbEntity
  8
B.Cu
  6
CONTINUOUS
100
AcDbLine
 10
6.037857401574803
 20
-3.0361224803149605
 30
0
 11
6.0382488976377955
 21
-3.0333997244094486
 31
0
  0
LINE
  5
6B7
330
1B
100
AcDbEntity
  8
B.Cu
  6
CONTINUOUS
100
AcDbLine
 10
6.0382488976377955
 20
-3.0333997244094486
 30
0
 11
6.037106181102363
 21
-3.0308975196850394
 31
0
  0
LINE
  5
6B8
330
1B
100
AcDbEntity
  8
B.Cu
  6
CONTINUOUS
100
AcDbLine
 10
6.037106181102363
 20
-3.0308975196850394
 30
0
 11
6.03628625984252
 21
-3.0301450000000001
 31
0
  0
LINE
  5
6B9
330
1B
100
AcDbEntity
  8
B.Cu
  6
CONTINUOUS
100
AcDbLine
 10
6.03628625984252
 20
-3.0301450000000001
 30
0
 11
6.035643858267717
 21
-3.0296782677165353
 31
0
  0
LINE
  5
6BA
330
1B
100
AcDbEntity
  8
B.Cu
  6
CONTINUOUS
100
AcDbLine
 10
6.035643858267717
 20
-3.0296782677165353
 30
0
 11
6.030164251968505
 21
-3.0241986614173229
 31
0
  0
LINE
  5
6BB
330
1B
100
AcDbEntity
  8
B.Cu
  6
CONTINUOUS
100
AcDbLine
 10
6.030164251968505
 20
-3.0241986614173229
 30
0
 11
6.025609291338583
 21
-3.0179293307086614
 31
0
  0
LINE
  5
6BC
330
1B
100
AcDbEntity
  8
B.Cu
  6
CONTINUOUS
100
AcDbLine
 10
6.025609291338583
 20
-3.0179293307086614
 30
0
 11
6.022091181102363
 21
-3.0110246062992125
 31
0
  0
LINE
  5
6BD
330
1B
100
AcDbEntity
  8
B.Cu
  6
CONTINUOUS
100
AcDbLine
 10
6.022091181102363
 20
-3.0110246062992125
 30
0
 11
6.022066338582678
 21
-3.0109758661417323
 31
0
  0
LINE
  5
6BE
330
1B
100
AcDbEntity
  8
B.Cu
  6
CONTINUOUS
100
AcDbLine
 10
6.022066338582678
 20
-3.0109758661417323
 30
0
 11
6.020177598425198
 21
-3.0089759842519683
 31
0
  0
LINE
  5
6BF
330
1B
100
AcDbEntity
  8
B.Cu
  6
CONTINUOUS
100
AcDbLine
 10
6.020177598425198
 20
-3.0089759842519683
 30
0
 11
6.017507480314961
 21
-3.0083147637795276
 31
0
  0
LINE
  5
6C0
330
1B
100
AcDbEntity
  8
B.Cu
  6
CONTINUOUS
100
AcDbLine
 10
6.017507480314961
 20
-3.0083147637795276
 30
0
 11
6.0149037401574805
 21
-3.0092020472440946
 31
0
  0
LINE
  5
6C1
330
1B
100
AcDbEntity
  8
B.Cu
  6
CONTINUOUS
100
AcDbLine
 10
6.417322834645669
 20
-4.7440944881889759
 30
0
 11
6.44488188976378
 21
-4.7440944881889759
 31
0
  0
LINE
  5
6C2
330
1B
100
AcDbEntity
  8
B.Cu
  6
CONTINUOUS
100
AcDbLine
 10
6.44488188976378
 20
-4.7440944881889759
 30
0
 11
6.44488188976378
 21
-4.778572283464567
 31
0
  0
LINE
  5
6C3
330
1B
100
AcDbEntity
  8
B.Cu
  6
CONTINUOUS
100
AcDbLine
 10
6.44488188976378
 20
-4.778572283464567
 30
0
 11
6.412430551181103
 21
-4.8110236220472435
 31
0
  0
LINE
  5
6C4
330
1B
100
AcDbEntity
  8
B.Cu
  6
CONTINUOUS
100
AcDbLine
 10
6.412430551181103
 20
-4.8110236220472435
 30
0
 11
6.22536472440945
 21
-4.8110236220472435
 31
0
  0
LINE
  5
6C5
330
1B
100
AcDbEntity
  8
B.Cu
  6
CONTINUOUS
100
AcDbLine
 10
6.22536472440945
 20
-4.8110236220472435
 30
0
 11
6.192913385826772
 21
-4.778572283464567
 31
0
  0
LINE
  5
6C6
330
1B
100
AcDbEntity
  8
B.Cu
  6
CONTINUOUS
100
AcDbLine
 10
6.192913385826772
 20
-4.778572283464567
 30
0
 11
6.192913385826772
 21
-4.7358794488188973
 31
0
  0
LINE
  5
6C7
330
1B
100
AcDbEntity
  8
B.Cu
  6
CONTINUOUS
100
AcDbLine
 10
6.192913385826772
 20
-4.7358794488188973
 30
0
 11
6.196877440944882
 21
-4.7342375196850393
 31
0
  0
LINE
  5
6C8
330
1B
100
AcDbEntity
  8
B.Cu
  6
CONTINUOUS
100
AcDbLine
 10
6.196877440944882
 20
-4.7342375196850393
 30
0
 11
6.202332047244095
 21
-4.7305928740157484
 31
0
  0
LINE
  5
6C9
330
1B
100
AcDbEntity
  8
B.Cu
  6
CONTINUOUS
100
AcDbLine
 10
6.202332047244095
 20
-4.7305928740157484
 30
0
 11
6.206970826771654
 21
-4.7259540944881886
 31
0
  0
LINE
  5
6CA
330
1B
100
AcDbEntity
  8
B.Cu
  6
CONTINUOUS
100
AcDbLine
 10
6.206970826771654
 20
-4.7259540944881886
 30
0
 11
6.210615472440946
 21
-4.7204994881889766
 31
0
  0
LINE
  5
6CB
330
1B
100
AcDbEntity
  8
B.Cu
  6
CONTINUOUS
100
AcDbLine
 10
6.210615472440946
 20
-4.7204994881889766
 30
0
 11
6.21312594488189
 21
-4.714438661417323
 31
0
  0
LINE
  5
6CC
330
1B
100
AcDbEntity
  8
B.Cu
  6
CONTINUOUS
100
AcDbLine
 10
6.21312594488189
 20
-4.714438661417323
 30
0
 11
6.214405787401575
 21
-4.708004527559055
 31
0
  0
LINE
  5
6CD
330
1B
100
AcDbEntity
  8
B.Cu
  6
CONTINUOUS
100
AcDbLine
 10
6.214405787401575
 20
-4.708004527559055
 30
0
 11
6.214405787401575
 21
-4.701444291338583
 31
0
  0
LINE
  5
6CE
330
1B
100
AcDbEntity
  8
B.Cu
  6
CONTINUOUS
100
AcDbLine
 10
6.214405787401575
 20
-4.701444291338583
 30
0
 11
6.21312594488189
 21
-4.6950101574803149
 31
0
  0
LINE
  5
6CF
330
1B
100
AcDbEntity
  8
B.Cu
  6
CONTINUOUS
100
AcDbLine
 10
6.21312594488189
 20
-4.6950101574803149
 30
0
 11
6.210615472440946
 21
-4.6889493307086614
 31
0
  0
LINE
  5
6D0
330
1B
100
AcDbEntity
  8
B.Cu
  6
CONTINUOUS
100
AcDbLine
 10
6.210615472440946
 20
-4.6889493307086614
 30
0
 11
6.206970826771654
 21
-4.6834947244094485
 31
0
  0
LINE
  5
6D1
330
1B
100
AcDbEntity
  8
B.Cu
  6
CONTINUOUS
100
AcDbLine
 10
6.206970826771654
 20
-4.6834947244094485
 30
0
 11
6.202332047244095
 21
-4.6788559448818896
 31
0
  0
LINE
  5
6D2
330
1B
100
AcDbEntity
  8
B.Cu
  6
CONTINUOUS
100
AcDbLine
 10
6.202332047244095
 20
-4.6788559448818896
 30
0
 11
6.196877440944882
 21
-4.6752112992125987
 31
0
  0
LINE
  5
6D3
330
1B
100
AcDbEntity
  8
B.Cu
  6
CONTINUOUS
100
AcDbLine
 10
6.196877440944882
 20
-4.6752112992125987
 30
0
 11
6.190816614173229
 21
-4.6727008267716537
 31
0
  0
LINE
  5
6D4
330
1B
100
AcDbEntity
  8
B.Cu
  6
CONTINUOUS
100
AcDbLine
 10
6.190816614173229
 20
-4.6727008267716537
 30
0
 11
6.184382480314961
 21
-4.6714209842519683
 31
0
  0
LINE
  5
6D5
330
1B
100
AcDbEntity
  8
B.Cu
  6
CONTINUOUS
100
AcDbLine
 10
6.184382480314961
 20
-4.6714209842519683
 30
0
 11
6.1778222440944885
 21
-4.6714209842519683
 31
0
  0
LINE
  5
6D6
330
1B
100
AcDbEntity
  8
B.Cu
  6
CONTINUOUS
100
AcDbLine
 10
6.1778222440944885
 20
-4.6714209842519683
 30
0
 11
6.171388110236221
 21
-4.6727008267716537
 31
0
  0
LINE
  5
6D7
330
1B
100
AcDbEntity
  8
B.Cu
  6
CONTINUOUS
100
AcDbLine
 10
6.171388110236221
 20
-4.6727008267716537
 30
0
 11
6.165327283464568
 21
-4.6752112992125987
 31
0
  0
LINE
  5
6D8
330
1B
100
AcDbEntity
  8
B.Cu
  6
CONTINUOUS
100
AcDbLine
 10
6.165327283464568
 20
-4.6752112992125987
 30
0
 11
6.159872677165355
 21
-4.6788559448818896
 31
0
  0
LINE
  5
6D9
330
1B
100
AcDbEntity
  8
B.Cu
  6
CONTINUOUS
100
AcDbLine
 10
6.159872677165355
 20
-4.6788559448818896
 30
0
 11
6.155233897637796
 21
-4.6834947244094485
 31
0
  0
LINE
  5
6DA
330
1B
100
AcDbEntity
  8
B.Cu
  6
CONTINUOUS
100
AcDbLine
 10
6.155233897637796
 20
-4.6834947244094485
 30
0
 11
6.151589251968504
 21
-4.6889493307086614
 31
0
  0
LINE
  5
6DB
330
1B
100
AcDbEntity
  8
B.Cu
  6
CONTINUOUS
100
AcDbLine
 10
6.151589251968504
 20
-4.6889493307086614
 30
0
 11
6.149078779527559
 21
-4.6950101574803149
 31
0
  0
LINE
  5
6DC
330
1B
100
AcDbEntity
  8
B.Cu
  6
CONTINUOUS
100
AcDbLine
 10
6.149078779527559
 20
-4.6950101574803149
 30
0
 11
6.147798937007875
 21
-4.701444291338583
 31
0
  0
LINE
  5
6DD
330
1B
100
AcDbEntity
  8
B.Cu
  6
CONTINUOUS
100
AcDbLine
 10
6.147798937007875
 20
-4.701444291338583
 30
0
 11
6.147798937007875
 21
-4.708004527559055
 31
0
  0
LINE
  5
6DE
330
1B
100
AcDbEntity
  8
B.Cu
  6
CONTINUOUS
100
AcDbLine
 10
6.147798937007875
 20
-4.708004527559055
 30
0
 11
6.149078779527559
 21
-4.714438661417323
 31
0
  0
LINE
  5
6DF
330
1B
100
AcDbEntity
  8
B.Cu
  6
CONTINUOUS
100
AcDbLine
 10
6.149078779527559
 20
-4.714438661417323
 30
0
 11
6.151589251968504
 21
-4.7204994881889766
 31
0
  0
LINE
  5
6E0
330
1B
100
AcDbEntity
  8
B.Cu
  6
CONTINUOUS
100
AcDbLine
 10
6.151589251968504
 20
-4.7204994881889766
 30
0
 11
6.155233897637796
 21
-4.7259540944881886
 31
0
  0
LINE
  5
6E1
330
1B
100
AcDbEntity
  8
B.Cu
  6
CONTINUOUS
100
AcDbLine
 10
6.155233897637796
 20
-4.7259540944881886
 30
0
 11
6.159872677165355
 21
-4.7305928740157484
 31
0
  0
LINE
  5
6E2
330
1B
100
AcDbEntity
  8
B.Cu
  6
CONTINUOUS
100
AcDbLine
 10
6.159872677165355
 20
-4.7305928740157484
 30
0
 11
6.165327283464568
 21
-4.7342375196850393
 31
0
  0
LINE
  5
6E3
330
1B
100
AcDbEntity
  8
B.Cu
  6
CONTINUOUS
100
AcDbLine
 10
6.165327283464568
 20
-4.7342375196850393
 30
0
 11
6.169291338582678
 21
-4.7358794488188973
 31
0
  0
LINE
  5
6E4
330
1B
100
AcDbEntity
  8
B.Cu
  6
CONTINUOUS
100
AcDbLine
 10
6.169291338582678
 20
-4.7358794488188973
 30
0
 11
6.169291338582678
 21
-4.7834645669291334
 31
0
  0
LINE
  5
6E5
330
1B
100
AcDbEntity
  8
B.Cu
  6
CONTINUOUS
100
AcDbLine
 10
6.169291338582678
 20
-4.7834645669291334
 30
0
 11
6.169392401574804
 21
-4.7850062204724404
 31
0
  0
LINE
  5
6E6
330
1B
100
AcDbEntity
  8
B.Cu
  6
CONTINUOUS
100
AcDbLine
 10
6.169392401574804
 20
-4.7850062204724404
 30
0
 11
6.170190393700788
 21
-4.7879844488188974
 31
0
  0
LINE
  5
6E7
330
1B
100
AcDbEntity
  8
B.Cu
  6
CONTINUOUS
100
AcDbLine
 10
6.170190393700788
 20
-4.7879844488188974
 30
0
 11
6.171732047244095
 21
-4.7906546456692913
 31
0
  0
LINE
  5
6E8
330
1B
100
AcDbEntity
  8
B.Cu
  6
CONTINUOUS
100
AcDbLine
 10
6.171732047244095
 20
-4.7906546456692913
 30
0
 11
6.172750708661418
 21
-4.791816220472441
 31
0
  0
LINE
  5
6E9
330
1B
100
AcDbEntity
  8
B.Cu
  6
CONTINUOUS
100
AcDbLine
 10
6.172750708661418
 20
-4.791816220472441
 30
0
 11
6.212120787401576
 21
-4.8311862992125985
 31
0
  0
LINE
  5
6EA
330
1B
100
AcDbEntity
  8
B.Cu
  6
CONTINUOUS
100
AcDbLine
 10
6.212120787401576
 20
-4.8311862992125985
 30
0
 11
6.213282362204725
 21
-4.8322049606299213
 31
0
  0
LINE
  5
6EB
330
1B
100
AcDbEntity
  8
B.Cu
  6
CONTINUOUS
100
AcDbLine
 10
6.213282362204725
 20
-4.8322049606299213
 30
0
 11
6.215952559055118
 21
-4.8337466141732284
 31
0
  0
LINE
  5
6EC
330
1B
100
AcDbEntity
  8
B.Cu
  6
CONTINUOUS
100
AcDbLine
 10
6.215952559055118
 20
-4.8337466141732284
 30
0
 11
6.218930787401575
 21
-4.8345446062992128
 31
0
  0
LINE
  5
6ED
330
1B
100
AcDbEntity
  8
B.Cu
  6
CONTINUOUS
100
AcDbLine
 10
6.218930787401575
 20
-4.8345446062992128
 30
0
 11
6.220472440944882
 21
-4.8346456692913389
 31
0
  0
LINE
  5
6EE
330
1B
100
AcDbEntity
  8
B.Cu
  6
CONTINUOUS
100
AcDbLine
 10
6.220472440944882
 20
-4.8346456692913389
 30
0
 11
6.417322834645669
 21
-4.8346456692913389
 31
0
  0
LINE
  5
6EF
330
1B
100
AcDbEntity
  8
B.Cu
  6
CONTINUOUS
100
AcDbLine
 10
6.417322834645669
 20
-4.8346456692913389
 30
0
 11
6.4188644881889765
 21
-4.8345446062992128
 31
0
  0
LINE
  5
6F0
330
1B
100
AcDbEntity
  8
B.Cu
  6
CONTINUOUS
100
AcDbLine
 10
6.4188644881889765
 20
-4.8345446062992128
 30
0
 11
6.4218427165354335
 21
-4.8337466141732284
 31
0
  0
LINE
  5
6F1
330
1B
100
AcDbEntity
  8
B.Cu
  6
CONTINUOUS
100
AcDbLine
 10
6.4218427165354335
 20
-4.8337466141732284
 30
0
 11
6.424512913385827
 21
-4.8322049606299213
 31
0
  0
LINE
  5
6F2
330
1B
100
AcDbEntity
  8
B.Cu
  6
CONTINUOUS
100
AcDbLine
 10
6.424512913385827
 20
-4.8322049606299213
 30
0
 11
6.425674488188977
 21
-4.8311862992125985
 31
0
  0
LINE
  5
6F3
330
1B
100
AcDbEntity
  8
B.Cu
  6
CONTINUOUS
100
AcDbLine
 10
6.425674488188977
 20
-4.8311862992125985
 30
0
 11
6.4650445669291345
 21
-4.791816220472441
 31
0
  0
LINE
  5
6F4
330
1B
100
AcDbEntity
  8
B.Cu
  6
CONTINUOUS
100
AcDbLine
 10
6.4650445669291345
 20
-4.791816220472441
 30
0
 11
6.466063228346457
 21
-4.7906546456692913
 31
0
  0
LINE
  5
6F5
330
1B
100
AcDbEntity
  8
B.Cu
  6
CONTINUOUS
100
AcDbLine
 10
6.466063228346457
 20
-4.7906546456692913
 30
0
 11
6.4676048818897645
 21
-4.7879844488188974
 31
0
  0
LINE
  5
6F6
330
1B
100
AcDbEntity
  8
B.Cu
  6
CONTINUOUS
100
AcDbLine
 10
6.4676048818897645
 20
-4.7879844488188974
 30
0
 11
6.468402874015749
 21
-4.7850062204724404
 31
0
  0
LINE
  5
6F7
330
1B
100
AcDbEntity
  8
B.Cu
  6
CONTINUOUS
100
AcDbLine
 10
6.468402874015749
 20
-4.7850062204724404
 30
0
 11
6.468503937007874
 21
-4.7834645669291334
 31
0
  0
LINE
  5
6F8
330
1B
100
AcDbEntity
  8
B.Cu
  6
CONTINUOUS
100
AcDbLine
 10
6.468503937007874
 20
-4.7834645669291334
 30
0
 11
6.468503937007874
 21
-4.7440944881889759
 31
0
  0
LINE
  5
6F9
330
1B
100
AcDbEntity
  8
B.Cu
  6
CONTINUOUS
100
AcDbLine
 10
6.468503937007874
 20
-4.7440944881889759
 30
0
 11
6.496062992125985
 21
-4.7440944881889759
 31
0
  0
LINE
  5
6FA
330
1B
100
AcDbEntity
  8
B.Cu
  6
CONTINUOUS
100
AcDbLine
 10
6.496062992125985
 20
-4.7440944881889759
 30
0
 11
6.496062992125985
 21
-4.6653543307086611
 31
0
  0
LINE
  5
6FB
330
1B
100
AcDbEntity
  8
B.Cu
  6
CONTINUOUS
100
AcDbLine
 10
6.496062992125985
 20
-4.6653543307086611
 30
0
 11
6.417322834645669
 21
-4.6653543307086611
 31
0
  0
LINE
  5
6FC
330
1B
100
AcDbEntity
  8
B.Cu
  6
CONTINUOUS
100
AcDbLine
 10
6.417322834645669
 20
-4.6653543307086611
 30
0
 11
6.417322834645669
 21
-4.7440944881889759
 31
0
  0
LINE
  5
6FD
330
1B
100
AcDbEntity
  8
B.Cu
  6
CONTINUOUS
100
AcDbLine
 10
5.846924015748032
 20
-4.3371412992125986
 30
0
 11
5.84185062992126
 21
-4.3400704330708662
 31
0
  0
LINE
  5
6FE
330
1B
100
AcDbEntity
  8
B.Cu
  6
CONTINUOUS
100
AcDbLine
 10
5.84185062992126
 20
-4.3400704330708662
 30
0
 11
5.837708228346457
 21
-4.3442128346456688
 31
0
  0
LINE
  5
6FF
330
1B
100
AcDbEntity
  8
B.Cu
  6
CONTINUOUS
100
AcDbLine
 10
5.837708228346457
 20
-4.3442128346456688
 30
0
 11
5.83477909448819
 21
-4.3492862204724405
 31
0
  0
LINE
  5
700
330
1B
100
AcDbEntity
  8
B.Cu
  6
CONTINUOUS
100
AcDbLine
 10
5.83477909448819
 20
-4.3492862204724405
 30
0
 11
5.833262834645669
 21
-4.3549448818897636
 31
0
  0
LINE
  5
701
330
1B
100
AcDbEntity
  8
B.Cu
  6
CONTINUOUS
100
AcDbLine
 10
5.833262834645669
 20
-4.3549448818897636
 30
0
 11
5.833070866141733
 21
-4.3578740157480311
 31
0
  0
LINE
  5
702
330
1B
100
AcDbEntity
  8
B.Cu
  6
CONTINUOUS
100
AcDbLine
 10
5.833070866141733
 20
-4.3578740157480311
 30
0
 11
5.833070866141733
 21
-4.3917322834645667
 31
0
  0
LINE
  5
703
330
1B
100
AcDbEntity
  8
B.Cu
  6
CONTINUOUS
100
AcDbLine
 10
5.833070866141733
 20
-4.3917322834645667
 30
0
 11
5.833262834645669
 21
-4.3946614173228342
 31
0
  0
LINE
  5
704
330
1B
100
AcDbEntity
  8
B.Cu
  6
CONTINUOUS
100
AcDbLine
 10
5.833262834645669
 20
-4.3946614173228342
 30
0
 11
5.83477909448819
 21
-4.4003200787401573
 31
0
  0
LINE
  5
705
330
1B
100
AcDbEntity
  8
B.Cu
  6
CONTINUOUS
100
AcDbLine
 10
5.83477909448819
 20
-4.4003200787401573
 30
0
 11
5.837708228346457
 21
-4.405393464566929
 31
0
  0
LINE
  5
706
330
1B
100
AcDbEntity
  8
B.Cu
  6
CONTINUOUS
100
AcDbLine
 10
5.837708228346457
 20
-4.405393464566929
 30
0
 11
5.84185062992126
 21
-4.4095358661417325
 31
0
  0
LINE
  5
707
330
1B
100
AcDbEntity
  8
B.Cu
  6
CONTINUOUS
100
AcDbLine
 10
5.84185062992126
 20
-4.4095358661417325
 30
0
 11
5.843700787401575
 21
-4.4106040551181103
 31
0
  0
LINE
  5
708
330
1B
100
AcDbEntity
  8
B.Cu
  6
CONTINUOUS
100
AcDbLine
 10
5.843700787401575
 20
-4.4106040551181103
 30
0
 11
5.843700787401575
 21
-4.7334645669291335
 31
0
  0
LINE
  5
709
330
1B
100
AcDbEntity
  8
B.Cu
  6
CONTINUOUS
100
AcDbLine
 10
5.843700787401575
 20
-4.7334645669291335
 30
0
 11
5.843801850393701
 21
-4.7350062204724406
 31
0
  0
LINE
  5
70A
330
1B
100
AcDbEntity
  8
B.Cu
  6
CONTINUOUS
100
AcDbLine
 10
5.843801850393701
 20
-4.7350062204724406
 30
0
 11
5.844599842519686
 21
-4.7379844488188976
 31
0
  0
LINE
  5
70B
330
1B
100
AcDbEntity
  8
B.Cu
  6
CONTINUOUS
100
AcDbLine
 10
5.844599842519686
 20
-4.7379844488188976
 30
0
 11
5.846141496062993
 21
-4.7406546456692915
 31
0
  0
LINE
  5
70C
330
1B
100
AcDbEntity
  8
B.Cu
  6
CONTINUOUS
100
AcDbLine
 10
5.846141496062993
 20
-4.7406546456692915
 30
0
 11
5.847160157480316
 21
-4.7418162204724412
 31
0
  0
LINE
  5
70D
330
1B
100
AcDbEntity
  8
B.Cu
  6
CONTINUOUS
100
AcDbLine
 10
5.847160157480316
 20
-4.7418162204724412
 30
0
 11
5.916845196850394
 21
-4.8115012598425198
 31
0
  0
LINE
  5
70E
330
1B
100
AcDbEntity
  8
B.Cu
  6
CONTINUOUS
100
AcDbLine
 10
5.916845196850394
 20
-4.8115012598425198
 30
0
 11
5.918006771653544
 21
-4.8125199212598426
 31
0
  0
LINE
  5
70F
330
1B
100
AcDbEntity
  8
B.Cu
  6
CONTINUOUS
100
AcDbLine
 10
5.918006771653544
 20
-4.8125199212598426
 30
0
 11
5.920676968503938
 21
-4.8140615748031497
 31
0
  0
LINE
  5
710
330
1B
100
AcDbEntity
  8
B.Cu
  6
CONTINUOUS
100
AcDbLine
 10
5.920676968503938
 20
-4.8140615748031497
 30
0
 11
5.923655196850394
 21
-4.8148595669291341
 31
0
  0
LINE
  5
711
330
1B
100
AcDbEntity
  8
B.Cu
  6
CONTINUOUS
100
AcDbLine
 10
5.923655196850394
 20
-4.8148595669291341
 30
0
 11
5.925196850393701
 21
-4.8149606299212602
 31
0
  0
LINE
  5
712
330
1B
100
AcDbEntity
  8
B.Cu
  6
CONTINUOUS
100
AcDbLine
 10
5.925196850393701
 20
-4.8149606299212602
 30
0
 11
6.062992125984253
 21
-4.8149606299212602
 31
0
  0
LINE
  5
713
330
1B
100
AcDbEntity
  8
B.Cu
  6
CONTINUOUS
100
AcDbLine
 10
6.062992125984253
 20
-4.8149606299212602
 30
0
 11
6.06453377952756
 21
-4.8148595669291341
 31
0
  0
LINE
  5
714
330
1B
100
AcDbEntity
  8
B.Cu
  6
CONTINUOUS
100
AcDbLine
 10
6.06453377952756
 20
-4.8148595669291341
 30
0
 11
6.067512007874016
 21
-4.8140615748031497
 31
0
  0
LINE
  5
715
330
1B
100
AcDbEntity
  8
B.Cu
  6
CONTINUOUS
100
AcDbLine
 10
6.067512007874016
 20
-4.8140615748031497
 30
0
 11
6.07018220472441
 21
-4.8125199212598426
 31
0
  0
LINE
  5
716
330
1B
100
AcDbEntity
  8
B.Cu
  6
CONTINUOUS
100
AcDbLine
 10
6.07018220472441
 20
-4.8125199212598426
 30
0
 11
6.0713437795275595
 21
-4.8115012598425198
 31
0
  0
LINE
  5
717
330
1B
100
AcDbEntity
  8
B.Cu
  6
CONTINUOUS
100
AcDbLine
 10
6.0713437795275595
 20
-4.8115012598425198
 30
0
 11
6.089454015748032
 21
-4.7933910236220472
 31
0
  0
LINE
  5
718
330
1B
100
AcDbEntity
  8
B.Cu
  6
CONTINUOUS
100
AcDbLine
 10
6.089454015748032
 20
-4.7933910236220472
 30
0
 11
6.090472677165355
 21
-4.7922294488188975
 31
0
  0
LINE
  5
719
330
1B
100
AcDbEntity
  8
B.Cu
  6
CONTINUOUS
100
AcDbLine
 10
6.090472677165355
 20
-4.7922294488188975
 30
0
 11
6.092014330708662
 21
-4.7895592519685035
 31
0
  0
LINE
  5
71A
330
1B
100
AcDbEntity
  8
B.Cu
  6
CONTINUOUS
100
AcDbLine
 10
6.092014330708662
 20
-4.7895592519685035
 30
0
 11
6.0928123228346465
 21
-4.7865810236220474
 31
0
  0
LINE
  5
71B
330
1B
100
AcDbEntity
  8
B.Cu
  6
CONTINUOUS
100
AcDbLine
 10
6.0928123228346465
 20
-4.7865810236220474
 30
0
 11
6.0929133858267726
 21
-4.7850393700787404
 31
0
  0
LINE
  5
71C
330
1B
100
AcDbEntity
  8
B.Cu
  6
CONTINUOUS
100
AcDbLine
 10
6.0929133858267726
 20
-4.7850393700787404
 30
0
 11
6.0929133858267726
 21
-4.7358794488188973
 31
0
  0
LINE
  5
71D
330
1B
100
AcDbEntity
  8
B.Cu
  6
CONTINUOUS
100
AcDbLine
 10
6.0929133858267726
 20
-4.7358794488188973
 30
0
 11
6.0968774409448825
 21
-4.7342375196850393
 31
0
  0
LINE
  5
71E
330
1B
100
AcDbEntity
  8
B.Cu
  6
CONTINUOUS
100
AcDbLine
 10
6.0968774409448825
 20
-4.7342375196850393
 30
0
 11
6.102332047244095
 21
-4.7305928740157484
 31
0
  0
LINE
  5
71F
330
1B
100
AcDbEntity
  8
B.Cu
  6
CONTINUOUS
100
AcDbLine
 10
6.102332047244095
 20
-4.7305928740157484
 30
0
 11
6.106970826771654
 21
-4.7259540944881886
 31
0
  0
LINE
  5
720
330
1B
100
AcDbEntity
  8
B.Cu
  6
CONTINUOUS
100
AcDbLine
 10
6.106970826771654
 20
-4.7259540944881886
 30
0
 11
6.110615472440945
 21
-4.7204994881889766
 31
0
  0
LINE
  5
721
330
1B
100
AcDbEntity
  8
B.Cu
  6
CONTINUOUS
100
AcDbLine
 10
6.110615472440945
 20
-4.7204994881889766
 30
0
 11
6.11312594488189
 21
-4.714438661417323
 31
0
  0
LINE
  5
722
330
1B
100
AcDbEntity
  8
B.Cu
  6
CONTINUOUS
100
AcDbLine
 10
6.11312594488189
 20
-4.714438661417323
 30
0
 11
6.114405787401576
 21
-4.708004527559055
 31
0
  0
LINE
  5
723
330
1B
100
AcDbEntity
  8
B.Cu
  6
CONTINUOUS
100
AcDbLine
 10
6.114405787401576
 20
-4.708004527559055
 30
0
 11
6.114405787401576
 21
-4.701444291338583
 31
0
  0
LINE
  5
724
330
1B
100
AcDbEntity
  8
B.Cu
  6
CONTINUOUS
100
AcDbLine
 10
6.114405787401576
 20
-4.701444291338583
 30
0
 11
6.11312594488189
 21
-4.6950101574803149
 31
0
  0
LINE
  5
725
330
1B
100
AcDbEntity
  8
B.Cu
  6
CONTINUOUS
100
AcDbLine
 10
6.11312594488189
 20
-4.6950101574803149
 30
0
 11
6.110615472440945
 21
-4.6889493307086614
 31
0
  0
LINE
  5
726
330
1B
100
AcDbEntity
  8
B.Cu
  6
CONTINUOUS
100
AcDbLine
 10
6.110615472440945
 20
-4.6889493307086614
 30
0
 11
6.106970826771654
 21
-4.6834947244094485
 31
0
  0
LINE
  5
727
330
1B
100
AcDbEntity
  8
B.Cu
  6
CONTINUOUS
100
AcDbLine
 10
6.106970826771654
 20
-4.6834947244094485
 30
0
 11
6.102332047244095
 21
-4.6788559448818896
 31
0
  0
LINE
  5
728
330
1B
100
AcDbEntity
  8
B.Cu
  6
CONTINUOUS
100
AcDbLine
 10
6.102332047244095
 20
-4.6788559448818896
 30
0
 11
6.0968774409448825
 21
-4.6752112992125987
 31
0
  0
LINE
  5
729
330
1B
100
AcDbEntity
  8
B.Cu
  6
CONTINUOUS
100
AcDbLine
 10
6.0968774409448825
 20
-4.6752112992125987
 30
0
 11
6.090816614173229
 21
-4.6727008267716537
 31
0
  0
LINE
  5
72A
330
1B
100
AcDbEntity
  8
B.Cu
  6
CONTINUOUS
100
AcDbLine
 10
6.090816614173229
 20
-4.6727008267716537
 30
0
 11
6.084382480314961
 21
-4.6714209842519683
 31
0
  0
LINE
  5
72B
330
1B
100
AcDbEntity
  8
B.Cu
  6
CONTINUOUS
100
AcDbLine
 10
6.084382480314961
 20
-4.6714209842519683
 30
0
 11
6.077822244094489
 21
-4.6714209842519683
 31
0
  0
LINE
  5
72C
330
1B
100
AcDbEntity
  8
B.Cu
  6
CONTINUOUS
100
AcDbLine
 10
6.077822244094489
 20
-4.6714209842519683
 30
0
 11
6.071388110236221
 21
-4.6727008267716537
 31
0
  0
LINE
  5
72D
330
1B
100
AcDbEntity
  8
B.Cu
  6
CONTINUOUS
100
AcDbLine
 10
6.071388110236221
 20
-4.6727008267716537
 30
0
 11
6.065327283464567
 21
-4.6752112992125987
 31
0
  0
LINE
  5
72E
330
1B
100
AcDbEntity
  8
B.Cu
  6
CONTINUOUS
100
AcDbLine
 10
6.065327283464567
 20
-4.6752112992125987
 30
0
 11
6.059872677165354
 21
-4.6788559448818896
 31
0
  0
LINE
  5
72F
330
1B
100
AcDbEntity
  8
B.Cu
  6
CONTINUOUS
100
AcDbLine
 10
6.059872677165354
 20
-4.6788559448818896
 30
0
 11
6.0552338976377955
 21
-4.6834947244094485
 31
0
  0
LINE
  5
730
330
1B
100
AcDbEntity
  8
B.Cu
  6
CONTINUOUS
100
AcDbLine
 10
6.0552338976377955
 20
-4.6834947244094485
 30
0
 11
6.051589251968505
 21
-4.6889493307086614
 31
0
  0
LINE
  5
731
330
1B
100
AcDbEntity
  8
B.Cu
  6
CONTINUOUS
100
AcDbLine
 10
6.051589251968505
 20
-4.6889493307086614
 30
0
 11
6.04907877952756
 21
-4.6950101574803149
 31
0
  0
LINE
  5
732
330
1B
100
AcDbEntity
  8
B.Cu
  6
CONTINUOUS
100
AcDbLine
 10
6.04907877952756
 20
-4.6950101574803149
 30
0
 11
6.047798937007874
 21
-4.701444291338583
 31
0
  0
LINE
  5
733
330
1B
100
AcDbEntity
  8
B.Cu
  6
CONTINUOUS
100
AcDbLine
 10
6.047798937007874
 20
-4.701444291338583
 30
0
 11
6.047798937007874
 21
-4.708004527559055
 31
0
  0
LINE
  5
734
330
1B
100
AcDbEntity
  8
B.Cu
  6
CONTINUOUS
100
AcDbLine
 10
6.047798937007874
 20
-4.708004527559055
 30
0
 11
6.04907877952756
 21
-4.714438661417323
 31
0
  0
LINE
  5
735
330
1B
100
AcDbEntity
  8
B.Cu
  6
CONTINUOUS
100
AcDbLine
 10
6.04907877952756
 20
-4.714438661417323
 30
0
 11
6.051589251968505
 21
-4.7204994881889766
 31
0
  0
LINE
  5
736
330
1B
100
AcDbEntity
  8
B.Cu
  6
CONTINUOUS
100
AcDbLine
 10
6.051589251968505
 20
-4.7204994881889766
 30
0
 11
6.0552338976377955
 21
-4.7259540944881886
 31
0
  0
LINE
  5
737
330
1B
100
AcDbEntity
  8
B.Cu
  6
CONTINUOUS
100
AcDbLine
 10
6.0552338976377955
 20
-4.7259540944881886
 30
0
 11
6.059872677165354
 21
-4.7305928740157484
 31
0
  0
LINE
  5
738
330
1B
100
AcDbEntity
  8
B.Cu
  6
CONTINUOUS
100
AcDbLine
 10
6.059872677165354
 20
-4.7305928740157484
 30
0
 11
6.065327283464567
 21
-4.7342375196850393
 31
0
  0
LINE
  5
739
330
1B
100
AcDbEntity
  8
B.Cu
  6
CONTINUOUS
100
AcDbLine
 10
6.065327283464567
 20
-4.7342375196850393
 30
0
 11
6.069291338582677
 21
-4.7358794488188973
 31
0
  0
LINE
  5
73A
330
1B
100
AcDbEntity
  8
B.Cu
  6
CONTINUOUS
100
AcDbLine
 10
6.069291338582677
 20
-4.7358794488188973
 30
0
 11
6.069291338582677
 21
-4.7801470866141731
 31
0
  0
LINE
  5
73B
330
1B
100
AcDbEntity
  8
B.Cu
  6
CONTINUOUS
100
AcDbLine
 10
6.069291338582677
 20
-4.7801470866141731
 30
0
 11
6.0580998425196855
 21
-4.7913385826771648
 31
0
  0
LINE
  5
73C
330
1B
100
AcDbEntity
  8
B.Cu
  6
CONTINUOUS
100
AcDbLine
 10
6.0580998425196855
 20
-4.7913385826771648
 30
0
 11
5.930089133858268
 21
-4.7913385826771648
 31
0
  0
LINE
  5
73D
330
1B
100
AcDbEntity
  8
B.Cu
  6
CONTINUOUS
100
AcDbLine
 10
5.930089133858268
 20
-4.7913385826771648
 30
0
 11
5.86732283464567
 21
-4.7285722834645671
 31
0
  0
LINE
  5
73E
330
1B
100
AcDbEntity
  8
B.Cu
  6
CONTINUOUS
100
AcDbLine
 10
5.86732283464567
 20
-4.7285722834645671
 30
0
 11
5.86732283464567
 21
-4.4106040551181103
 31
0
  0
LINE
  5
73F
330
1B
100
AcDbEntity
  8
B.Cu
  6
CONTINUOUS
100
AcDbLine
 10
5.86732283464567
 20
-4.4106040551181103
 30
0
 11
5.869172992125985
 21
-4.4095358661417325
 31
0
  0
LINE
  5
740
330
1B
100
AcDbEntity
  8
B.Cu
  6
CONTINUOUS
100
AcDbLine
 10
5.869172992125985
 20
-4.4095358661417325
 30
0
 11
5.873315393700788
 21
-4.405393464566929
 31
0
  0
LINE
  5
741
330
1B
100
AcDbEntity
  8
B.Cu
  6
CONTINUOUS
100
AcDbLine
 10
5.873315393700788
 20
-4.405393464566929
 30
0
 11
5.876244527559056
 21
-4.4003200787401573
 31
0
  0
LINE
  5
742
330
1B
100
AcDbEntity
  8
B.Cu
  6
CONTINUOUS
100
AcDbLine
 10
5.876244527559056
 20
-4.4003200787401573
 30
0
 11
5.877760787401575
 21
-4.3946614173228342
 31
0
  0
LINE
  5
743
330
1B
100
AcDbEntity
  8
B.Cu
  6
CONTINUOUS
100
AcDbLine
 10
5.877760787401575
 20
-4.3946614173228342
 30
0
 11
5.877952755905512
 21
-4.3917322834645667
 31
0
  0
LINE
  5
744
330
1B
100
AcDbEntity
  8
B.Cu
  6
CONTINUOUS
100
AcDbLine
 10
5.877952755905512
 20
-4.3917322834645667
 30
0
 11
5.877952755905512
 21
-4.3578740157480311
 31
0
  0
LINE
  5
745
330
1B
100
AcDbEntity
  8
B.Cu
  6
CONTINUOUS
100
AcDbLine
 10
5.877952755905512
 20
-4.3578740157480311
 30
0
 11
5.877760787401575
 21
-4.3549448818897636
 31
0
  0
LINE
  5
746
330
1B
100
AcDbEntity
  8
B.Cu
  6
CONTINUOUS
100
AcDbLine
 10
5.877760787401575
 20
-4.3549448818897636
 30
0
 11
5.876244527559056
 21
-4.3492862204724405
 31
0
  0
LINE
  5
747
330
1B
100
AcDbEntity
  8
B.Cu
  6
CONTINUOUS
100
AcDbLine
 10
5.876244527559056
 20
-4.3492862204724405
 30
0
 11
5.873315393700788
 21
-4.3442128346456688
 31
0
  0
LINE
  5
748
330
1B
100
AcDbEntity
  8
B.Cu
  6
CONTINUOUS
100
AcDbLine
 10
5.873315393700788
 20
-4.3442128346456688
 30
0
 11
5.869172992125985
 21
-4.3400704330708662
 31
0
  0
LINE
  5
749
330
1B
100
AcDbEntity
  8
B.Cu
  6
CONTINUOUS
100
AcDbLine
 10
5.869172992125985
 20
-4.3400704330708662
 30
0
 11
5.864099606299213
 21
-4.3371412992125986
 31
0
  0
LINE
  5
74A
330
1B
100
AcDbEntity
  8
B.Cu
  6
CONTINUOUS
100
AcDbLine
 10
5.864099606299213
 20
-4.3371412992125986
 30
0
 11
5.85844094488189
 21
-4.335625039370079
 31
0
  0
LINE
  5
74B
330
1B
100
AcDbEntity
  8
B.Cu
  6
CONTINUOUS
100
AcDbLine
 10
5.85844094488189
 20
-4.335625039370079
 30
0
 11
5.852582677165355
 21
-4.335625039370079
 31
0
  0
LINE
  5
74C
330
1B
100
AcDbEntity
  8
B.Cu
  6
CONTINUOUS
100
AcDbLine
 10
5.852582677165355
 20
-4.335625039370079
 30
0
 11
5.846924015748032
 21
-4.3371412992125986
 31
0
  0
LINE
  5
74D
330
1B
100
AcDbEntity
  8
B.Cu
  6
CONTINUOUS
100
AcDbLine
 10
5.946924015748032
 20
-4.3371412992125986
 30
0
 11
5.941850629921261
 21
-4.3400704330708662
 31
0
  0
LINE
  5
74E
330
1B
100
AcDbEntity
  8
B.Cu
  6
CONTINUOUS
100
AcDbLine
 10
5.941850629921261
 20
-4.3400704330708662
 30
0
 11
5.937708228346457
 21
-4.3442128346456688
 31
0
  0
LINE
  5
74F
330
1B
100
AcDbEntity
  8
B.Cu
  6
CONTINUOUS
100
AcDbLine
 10
5.937708228346457
 20
-4.3442128346456688
 30
0
 11
5.9347790944881895
 21
-4.3492862204724405
 31
0
  0
LINE
  5
750
330
1B
100
AcDbEntity
  8
B.Cu
  6
CONTINUOUS
100
AcDbLine
 10
5.9347790944881895
 20
-4.3492862204724405
 30
0
 11
5.93326283464567
 21
-4.3549448818897636
 31
0
  0
LINE
  5
751
330
1B
100
AcDbEntity
  8
B.Cu
  6
CONTINUOUS
100
AcDbLine
 10
5.93326283464567
 20
-4.3549448818897636
 30
0
 11
5.933070866141732
 21
-4.3578740157480311
 31
0
  0
LINE
  5
752
330
1B
100
AcDbEntity
  8
B.Cu
  6
CONTINUOUS
100
AcDbLine
 10
5.933070866141732
 20
-4.3578740157480311
 30
0
 11
5.933070866141732
 21
-4.3917322834645667
 31
0
  0
LINE
  5
753
330
1B
100
AcDbEntity
  8
B.Cu
  6
CONTINUOUS
100
AcDbLine
 10
5.933070866141732
 20
-4.3917322834645667
 30
0
 11
5.93326283464567
 21
-4.3946614173228342
 31
0
  0
LINE
  5
754
330
1B
100
AcDbEntity
  8
B.Cu
  6
CONTINUOUS
100
AcDbLine
 10
5.93326283464567
 20
-4.3946614173228342
 30
0
 11
5.9347790944881895
 21
-4.4003200787401573
 31
0
  0
LINE
  5
755
330
1B
100
AcDbEntity
  8
B.Cu
  6
CONTINUOUS
100
AcDbLine
 10
5.9347790944881895
 20
-4.4003200787401573
 30
0
 11
5.937708228346457
 21
-4.405393464566929
 31
0
  0
LINE
  5
756
330
1B
100
AcDbEntity
  8
B.Cu
  6
CONTINUOUS
100
AcDbLine
 10
5.937708228346457
 20
-4.405393464566929
 30
0
 11
5.941850629921261
 21
-4.4095358661417325
 31
0
  0
LINE
  5
757
330
1B
100
AcDbEntity
  8
B.Cu
  6
CONTINUOUS
100
AcDbLine
 10
5.941850629921261
 20
-4.4095358661417325
 30
0
 11
5.943700787401576
 21
-4.4106040551181103
 31
0
  0
LINE
  5
758
330
1B
100
AcDbEntity
  8
B.Cu
  6
CONTINUOUS
100
AcDbLine
 10
5.943700787401576
 20
-4.4106040551181103
 30
0
 11
5.943700787401576
 21
-4.57755905511811
 31
0
  0
LINE
  5
759
330
1B
100
AcDbEntity
  8
B.Cu
  6
CONTINUOUS
100
AcDbLine
 10
5.943700787401576
 20
-4.57755905511811
 30
0
 11
5.943801850393701
 21
-4.5791007086614171
 31
0
  0
LINE
  5
75A
330
1B
100
AcDbEntity
  8
B.Cu
  6
CONTINUOUS
100
AcDbLine
 10
5.943801850393701
 20
-4.5791007086614171
 30
0
 11
5.944599842519685
 21
-4.5820789370078741
 31
0
  0
LINE
  5
75B
330
1B
100
AcDbEntity
  8
B.Cu
  6
CONTINUOUS
100
AcDbLine
 10
5.944599842519685
 20
-4.5820789370078741
 30
0
 11
5.946141496062992
 21
-4.584749133858268
 31
0
  0
LINE
  5
75C
330
1B
100
AcDbEntity
  8
B.Cu
  6
CONTINUOUS
100
AcDbLine
 10
5.946141496062992
 20
-4.584749133858268
 30
0
 11
5.947160157480315
 21
-4.5859107086614168
 31
0
  0
LINE
  5
75D
330
1B
100
AcDbEntity
  8
B.Cu
  6
CONTINUOUS
100
AcDbLine
 10
5.947160157480315
 20
-4.5859107086614168
 30
0
 11
5.97244094488189
 21
-4.6111914960629923
 31
0
  0
LINE
  5
75E
330
1B
100
AcDbEntity
  8
B.Cu
  6
CONTINUOUS
100
AcDbLine
 10
5.97244094488189
 20
-4.6111914960629923
 30
0
 11
5.97244094488189
 21
-4.6724913779527562
 31
0
  0
LINE
  5
75F
330
1B
100
AcDbEntity
  8
B.Cu
  6
CONTINUOUS
100
AcDbLine
 10
5.97244094488189
 20
-4.6724913779527562
 30
0
 11
5.971388110236221
 21
-4.6727008267716537
 31
0
  0
LINE
  5
760
330
1B
100
AcDbEntity
  8
B.Cu
  6
CONTINUOUS
100
AcDbLine
 10
5.971388110236221
 20
-4.6727008267716537
 30
0
 11
5.965327283464568
 21
-4.6752112992125987
 31
0
  0
LINE
  5
761
330
1B
100
AcDbEntity
  8
B.Cu
  6
CONTINUOUS
100
AcDbLine
 10
5.965327283464568
 20
-4.6752112992125987
 30
0
 11
5.959872677165355
 21
-4.6788559448818896
 31
0
  0
LINE
  5
762
330
1B
100
AcDbEntity
  8
B.Cu
  6
CONTINUOUS
100
AcDbLine
 10
5.959872677165355
 20
-4.6788559448818896
 30
0
 11
5.955233897637796
 21
-4.6834947244094485
 31
0
  0
LINE
  5
763
330
1B
100
AcDbEntity
  8
B.Cu
  6
CONTINUOUS
100
AcDbLine
 10
5.955233897637796
 20
-4.6834947244094485
 30
0
 11
5.951589251968504
 21
-4.6889493307086614
 31
0
  0
LINE
  5
764
330
1B
100
AcDbEntity
  8
B.Cu
  6
CONTINUOUS
100
AcDbLine
 10
5.951589251968504
 20
-4.6889493307086614
 30
0
 11
5.94907877952756
 21
-4.6950101574803149
 31
0
  0
LINE
  5
765
330
1B
100
AcDbEntity
  8
B.Cu
  6
CONTINUOUS
100
AcDbLine
 10
5.94907877952756
 20
-4.6950101574803149
 30
0
 11
5.9477989370078745
 21
-4.701444291338583
 31
0
  0
LINE
  5
766
330
1B
100
AcDbEntity
  8
B.Cu
  6
CONTINUOUS
100
AcDbLine
 10
5.9477989370078745
 20
-4.701444291338583
 30
0
 11
5.9477989370078745
 21
-4.708004527559055
 31
0
  0
LINE
  5
767
330
1B
100
AcDbEntity
  8
B.Cu
  6
CONTINUOUS
100
AcDbLine
 10
5.9477989370078745
 20
-4.708004527559055
 30
0
 11
5.94907877952756
 21
-4.714438661417323
 31
0
  0
LINE
  5
768
330
1B
100
AcDbEntity
  8
B.Cu
  6
CONTINUOUS
100
AcDbLine
 10
5.94907877952756
 20
-4.714438661417323
 30
0
 11
5.951589251968504
 21
-4.7204994881889766
 31
0
  0
LINE
  5
769
330
1B
100
AcDbEntity
  8
B.Cu
  6
CONTINUOUS
100
AcDbLine
 10
5.951589251968504
 20
-4.7204994881889766
 30
0
 11
5.955233897637796
 21
-4.7259540944881886
 31
0
  0
LINE
  5
76A
330
1B
100
AcDbEntity
  8
B.Cu
  6
CONTINUOUS
100
AcDbLine
 10
5.955233897637796
 20
-4.7259540944881886
 30
0
 11
5.959872677165355
 21
-4.7305928740157484
 31
0
  0
LINE
  5
76B
330
1B
100
AcDbEntity
  8
B.Cu
  6
CONTINUOUS
100
AcDbLine
 10
5.959872677165355
 20
-4.7305928740157484
 30
0
 11
5.965327283464568
 21
-4.7342375196850393
 31
0
  0
LINE
  5
76C
330
1B
100
AcDbEntity
  8
B.Cu
  6
CONTINUOUS
100
AcDbLine
 10
5.965327283464568
 20
-4.7342375196850393
 30
0
 11
5.971388110236221
 21
-4.7367479921259843
 31
0
  0
LINE
  5
76D
330
1B
100
AcDbEntity
  8
B.Cu
  6
CONTINUOUS
100
AcDbLine
 10
5.971388110236221
 20
-4.7367479921259843
 30
0
 11
5.977822244094488
 21
-4.7380278346456688
 31
0
  0
LINE
  5
76E
330
1B
100
AcDbEntity
  8
B.Cu
  6
CONTINUOUS
100
AcDbLine
 10
5.977822244094488
 20
-4.7380278346456688
 30
0
 11
5.984382480314961
 21
-4.7380278346456688
 31
0
  0
LINE
  5
76F
330
1B
100
AcDbEntity
  8
B.Cu
  6
CONTINUOUS
100
AcDbLine
 10
5.984382480314961
 20
-4.7380278346456688
 30
0
 11
5.990816614173228
 21
-4.7367479921259843
 31
0
  0
LINE
  5
770
330
1B
100
AcDbEntity
  8
B.Cu
  6
CONTINUOUS
100
AcDbLine
 10
5.990816614173228
 20
-4.7367479921259843
 30
0
 11
5.996877440944882
 21
-4.7342375196850393
 31
0
  0
LINE
  5
771
330
1B
100
AcDbEntity
  8
B.Cu
  6
CONTINUOUS
100
AcDbLine
 10
5.996877440944882
 20
-4.7342375196850393
 30
0
 11
6.002332047244095
 21
-4.7305928740157484
 31
0
  0
LINE
  5
772
330
1B
100
AcDbEntity
  8
B.Cu
  6
CONTINUOUS
100
AcDbLine
 10
6.002332047244095
 20
-4.7305928740157484
 30
0
 11
6.006970826771654
 21
-4.7259540944881886
 31
0
  0
LINE
  5
773
330
1B
100
AcDbEntity
  8
B.Cu
  6
CONTINUOUS
100
AcDbLine
 10
6.006970826771654
 20
-4.7259540944881886
 30
0
 11
6.0106154724409455
 21
-4.7204994881889766
 31
0
  0
LINE
  5
774
330
1B
100
AcDbEntity
  8
B.Cu
  6
CONTINUOUS
100
AcDbLine
 10
6.0106154724409455
 20
-4.7204994881889766
 30
0
 11
6.013125944881891
 21
-4.714438661417323
 31
0
  0
LINE
  5
775
330
1B
100
AcDbEntity
  8
B.Cu
  6
CONTINUOUS
100
AcDbLine
 10
6.013125944881891
 20
-4.714438661417323
 30
0
 11
6.014405787401575
 21
-4.708004527559055
 31
0
  0
LINE
  5
776
330
1B
100
AcDbEntity
  8
B.Cu
  6
CONTINUOUS
100
AcDbLine
 10
6.014405787401575
 20
-4.708004527559055
 30
0
 11
6.014405787401575
 21
-4.701444291338583
 31
0
  0
LINE
  5
777
330
1B
100
AcDbEntity
  8
B.Cu
  6
CONTINUOUS
100
AcDbLine
 10
6.014405787401575
 20
-4.701444291338583
 30
0
 11
6.013125944881891
 21
-4.6950101574803149
 31
0
  0
LINE
  5
778
330
1B
100
AcDbEntity
  8
B.Cu
  6
CONTINUOUS
100
AcDbLine
 10
6.013125944881891
 20
-4.6950101574803149
 30
0
 11
6.0106154724409455
 21
-4.6889493307086614
 31
0
  0
LINE
  5
779
330
1B
100
AcDbEntity
  8
B.Cu
  6
CONTINUOUS
100
AcDbLine
 10
6.0106154724409455
 20
-4.6889493307086614
 30
0
 11
6.006970826771654
 21
-4.6834947244094485
 31
0
  0
LINE
  5
77A
330
1B
100
AcDbEntity
  8
B.Cu
  6
CONTINUOUS
100
AcDbLine
 10
6.006970826771654
 20
-4.6834947244094485
 30
0
 11
6.002332047244095
 21
-4.6788559448818896
 31
0
  0
LINE
  5
77B
330
1B
100
AcDbEntity
  8
B.Cu
  6
CONTINUOUS
100
AcDbLine
 10
6.002332047244095
 20
-4.6788559448818896
 30
0
 11
5.996877440944882
 21
-4.6752112992125987
 31
0
  0
LINE
  5
77C
330
1B
100
AcDbEntity
  8
B.Cu
  6
CONTINUOUS
100
AcDbLine
 10
5.996877440944882
 20
-4.6752112992125987
 30
0
 11
5.996062992125985
 21
-4.6748739370078738
 31
0
  0
LINE
  5
77D
330
1B
100
AcDbEntity
  8
B.Cu
  6
CONTINUOUS
100
AcDbLine
 10
5.996062992125985
 20
-4.6748739370078738
 30
0
 11
5.996062992125985
 21
-4.606299212598425
 31
0
  0
LINE
  5
77E
330
1B
100
AcDbEntity
  8
B.Cu
  6
CONTINUOUS
100
AcDbLine
 10
5.996062992125985
 20
-4.606299212598425
 30
0
 11
5.995961929133859
 21
-4.604757559055118
 31
0
  0
LINE
  5
77F
330
1B
100
AcDbEntity
  8
B.Cu
  6
CONTINUOUS
100
AcDbLine
 10
5.995961929133859
 20
-4.604757559055118
 30
0
 11
5.995163937007875
 21
-4.601779330708661
 31
0
  0
LINE
  5
780
330
1B
100
AcDbEntity
  8
B.Cu
  6
CONTINUOUS
100
AcDbLine
 10
5.995163937007875
 20
-4.601779330708661
 30
0
 11
5.993622283464568
 21
-4.5991091338582679
 31
0
  0
LINE
  5
781
330
1B
100
AcDbEntity
  8
B.Cu
  6
CONTINUOUS
100
AcDbLine
 10
5.993622283464568
 20
-4.5991091338582679
 30
0
 11
5.992603622047245
 21
-4.5979475590551182
 31
0
  0
LINE
  5
782
330
1B
100
AcDbEntity
  8
B.Cu
  6
CONTINUOUS
100
AcDbLine
 10
5.992603622047245
 20
-4.5979475590551182
 30
0
 11
5.96732283464567
 21
-4.5726667716535436
 31
0
  0
LINE
  5
783
330
1B
100
AcDbEntity
  8
B.Cu
  6
CONTINUOUS
100
AcDbLine
 10
5.96732283464567
 20
-4.5726667716535436
 30
0
 11
5.96732283464567
 21
-4.4106040551181103
 31
0
  0
LINE
  5
784
330
1B
100
AcDbEntity
  8
B.Cu
  6
CONTINUOUS
100
AcDbLine
 10
5.96732283464567
 20
-4.4106040551181103
 30
0
 11
5.969172992125984
 21
-4.4095358661417325
 31
0
  0
LINE
  5
785
330
1B
100
AcDbEntity
  8
B.Cu
  6
CONTINUOUS
100
AcDbLine
 10
5.969172992125984
 20
-4.4095358661417325
 30
0
 11
5.973315393700788
 21
-4.405393464566929
 31
0
  0
LINE
  5
786
330
1B
100
AcDbEntity
  8
B.Cu
  6
CONTINUOUS
100
AcDbLine
 10
5.973315393700788
 20
-4.405393464566929
 30
0
 11
5.976244527559055
 21
-4.4003200787401573
 31
0
  0
LINE
  5
787
330
1B
100
AcDbEntity
  8
B.Cu
  6
CONTINUOUS
100
AcDbLine
 10
5.976244527559055
 20
-4.4003200787401573
 30
0
 11
5.977760787401575
 21
-4.3946614173228342
 31
0
  0
LINE
  5
788
330
1B
100
AcDbEntity
  8
B.Cu
  6
CONTINUOUS
100
AcDbLine
 10
5.977760787401575
 20
-4.3946614173228342
 30
0
 11
5.977952755905513
 21
-4.3917322834645667
 31
0
  0
LINE
  5
789
330
1B
100
AcDbEntity
  8
B.Cu
  6
CONTINUOUS
100
AcDbLine
 10
5.977952755905513
 20
-4.3917322834645667
 30
0
 11
5.977952755905513
 21
-4.3578740157480311
 31
0
  0
LINE
  5
78A
330
1B
100
AcDbEntity
  8
B.Cu
  6
CONTINUOUS
100
AcDbLine
 10
5.977952755905513
 20
-4.3578740157480311
 30
0
 11
5.977760787401575
 21
-4.3549448818897636
 31
0
  0
LINE
  5
78B
330
1B
100
AcDbEntity
  8
B.Cu
  6
CONTINUOUS
100
AcDbLine
 10
5.977760787401575
 20
-4.3549448818897636
 30
0
 11
5.976244527559055
 21
-4.3492862204724405
 31
0
  0
LINE
  5
78C
330
1B
100
AcDbEntity
  8
B.Cu
  6
CONTINUOUS
100
AcDbLine
 10
5.976244527559055
 20
-4.3492862204724405
 30
0
 11
5.973315393700788
 21
-4.3442128346456688
 31
0
  0
LINE
  5
78D
330
1B
100
AcDbEntity
  8
B.Cu
  6
CONTINUOUS
100
AcDbLine
 10
5.973315393700788
 20
-4.3442128346456688
 30
0
 11
5.969172992125984
 21
-4.3400704330708662
 31
0
  0
LINE
  5
78E
330
1B
100
AcDbEntity
  8
B.Cu
  6
CONTINUOUS
100
AcDbLine
 10
5.969172992125984
 20
-4.3400704330708662
 30
0
 11
5.964099606299213
 21
-4.3371412992125986
 31
0
  0
LINE
  5
78F
330
1B
100
AcDbEntity
  8
B.Cu
  6
CONTINUOUS
100
AcDbLine
 10
5.964099606299213
 20
-4.3371412992125986
 30
0
 11
5.9584409448818905
 21
-4.335625039370079
 31
0
  0
LINE
  5
790
330
1B
100
AcDbEntity
  8
B.Cu
  6
CONTINUOUS
100
AcDbLine
 10
5.9584409448818905
 20
-4.335625039370079
 30
0
 11
5.9525826771653545
 21
-4.335625039370079
 31
0
  0
LINE
  5
791
330
1B
100
AcDbEntity
  8
B.Cu
  6
CONTINUOUS
100
AcDbLine
 10
5.9525826771653545
 20
-4.335625039370079
 30
0
 11
5.946924015748032
 21
-4.3371412992125986
 31
0
  0
LINE
  5
792
330
1B
100
AcDbEntity
  8
B.Cu
  6
CONTINUOUS
100
AcDbLine
 10
6.240157480314961
 20
-3.2677165354330708
 30
0
 11
6.267716535433071
 21
-3.2677165354330708
 31
0
  0
LINE
  5
793
330
1B
100
AcDbEntity
  8
B.Cu
  6
CONTINUOUS
100
AcDbLine
 10
6.267716535433071
 20
-3.2677165354330708
 30
0
 11
6.267716535433071
 21
-3.3070866141732282
 31
0
  0
LINE
  5
794
330
1B
100
AcDbEntity
  8
B.Cu
  6
CONTINUOUS
100
AcDbLine
 10
6.267716535433071
 20
-3.3070866141732282
 30
0
 11
6.267817598425197
 21
-3.3086282677165353
 31
0
  0
LINE
  5
795
330
1B
100
AcDbEntity
  8
B.Cu
  6
CONTINUOUS
100
AcDbLine
 10
6.267817598425197
 20
-3.3086282677165353
 30
0
 11
6.268615590551182
 21
-3.3116064960629918
 31
0
  0
LINE
  5
796
330
1B
100
AcDbEntity
  8
B.Cu
  6
CONTINUOUS
100
AcDbLine
 10
6.268615590551182
 20
-3.3116064960629918
 30
0
 11
6.270157244094489
 21
-3.3142766929133858
 31
0
  0
LINE
  5
797
330
1B
100
AcDbEntity
  8
B.Cu
  6
CONTINUOUS
100
AcDbLine
 10
6.270157244094489
 20
-3.3142766929133858
 30
0
 11
6.271175905511812
 21
-3.3154382677165355
 31
0
  0
LINE
  5
798
330
1B
100
AcDbEntity
  8
B.Cu
  6
CONTINUOUS
100
AcDbLine
 10
6.271175905511812
 20
-3.3154382677165355
 30
0
 11
6.346456692913386
 21
-3.3907190551181103
 31
0
  0
LINE
  5
799
330
1B
100
AcDbEntity
  8
B.Cu
  6
CONTINUOUS
100
AcDbLine
 10
6.346456692913386
 20
-3.3907190551181103
 30
0
 11
6.346456692913386
 21
-3.5187297637795276
 31
0
  0
LINE
  5
79A
330
1B
100
AcDbEntity
  8
B.Cu
  6
CONTINUOUS
100
AcDbLine
 10
6.346456692913386
 20
-3.5187297637795276
 30
0
 11
6.272021496062993
 21
-3.5931649606299212
 31
0
  0
LINE
  5
79B
330
1B
100
AcDbEntity
  8
B.Cu
  6
CONTINUOUS
100
AcDbLine
 10
6.272021496062993
 20
-3.5931649606299212
 30
0
 11
6.2689853543307095
 21
-3.5919074015748031
 31
0
  0
LINE
  5
79C
330
1B
100
AcDbEntity
  8
B.Cu
  6
CONTINUOUS
100
AcDbLine
 10
6.2689853543307095
 20
-3.5919074015748031
 30
0
 11
6.262929685039371
 21
-3.5907028346456693
 31
0
  0
LINE
  5
79D
330
1B
100
AcDbEntity
  8
B.Cu
  6
CONTINUOUS
100
AcDbLine
 10
6.262929685039371
 20
-3.5907028346456693
 30
0
 11
6.256755354330709
 21
-3.5907028346456693
 31
0
  0
LINE
  5
79E
330
1B
100
AcDbEntity
  8
B.Cu
  6
CONTINUOUS
100
AcDbLine
 10
6.256755354330709
 20
-3.5907028346456693
 30
0
 11
6.25069968503937
 21
-3.5919074015748031
 31
0
  0
LINE
  5
79F
330
1B
100
AcDbEntity
  8
B.Cu
  6
CONTINUOUS
100
AcDbLine
 10
6.25069968503937
 20
-3.5919074015748031
 30
0
 11
6.244995393700788
 21
-3.5942701968503936
 31
0
  0
LINE
  5
7A0
330
1B
100
AcDbEntity
  8
B.Cu
  6
CONTINUOUS
100
AcDbLine
 10
6.244995393700788
 20
-3.5942701968503936
 30
0
 11
6.239861614173229
 21
-3.5977004724409447
 31
0
  0
LINE
  5
7A1
330
1B
100
AcDbEntity
  8
B.Cu
  6
CONTINUOUS
100
AcDbLine
 10
6.239861614173229
 20
-3.5977004724409447
 30
0
 11
6.2354957480314965
 21
-3.6020663385826772
 31
0
  0
LINE
  5
7A2
330
1B
100
AcDbEntity
  8
B.Cu
  6
CONTINUOUS
100
AcDbLine
 10
6.2354957480314965
 20
-3.6020663385826772
 30
0
 11
6.232065472440945
 21
-3.607200118110236
 31
0
  0
LINE
  5
7A3
330
1B
100
AcDbEntity
  8
B.Cu
  6
CONTINUOUS
100
AcDbLine
 10
6.232065472440945
 20
-3.607200118110236
 30
0
 11
6.2297026771653545
 21
-3.6129044094488187
 31
0
  0
LINE
  5
7A4
330
1B
100
AcDbEntity
  8
B.Cu
  6
CONTINUOUS
100
AcDbLine
 10
6.2297026771653545
 20
-3.6129044094488187
 30
0
 11
6.228498110236221
 21
-3.6189600787401575
 31
0
  0
LINE
  5
7A5
330
1B
100
AcDbEntity
  8
B.Cu
  6
CONTINUOUS
100
AcDbLine
 10
6.228498110236221
 20
-3.6189600787401575
 30
0
 11
6.228498110236221
 21
-3.6251344094488189
 31
0
  0
LINE
  5
7A6
330
1B
100
AcDbEntity
  8
B.Cu
  6
CONTINUOUS
100
AcDbLine
 10
6.228498110236221
 20
-3.6251344094488189
 30
0
 11
6.2297026771653545
 21
-3.6311900787401572
 31
0
  0
LINE
  5
7A7
330
1B
100
AcDbEntity
  8
B.Cu
  6
CONTINUOUS
100
AcDbLine
 10
6.2297026771653545
 20
-3.6311900787401572
 30
0
 11
6.232065472440945
 21
-3.6368943700787399
 31
0
  0
LINE
  5
7A8
330
1B
100
AcDbEntity
  8
B.Cu
  6
CONTINUOUS
100
AcDbLine
 10
6.232065472440945
 20
-3.6368943700787399
 30
0
 11
6.2354957480314965
 21
-3.6420281496062992
 31
0
  0
LINE
  5
7A9
330
1B
100
AcDbEntity
  8
B.Cu
  6
CONTINUOUS
100
AcDbLine
 10
6.2354957480314965
 20
-3.6420281496062992
 30
0
 11
6.239861614173229
 21
-3.6463940157480312
 31
0
  0
LINE
  5
7AA
330
1B
100
AcDbEntity
  8
B.Cu
  6
CONTINUOUS
100
AcDbLine
 10
6.239861614173229
 20
-3.6463940157480312
 30
0
 11
6.2437007874015755
 21
-3.6489592519685039
 31
0
  0
LINE
  5
7AB
330
1B
100
AcDbEntity
  8
B.Cu
  6
CONTINUOUS
100
AcDbLine
 10
6.2437007874015755
 20
-3.6489592519685039
 30
0
 11
6.2437007874015755
 21
-3.7390022047244096
 31
0
  0
LINE
  5
7AC
330
1B
100
AcDbEntity
  8
B.Cu
  6
CONTINUOUS
100
AcDbLine
 10
6.2437007874015755
 20
-3.7390022047244096
 30
0
 11
6.24185062992126
 21
-3.7400704330708661
 31
0
  0
LINE
  5
7AD
330
1B
100
AcDbEntity
  8
B.Cu
  6
CONTINUOUS
100
AcDbLine
 10
6.24185062992126
 20
-3.7400704330708661
 30
0
 11
6.237708228346457
 21
-3.7442128346456691
 31
0
  0
LINE
  5
7AE
330
1B
100
AcDbEntity
  8
B.Cu
  6
CONTINUOUS
100
AcDbLine
 10
6.237708228346457
 20
-3.7442128346456691
 30
0
 11
6.234779094488189
 21
-3.7492862204724409
 31
0
  0
LINE
  5
7AF
330
1B
100
AcDbEntity
  8
B.Cu
  6
CONTINUOUS
100
AcDbLine
 10
6.234779094488189
 20
-3.7492862204724409
 30
0
 11
6.23326283464567
 21
-3.7549448818897635
 31
0
  0
LINE
  5
7B0
330
1B
100
AcDbEntity
  8
B.Cu
  6
CONTINUOUS
100
AcDbLine
 10
6.23326283464567
 20
-3.7549448818897635
 30
0
 11
6.233070866141733
 21
-3.7578740157480315
 31
0
  0
LINE
  5
7B1
330
1B
100
AcDbEntity
  8
B.Cu
  6
CONTINUOUS
100
AcDbLine
 10
6.233070866141733
 20
-3.7578740157480315
 30
0
 11
6.233070866141733
 21
-3.791732283464567
 31
0
  0
LINE
  5
7B2
330
1B
100
AcDbEntity
  8
B.Cu
  6
CONTINUOUS
100
AcDbLine
 10
6.233070866141733
 20
-3.791732283464567
 30
0
 11
6.23326283464567
 21
-3.7946614173228346
 31
0
  0
LINE
  5
7B3
330
1B
100
AcDbEntity
  8
B.Cu
  6
CONTINUOUS
100
AcDbLine
 10
6.23326283464567
 20
-3.7946614173228346
 30
0
 11
6.234779094488189
 21
-3.8003200787401572
 31
0
  0
LINE
  5
7B4
330
1B
100
AcDbEntity
  8
B.Cu
  6
CONTINUOUS
100
AcDbLine
 10
6.234779094488189
 20
-3.8003200787401572
 30
0
 11
6.237708228346457
 21
-3.805393464566929
 31
0
  0
LINE
  5
7B5
330
1B
100
AcDbEntity
  8
B.Cu
  6
CONTINUOUS
100
AcDbLine
 10
6.237708228346457
 20
-3.805393464566929
 30
0
 11
6.24185062992126
 21
-3.809535866141732
 31
0
  0
LINE
  5
7B6
330
1B
100
AcDbEntity
  8
B.Cu
  6
CONTINUOUS
100
AcDbLine
 10
6.24185062992126
 20
-3.809535866141732
 30
0
 11
6.246924015748032
 21
-3.812465
 31
0
  0
LINE
  5
7B7
330
1B
100
AcDbEntity
  8
B.Cu
  6
CONTINUOUS
100
AcDbLine
 10
6.246924015748032
 20
-3.812465
 30
0
 11
6.252582677165355
 21
-3.8139812598425196
 31
0
  0
LINE
  5
7B8
330
1B
100
AcDbEntity
  8
B.Cu
  6
CONTINUOUS
100
AcDbLine
 10
6.252582677165355
 20
-3.8139812598425196
 30
0
 11
6.25844094488189
 21
-3.8139812598425196
 31
0
  0
LINE
  5
7B9
330
1B
100
AcDbEntity
  8
B.Cu
  6
CONTINUOUS
100
AcDbLine
 10
6.25844094488189
 20
-3.8139812598425196
 30
0
 11
6.264099606299213
 21
-3.812465
 31
0
  0
LINE
  5
7BA
330
1B
100
AcDbEntity
  8
B.Cu
  6
CONTINUOUS
100
AcDbLine
 10
6.264099606299213
 20
-3.812465
 30
0
 11
6.269172992125985
 21
-3.809535866141732
 31
0
  0
LINE
  5
7BB
330
1B
100
AcDbEntity
  8
B.Cu
  6
CONTINUOUS
100
AcDbLine
 10
6.269172992125985
 20
-3.809535866141732
 30
0
 11
6.273315393700788
 21
-3.805393464566929
 31
0
  0
LINE
  5
7BC
330
1B
100
AcDbEntity
  8
B.Cu
  6
CONTINUOUS
100
AcDbLine
 10
6.273315393700788
 20
-3.805393464566929
 30
0
 11
6.276244527559055
 21
-3.8003200787401572
 31
0
  0
LINE
  5
7BD
330
1B
100
AcDbEntity
  8
B.Cu
  6
CONTINUOUS
100
AcDbLine
 10
6.276244527559055
 20
-3.8003200787401572
 30
0
 11
6.277760787401575
 21
-3.7946614173228346
 31
0
  0
LINE
  5
7BE
330
1B
100
AcDbEntity
  8
B.Cu
  6
CONTINUOUS
100
AcDbLine
 10
6.277760787401575
 20
-3.7946614173228346
 30
0
 11
6.277952755905512
 21
-3.791732283464567
 31
0
  0
LINE
  5
7BF
330
1B
100
AcDbEntity
  8
B.Cu
  6
CONTINUOUS
100
AcDbLine
 10
6.277952755905512
 20
-3.791732283464567
 30
0
 11
6.277952755905512
 21
-3.7578740157480315
 31
0
  0
LINE
  5
7C0
330
1B
100
AcDbEntity
  8
B.Cu
  6
CONTINUOUS
100
AcDbLine
 10
6.277952755905512
 20
-3.7578740157480315
 30
0
 11
6.277760787401575
 21
-3.7549448818897635
 31
0
  0
LINE
  5
7C1
330
1B
100
AcDbEntity
  8
B.Cu
  6
CONTINUOUS
100
AcDbLine
 10
6.277760787401575
 20
-3.7549448818897635
 30
0
 11
6.276244527559055
 21
-3.7492862204724409
 31
0
  0
LINE
  5
7C2
330
1B
100
AcDbEntity
  8
B.Cu
  6
CONTINUOUS
100
AcDbLine
 10
6.276244527559055
 20
-3.7492862204724409
 30
0
 11
6.273315393700788
 21
-3.7442128346456691
 31
0
  0
LINE
  5
7C3
330
1B
100
AcDbEntity
  8
B.Cu
  6
CONTINUOUS
100
AcDbLine
 10
6.273315393700788
 20
-3.7442128346456691
 30
0
 11
6.269172992125985
 21
-3.7400704330708661
 31
0
  0
LINE
  5
7C4
330
1B
100
AcDbEntity
  8
B.Cu
  6
CONTINUOUS
100
AcDbLine
 10
6.269172992125985
 20
-3.7400704330708661
 30
0
 11
6.26732283464567
 21
-3.7390022047244096
 31
0
  0
LINE
  5
7C5
330
1B
100
AcDbEntity
  8
B.Cu
  6
CONTINUOUS
100
AcDbLine
 10
6.26732283464567
 20
-3.7390022047244096
 30
0
 11
6.26732283464567
 21
-3.6525177559055115
 31
0
  0
LINE
  5
7C6
330
1B
100
AcDbEntity
  8
B.Cu
  6
CONTINUOUS
100
AcDbLine
 10
6.26732283464567
 20
-3.6525177559055115
 30
0
 11
6.2689853543307095
 21
-3.6521870866141732
 31
0
  0
LINE
  5
7C7
330
1B
100
AcDbEntity
  8
B.Cu
  6
CONTINUOUS
100
AcDbLine
 10
6.2689853543307095
 20
-3.6521870866141732
 30
0
 11
6.274689645669292
 21
-3.6498242913385828
 31
0
  0
LINE
  5
7C8
330
1B
100
AcDbEntity
  8
B.Cu
  6
CONTINUOUS
100
AcDbLine
 10
6.274689645669292
 20
-3.6498242913385828
 30
0
 11
6.2798234251968506
 21
-3.6463940157480312
 31
0
  0
LINE
  5
7C9
330
1B
100
AcDbEntity
  8
B.Cu
  6
CONTINUOUS
100
AcDbLine
 10
6.2798234251968506
 20
-3.6463940157480312
 30
0
 11
6.284189291338583
 21
-3.6420281496062992
 31
0
  0
LINE
  5
7CA
330
1B
100
AcDbEntity
  8
B.Cu
  6
CONTINUOUS
100
AcDbLine
 10
6.284189291338583
 20
-3.6420281496062992
 30
0
 11
6.287619566929134
 21
-3.6368943700787399
 31
0
  0
LINE
  5
7CB
330
1B
100
AcDbEntity
  8
B.Cu
  6
CONTINUOUS
100
AcDbLine
 10
6.287619566929134
 20
-3.6368943700787399
 30
0
 11
6.289982362204725
 21
-3.6311900787401572
 31
0
  0
LINE
  5
7CC
330
1B
100
AcDbEntity
  8
B.Cu
  6
CONTINUOUS
100
AcDbLine
 10
6.289982362204725
 20
-3.6311900787401572
 30
0
 11
6.2911869291338585
 21
-3.6251344094488189
 31
0
  0
LINE
  5
7CD
330
1B
100
AcDbEntity
  8
B.Cu
  6
CONTINUOUS
100
AcDbLine
 10
6.2911869291338585
 20
-3.6251344094488189
 30
0
 11
6.2911869291338585
 21
-3.6189600787401575
 31
0
  0
LINE
  5
7CE
330
1B
100
AcDbEntity
  8
B.Cu
  6
CONTINUOUS
100
AcDbLine
 10
6.2911869291338585
 20
-3.6189600787401575
 30
0
 11
6.289982362204725
 21
-3.6129044094488187
 31
0
  0
LINE
  5
7CF
330
1B
100
AcDbEntity
  8
B.Cu
  6
CONTINUOUS
100
AcDbLine
 10
6.289982362204725
 20
-3.6129044094488187
 30
0
 11
6.288724803149607
 21
-3.6098682677165352
 31
0
  0
LINE
  5
7D0
330
1B
100
AcDbEntity
  8
B.Cu
  6
CONTINUOUS
100
AcDbLine
 10
6.288724803149607
 20
-3.6098682677165352
 30
0
 11
6.366619370078741
 21
-3.5319737007874017
 31
0
  0
LINE
  5
7D1
330
1B
100
AcDbEntity
  8
B.Cu
  6
CONTINUOUS
100
AcDbLine
 10
6.366619370078741
 20
-3.5319737007874017
 30
0
 11
6.367638031496064
 21
-3.530812125984252
 31
0
  0
LINE
  5
7D2
330
1B
100
AcDbEntity
  8
B.Cu
  6
CONTINUOUS
100
AcDbLine
 10
6.367638031496064
 20
-3.530812125984252
 30
0
 11
6.369179685039371
 21
-3.528141929133858
 31
0
  0
LINE
  5
7D3
330
1B
100
AcDbEntity
  8
B.Cu
  6
CONTINUOUS
100
AcDbLine
 10
6.369179685039371
 20
-3.528141929133858
 30
0
 11
6.3699776771653545
 21
-3.5251637007874015
 31
0
  0
LINE
  5
7D4
330
1B
100
AcDbEntity
  8
B.Cu
  6
CONTINUOUS
100
AcDbLine
 10
6.3699776771653545
 20
-3.5251637007874015
 30
0
 11
6.3700787401574805
 21
-3.5236220472440944
 31
0
  0
LINE
  5
7D5
330
1B
100
AcDbEntity
  8
B.Cu
  6
CONTINUOUS
100
AcDbLine
 10
6.3700787401574805
 20
-3.5236220472440944
 30
0
 11
6.3700787401574805
 21
-3.3858267716535431
 31
0
  0
LINE
  5
7D6
330
1B
100
AcDbEntity
  8
B.Cu
  6
CONTINUOUS
100
AcDbLine
 10
6.3700787401574805
 20
-3.3858267716535431
 30
0
 11
6.3699776771653545
 21
-3.384285118110236
 31
0
  0
LINE
  5
7D7
330
1B
100
AcDbEntity
  8
B.Cu
  6
CONTINUOUS
100
AcDbLine
 10
6.3699776771653545
 20
-3.384285118110236
 30
0
 11
6.369179685039371
 21
-3.3813068897637795
 31
0
  0
LINE
  5
7D8
330
1B
100
AcDbEntity
  8
B.Cu
  6
CONTINUOUS
100
AcDbLine
 10
6.369179685039371
 20
-3.3813068897637795
 30
0
 11
6.367638031496064
 21
-3.3786366929133855
 31
0
  0
LINE
  5
7D9
330
1B
100
AcDbEntity
  8
B.Cu
  6
CONTINUOUS
100
AcDbLine
 10
6.367638031496064
 20
-3.3786366929133855
 30
0
 11
6.366619370078741
 21
-3.3774751181102363
 31
0
  0
LINE
  5
7DA
330
1B
100
AcDbEntity
  8
B.Cu
  6
CONTINUOUS
100
AcDbLine
 10
6.366619370078741
 20
-3.3774751181102363
 30
0
 11
6.291338582677166
 21
-3.3021943307086614
 31
0
  0
LINE
  5
7DB
330
1B
100
AcDbEntity
  8
B.Cu
  6
CONTINUOUS
100
AcDbLine
 10
6.291338582677166
 20
-3.3021943307086614
 30
0
 11
6.291338582677166
 21
-3.2677165354330708
 31
0
  0
LINE
  5
7DC
330
1B
100
AcDbEntity
  8
B.Cu
  6
CONTINUOUS
100
AcDbLine
 10
6.291338582677166
 20
-3.2677165354330708
 30
0
 11
6.318897637795276
 21
-3.2677165354330708
 31
0
  0
LINE
  5
7DD
330
1B
100
AcDbEntity
  8
B.Cu
  6
CONTINUOUS
100
AcDbLine
 10
6.318897637795276
 20
-3.2677165354330708
 30
0
 11
6.318897637795276
 21
-3.188976377952756
 31
0
  0
LINE
  5
7DE
330
1B
100
AcDbEntity
  8
B.Cu
  6
CONTINUOUS
100
AcDbLine
 10
6.318897637795276
 20
-3.188976377952756
 30
0
 11
6.240157480314961
 21
-3.188976377952756
 31
0
  0
LINE
  5
7DF
330
1B
100
AcDbEntity
  8
B.Cu
  6
CONTINUOUS
100
AcDbLine
 10
6.240157480314961
 20
-3.188976377952756
 30
0
 11
6.240157480314961
 21
-3.2677165354330708
 31
0
  0
LINE
  5
7E0
330
1B
100
AcDbEntity
  8
B.Cu
  6
CONTINUOUS
100
AcDbLine
 10
5.2360733858267725
 20
-2.7953041732283466
 30
0
 11
5.224653700787402
 21
-2.7959949212598425
 31
0
  0
LINE
  5
7E1
330
1B
100
AcDbEntity
  8
B.Cu
  6
CONTINUOUS
100
AcDbLine
 10
5.224653700787402
 20
-2.7959949212598425
 30
0
 11
5.224068543307087
 21
-2.7960659842519684
 31
0
  0
LINE
  5
7E2
330
1B
100
AcDbEntity
  8
B.Cu
  6
CONTINUOUS
100
AcDbLine
 10
5.224068543307087
 20
-2.7960659842519684
 30
0
 11
5.212960748031496
 21
-2.7981015748031495
 31
0
  0
LINE
  5
7E3
330
1B
100
AcDbEntity
  8
B.Cu
  6
CONTINUOUS
100
AcDbLine
 10
5.212960748031496
 20
-2.7981015748031495
 30
0
 11
5.212388425196851
 21
-2.7982426377952754
 31
0
  0
LINE
  5
7E4
330
1B
100
AcDbEntity
  8
B.Cu
  6
CONTINUOUS
100
AcDbLine
 10
5.212388425196851
 20
-2.7982426377952754
 30
0
 11
5.201607007874016
 21
-2.8016022834645669
 31
0
  0
LINE
  5
7E5
330
1B
100
AcDbEntity
  8
B.Cu
  6
CONTINUOUS
100
AcDbLine
 10
5.201607007874016
 20
-2.8016022834645669
 30
0
 11
5.20105657480315
 21
-2.8018110236220473
 31
0
  0
LINE
  5
7E6
330
1B
100
AcDbEntity
  8
B.Cu
  6
CONTINUOUS
100
AcDbLine
 10
5.20105657480315
 20
-2.8018110236220473
 30
0
 11
5.190758503937008
 21
-2.8064458267716534
 31
0
  0
LINE
  5
7E7
330
1B
100
AcDbEntity
  8
B.Cu
  6
CONTINUOUS
100
AcDbLine
 10
5.190758503937008
 20
-2.8064458267716534
 30
0
 11
5.1902367322834655
 21
-2.8067196850393699
 31
0
  0
LINE
  5
7E8
330
1B
100
AcDbEntity
  8
B.Cu
  6
CONTINUOUS
100
AcDbLine
 10
5.1902367322834655
 20
-2.8067196850393699
 30
0
 11
5.18057251968504
 21
-2.8125618503937009
 31
0
  0
LINE
  5
7E9
330
1B
100
AcDbEntity
  8
B.Cu
  6
CONTINUOUS
100
AcDbLine
 10
5.18057251968504
 20
-2.8125618503937009
 30
0
 11
5.180087559055119
 21
-2.8128965748031494
 31
0
  0
LINE
  5
7EA
330
1B
100
AcDbEntity
  8
B.Cu
  6
CONTINUOUS
100
AcDbLine
 10
5.180087559055119
 20
-2.8128965748031494
 30
0
 11
5.171197913385828
 21
-2.8198611811023619
 31
0
  0
LINE
  5
7EB
330
1B
100
AcDbEntity
  8
B.Cu
  6
CONTINUOUS
100
AcDbLine
 10
5.171197913385828
 20
-2.8198611811023619
 30
0
 11
5.170756653543307
 21
-2.8202521259842519
 31
0
  0
LINE
  5
7EC
330
1B
100
AcDbEntity
  8
B.Cu
  6
CONTINUOUS
100
AcDbLine
 10
5.170756653543307
 20
-2.8202521259842519
 30
0
 11
5.1627718503937015
 21
-2.8282369291338583
 31
0
  0
LINE
  5
7ED
330
1B
100
AcDbEntity
  8
B.Cu
  6
CONTINUOUS
100
AcDbLine
 10
5.1627718503937015
 20
-2.8282369291338583
 30
0
 11
5.162380905511812
 21
-2.8286781889763777
 31
0
  0
LINE
  5
7EE
330
1B
100
AcDbEntity
  8
B.Cu
  6
CONTINUOUS
100
AcDbLine
 10
5.162380905511812
 20
-2.8286781889763777
 30
0
 11
5.1554164566929135
 21
-2.8375675984251969
 31
0
  0
LINE
  5
7EF
330
1B
100
AcDbEntity
  8
B.Cu
  6
CONTINUOUS
100
AcDbLine
 10
5.1554164566929135
 20
-2.8375675984251969
 30
0
 11
5.15508157480315
 21
-2.8380527952755905
 31
0
  0
LINE
  5
7F0
330
1B
100
AcDbEntity
  8
B.Cu
  6
CONTINUOUS
100
AcDbLine
 10
5.15508157480315
 20
-2.8380527952755905
 30
0
 11
5.149239409448819
 21
-2.8477170078740155
 31
0
  0
LINE
  5
7F1
330
1B
100
AcDbEntity
  8
B.Cu
  6
CONTINUOUS
100
AcDbLine
 10
5.149239409448819
 20
-2.8477170078740155
 30
0
 11
5.1489654724409455
 21
-2.8482389370078738
 31
0
  0
LINE
  5
7F2
330
1B
100
AcDbEntity
  8
B.Cu
  6
CONTINUOUS
100
AcDbLine
 10
5.1489654724409455
 20
-2.8482389370078738
 30
0
 11
5.146081535433072
 21
-2.8546467716535431
 31
0
  0
LINE
  5
7F3
330
1B
100
AcDbEntity
  8
B.Cu
  6
CONTINUOUS
100
AcDbLine
 10
5.146081535433072
 20
-2.8546467716535431
 30
0
 11
5.14433094488189
 21
-2.858536338582677
 31
0
  0
LINE
  5
7F4
330
1B
100
AcDbEntity
  8
B.Cu
  6
CONTINUOUS
100
AcDbLine
 10
5.14433094488189
 20
-2.858536338582677
 30
0
 11
5.14412188976378
 21
-2.8590875984251967
 31
0
  0
LINE
  5
7F5
330
1B
100
AcDbEntity
  8
B.Cu
  6
CONTINUOUS
100
AcDbLine
 10
5.14412188976378
 20
-2.8590875984251967
 30
0
 11
5.140762401574803
 21
-2.8698686614173226
 31
0
  0
LINE
  5
7F6
330
1B
100
AcDbEntity
  8
B.Cu
  6
CONTINUOUS
100
AcDbLine
 10
5.140762401574803
 20
-2.8698686614173226
 30
0
 11
5.140621299212599
 21
-2.870441023622047
 31
0
  0
LINE
  5
7F7
330
1B
100
AcDbEntity
  8
B.Cu
  6
CONTINUOUS
100
AcDbLine
 10
5.140621299212599
 20
-2.870441023622047
 30
0
 11
5.1385857086614175
 21
-2.8815488188976377
 31
0
  0
LINE
  5
7F8
330
1B
100
AcDbEntity
  8
B.Cu
  6
CONTINUOUS
100
AcDbLine
 10
5.1385857086614175
 20
-2.8815488188976377
 30
0
 11
5.138514645669292
 21
-2.8821340551181103
 31
0
  0
LINE
  5
7F9
330
1B
100
AcDbEntity
  8
B.Cu
  6
CONTINUOUS
100
AcDbLine
 10
5.138514645669292
 20
-2.8821340551181103
 30
0
 11
5.137823858267717
 21
-2.893553661417323
 31
0
  0
LINE
  5
7FA
330
1B
100
AcDbEntity
  8
B.Cu
  6
CONTINUOUS
100
AcDbLine
 10
5.137823858267717
 20
-2.893553661417323
 30
0
 11
5.137814960629922
 21
-2.8938484251968504
 31
0
  0
LINE
  5
7FB
330
1B
100
AcDbEntity
  8
B.Cu
  6
CONTINUOUS
100
AcDbLine
 10
5.137814960629922
 20
-2.8938484251968504
 30
0
 11
5.137814960629922
 21
-5.0195373622047246
 31
0
  0
LINE
  5
7FC
330
1B
100
AcDbEntity
  8
B.Cu
  6
CONTINUOUS
100
AcDbLine
 10
5.137814960629922
 20
-5.0195373622047246
 30
0
 11
5.137823858267717
 21
-5.0198321259842515
 31
0
  0
LINE
  5
7FD
330
1B
100
AcDbEntity
  8
B.Cu
  6
CONTINUOUS
100
AcDbLine
 10
5.137823858267717
 20
-5.0198321259842515
 30
0
 11
5.138514645669292
 21
-5.0312517322834642
 31
0
  0
LINE
  5
7FE
330
1B
100
AcDbEntity
  8
B.Cu
  6
CONTINUOUS
100
AcDbLine
 10
5.138514645669292
 20
-5.0312517322834642
 30
0
 11
5.1385857086614175
 21
-5.0318369685039368
 31
0
  0
LINE
  5
7FF
330
1B
100
AcDbEntity
  8
B.Cu
  6
CONTINUOUS
100
AcDbLine
 10
5.1385857086614175
 20
-5.0318369685039368
 30
0
 11
5.140621299212599
 21
-5.0429447637795271
 31
0
  0
LINE
  5
800
330
1B
100
AcDbEntity
  8
B.Cu
  6
CONTINUOUS
100
AcDbLine
 10
5.140621299212599
 20
-5.0429447637795271
 30
0
 11
5.140762401574803
 21
-5.0435171259842519
 31
0
  0
LINE
  5
801
330
1B
100
AcDbEntity
  8
B.Cu
  6
CONTINUOUS
100
AcDbLine
 10
5.140762401574803
 20
-5.0435171259842519
 30
0
 11
5.14412188976378
 21
-5.0542981889763778
 31
0
  0
LINE
  5
802
330
1B
100
AcDbEntity
  8
B.Cu
  6
CONTINUOUS
100
AcDbLine
 10
5.14412188976378
 20
-5.0542981889763778
 30
0
 11
5.14433094488189
 21
-5.0548494488188975
 31
0
  0
LINE
  5
803
330
1B
100
AcDbEntity
  8
B.Cu
  6
CONTINUOUS
100
AcDbLine
 10
5.14433094488189
 20
-5.0548494488188975
 30
0
 11
5.1489654724409455
 21
-5.0651468503937007
 31
0
  0
LINE
  5
804
330
1B
100
AcDbEntity
  8
B.Cu
  6
CONTINUOUS
100
AcDbLine
 10
5.1489654724409455
 20
-5.0651468503937007
 30
0
 11
5.149239409448819
 21
-5.0656687795275586
 31
0
  0
LINE
  5
805
330
1B
100
AcDbEntity
  8
B.Cu
  6
CONTINUOUS
100
AcDbLine
 10
5.149239409448819
 20
-5.0656687795275586
 30
0
 11
5.15508157480315
 21
-5.0753329921259844
 31
0
  0
LINE
  5
806
330
1B
100
AcDbEntity
  8
B.Cu
  6
CONTINUOUS
100
AcDbLine
 10
5.15508157480315
 20
-5.0753329921259844
 30
0
 11
5.1554164566929135
 21
-5.0758181889763776
 31
0
  0
LINE
  5
807
330
1B
100
AcDbEntity
  8
B.Cu
  6
CONTINUOUS
100
AcDbLine
 10
5.1554164566929135
 20
-5.0758181889763776
 30
0
 11
5.162380905511812
 21
-5.0847075984251964
 31
0
  0
LINE
  5
808
330
1B
100
AcDbEntity
  8
B.Cu
  6
CONTINUOUS
100
AcDbLine
 10
5.162380905511812
 20
-5.0847075984251964
 30
0
 11
5.1627718503937015
 21
-5.0851488582677167
 31
0
  0
LINE
  5
809
330
1B
100
AcDbEntity
  8
B.Cu
  6
CONTINUOUS
100
AcDbLine
 10
5.1627718503937015
 20
-5.0851488582677167
 30
0
 11
5.170756653543307
 21
-5.0931336614173226
 31
0
  0
LINE
  5
80A
330
1B
100
AcDbEntity
  8
B.Cu
  6
CONTINUOUS
100
AcDbLine
 10
5.170756653543307
 20
-5.0931336614173226
 30
0
 11
5.171197913385828
 21
-5.0935246062992121
 31
0
  0
LINE
  5
80B
330
1B
100
AcDbEntity
  8
B.Cu
  6
CONTINUOUS
100
AcDbLine
 10
5.171197913385828
 20
-5.0935246062992121
 30
0
 11
5.1800873228346465
 21
-5.1004890551181097
 31
0
  0
LINE
  5
80C
330
1B
100
AcDbEntity
  8
B.Cu
  6
CONTINUOUS
100
AcDbLine
 10
5.1800873228346465
 20
-5.1004890551181097
 30
0
 11
5.18057251968504
 21
-5.1008239370078741
 31
0
  0
LINE
  5
80D
330
1B
100
AcDbEntity
  8
B.Cu
  6
CONTINUOUS
100
AcDbLine
 10
5.18057251968504
 20
-5.1008239370078741
 30
0
 11
5.1902367322834655
 21
-5.1066661023622046
 31
0
  0
LINE
  5
80E
330
1B
100
AcDbEntity
  8
B.Cu
  6
CONTINUOUS
100
AcDbLine
 10
5.1902367322834655
 20
-5.1066661023622046
 30
0
 11
5.190758661417323
 21
-5.1069400393700786
 31
0
  0
LINE
  5
80F
330
1B
100
AcDbEntity
  8
B.Cu
  6
CONTINUOUS
100
AcDbLine
 10
5.190758661417323
 20
-5.1069400393700786
 30
0
 11
5.2010560629921265
 21
-5.1115745669291339
 31
0
  0
LINE
  5
810
330
1B
100
AcDbEntity
  8
B.Cu
  6
CONTINUOUS
100
AcDbLine
 10
5.2010560629921265
 20
-5.1115745669291339
 30
0
 11
5.201607322834646
 21
-5.1117836220472439
 31
0
  0
LINE
  5
811
330
1B
100
AcDbEntity
  8
B.Cu
  6
CONTINUOUS
100
AcDbLine
 10
5.201607322834646
 20
-5.1117836220472439
 30
0
 11
5.212388385826772
 21
-5.1151431102362199
 31
0
  0
LINE
  5
812
330
1B
100
AcDbEntity
  8
B.Cu
  6
CONTINUOUS
100
AcDbLine
 10
5.212388385826772
 20
-5.1151431102362199
 30
0
 11
5.212960748031496
 21
-5.115284212598425
 31
0
  0
LINE
  5
813
330
1B
100
AcDbEntity
  8
B.Cu
  6
CONTINUOUS
100
AcDbLine
 10
5.212960748031496
 20
-5.115284212598425
 30
0
 11
5.224068543307087
 21
-5.1173198031496065
 31
0
  0
LINE
  5
814
330
1B
100
AcDbEntity
  8
B.Cu
  6
CONTINUOUS
100
AcDbLine
 10
5.224068543307087
 20
-5.1173198031496065
 30
0
 11
5.22465377952756
 21
-5.117390866141732
 31
0
  0
LINE
  5
815
330
1B
100
AcDbEntity
  8
B.Cu
  6
CONTINUOUS
100
AcDbLine
 10
5.22465377952756
 20
-5.117390866141732
 30
0
 11
5.2360733858267725
 21
-5.1180816535433067
 31
0
  0
LINE
  5
816
330
1B
100
AcDbEntity
  8
B.Cu
  6
CONTINUOUS
100
AcDbLine
 10
5.2360733858267725
 20
-5.1180816535433067
 30
0
 11
5.2363681496062995
 21
-5.1180905511811021
 31
0
  0
LINE
  5
817
330
1B
100
AcDbEntity
  8
B.Cu
  6
CONTINUOUS
100
AcDbLine
 10
5.2363681496062995
 20
-5.1180905511811021
 30
0
 11
6.574655472440945
 21
-5.1180905511811021
 31
0
  0
LINE
  5
818
330
1B
100
AcDbEntity
  8
B.Cu
  6
CONTINUOUS
100
AcDbLine
 10
6.574655472440945
 20
-5.1180905511811021
 30
0
 11
6.574950236220473
 21
-5.1180816535433067
 31
0
  0
LINE
  5
819
330
1B
100
AcDbEntity
  8
B.Cu
  6
CONTINUOUS
100
AcDbLine
 10
6.574950236220473
 20
-5.1180816535433067
 30
0
 11
6.586369881889764
 21
-5.117390866141732
 31
0
  0
LINE
  5
81A
330
1B
100
AcDbEntity
  8
B.Cu
  6
CONTINUOUS
100
AcDbLine
 10
6.586369881889764
 20
-5.117390866141732
 30
0
 11
6.586955118110237
 21
-5.1173198031496065
 31
0
  0
LINE
  5
81B
330
1B
100
AcDbEntity
  8
B.Cu
  6
CONTINUOUS
100
AcDbLine
 10
6.586955118110237
 20
-5.1173198031496065
 30
0
 11
6.598062913385827
 21
-5.115284212598425
 31
0
  0
LINE
  5
81C
330
1B
100
AcDbEntity
  8
B.Cu
  6
CONTINUOUS
100
AcDbLine
 10
6.598062913385827
 20
-5.115284212598425
 30
0
 11
6.598635275590552
 21
-5.1151431102362199
 31
0
  0
LINE
  5
81D
330
1B
100
AcDbEntity
  8
B.Cu
  6
CONTINUOUS
100
AcDbLine
 10
6.598635275590552
 20
-5.1151431102362199
 30
0
 11
6.609416338582678
 21
-5.1117836220472439
 31
0
  0
LINE
  5
81E
330
1B
100
AcDbEntity
  8
B.Cu
  6
CONTINUOUS
100
AcDbLine
 10
6.609416338582678
 20
-5.1117836220472439
 30
0
 11
6.6099674409448825
 21
-5.1115746062992127
 31
0
  0
LINE
  5
81F
330
1B
100
AcDbEntity
  8
B.Cu
  6
CONTINUOUS
100
AcDbLine
 10
6.6099674409448825
 20
-5.1115746062992127
 30
0
 11
6.6159804724409454
 21
-5.1088683464566929
 31
0
  0
LINE
  5
820
330
1B
100
AcDbEntity
  8
B.Cu
  6
CONTINUOUS
100
AcDbLine
 10
6.6159804724409454
 20
-5.1088683464566929
 30
0
 11
6.620265000000001
 21
-5.1069400393700786
 31
0
  0
LINE
  5
821
330
1B
100
AcDbEntity
  8
B.Cu
  6
CONTINUOUS
100
AcDbLine
 10
6.620265000000001
 20
-5.1069400393700786
 30
0
 11
6.620786929133859
 21
-5.1066661023622046
 31
0
  0
LINE
  5
822
330
1B
100
AcDbEntity
  8
B.Cu
  6
CONTINUOUS
100
AcDbLine
 10
6.620786929133859
 20
-5.1066661023622046
 30
0
 11
6.630451141732284
 21
-5.1008239370078741
 31
0
  0
LINE
  5
823
330
1B
100
AcDbEntity
  8
B.Cu
  6
CONTINUOUS
100
AcDbLine
 10
6.630451141732284
 20
-5.1008239370078741
 30
0
 11
6.630936338582678
 21
-5.1004890551181097
 31
0
  0
LINE
  5
824
330
1B
100
AcDbEntity
  8
B.Cu
  6
CONTINUOUS
100
AcDbLine
 10
6.630936338582678
 20
-5.1004890551181097
 30
0
 11
6.639825748031496
 21
-5.0935246062992121
 31
0
  0
LINE
  5
825
330
1B
100
AcDbEntity
  8
B.Cu
  6
CONTINUOUS
100
AcDbLine
 10
6.639825748031496
 20
-5.0935246062992121
 30
0
 11
6.640267007874016
 21
-5.0931336614173226
 31
0
  0
LINE
  5
826
330
1B
100
AcDbEntity
  8
B.Cu
  6
CONTINUOUS
100
AcDbLine
 10
6.640267007874016
 20
-5.0931336614173226
 30
0
 11
6.648251811023623
 21
-5.0851488582677167
 31
0
  0
LINE
  5
827
330
1B
100
AcDbEntity
  8
B.Cu
  6
CONTINUOUS
100
AcDbLine
 10
6.648251811023623
 20
-5.0851488582677167
 30
0
 11
6.648642755905512
 21
-5.0847075984251964
 31
0
  0
LINE
  5
828
330
1B
100
AcDbEntity
  8
B.Cu
  6
CONTINUOUS
100
AcDbLine
 10
6.648642755905512
 20
-5.0847075984251964
 30
0
 11
6.655607362204725
 21
-5.0758179527559051
 31
0
  0
LINE
  5
829
330
1B
100
AcDbEntity
  8
B.Cu
  6
CONTINUOUS
100
AcDbLine
 10
6.655607362204725
 20
-5.0758179527559051
 30
0
 11
6.655942086614174
 21
-5.0753329921259844
 31
0
  0
LINE
  5
82A
330
1B
100
AcDbEntity
  8
B.Cu
  6
CONTINUOUS
100
AcDbLine
 10
6.655942086614174
 20
-5.0753329921259844
 30
0
 11
6.661784251968505
 21
-5.0656687795275586
 31
0
  0
LINE
  5
82B
330
1B
100
AcDbEntity
  8
B.Cu
  6
CONTINUOUS
100
AcDbLine
 10
6.661784251968505
 20
-5.0656687795275586
 30
0
 11
6.662058188976379
 21
-5.0651468503937007
 31
0
  0
LINE
  5
82C
330
1B
100
AcDbEntity
  8
B.Cu
  6
CONTINUOUS
100
AcDbLine
 10
6.662058188976379
 20
-5.0651468503937007
 30
0
 11
6.662810236220473
 21
-5.0634758661417321
 31
0
  0
LINE
  5
82D
330
1B
100
AcDbEntity
  8
B.Cu
  6
CONTINUOUS
100
AcDbLine
 10
6.662810236220473
 20
-5.0634758661417321
 30
0
 11
6.666692913385827
 21
-5.0548489370078737
 31
0
  0
LINE
  5
82E
330
1B
100
AcDbEntity
  8
B.Cu
  6
CONTINUOUS
100
AcDbLine
 10
6.666692913385827
 20
-5.0548489370078737
 30
0
 11
6.666901653543308
 21
-5.0542985039370079
 31
0
  0
LINE
  5
82F
330
1B
100
AcDbEntity
  8
B.Cu
  6
CONTINUOUS
100
AcDbLine
 10
6.666901653543308
 20
-5.0542985039370079
 30
0
 11
6.670261299212599
 21
-5.0435170866141732
 31
0
  0
LINE
  5
830
330
1B
100
AcDbEntity
  8
B.Cu
  6
CONTINUOUS
100
AcDbLine
 10
6.670261299212599
 20
-5.0435170866141732
 30
0
 11
6.670402362204725
 21
-5.0429447637795271
 31
0
  0
LINE
  5
831
330
1B
100
AcDbEntity
  8
B.Cu
  6
CONTINUOUS
100
AcDbLine
 10
6.670402362204725
 20
-5.0429447637795271
 30
0
 11
6.672437952755906
 21
-5.0318369685039368
 31
0
  0
LINE
  5
832
330
1B
100
AcDbEntity
  8
B.Cu
  6
CONTINUOUS
100
AcDbLine
 10
6.672437952755906
 20
-5.0318369685039368
 30
0
 11
6.672509015748032
 21
-5.0312517322834642
 31
0
  0
LINE
  5
833
330
1B
100
AcDbEntity
  8
B.Cu
  6
CONTINUOUS
100
AcDbLine
 10
6.672509015748032
 20
-5.0312517322834642
 30
0
 11
6.673199763779528
 21
-5.0198321259842515
 31
0
  0
LINE
  5
834
330
1B
100
AcDbEntity
  8
B.Cu
  6
CONTINUOUS
100
AcDbLine
 10
6.673199763779528
 20
-5.0198321259842515
 30
0
 11
6.673208661417323
 21
-5.0195373622047246
 31
0
  0
LINE
  5
835
330
1B
100
AcDbEntity
  8
B.Cu
  6
CONTINUOUS
100
AcDbLine
 10
6.673208661417323
 20
-5.0195373622047246
 30
0
 11
6.673208661417323
 21
-5.015655433070866
 31
0
  0
LINE
  5
836
330
1B
100
AcDbEntity
  8
B.Cu
  6
CONTINUOUS
100
AcDbLine
 10
6.673208661417323
 20
-5.015655433070866
 30
0
 11
6.673208661417323
 21
-4.6641131889763781
 31
0
  0
LINE
  5
837
330
1B
100
AcDbEntity
  8
B.Cu
  6
CONTINUOUS
100
AcDbLine
 10
6.673208661417323
 20
-4.6641131889763781
 30
0
 11
6.673208661417323
 21
-3.3294880314960631
 31
0
  0
LINE
  5
838
330
1B
100
AcDbEntity
  8
B.Cu
  6
CONTINUOUS
100
AcDbLine
 10
6.673208661417323
 20
-3.3294880314960631
 30
0
 11
6.673208661417323
 21
-2.8938484251968504
 31
0
  0
LINE
  5
839
330
1B
100
AcDbEntity
  8
B.Cu
  6
CONTINUOUS
100
AcDbLine
 10
6.673208661417323
 20
-2.8938484251968504
 30
0
 11
6.673199763779528
 21
-2.893553661417323
 31
0
  0
LINE
  5
83A
330
1B
100
AcDbEntity
  8
B.Cu
  6
CONTINUOUS
100
AcDbLine
 10
6.673199763779528
 20
-2.893553661417323
 30
0
 11
6.672964921259843
 21
-2.8896711811023623
 31
0
  0
LINE
  5
83B
330
1B
100
AcDbEntity
  8
B.Cu
  6
CONTINUOUS
100
AcDbLine
 10
6.672964921259843
 20
-2.8896711811023623
 30
0
 11
6.672935472440946
 21
-2.8891846062992124
 31
0
  0
LINE
  5
83C
330
1B
100
AcDbEntity
  8
B.Cu
  6
CONTINUOUS
100
AcDbLine
 10
6.672935472440946
 20
-2.8891846062992124
 30
0
 11
6.672509015748032
 21
-2.8821340551181103
 31
0
  0
LINE
  5
83D
330
1B
100
AcDbEntity
  8
B.Cu
  6
CONTINUOUS
100
AcDbLine
 10
6.672509015748032
 20
-2.8821340551181103
 30
0
 11
6.672437952755906
 21
-2.8815488188976377
 31
0
  0
LINE
  5
83E
330
1B
100
AcDbEntity
  8
B.Cu
  6
CONTINUOUS
100
AcDbLine
 10
6.672437952755906
 20
-2.8815488188976377
 30
0
 11
6.6710630708661425
 21
-2.8740464960629919
 31
0
  0
LINE
  5
83F
330
1B
100
AcDbEntity
  8
B.Cu
  6
CONTINUOUS
100
AcDbLine
 10
6.6710630708661425
 20
-2.8740464960629919
 30
0
 11
6.670402362204725
 21
-2.8704408661417324
 31
0
  0
LINE
  5
840
330
1B
100
AcDbEntity
  8
B.Cu
  6
CONTINUOUS
100
AcDbLine
 10
6.670402362204725
 20
-2.8704408661417324
 30
0
 11
6.67026125984252
 21
-2.8698686614173226
 31
0
  0
LINE
  5
841
330
1B
100
AcDbEntity
  8
B.Cu
  6
CONTINUOUS
100
AcDbLine
 10
6.67026125984252
 20
-2.8698686614173226
 30
0
 11
6.669692362204725
 21
-2.868042992125984
 31
0
  0
LINE
  5
842
330
1B
100
AcDbEntity
  8
B.Cu
  6
CONTINUOUS
100
AcDbLine
 10
6.669692362204725
 20
-2.868042992125984
 30
0
 11
6.666901614173229
 21
-2.8590870866141733
 31
0
  0
LINE
  5
843
330
1B
100
AcDbEntity
  8
B.Cu
  6
CONTINUOUS
100
AcDbLine
 10
6.666901614173229
 20
-2.8590870866141733
 30
0
 11
6.666693031496063
 21
-2.8585370866141733
 31
0
  0
LINE
  5
844
330
1B
100
AcDbEntity
  8
B.Cu
  6
CONTINUOUS
100
AcDbLine
 10
6.666693031496063
 20
-2.8585370866141733
 30
0
 11
6.662057992125985
 21
-2.8482385039370079
 31
0
  0
LINE
  5
845
330
1B
100
AcDbEntity
  8
B.Cu
  6
CONTINUOUS
100
AcDbLine
 10
6.662057992125985
 20
-2.8482385039370079
 30
0
 11
6.661784251968505
 21
-2.8477170078740155
 31
0
  0
LINE
  5
846
330
1B
100
AcDbEntity
  8
B.Cu
  6
CONTINUOUS
100
AcDbLine
 10
6.661784251968505
 20
-2.8477170078740155
 30
0
 11
6.6586304724409455
 21
-2.8424999999999998
 31
0
  0
LINE
  5
847
330
1B
100
AcDbEntity
  8
B.Cu
  6
CONTINUOUS
100
AcDbLine
 10
6.6586304724409455
 20
-2.8424999999999998
 30
0
 11
6.655941929133859
 21
-2.8380525196850392
 31
0
  0
LINE
  5
848
330
1B
100
AcDbEntity
  8
B.Cu
  6
CONTINUOUS
100
AcDbLine
 10
6.655941929133859
 20
-2.8380525196850392
 30
0
 11
6.655607598425197
 21
-2.8375681102362202
 31
0
  0
LINE
  5
849
330
1B
100
AcDbEntity
  8
B.Cu
  6
CONTINUOUS
100
AcDbLine
 10
6.655607598425197
 20
-2.8375681102362202
 30
0
 11
6.648642480314961
 21
-2.8286778346456694
 31
0
  0
LINE
  5
84A
330
1B
100
AcDbEntity
  8
B.Cu
  6
CONTINUOUS
100
AcDbLine
 10
6.648642480314961
 20
-2.8286778346456694
 30
0
 11
6.648252125984253
 21
-2.8282372440944883
 31
0
  0
LINE
  5
84B
330
1B
100
AcDbEntity
  8
B.Cu
  6
CONTINUOUS
100
AcDbLine
 10
6.648252125984253
 20
-2.8282372440944883
 30
0
 11
6.640266692913387
 21
-2.8202518110236219
 31
0
  0
LINE
  5
84C
330
1B
100
AcDbEntity
  8
B.Cu
  6
CONTINUOUS
100
AcDbLine
 10
6.640266692913387
 20
-2.8202518110236219
 30
0
 11
6.639826102362205
 21
-2.8198614566929132
 31
0
  0
LINE
  5
84D
330
1B
100
AcDbEntity
  8
B.Cu
  6
CONTINUOUS
100
AcDbLine
 10
6.639826102362205
 20
-2.8198614566929132
 30
0
 11
6.630935826771654
 21
-2.8128963385826773
 31
0
  0
LINE
  5
84E
330
1B
100
AcDbEntity
  8
B.Cu
  6
CONTINUOUS
100
AcDbLine
 10
6.630935826771654
 20
-2.8128963385826773
 30
0
 11
6.630451417322835
 21
-2.8125620078740159
 31
0
  0
LINE
  5
84F
330
1B
100
AcDbEntity
  8
B.Cu
  6
CONTINUOUS
100
AcDbLine
 10
6.630451417322835
 20
-2.8125620078740159
 30
0
 11
6.620786929133859
 21
-2.8067196850393699
 31
0
  0
LINE
  5
850
330
1B
100
AcDbEntity
  8
B.Cu
  6
CONTINUOUS
100
AcDbLine
 10
6.620786929133859
 20
-2.8067196850393699
 30
0
 11
6.620265433070867
 21
-2.8064459448818897
 31
0
  0
LINE
  5
851
330
1B
100
AcDbEntity
  8
B.Cu
  6
CONTINUOUS
100
AcDbLine
 10
6.620265433070867
 20
-2.8064459448818897
 30
0
 11
6.609966850393701
 21
-2.801810905511811
 31
0
  0
LINE
  5
852
330
1B
100
AcDbEntity
  8
B.Cu
  6
CONTINUOUS
100
AcDbLine
 10
6.609966850393701
 20
-2.801810905511811
 30
0
 11
6.609416850393702
 21
-2.8016023228346456
 31
0
  0
LINE
  5
853
330
1B
100
AcDbEntity
  8
B.Cu
  6
CONTINUOUS
100
AcDbLine
 10
6.609416850393702
 20
-2.8016023228346456
 30
0
 11
6.598635118110237
 21
-2.7982425984251966
 31
0
  0
LINE
  5
854
330
1B
100
AcDbEntity
  8
B.Cu
  6
CONTINUOUS
100
AcDbLine
 10
6.598635118110237
 20
-2.7982425984251966
 30
0
 11
6.598063070866142
 21
-2.7981015748031495
 31
0
  0
LINE
  5
855
330
1B
100
AcDbEntity
  8
B.Cu
  6
CONTINUOUS
100
AcDbLine
 10
6.598063070866142
 20
-2.7981015748031495
 30
0
 11
6.586954960629922
 21
-2.7960659448818896
 31
0
  0
LINE
  5
856
330
1B
100
AcDbEntity
  8
B.Cu
  6
CONTINUOUS
100
AcDbLine
 10
6.586954960629922
 20
-2.7960659448818896
 30
0
 11
6.586370039370079
 21
-2.7959949212598425
 31
0
  0
LINE
  5
857
330
1B
100
AcDbEntity
  8
B.Cu
  6
CONTINUOUS
100
AcDbLine
 10
6.586370039370079
 20
-2.7959949212598425
 30
0
 11
6.574950236220473
 21
-2.7953041732283466
 31
0
  0
LINE
  5
858
330
1B
100
AcDbEntity
  8
B.Cu
  6
CONTINUOUS
100
AcDbLine
 10
6.574950236220473
 20
-2.7953041732283466
 30
0
 11
6.574655472440945
 21
-2.7952952755905511
 31
0
  0
LINE
  5
859
330
1B
100
AcDbEntity
  8
B.Cu
  6
CONTINUOUS
100
AcDbLine
 10
6.574655472440945
 20
-2.7952952755905511
 30
0
 11
6.572208976377953
 21
-2.7952952755905511
 31
0
  0
LINE
  5
85A
330
1B
100
AcDbEntity
  8
B.Cu
  6
CONTINUOUS
100
AcDbLine
 10
6.572208976377953
 20
-2.7952952755905511
 30
0
 11
5.238814645669292
 21
-2.7952952755905511
 31
0
  0
LINE
  5
85B
330
1B
100
AcDbEntity
  8
B.Cu
  6
CONTINUOUS
100
AcDbLine
 10
5.238814645669292
 20
-2.7952952755905511
 30
0
 11
5.2363681496062995
 21
-2.7952952755905511
 31
0
  0
LINE
  5
85C
330
1B
100
AcDbEntity
  8
B.Cu
  6
CONTINUOUS
100
AcDbLine
 10
5.2363681496062995
 20
-2.7952952755905511
 30
0
 11
5.2360733858267725
 21
-2.7953041732283466
 31
0
  0
LINE
  5
85D
330
1B
100
AcDbEntity
  8
B.Cu
  6
CONTINUOUS
100
AcDbLine
 10
6.561952047244095
 20
-3.3348158267716537
 30
0
 11
6.561951929133858
 21
-3.3348162204724408
 31
0
  0
LINE
  5
85E
330
1B
100
AcDbEntity
  8
B.Cu
  6
CONTINUOUS
100
AcDbLine
 10
6.561951929133858
 20
-3.3348162204724408
 30
0
 11
6.559873149606299
 21
-3.3398349212598424
 31
0
  0
LINE
  5
85F
330
1B
100
AcDbEntity
  8
B.Cu
  6
CONTINUOUS
100
AcDbLine
 10
6.559873149606299
 20
-3.3398349212598424
 30
0
 11
6.5568548425196855
 21
-3.3443521653543304
 31
0
  0
LINE
  5
860
330
1B
100
AcDbEntity
  8
B.Cu
  6
CONTINUOUS
100
AcDbLine
 10
6.5568548425196855
 20
-3.3443521653543304
 30
0
 11
6.556854803149607
 21
-3.3443522047244092
 31
0
  0
LINE
  5
861
330
1B
100
AcDbEntity
  8
B.Cu
  6
CONTINUOUS
100
AcDbLine
 10
6.556854803149607
 20
-3.3443522047244092
 30
0
 11
6.466016496062992
 21
-3.435190472440945
 31
0
  0
LINE
  5
862
330
1B
100
AcDbEntity
  8
B.Cu
  6
CONTINUOUS
100
AcDbLine
 10
6.466016496062992
 20
-3.435190472440945
 30
0
 11
6.464698188976379
 21
-3.4376047637795275
 31
0
  0
LINE
  5
863
330
1B
100
AcDbEntity
  8
B.Cu
  6
CONTINUOUS
100
AcDbLine
 10
6.464698188976379
 20
-3.4376047637795275
 30
0
 11
6.464586614173228
 21
-3.4386424803149604
 31
0
  0
LINE
  5
864
330
1B
100
AcDbEntity
  8
B.Cu
  6
CONTINUOUS
100
AcDbLine
 10
6.464586614173228
 20
-3.4386424803149604
 30
0
 11
6.464586614173228
 21
-4.4264175590551176
 31
0
  0
LINE
  5
865
330
1B
100
AcDbEntity
  8
B.Cu
  6
CONTINUOUS
100
AcDbLine
 10
6.464586614173228
 20
-4.4264175590551176
 30
0
 11
6.464586614173228
 21
-4.4318501574803149
 31
0
  0
LINE
  5
866
330
1B
100
AcDbEntity
  8
B.Cu
  6
CONTINUOUS
100
AcDbLine
 10
6.464586614173228
 20
-4.4318501574803149
 30
0
 11
6.464586614173228
 21
-4.4318502362204724
 31
0
  0
LINE
  5
867
330
1B
100
AcDbEntity
  8
B.Cu
  6
CONTINUOUS
100
AcDbLine
 10
6.464586614173228
 20
-4.4318502362204724
 30
0
 11
6.464586653543307
 21
-4.4318502362204724
 31
0
  0
LINE
  5
868
330
1B
100
AcDbEntity
  8
B.Cu
  6
CONTINUOUS
100
AcDbLine
 10
6.464586653543307
 20
-4.4318502362204724
 30
0
 11
6.463526850393701
 21
-4.4371780314960629
 31
0
  0
LINE
  5
869
330
1B
100
AcDbEntity
  8
B.Cu
  6
CONTINUOUS
100
AcDbLine
 10
6.463526850393701
 20
-4.4371780314960629
 30
0
 11
6.463526732283465
 21
-4.4371784251968505
 31
0
  0
LINE
  5
86A
330
1B
100
AcDbEntity
  8
B.Cu
  6
CONTINUOUS
100
AcDbLine
 10
6.463526732283465
 20
-4.4371784251968505
 30
0
 11
6.461447952755906
 21
-4.4421971259842516
 31
0
  0
LINE
  5
86B
330
1B
100
AcDbEntity
  8
B.Cu
  6
CONTINUOUS
100
AcDbLine
 10
6.461447952755906
 20
-4.4421971259842516
 30
0
 11
6.458429645669292
 21
-4.4467143700787402
 31
0
  0
LINE
  5
86C
330
1B
100
AcDbEntity
  8
B.Cu
  6
CONTINUOUS
100
AcDbLine
 10
6.458429645669292
 20
-4.4467143700787402
 30
0
 11
6.458429606299213
 21
-4.4467144094488189
 31
0
  0
LINE
  5
86D
330
1B
100
AcDbEntity
  8
B.Cu
  6
CONTINUOUS
100
AcDbLine
 10
6.458429606299213
 20
-4.4467144094488189
 30
0
 11
6.399374566929135
 21
-4.50576937007874
 31
0
  0
LINE
  5
86E
330
1B
100
AcDbEntity
  8
B.Cu
  6
CONTINUOUS
100
AcDbLine
 10
6.399374566929135
 20
-4.50576937007874
 30
0
 11
6.395533228346457
 21
-4.509610708661417
 31
0
  0
LINE
  5
86F
330
1B
100
AcDbEntity
  8
B.Cu
  6
CONTINUOUS
100
AcDbLine
 10
6.395533228346457
 20
-4.509610708661417
 30
0
 11
6.3955331102362205
 21
-4.5096108267716533
 31
0
  0
LINE
  5
870
330
1B
100
AcDbEntity
  8
B.Cu
  6
CONTINUOUS
100
AcDbLine
 10
6.3955331102362205
 20
-4.5096108267716533
 30
0
 11
6.391016456692914
 21
-4.5126287795275593
 31
0
  0
LINE
  5
871
330
1B
100
AcDbEntity
  8
B.Cu
  6
CONTINUOUS
100
AcDbLine
 10
6.391016456692914
 20
-4.5126287795275593
 30
0
 11
6.391016299212599
 21
-4.5126288582677168
 31
0
  0
LINE
  5
872
330
1B
100
AcDbEntity
  8
B.Cu
  6
CONTINUOUS
100
AcDbLine
 10
6.391016299212599
 20
-4.5126288582677168
 30
0
 11
6.391016181102363
 21
-4.5126289370078743
 31
0
  0
LINE
  5
873
330
1B
100
AcDbEntity
  8
B.Cu
  6
CONTINUOUS
100
AcDbLine
 10
6.391016181102363
 20
-4.5126289370078743
 30
0
 11
6.3880761417322836
 21
-4.5138467322834641
 31
0
  0
LINE
  5
874
330
1B
100
AcDbEntity
  8
B.Cu
  6
CONTINUOUS
100
AcDbLine
 10
6.3880761417322836
 20
-4.5138467322834641
 30
0
 11
6.388076102362205
 21
-4.5138467322834641
 31
0
  0
LINE
  5
875
330
1B
100
AcDbEntity
  8
B.Cu
  6
CONTINUOUS
100
AcDbLine
 10
6.388076102362205
 20
-4.5138467322834641
 30
0
 11
6.388076023622047
 21
-4.5138468110236216
 31
0
  0
LINE
  5
876
330
1B
100
AcDbEntity
  8
B.Cu
  6
CONTINUOUS
100
AcDbLine
 10
6.388076023622047
 20
-4.5138468110236216
 30
0
 11
6.385997401574803
 21
-4.5147077952755907
 31
0
  0
LINE
  5
877
330
1B
100
AcDbEntity
  8
B.Cu
  6
CONTINUOUS
100
AcDbLine
 10
6.385997401574803
 20
-4.5147077952755907
 30
0
 11
6.38599720472441
 21
-4.5147078740157482
 31
0
  0
LINE
  5
878
330
1B
100
AcDbEntity
  8
B.Cu
  6
CONTINUOUS
100
AcDbLine
 10
6.38599720472441
 20
-4.5147078740157482
 30
0
 11
6.385996850393702
 21
-4.514707913385827
 31
0
  0
LINE
  5
879
330
1B
100
AcDbEntity
  8
B.Cu
  6
CONTINUOUS
100
AcDbLine
 10
6.385996850393702
 20
-4.514707913385827
 30
0
 11
6.385996811023623
 21
-4.5147079527559058
 31
0
  0
LINE
  5
87A
330
1B
100
AcDbEntity
  8
B.Cu
  6
CONTINUOUS
100
AcDbLine
 10
6.385996811023623
 20
-4.5147079527559058
 30
0
 11
6.3849391732283465
 21
-4.5149183070866137
 31
0
  0
LINE
  5
87B
330
1B
100
AcDbEntity
  8
B.Cu
  6
CONTINUOUS
100
AcDbLine
 10
6.3849391732283465
 20
-4.5149183070866137
 30
0
 11
6.384938937007875
 21
-4.5149183464566924
 31
0
  0
LINE
  5
87C
330
1B
100
AcDbEntity
  8
B.Cu
  6
CONTINUOUS
100
AcDbLine
 10
6.384938937007875
 20
-4.5149183464566924
 30
0
 11
6.384937362204725
 21
-4.5149186614173225
 31
0
  0
LINE
  5
87D
330
1B
100
AcDbEntity
  8
B.Cu
  6
CONTINUOUS
100
AcDbLine
 10
6.384937362204725
 20
-4.5149186614173225
 30
0
 11
6.381380433070866
 21
-4.5156261811023617
 31
0
  0
LINE
  5
87E
330
1B
100
AcDbEntity
  8
B.Cu
  6
CONTINUOUS
100
AcDbLine
 10
6.381380433070866
 20
-4.5156261811023617
 30
0
 11
6.380669055118111
 21
-4.5157677165354331
 31
0
  0
LINE
  5
87F
330
1B
100
AcDbEntity
  8
B.Cu
  6
CONTINUOUS
100
AcDbLine
 10
6.380669055118111
 20
-4.5157677165354331
 30
0
 11
6.380669015748032
 21
-4.5157677165354331
 31
0
  0
LINE
  5
880
330
1B
100
AcDbEntity
  8
B.Cu
  6
CONTINUOUS
100
AcDbLine
 10
6.380669015748032
 20
-4.5157677165354331
 30
0
 11
6.198071023622048
 21
-4.5157677165354331
 31
0
  0
LINE
  5
881
330
1B
100
AcDbEntity
  8
B.Cu
  6
CONTINUOUS
100
AcDbLine
 10
6.198071023622048
 20
-4.5157677165354331
 30
0
 11
6.193800905511812
 21
-4.5149183070866137
 31
0
  0
LINE
  5
882
330
1B
100
AcDbEntity
  8
B.Cu
  6
CONTINUOUS
100
AcDbLine
 10
6.193800905511812
 20
-4.5149183070866137
 30
0
 11
6.192742992125985
 21
-4.5147078740157482
 31
0
  0
LINE
  5
883
330
1B
100
AcDbEntity
  8
B.Cu
  6
CONTINUOUS
100
AcDbLine
 10
6.192742992125985
 20
-4.5147078740157482
 30
0
 11
6.190233503937009
 21
-4.5136683858267714
 31
0
  0
LINE
  5
884
330
1B
100
AcDbEntity
  8
B.Cu
  6
CONTINUOUS
100
AcDbLine
 10
6.190233503937009
 20
-4.5136683858267714
 30
0
 11
6.187724133858268
 21
-4.5126290157480318
 31
0
  0
LINE
  5
885
330
1B
100
AcDbEntity
  8
B.Cu
  6
CONTINUOUS
100
AcDbLine
 10
6.187724133858268
 20
-4.5126290157480318
 30
0
 11
6.187724094488189
 21
-4.512628976377953
 31
0
  0
LINE
  5
886
330
1B
100
AcDbEntity
  8
B.Cu
  6
CONTINUOUS
100
AcDbLine
 10
6.187724094488189
 20
-4.512628976377953
 30
0
 11
6.187723976377953
 21
-4.5126289370078743
 31
0
  0
LINE
  5
887
330
1B
100
AcDbEntity
  8
B.Cu
  6
CONTINUOUS
100
AcDbLine
 10
6.187723976377953
 20
-4.5126289370078743
 30
0
 11
6.183206968503938
 21
-4.5096107874015745
 31
0
  0
LINE
  5
888
330
1B
100
AcDbEntity
  8
B.Cu
  6
CONTINUOUS
100
AcDbLine
 10
6.183206968503938
 20
-4.5096107874015745
 30
0
 11
6.1340900000000005
 21
-4.4604938188976373
 31
0
  0
LINE
  5
889
330
1B
100
AcDbEntity
  8
B.Cu
  6
CONTINUOUS
100
AcDbLine
 10
6.1340900000000005
 20
-4.4604938188976373
 30
0
 11
6.131071850393702
 21
-4.4559768110236222
 31
0
  0
LINE
  5
88A
330
1B
100
AcDbEntity
  8
B.Cu
  6
CONTINUOUS
100
AcDbLine
 10
6.131071850393702
 20
-4.4559768110236222
 30
0
 11
6.128992913385828
 21
-4.4509577952755901
 31
0
  0
LINE
  5
88B
330
1B
100
AcDbEntity
  8
B.Cu
  6
CONTINUOUS
100
AcDbLine
 10
6.128992913385828
 20
-4.4509577952755901
 30
0
 11
6.128646102362205
 21
-4.4492141732283468
 31
0
  0
LINE
  5
88C
330
1B
100
AcDbEntity
  8
B.Cu
  6
CONTINUOUS
100
AcDbLine
 10
6.128646102362205
 20
-4.4492141732283468
 30
0
 11
6.127933070866142
 21
-4.4456297637795279
 31
0
  0
LINE
  5
88D
330
1B
100
AcDbEntity
  8
B.Cu
  6
CONTINUOUS
100
AcDbLine
 10
6.127933070866142
 20
-4.4456297637795279
 30
0
 11
6.127933070866142
 21
-4.4202109055118113
 31
0
  0
LINE
  5
88E
330
1B
100
AcDbEntity
  8
B.Cu
  6
CONTINUOUS
100
AcDbLine
 10
6.127933070866142
 20
-4.4202109055118113
 30
0
 11
6.127158070866142
 21
-4.4175715748031497
 31
0
  0
LINE
  5
88F
330
1B
100
AcDbEntity
  8
B.Cu
  6
CONTINUOUS
100
AcDbLine
 10
6.127158070866142
 20
-4.4175715748031497
 30
0
 11
6.126503110236221
 21
-4.4167588188976374
 31
0
  0
LINE
  5
890
330
1B
100
AcDbEntity
  8
B.Cu
  6
CONTINUOUS
100
AcDbLine
 10
6.126503110236221
 20
-4.4167588188976374
 30
0
 11
6.125833267716536
 21
-4.4160889763779529
 31
0
  0
LINE
  5
891
330
1B
100
AcDbEntity
  8
B.Cu
  6
CONTINUOUS
100
AcDbLine
 10
6.125833267716536
 20
-4.4160889763779529
 30
0
 11
6.125833188976379
 21
-4.4160888976377954
 31
0
  0
LINE
  5
892
330
1B
100
AcDbEntity
  8
B.Cu
  6
CONTINUOUS
100
AcDbLine
 10
6.125833188976379
 20
-4.4160888976377954
 30
0
 11
6.121651732283465
 21
-4.409830866141732
 31
0
  0
LINE
  5
893
330
1B
100
AcDbEntity
  8
B.Cu
  6
CONTINUOUS
100
AcDbLine
 10
6.121651732283465
 20
-4.409830866141732
 30
0
 11
6.118771496062992
 21
-4.4028773228346454
 31
0
  0
LINE
  5
894
330
1B
100
AcDbEntity
  8
B.Cu
  6
CONTINUOUS
100
AcDbLine
 10
6.118771496062992
 20
-4.4028773228346454
 30
0
 11
6.1173031496062995
 21
-4.3954955118110233
 31
0
  0
LINE
  5
895
330
1B
100
AcDbEntity
  8
B.Cu
  6
CONTINUOUS
100
AcDbLine
 10
6.1173031496062995
 20
-4.3954955118110233
 30
0
 11
6.1173031496062995
 21
-4.3541107874015745
 31
0
  0
LINE
  5
896
330
1B
100
AcDbEntity
  8
B.Cu
  6
CONTINUOUS
100
AcDbLine
 10
6.1173031496062995
 20
-4.3541107874015745
 30
0
 11
6.1173031496062995
 21
-4.3541106692913383
 31
0
  0
LINE
  5
897
330
1B
100
AcDbEntity
  8
B.Cu
  6
CONTINUOUS
100
AcDbLine
 10
6.1173031496062995
 20
-4.3541106692913383
 30
0
 11
6.1187714566929134
 21
-4.3467291732283462
 31
0
  0
LINE
  5
898
330
1B
100
AcDbEntity
  8
B.Cu
  6
CONTINUOUS
100
AcDbLine
 10
6.1187714566929134
 20
-4.3467291732283462
 30
0
 11
6.118771496062992
 21
-4.3467291338582674
 31
0
  0
LINE
  5
899
330
1B
100
AcDbEntity
  8
B.Cu
  6
CONTINUOUS
100
AcDbLine
 10
6.118771496062992
 20
-4.3467291338582674
 30
0
 11
6.118771496062992
 21
-4.3467289763779524
 31
0
  0
LINE
  5
89A
330
1B
100
AcDbEntity
  8
B.Cu
  6
CONTINUOUS
100
AcDbLine
 10
6.118771496062992
 20
-4.3467289763779524
 30
0
 11
6.121168070866142
 21
-4.3409430708661416
 31
0
  0
LINE
  5
89B
330
1B
100
AcDbEntity
  8
B.Cu
  6
CONTINUOUS
100
AcDbLine
 10
6.121168070866142
 20
-4.3409430708661416
 30
0
 11
6.121651653543307
 21
-4.339775551181102
 31
0
  0
LINE
  5
89C
330
1B
100
AcDbEntity
  8
B.Cu
  6
CONTINUOUS
100
AcDbLine
 10
6.121651653543307
 20
-4.339775551181102
 30
0
 11
6.125833267716536
 21
-4.333517283464567
 31
0
  0
LINE
  5
89D
330
1B
100
AcDbEntity
  8
B.Cu
  6
CONTINUOUS
100
AcDbLine
 10
6.125833267716536
 20
-4.333517283464567
 30
0
 11
6.131155118110237
 21
-4.3281954330708663
 31
0
  0
LINE
  5
89E
330
1B
100
AcDbEntity
  8
B.Cu
  6
CONTINUOUS
100
AcDbLine
 10
6.131155118110237
 20
-4.3281954330708663
 30
0
 11
6.137413385826772
 21
-4.3240138188976376
 31
0
  0
LINE
  5
89F
330
1B
100
AcDbEntity
  8
B.Cu
  6
CONTINUOUS
100
AcDbLine
 10
6.137413385826772
 20
-4.3240138188976376
 30
0
 11
6.1443666141732285
 21
-4.3211337401574799
 31
0
  0
LINE
  5
8A0
330
1B
100
AcDbEntity
  8
B.Cu
  6
CONTINUOUS
100
AcDbLine
 10
6.1443666141732285
 20
-4.3211337401574799
 30
0
 11
6.144367007874016
 21
-4.3211336220472436
 31
0
  0
LINE
  5
8A1
330
1B
100
AcDbEntity
  8
B.Cu
  6
CONTINUOUS
100
AcDbLine
 10
6.144367007874016
 20
-4.3211336220472436
 30
0
 11
6.151748503937008
 21
-4.3196653543307084
 31
0
  0
LINE
  5
8A2
330
1B
100
AcDbEntity
  8
B.Cu
  6
CONTINUOUS
100
AcDbLine
 10
6.151748503937008
 20
-4.3196653543307084
 30
0
 11
6.151748582677166
 21
-4.3196653543307084
 31
0
  0
LINE
  5
8A3
330
1B
100
AcDbEntity
  8
B.Cu
  6
CONTINUOUS
100
AcDbLine
 10
6.151748582677166
 20
-4.3196653543307084
 30
0
 11
6.159275039370079
 21
-4.3196653543307084
 31
0
  0
LINE
  5
8A4
330
1B
100
AcDbEntity
  8
B.Cu
  6
CONTINUOUS
100
AcDbLine
 10
6.159275039370079
 20
-4.3196653543307084
 30
0
 11
6.159275118110236
 21
-4.3196653543307084
 31
0
  0
LINE
  5
8A5
330
1B
100
AcDbEntity
  8
B.Cu
  6
CONTINUOUS
100
AcDbLine
 10
6.159275118110236
 20
-4.3196653543307084
 30
0
 11
6.166656653543307
 21
-4.3211336220472436
 31
0
  0
LINE
  5
8A6
330
1B
100
AcDbEntity
  8
B.Cu
  6
CONTINUOUS
100
AcDbLine
 10
6.166656653543307
 20
-4.3211336220472436
 30
0
 11
6.166657047244095
 21
-4.3211337401574799
 31
0
  0
LINE
  5
8A7
330
1B
100
AcDbEntity
  8
B.Cu
  6
CONTINUOUS
100
AcDbLine
 10
6.166657047244095
 20
-4.3211337401574799
 30
0
 11
6.173610275590551
 21
-4.3240138188976376
 31
0
  0
LINE
  5
8A8
330
1B
100
AcDbEntity
  8
B.Cu
  6
CONTINUOUS
100
AcDbLine
 10
6.173610275590551
 20
-4.3240138188976376
 30
0
 11
6.179868543307087
 21
-4.3281954330708663
 31
0
  0
LINE
  5
8A9
330
1B
100
AcDbEntity
  8
B.Cu
  6
CONTINUOUS
100
AcDbLine
 10
6.179868543307087
 20
-4.3281954330708663
 30
0
 11
6.185190393700788
 21
-4.333517283464567
 31
0
  0
LINE
  5
8AA
330
1B
100
AcDbEntity
  8
B.Cu
  6
CONTINUOUS
100
AcDbLine
 10
6.185190393700788
 20
-4.333517283464567
 30
0
 11
6.189372007874017
 21
-4.339775551181102
 31
0
  0
LINE
  5
8AB
330
1B
100
AcDbEntity
  8
B.Cu
  6
CONTINUOUS
100
AcDbLine
 10
6.189372007874017
 20
-4.339775551181102
 30
0
 11
6.1922520866141735
 21
-4.3467287795275587
 31
0
  0
LINE
  5
8AC
330
1B
100
AcDbEntity
  8
B.Cu
  6
CONTINUOUS
100
AcDbLine
 10
6.1922520866141735
 20
-4.3467287795275587
 30
0
 11
6.19225220472441
 21
-4.3467291732283462
 31
0
  0
LINE
  5
8AD
330
1B
100
AcDbEntity
  8
B.Cu
  6
CONTINUOUS
100
AcDbLine
 10
6.19225220472441
 20
-4.3467291732283462
 30
0
 11
6.193720472440945
 21
-4.3541106692913383
 31
0
  0
LINE
  5
8AE
330
1B
100
AcDbEntity
  8
B.Cu
  6
CONTINUOUS
100
AcDbLine
 10
6.193720472440945
 20
-4.3541106692913383
 30
0
 11
6.193720472440945
 21
-4.3541107874015745
 31
0
  0
LINE
  5
8AF
330
1B
100
AcDbEntity
  8
B.Cu
  6
CONTINUOUS
100
AcDbLine
 10
6.193720472440945
 20
-4.3541107874015745
 30
0
 11
6.193720472440945
 21
-4.3954955118110233
 31
0
  0
LINE
  5
8B0
330
1B
100
AcDbEntity
  8
B.Cu
  6
CONTINUOUS
100
AcDbLine
 10
6.193720472440945
 20
-4.3954955118110233
 30
0
 11
6.193720472440945
 21
-4.3954955905511808
 31
0
  0
LINE
  5
8B1
330
1B
100
AcDbEntity
  8
B.Cu
  6
CONTINUOUS
100
AcDbLine
 10
6.193720472440945
 20
-4.3954955905511808
 30
0
 11
6.193720511811024
 21
-4.3954955905511808
 31
0
  0
LINE
  5
8B2
330
1B
100
AcDbEntity
  8
B.Cu
  6
CONTINUOUS
100
AcDbLine
 10
6.193720511811024
 20
-4.3954955905511808
 30
0
 11
6.19225220472441
 21
-4.4028770866141729
 31
0
  0
LINE
  5
8B3
330
1B
100
AcDbEntity
  8
B.Cu
  6
CONTINUOUS
100
AcDbLine
 10
6.19225220472441
 20
-4.4028770866141729
 30
0
 11
6.1922520866141735
 21
-4.4028774803149604
 31
0
  0
LINE
  5
8B4
330
1B
100
AcDbEntity
  8
B.Cu
  6
CONTINUOUS
100
AcDbLine
 10
6.1922520866141735
 20
-4.4028774803149604
 30
0
 11
6.189372007874017
 21
-4.409830708661417
 31
0
  0
LINE
  5
8B5
330
1B
100
AcDbEntity
  8
B.Cu
  6
CONTINUOUS
100
AcDbLine
 10
6.189372007874017
 20
-4.409830708661417
 30
0
 11
6.185190393700788
 21
-4.4160889763779529
 31
0
  0
LINE
  5
8B6
330
1B
100
AcDbEntity
  8
B.Cu
  6
CONTINUOUS
100
AcDbLine
 10
6.185190393700788
 20
-4.4160889763779529
 30
0
 11
6.184520511811024
 21
-4.4167588188976374
 31
0
  0
LINE
  5
8B7
330
1B
100
AcDbEntity
  8
B.Cu
  6
CONTINUOUS
100
AcDbLine
 10
6.184520511811024
 20
-4.4167588188976374
 30
0
 11
6.183202125984252
 21
-4.4191730708661412
 31
0
  0
LINE
  5
8B8
330
1B
100
AcDbEntity
  8
B.Cu
  6
CONTINUOUS
100
AcDbLine
 10
6.183202125984252
 20
-4.4191730708661412
 30
0
 11
6.1830905511811025
 21
-4.4202109055118113
 31
0
  0
LINE
  5
8B9
330
1B
100
AcDbEntity
  8
B.Cu
  6
CONTINUOUS
100
AcDbLine
 10
6.1830905511811025
 20
-4.4202109055118113
 30
0
 11
6.1830905511811025
 21
-4.4294677559055113
 31
0
  0
LINE
  5
8BA
330
1B
100
AcDbEntity
  8
B.Cu
  6
CONTINUOUS
100
AcDbLine
 10
6.1830905511811025
 20
-4.4294677559055113
 30
0
 11
6.1838655511811025
 21
-4.432107086614173
 31
0
  0
LINE
  5
8BB
330
1B
100
AcDbEntity
  8
B.Cu
  6
CONTINUOUS
100
AcDbLine
 10
6.1838655511811025
 20
-4.432107086614173
 30
0
 11
6.184520433070866
 21
-4.4329197637795277
 31
0
  0
LINE
  5
8BC
330
1B
100
AcDbEntity
  8
B.Cu
  6
CONTINUOUS
100
AcDbLine
 10
6.184520433070866
 20
-4.4329197637795277
 30
0
 11
6.210781023622047
 21
-4.4591803543307087
 31
0
  0
LINE
  5
8BD
330
1B
100
AcDbEntity
  8
B.Cu
  6
CONTINUOUS
100
AcDbLine
 10
6.210781023622047
 20
-4.4591803543307087
 30
0
 11
6.213195314960631
 21
-4.460498661417323
 31
0
  0
LINE
  5
8BE
330
1B
100
AcDbEntity
  8
B.Cu
  6
CONTINUOUS
100
AcDbLine
 10
6.213195314960631
 20
-4.460498661417323
 30
0
 11
6.214233031496064
 21
-4.4606102362204725
 31
0
  0
LINE
  5
8BF
330
1B
100
AcDbEntity
  8
B.Cu
  6
CONTINUOUS
100
AcDbLine
 10
6.214233031496064
 20
-4.4606102362204725
 30
0
 11
6.364507165354331
 21
-4.4606102362204725
 31
0
  0
LINE
  5
8C0
330
1B
100
AcDbEntity
  8
B.Cu
  6
CONTINUOUS
100
AcDbLine
 10
6.364507165354331
 20
-4.4606102362204725
 30
0
 11
6.367146496062992
 21
-4.4598352362204725
 31
0
  0
LINE
  5
8C1
330
1B
100
AcDbEntity
  8
B.Cu
  6
CONTINUOUS
100
AcDbLine
 10
6.367146496062992
 20
-4.4598352362204725
 30
0
 11
6.367959173228347
 21
-4.4591803543307087
 31
0
  0
LINE
  5
8C2
330
1B
100
AcDbEntity
  8
B.Cu
  6
CONTINUOUS
100
AcDbLine
 10
6.367959173228347
 20
-4.4591803543307087
 30
0
 11
6.407999251968504
 21
-4.4191402362204721
 31
0
  0
LINE
  5
8C3
330
1B
100
AcDbEntity
  8
B.Cu
  6
CONTINUOUS
100
AcDbLine
 10
6.407999251968504
 20
-4.4191402362204721
 30
0
 11
6.409317559055118
 21
-4.4167259448818896
 31
0
  0
LINE
  5
8C4
330
1B
100
AcDbEntity
  8
B.Cu
  6
CONTINUOUS
100
AcDbLine
 10
6.409317559055118
 20
-4.4167259448818896
 30
0
 11
6.409429133858268
 21
-4.4156882283464567
 31
0
  0
LINE
  5
8C5
330
1B
100
AcDbEntity
  8
B.Cu
  6
CONTINUOUS
100
AcDbLine
 10
6.409429133858268
 20
-4.4156882283464567
 30
0
 11
6.409429133858268
 21
-3.5263384251968501
 31
0
  0
LINE
  5
8C6
330
1B
100
AcDbEntity
  8
B.Cu
  6
CONTINUOUS
100
AcDbLine
 10
6.409429133858268
 20
-3.5263384251968501
 30
0
 11
6.409429133858268
 21
-3.4224804724409448
 31
0
  0
LINE
  5
8C7
330
1B
100
AcDbEntity
  8
B.Cu
  6
CONTINUOUS
100
AcDbLine
 10
6.409429133858268
 20
-3.4224804724409448
 30
0
 11
6.410488937007875
 21
-3.4171526377952754
 31
0
  0
LINE
  5
8C8
330
1B
100
AcDbEntity
  8
B.Cu
  6
CONTINUOUS
100
AcDbLine
 10
6.410488937007875
 20
-3.4171526377952754
 30
0
 11
6.410488976377954
 21
-3.4171525984251967
 31
0
  0
LINE
  5
8C9
330
1B
100
AcDbEntity
  8
B.Cu
  6
CONTINUOUS
100
AcDbLine
 10
6.410488976377954
 20
-3.4171525984251967
 30
0
 11
6.410488976377954
 21
-3.4171524409448817
 31
0
  0
LINE
  5
8CA
330
1B
100
AcDbEntity
  8
B.Cu
  6
CONTINUOUS
100
AcDbLine
 10
6.410488976377954
 20
-3.4171524409448817
 30
0
 11
6.412121181102362
 21
-3.4132118897637795
 31
0
  0
LINE
  5
8CB
330
1B
100
AcDbEntity
  8
B.Cu
  6
CONTINUOUS
100
AcDbLine
 10
6.412121181102362
 20
-3.4132118897637795
 30
0
 11
6.412567795275591
 21
-3.4121336614173225
 31
0
  0
LINE
  5
8CC
330
1B
100
AcDbEntity
  8
B.Cu
  6
CONTINUOUS
100
AcDbLine
 10
6.412567795275591
 20
-3.4121336614173225
 30
0
 11
6.412567952755906
 21
-3.4121333858267717
 31
0
  0
LINE
  5
8CD
330
1B
100
AcDbEntity
  8
B.Cu
  6
CONTINUOUS
100
AcDbLine
 10
6.412567952755906
 20
-3.4121333858267717
 30
0
 11
6.413815196850394
 21
-3.4102667322834646
 31
0
  0
LINE
  5
8CE
330
1B
100
AcDbEntity
  8
B.Cu
  6
CONTINUOUS
100
AcDbLine
 10
6.413815196850394
 20
-3.4102667322834646
 30
0
 11
6.415586062992126
 21
-3.4076164173228345
 31
0
  0
LINE
  5
8CF
330
1B
100
AcDbEntity
  8
B.Cu
  6
CONTINUOUS
100
AcDbLine
 10
6.415586062992126
 20
-3.4076164173228345
 30
0
 11
6.415586141732284
 21
-3.4076162992125982
 31
0
  0
LINE
  5
8D0
330
1B
100
AcDbEntity
  8
B.Cu
  6
CONTINUOUS
100
AcDbLine
 10
6.415586141732284
 20
-3.4076162992125982
 30
0
 11
6.5064244488188985
 21
-3.3167779921259841
 31
0
  0
LINE
  5
8D1
330
1B
100
AcDbEntity
  8
B.Cu
  6
CONTINUOUS
100
AcDbLine
 10
6.5064244488188985
 20
-3.3167779921259841
 30
0
 11
6.507742755905512
 21
-3.3143637007874016
 31
0
  0
LINE
  5
8D2
330
1B
100
AcDbEntity
  8
B.Cu
  6
CONTINUOUS
100
AcDbLine
 10
6.507742755905512
 20
-3.3143637007874016
 30
0
 11
6.507854330708662
 21
-3.3133259842519682
 31
0
  0
LINE
  5
8D3
330
1B
100
AcDbEntity
  8
B.Cu
  6
CONTINUOUS
100
AcDbLine
 10
6.507854330708662
 20
-3.3133259842519682
 30
0
 11
6.507854330708662
 21
-3.187092716535433
 31
0
  0
LINE
  5
8D4
330
1B
100
AcDbEntity
  8
B.Cu
  6
CONTINUOUS
100
AcDbLine
 10
6.507854330708662
 20
-3.187092716535433
 30
0
 11
6.507854330708662
 21
-3.1433668503937007
 31
0
  0
LINE
  5
8D5
330
1B
100
AcDbEntity
  8
B.Cu
  6
CONTINUOUS
100
AcDbLine
 10
6.507854330708662
 20
-3.1433668503937007
 30
0
 11
6.507079330708662
 21
-3.1407275196850395
 31
0
  0
LINE
  5
8D6
330
1B
100
AcDbEntity
  8
B.Cu
  6
CONTINUOUS
100
AcDbLine
 10
6.507079330708662
 20
-3.1407275196850395
 30
0
 11
6.5064244488188985
 21
-3.1399148425196848
 31
0
  0
LINE
  5
8D7
330
1B
100
AcDbEntity
  8
B.Cu
  6
CONTINUOUS
100
AcDbLine
 10
6.5064244488188985
 20
-3.1399148425196848
 30
0
 11
6.289219015748032
 21
-2.9227094094488186
 31
0
  0
LINE
  5
8D8
330
1B
100
AcDbEntity
  8
B.Cu
  6
CONTINUOUS
100
AcDbLine
 10
6.289219015748032
 20
-2.9227094094488186
 30
0
 11
6.286804724409449
 21
-2.9213911023622048
 31
0
  0
LINE
  5
8D9
330
1B
100
AcDbEntity
  8
B.Cu
  6
CONTINUOUS
100
AcDbLine
 10
6.286804724409449
 20
-2.9213911023622048
 30
0
 11
6.285767007874016
 21
-2.9212795275590548
 31
0
  0
LINE
  5
8DA
330
1B
100
AcDbEntity
  8
B.Cu
  6
CONTINUOUS
100
AcDbLine
 10
6.285767007874016
 20
-2.9212795275590548
 30
0
 11
6.017382637795276
 21
-2.9212795275590548
 31
0
  0
LINE
  5
8DB
330
1B
100
AcDbEntity
  8
B.Cu
  6
CONTINUOUS
100
AcDbLine
 10
6.017382637795276
 20
-2.9212795275590548
 30
0
 11
6.014743307086615
 21
-2.9220545275590553
 31
0
  0
LINE
  5
8DC
330
1B
100
AcDbEntity
  8
B.Cu
  6
CONTINUOUS
100
AcDbLine
 10
6.014743307086615
 20
-2.9220545275590553
 30
0
 11
6.01393062992126
 21
-2.9227094094488186
 31
0
  0
LINE
  5
8DD
330
1B
100
AcDbEntity
  8
B.Cu
  6
CONTINUOUS
100
AcDbLine
 10
6.01393062992126
 20
-2.9227094094488186
 30
0
 11
5.9967251574803155
 21
-2.939914842519685
 31
0
  0
LINE
  5
8DE
330
1B
100
AcDbEntity
  8
B.Cu
  6
CONTINUOUS
100
AcDbLine
 10
5.9967251574803155
 20
-2.939914842519685
 30
0
 11
5.995406850393701
 21
-2.9423291338582676
 31
0
  0
LINE
  5
8DF
330
1B
100
AcDbEntity
  8
B.Cu
  6
CONTINUOUS
100
AcDbLine
 10
5.995406850393701
 20
-2.9423291338582676
 30
0
 11
5.995295275590552
 21
-2.9433668503937009
 31
0
  0
LINE
  5
8E0
330
1B
100
AcDbEntity
  8
B.Cu
  6
CONTINUOUS
100
AcDbLine
 10
5.995295275590552
 20
-2.9433668503937009
 30
0
 11
5.995295275590552
 21
-2.9488211811023621
 31
0
  0
LINE
  5
8E1
330
1B
100
AcDbEntity
  8
B.Cu
  6
CONTINUOUS
100
AcDbLine
 10
5.995295275590552
 20
-2.9488211811023621
 30
0
 11
5.996070275590552
 21
-2.9514605118110238
 31
0
  0
LINE
  5
8E2
330
1B
100
AcDbEntity
  8
B.Cu
  6
CONTINUOUS
100
AcDbLine
 10
5.996070275590552
 20
-2.9514605118110238
 30
0
 11
5.997307598425198
 21
-2.9527706692913385
 31
0
  0
LINE
  5
8E3
330
1B
100
AcDbEntity
  8
B.Cu
  6
CONTINUOUS
100
AcDbLine
 10
5.997307598425198
 20
-2.9527706692913385
 30
0
 11
5.999789212598426
 21
-2.9545736614173226
 31
0
  0
LINE
  5
8E4
330
1B
100
AcDbEntity
  8
B.Cu
  6
CONTINUOUS
100
AcDbLine
 10
5.999789212598426
 20
-2.9545736614173226
 30
0
 11
6.005268740157481
 21
-2.9600531889763779
 31
0
  0
LINE
  5
8E5
330
1B
100
AcDbEntity
  8
B.Cu
  6
CONTINUOUS
100
AcDbLine
 10
6.005268740157481
 20
-2.9600531889763779
 30
0
 11
6.005268740157481
 21
-2.9600532283464567
 31
0
  0
LINE
  5
8E6
330
1B
100
AcDbEntity
  8
B.Cu
  6
CONTINUOUS
100
AcDbLine
 10
6.005268740157481
 20
-2.9600532283464567
 30
0
 11
6.005268818897639
 21
-2.9600533070866142
 31
0
  0
LINE
  5
8E7
330
1B
100
AcDbEntity
  8
B.Cu
  6
CONTINUOUS
100
AcDbLine
 10
6.005268818897639
 20
-2.9600533070866142
 30
0
 11
6.007071811023622
 21
-2.9625348818897637
 31
0
  0
LINE
  5
8E8
330
1B
100
AcDbEntity
  8
B.Cu
  6
CONTINUOUS
100
AcDbLine
 10
6.007071811023622
 20
-2.9625348818897637
 30
0
 11
6.00982377952756
 21
-2.9663225984251969
 31
0
  0
LINE
  5
8E9
330
1B
100
AcDbEntity
  8
B.Cu
  6
CONTINUOUS
100
AcDbLine
 10
6.00982377952756
 20
-2.9663225984251969
 30
0
 11
6.013366732283465
 21
-2.9732761023622047
 31
0
  0
LINE
  5
8EA
330
1B
100
AcDbEntity
  8
B.Cu
  6
CONTINUOUS
100
AcDbLine
 10
6.013366732283465
 20
-2.9732761023622047
 30
0
 11
6.015255472440946
 21
-2.9752759448818895
 31
0
  0
LINE
  5
8EB
330
1B
100
AcDbEntity
  8
B.Cu
  6
CONTINUOUS
100
AcDbLine
 10
6.015255472440946
 20
-2.9752759448818895
 30
0
 11
6.017925590551181
 21
-2.9759371653543307
 31
0
  0
LINE
  5
8EC
330
1B
100
AcDbEntity
  8
B.Cu
  6
CONTINUOUS
100
AcDbLine
 10
6.017925590551181
 20
-2.9759371653543307
 30
0
 11
6.020529330708662
 21
-2.9750498818897637
 31
0
  0
LINE
  5
8ED
330
1B
100
AcDbEntity
  8
B.Cu
  6
CONTINUOUS
100
AcDbLine
 10
6.020529330708662
 20
-2.9750498818897637
 30
0
 11
6.022066338582678
 21
-2.9732761023622047
 31
0
  0
LINE
  5
8EE
330
1B
100
AcDbEntity
  8
B.Cu
  6
CONTINUOUS
100
AcDbLine
 10
6.022066338582678
 20
-2.9732761023622047
 30
0
 11
6.023376811023622
 21
-2.9707041732283463
 31
0
  0
LINE
  5
8EF
330
1B
100
AcDbEntity
  8
B.Cu
  6
CONTINUOUS
100
AcDbLine
 10
6.023376811023622
 20
-2.9707041732283463
 30
0
 11
6.025609291338583
 21
-2.9663226377952756
 31
0
  0
LINE
  5
8F0
330
1B
100
AcDbEntity
  8
B.Cu
  6
CONTINUOUS
100
AcDbLine
 10
6.025609291338583
 20
-2.9663226377952756
 30
0
 11
6.030164251968505
 21
-2.9600533070866142
 31
0
  0
LINE
  5
8F1
330
1B
100
AcDbEntity
  8
B.Cu
  6
CONTINUOUS
100
AcDbLine
 10
6.030164251968505
 20
-2.9600533070866142
 30
0
 11
6.035643858267717
 21
-2.9545737007874013
 31
0
  0
LINE
  5
8F2
330
1B
100
AcDbEntity
  8
B.Cu
  6
CONTINUOUS
100
AcDbLine
 10
6.035643858267717
 20
-2.9545737007874013
 30
0
 11
6.041913188976379
 21
-2.9500187401574802
 31
0
  0
LINE
  5
8F3
330
1B
100
AcDbEntity
  8
B.Cu
  6
CONTINUOUS
100
AcDbLine
 10
6.041913188976379
 20
-2.9500187401574802
 30
0
 11
6.048817755905512
 21
-2.9465006692913387
 31
0
  0
LINE
  5
8F4
330
1B
100
AcDbEntity
  8
B.Cu
  6
CONTINUOUS
100
AcDbLine
 10
6.048817755905512
 20
-2.9465006692913387
 30
0
 11
6.056187952755906
 21
-2.9441059055118108
 31
0
  0
LINE
  5
8F5
330
1B
100
AcDbEntity
  8
B.Cu
  6
CONTINUOUS
100
AcDbLine
 10
6.056187952755906
 20
-2.9441059055118108
 30
0
 11
6.0638416535433075
 21
-2.9428937007874016
 31
0
  0
LINE
  5
8F6
330
1B
100
AcDbEntity
  8
B.Cu
  6
CONTINUOUS
100
AcDbLine
 10
6.0638416535433075
 20
-2.9428937007874016
 30
0
 11
6.063841850393701
 21
-2.9428937007874016
 31
0
  0
LINE
  5
8F7
330
1B
100
AcDbEntity
  8
B.Cu
  6
CONTINUOUS
100
AcDbLine
 10
6.063841850393701
 20
-2.9428937007874016
 30
0
 11
6.071591220472442
 21
-2.9428937007874016
 31
0
  0
LINE
  5
8F8
330
1B
100
AcDbEntity
  8
B.Cu
  6
CONTINUOUS
100
AcDbLine
 10
6.071591220472442
 20
-2.9428937007874016
 30
0
 11
6.071591417322835
 21
-2.9428937007874016
 31
0
  0
LINE
  5
8F9
330
1B
100
AcDbEntity
  8
B.Cu
  6
CONTINUOUS
100
AcDbLine
 10
6.071591417322835
 20
-2.9428937007874016
 30
0
 11
6.079245157480315
 21
-2.9441059055118108
 31
0
  0
LINE
  5
8FA
330
1B
100
AcDbEntity
  8
B.Cu
  6
CONTINUOUS
100
AcDbLine
 10
6.079245157480315
 20
-2.9441059055118108
 30
0
 11
6.086615354330709
 21
-2.9465006692913387
 31
0
  0
LINE
  5
8FB
330
1B
100
AcDbEntity
  8
B.Cu
  6
CONTINUOUS
100
AcDbLine
 10
6.086615354330709
 20
-2.9465006692913387
 30
0
 11
6.093519921259843
 21
-2.9500187401574802
 31
0
  0
LINE
  5
8FC
330
1B
100
AcDbEntity
  8
B.Cu
  6
CONTINUOUS
100
AcDbLine
 10
6.093519921259843
 20
-2.9500187401574802
 30
0
 11
6.097096811023622
 21
-2.9526175196850395
 31
0
  0
LINE
  5
8FD
330
1B
100
AcDbEntity
  8
B.Cu
  6
CONTINUOUS
100
AcDbLine
 10
6.097096811023622
 20
-2.9526175196850395
 30
0
 11
6.099789212598425
 21
-2.9545737007874013
 31
0
  0
LINE
  5
8FE
330
1B
100
AcDbEntity
  8
B.Cu
  6
CONTINUOUS
100
AcDbLine
 10
6.099789212598425
 20
-2.9545737007874013
 30
0
 11
6.099789291338583
 21
-2.9545737795275588
 31
0
  0
LINE
  5
8FF
330
1B
100
AcDbEntity
  8
B.Cu
  6
CONTINUOUS
100
AcDbLine
 10
6.099789291338583
 20
-2.9545737795275588
 30
0
 11
6.099789330708662
 21
-2.9545737795275588
 31
0
  0
LINE
  5
900
330
1B
100
AcDbEntity
  8
B.Cu
  6
CONTINUOUS
100
AcDbLine
 10
6.099789330708662
 20
-2.9545737795275588
 30
0
 11
6.105268740157481
 21
-2.9600531889763779
 31
0
  0
LINE
  5
901
330
1B
100
AcDbEntity
  8
B.Cu
  6
CONTINUOUS
100
AcDbLine
 10
6.105268740157481
 20
-2.9600531889763779
 30
0
 11
6.105268740157481
 21
-2.9600532283464567
 31
0
  0
LINE
  5
902
330
1B
100
AcDbEntity
  8
B.Cu
  6
CONTINUOUS
100
AcDbLine
 10
6.105268740157481
 20
-2.9600532283464567
 30
0
 11
6.105268818897638
 21
-2.9600533070866142
 31
0
  0
LINE
  5
903
330
1B
100
AcDbEntity
  8
B.Cu
  6
CONTINUOUS
100
AcDbLine
 10
6.105268818897638
 20
-2.9600533070866142
 30
0
 11
6.107071771653544
 21
-2.9625348818897637
 31
0
  0
LINE
  5
904
330
1B
100
AcDbEntity
  8
B.Cu
  6
CONTINUOUS
100
AcDbLine
 10
6.107071771653544
 20
-2.9625348818897637
 30
0
 11
6.1092501181102365
 21
-2.9642146062992127
 31
0
  0
LINE
  5
905
330
1B
100
AcDbEntity
  8
B.Cu
  6
CONTINUOUS
100
AcDbLine
 10
6.1092501181102365
 20
-2.9642146062992127
 30
0
 11
6.111021299212599
 21
-2.9645472440944882
 31
0
  0
LINE
  5
906
330
1B
100
AcDbEntity
  8
B.Cu
  6
CONTINUOUS
100
AcDbLine
 10
6.111021299212599
 20
-2.9645472440944882
 30
0
 11
6.124763622047245
 21
-2.9645472440944882
 31
0
  0
LINE
  5
907
330
1B
100
AcDbEntity
  8
B.Cu
  6
CONTINUOUS
100
AcDbLine
 10
6.124763622047245
 20
-2.9645472440944882
 30
0
 11
6.130091456692914
 21
-2.9656070078740155
 31
0
  0
LINE
  5
908
330
1B
100
AcDbEntity
  8
B.Cu
  6
CONTINUOUS
100
AcDbLine
 10
6.130091456692914
 20
-2.9656070078740155
 30
0
 11
6.130091850393701
 21
-2.9656071259842518
 31
0
  0
LINE
  5
909
330
1B
100
AcDbEntity
  8
B.Cu
  6
CONTINUOUS
100
AcDbLine
 10
6.130091850393701
 20
-2.9656071259842518
 30
0
 11
6.135110551181103
 21
-2.9676859055118108
 31
0
  0
LINE
  5
90A
330
1B
100
AcDbEntity
  8
B.Cu
  6
CONTINUOUS
100
AcDbLine
 10
6.135110551181103
 20
-2.9676859055118108
 30
0
 11
6.139627795275591
 21
-2.9707042125984251
 31
0
  0
LINE
  5
90B
330
1B
100
AcDbEntity
  8
B.Cu
  6
CONTINUOUS
100
AcDbLine
 10
6.139627795275591
 20
-2.9707042125984251
 30
0
 11
6.182839094488189
 21
-3.0139155118110237
 31
0
  0
LINE
  5
90C
330
1B
100
AcDbEntity
  8
B.Cu
  6
CONTINUOUS
100
AcDbLine
 10
6.182839094488189
 20
-3.0139155118110237
 30
0
 11
6.18461
 21
-3.0165659448818896
 31
0
  0
LINE
  5
90D
330
1B
100
AcDbEntity
  8
B.Cu
  6
CONTINUOUS
100
AcDbLine
 10
6.18461
 20
-3.0165659448818896
 30
0
 11
6.185233661417323
 21
-3.0174992913385825
 31
0
  0
LINE
  5
90E
330
1B
100
AcDbEntity
  8
B.Cu
  6
CONTINUOUS
100
AcDbLine
 10
6.185233661417323
 20
-3.0174992913385825
 30
0
 11
6.185857283464568
 21
-3.0184325984251967
 31
0
  0
LINE
  5
90F
330
1B
100
AcDbEntity
  8
B.Cu
  6
CONTINUOUS
100
AcDbLine
 10
6.185857283464568
 20
-3.0184325984251967
 30
0
 11
6.185857440944883
 21
-3.018432874015748
 31
0
  0
LINE
  5
910
330
1B
100
AcDbEntity
  8
B.Cu
  6
CONTINUOUS
100
AcDbLine
 10
6.185857440944883
 20
-3.018432874015748
 30
0
 11
6.187936181102363
 21
-3.0234514566929134
 31
0
  0
LINE
  5
911
330
1B
100
AcDbEntity
  8
B.Cu
  6
CONTINUOUS
100
AcDbLine
 10
6.187936181102363
 20
-3.0234514566929134
 30
0
 11
6.187936299212599
 21
-3.0234518503937009
 31
0
  0
LINE
  5
912
330
1B
100
AcDbEntity
  8
B.Cu
  6
CONTINUOUS
100
AcDbLine
 10
6.187936299212599
 20
-3.0234518503937009
 30
0
 11
6.188996062992127
 21
-3.0287796850393702
 31
0
  0
LINE
  5
913
330
1B
100
AcDbEntity
  8
B.Cu
  6
CONTINUOUS
100
AcDbLine
 10
6.188996062992127
 20
-3.0287796850393702
 30
0
 11
6.188996062992127
 21
-3.028779803149606
 31
0
  0
LINE
  5
914
330
1B
100
AcDbEntity
  8
B.Cu
  6
CONTINUOUS
100
AcDbLine
 10
6.188996062992127
 20
-3.028779803149606
 30
0
 11
6.188996062992127
 21
-3.5209057480314958
 31
0
  0
LINE
  5
915
330
1B
100
AcDbEntity
  8
B.Cu
  6
CONTINUOUS
100
AcDbLine
 10
6.188996062992127
 20
-3.5209057480314958
 30
0
 11
6.188996062992127
 21
-3.5263383464566926
 31
0
  0
LINE
  5
916
330
1B
100
AcDbEntity
  8
B.Cu
  6
CONTINUOUS
100
AcDbLine
 10
6.188996062992127
 20
-3.5263383464566926
 30
0
 11
6.188996062992127
 21
-3.5263384251968501
 31
0
  0
LINE
  5
917
330
1B
100
AcDbEntity
  8
B.Cu
  6
CONTINUOUS
100
AcDbLine
 10
6.188996062992127
 20
-3.5263384251968501
 30
0
 11
6.188996102362205
 21
-3.5263384251968501
 31
0
  0
LINE
  5
918
330
1B
100
AcDbEntity
  8
B.Cu
  6
CONTINUOUS
100
AcDbLine
 10
6.188996102362205
 20
-3.5263384251968501
 30
0
 11
6.187936299212599
 21
-3.5316662204724407
 31
0
  0
LINE
  5
919
330
1B
100
AcDbEntity
  8
B.Cu
  6
CONTINUOUS
100
AcDbLine
 10
6.187936299212599
 20
-3.5316662204724407
 30
0
 11
6.187936181102363
 21
-3.5316666141732282
 31
0
  0
LINE
  5
91A
330
1B
100
AcDbEntity
  8
B.Cu
  6
CONTINUOUS
100
AcDbLine
 10
6.187936181102363
 20
-3.5316666141732282
 30
0
 11
6.185857401574804
 21
-3.5366853149606299
 31
0
  0
LINE
  5
91B
330
1B
100
AcDbEntity
  8
B.Cu
  6
CONTINUOUS
100
AcDbLine
 10
6.185857401574804
 20
-3.5366853149606299
 30
0
 11
6.182839094488189
 21
-3.5412025590551179
 31
0
  0
LINE
  5
91C
330
1B
100
AcDbEntity
  8
B.Cu
  6
CONTINUOUS
100
AcDbLine
 10
6.182839094488189
 20
-3.5412025590551179
 30
0
 11
6.1828390551181105
 21
-3.5412025984251967
 31
0
  0
LINE
  5
91D
330
1B
100
AcDbEntity
  8
B.Cu
  6
CONTINUOUS
100
AcDbLine
 10
6.1828390551181105
 20
-3.5412025984251967
 30
0
 11
6.111393818897638
 21
-3.6126477952755907
 31
0
  0
LINE
  5
91E
330
1B
100
AcDbEntity
  8
B.Cu
  6
CONTINUOUS
100
AcDbLine
 10
6.111393818897638
 20
-3.6126477952755907
 30
0
 11
6.110075511811024
 21
-3.6150620866141732
 31
0
  0
LINE
  5
91F
330
1B
100
AcDbEntity
  8
B.Cu
  6
CONTINUOUS
100
AcDbLine
 10
6.110075511811024
 20
-3.6150620866141732
 30
0
 11
6.110024055118111
 21
-3.6168635039370076
 31
0
  0
LINE
  5
920
330
1B
100
AcDbEntity
  8
B.Cu
  6
CONTINUOUS
100
AcDbLine
 10
6.110024055118111
 20
-3.6168635039370076
 30
0
 11
6.110255905511812
 21
-3.6183272834645668
 31
0
  0
LINE
  5
921
330
1B
100
AcDbEntity
  8
B.Cu
  6
CONTINUOUS
100
AcDbLine
 10
6.110255905511812
 20
-3.6183272834645668
 30
0
 11
6.110255905511812
 21
-3.6257671653543304
 31
0
  0
LINE
  5
922
330
1B
100
AcDbEntity
  8
B.Cu
  6
CONTINUOUS
100
AcDbLine
 10
6.110255905511812
 20
-3.6257671653543304
 30
0
 11
6.1090921653543315
 21
-3.6331148818897638
 31
0
  0
LINE
  5
923
330
1B
100
AcDbEntity
  8
B.Cu
  6
CONTINUOUS
100
AcDbLine
 10
6.1090921653543315
 20
-3.6331148818897638
 30
0
 11
6.1067931496062995
 21
-3.6401903937007871
 31
0
  0
LINE
  5
924
330
1B
100
AcDbEntity
  8
B.Cu
  6
CONTINUOUS
100
AcDbLine
 10
6.1067931496062995
 20
-3.6401903937007871
 30
0
 11
6.1056425196850395
 21
-3.6424485826771651
 31
0
  0
LINE
  5
925
330
1B
100
AcDbEntity
  8
B.Cu
  6
CONTINUOUS
100
AcDbLine
 10
6.1056425196850395
 20
-3.6424485826771651
 30
0
 11
6.103415748031496
 21
-3.6468188582677166
 31
0
  0
LINE
  5
926
330
1B
100
AcDbEntity
  8
B.Cu
  6
CONTINUOUS
100
AcDbLine
 10
6.103415748031496
 20
-3.6468188582677166
 30
0
 11
6.099042913385827
 21
-3.6528375196850393
 31
0
  0
LINE
  5
927
330
1B
100
AcDbEntity
  8
B.Cu
  6
CONTINUOUS
100
AcDbLine
 10
6.099042913385827
 20
-3.6528375196850393
 30
0
 11
6.093782401574804
 21
-3.6580980314960629
 31
0
  0
LINE
  5
928
330
1B
100
AcDbEntity
  8
B.Cu
  6
CONTINUOUS
100
AcDbLine
 10
6.093782401574804
 20
-3.6580980314960629
 30
0
 11
6.09038468503937
 21
-3.6605666535433068
 31
0
  0
LINE
  5
929
330
1B
100
AcDbEntity
  8
B.Cu
  6
CONTINUOUS
100
AcDbLine
 10
6.09038468503937
 20
-3.6605666535433068
 30
0
 11
6.087763937007875
 21
-3.6624707480314962
 31
0
  0
LINE
  5
92A
330
1B
100
AcDbEntity
  8
B.Cu
  6
CONTINUOUS
100
AcDbLine
 10
6.087763937007875
 20
-3.6624707480314962
 30
0
 11
6.087763858267717
 21
-3.6624707874015745
 31
0
  0
LINE
  5
92B
330
1B
100
AcDbEntity
  8
B.Cu
  6
CONTINUOUS
100
AcDbLine
 10
6.087763858267717
 20
-3.6624707874015745
 30
0
 11
6.087763740157481
 21
-3.662470866141732
 31
0
  0
LINE
  5
92C
330
1B
100
AcDbEntity
  8
B.Cu
  6
CONTINUOUS
100
AcDbLine
 10
6.087763740157481
 20
-3.662470866141732
 30
0
 11
6.085756102362205
 21
-3.6634937795275588
 31
0
  0
LINE
  5
92D
330
1B
100
AcDbEntity
  8
B.Cu
  6
CONTINUOUS
100
AcDbLine
 10
6.085756102362205
 20
-3.6634937795275588
 30
0
 11
6.083756299212599
 21
-3.6653824409448816
 31
0
  0
LINE
  5
92E
330
1B
100
AcDbEntity
  8
B.Cu
  6
CONTINUOUS
100
AcDbLine
 10
6.083756299212599
 20
-3.6653824409448816
 30
0
 11
6.083090551181103
 21
-3.6678435433070864
 31
0
  0
LINE
  5
92F
330
1B
100
AcDbEntity
  8
B.Cu
  6
CONTINUOUS
100
AcDbLine
 10
6.083090551181103
 20
-3.6678435433070864
 30
0
 11
6.083090551181103
 21
-3.7293953543307086
 31
0
  0
LINE
  5
930
330
1B
100
AcDbEntity
  8
B.Cu
  6
CONTINUOUS
100
AcDbLine
 10
6.083090551181103
 20
-3.7293953543307086
 30
0
 11
6.083865551181103
 21
-3.7320346850393702
 31
0
  0
LINE
  5
931
330
1B
100
AcDbEntity
  8
B.Cu
  6
CONTINUOUS
100
AcDbLine
 10
6.083865551181103
 20
-3.7320346850393702
 30
0
 11
6.084520433070867
 21
-3.7328473622047245
 31
0
  0
LINE
  5
932
330
1B
100
AcDbEntity
  8
B.Cu
  6
CONTINUOUS
100
AcDbLine
 10
6.084520433070867
 20
-3.7328473622047245
 30
0
 11
6.0851903543307095
 21
-3.7335172440944882
 31
0
  0
LINE
  5
933
330
1B
100
AcDbEntity
  8
B.Cu
  6
CONTINUOUS
100
AcDbLine
 10
6.0851903543307095
 20
-3.7335172440944882
 30
0
 11
6.085190393700788
 21
-3.7335172834645669
 31
0
  0
LINE
  5
934
330
1B
100
AcDbEntity
  8
B.Cu
  6
CONTINUOUS
100
AcDbLine
 10
6.085190393700788
 20
-3.7335172834645669
 30
0
 11
6.089372007874016
 21
-3.7397755511811024
 31
0
  0
LINE
  5
935
330
1B
100
AcDbEntity
  8
B.Cu
  6
CONTINUOUS
100
AcDbLine
 10
6.089372007874016
 20
-3.7397755511811024
 30
0
 11
6.092252086614174
 21
-3.746728779527559
 31
0
  0
LINE
  5
936
330
1B
100
AcDbEntity
  8
B.Cu
  6
CONTINUOUS
100
AcDbLine
 10
6.092252086614174
 20
-3.746728779527559
 30
0
 11
6.09225220472441
 21
-3.7467291732283465
 31
0
  0
LINE
  5
937
330
1B
100
AcDbEntity
  8
B.Cu
  6
CONTINUOUS
100
AcDbLine
 10
6.09225220472441
 20
-3.7467291732283465
 30
0
 11
6.093720472440945
 21
-3.7541106692913386
 31
0
  0
LINE
  5
938
330
1B
100
AcDbEntity
  8
B.Cu
  6
CONTINUOUS
100
AcDbLine
 10
6.093720472440945
 20
-3.7541106692913386
 30
0
 11
6.093720472440945
 21
-3.7541107874015749
 31
0
  0
LINE
  5
939
330
1B
100
AcDbEntity
  8
B.Cu
  6
CONTINUOUS
100
AcDbLine
 10
6.093720472440945
 20
-3.7541107874015749
 30
0
 11
6.093720472440945
 21
-3.7954955118110236
 31
0
  0
LINE
  5
93A
330
1B
100
AcDbEntity
  8
B.Cu
  6
CONTINUOUS
100
AcDbLine
 10
6.093720472440945
 20
-3.7954955118110236
 30
0
 11
6.093720472440945
 21
-3.7954955905511811
 31
0
  0
LINE
  5
93B
330
1B
100
AcDbEntity
  8
B.Cu
  6
CONTINUOUS
100
AcDbLine
 10
6.093720472440945
 20
-3.7954955905511811
 30
0
 11
6.093720511811024
 21
-3.7954955905511811
 31
0
  0
LINE
  5
93C
330
1B
100
AcDbEntity
  8
B.Cu
  6
CONTINUOUS
100
AcDbLine
 10
6.093720511811024
 20
-3.7954955905511811
 30
0
 11
6.09225220472441
 21
-3.8028770866141732
 31
0
  0
LINE
  5
93D
330
1B
100
AcDbEntity
  8
B.Cu
  6
CONTINUOUS
100
AcDbLine
 10
6.09225220472441
 20
-3.8028770866141732
 30
0
 11
6.092252086614174
 21
-3.8028774803149608
 31
0
  0
LINE
  5
93E
330
1B
100
AcDbEntity
  8
B.Cu
  6
CONTINUOUS
100
AcDbLine
 10
6.092252086614174
 20
-3.8028774803149608
 30
0
 11
6.089470748031497
 21
-3.8095923228346456
 31
0
  0
LINE
  5
93F
330
1B
100
AcDbEntity
  8
B.Cu
  6
CONTINUOUS
100
AcDbLine
 10
6.089470748031497
 20
-3.8095923228346456
 30
0
 11
6.089176692913386
 21
-3.8123273228346455
 31
0
  0
LINE
  5
940
330
1B
100
AcDbEntity
  8
B.Cu
  6
CONTINUOUS
100
AcDbLine
 10
6.089176692913386
 20
-3.8123273228346455
 30
0
 11
6.090408031496064
 21
-3.8147871259842518
 31
0
  0
LINE
  5
941
330
1B
100
AcDbEntity
  8
B.Cu
  6
CONTINUOUS
100
AcDbLine
 10
6.090408031496064
 20
-3.8147871259842518
 30
0
 11
6.090529015748032
 21
-3.8149125196850391
 31
0
  0
LINE
  5
942
330
1B
100
AcDbEntity
  8
B.Cu
  6
CONTINUOUS
100
AcDbLine
 10
6.090529015748032
 20
-3.8149125196850391
 30
0
 11
6.222209173228347
 21
-3.9465926771653543
 31
0
  0
LINE
  5
943
330
1B
100
AcDbEntity
  8
B.Cu
  6
CONTINUOUS
100
AcDbLine
 10
6.222209173228347
 20
-3.9465926771653543
 30
0
 11
6.2233739370078744
 21
-3.948335905511811
 31
0
  0
LINE
  5
944
330
1B
100
AcDbEntity
  8
B.Cu
  6
CONTINUOUS
100
AcDbLine
 10
6.2233739370078744
 20
-3.948335905511811
 30
0
 11
6.22453346456693
 21
-3.9500712992125981
 31
0
  0
LINE
  5
945
330
1B
100
AcDbEntity
  8
B.Cu
  6
CONTINUOUS
100
AcDbLine
 10
6.22453346456693
 20
-3.9500712992125981
 30
0
 11
6.225227362204725
 21
-3.9511098031496061
 31
0
  0
LINE
  5
946
330
1B
100
AcDbEntity
  8
B.Cu
  6
CONTINUOUS
100
AcDbLine
 10
6.225227362204725
 20
-3.9511098031496061
 30
0
 11
6.225227480314961
 21
-3.9511099999999999
 31
0
  0
LINE
  5
947
330
1B
100
AcDbEntity
  8
B.Cu
  6
CONTINUOUS
100
AcDbLine
 10
6.225227480314961
 20
-3.9511099999999999
 30
0
 11
6.22730625984252
 21
-3.956128622047244
 31
0
  0
LINE
  5
948
330
1B
100
AcDbEntity
  8
B.Cu
  6
CONTINUOUS
100
AcDbLine
 10
6.22730625984252
 20
-3.956128622047244
 30
0
 11
6.227306377952757
 21
-3.9561290157480316
 31
0
  0
LINE
  5
949
330
1B
100
AcDbEntity
  8
B.Cu
  6
CONTINUOUS
100
AcDbLine
 10
6.227306377952757
 20
-3.9561290157480316
 30
0
 11
6.228366141732284
 21
-3.9614568503937009
 31
0
  0
LINE
  5
94A
330
1B
100
AcDbEntity
  8
B.Cu
  6
CONTINUOUS
100
AcDbLine
 10
6.228366141732284
 20
-3.9614568503937009
 30
0
 11
6.228366141732284
 21
-3.9754133858267715
 31
0
  0
LINE
  5
94B
330
1B
100
AcDbEntity
  8
B.Cu
  6
CONTINUOUS
100
AcDbLine
 10
6.228366141732284
 20
-3.9754133858267715
 30
0
 11
6.229141141732284
 21
-3.9780527165354331
 31
0
  0
LINE
  5
94C
330
1B
100
AcDbEntity
  8
B.Cu
  6
CONTINUOUS
100
AcDbLine
 10
6.229141141732284
 20
-3.9780527165354331
 30
0
 11
6.231220039370079
 21
-3.9798540944881888
 31
0
  0
LINE
  5
94D
330
1B
100
AcDbEntity
  8
B.Cu
  6
CONTINUOUS
100
AcDbLine
 10
6.231220039370079
 20
-3.9798540944881888
 30
0
 11
6.2332479921259845
 21
-3.9802952755905512
 31
0
  0
LINE
  5
94E
330
1B
100
AcDbEntity
  8
B.Cu
  6
CONTINUOUS
100
AcDbLine
 10
6.2332479921259845
 20
-3.9802952755905512
 30
0
 11
6.241398346456694
 21
-3.9802952755905512
 31
0
  0
LINE
  5
94F
330
1B
100
AcDbEntity
  8
B.Cu
  6
CONTINUOUS
100
AcDbLine
 10
6.241398346456694
 20
-3.9802952755905512
 30
0
 11
6.244585866141732
 21
-3.9808001181102362
 31
0
  0
LINE
  5
950
330
1B
100
AcDbEntity
  8
B.Cu
  6
CONTINUOUS
100
AcDbLine
 10
6.244585866141732
 20
-3.9808001181102362
 30
0
 11
6.245090708661418
 21
-3.9808800787401575
 31
0
  0
LINE
  5
951
330
1B
100
AcDbEntity
  8
B.Cu
  6
CONTINUOUS
100
AcDbLine
 10
6.245090708661418
 20
-3.9808800787401575
 30
0
 11
6.249541023622048
 21
-3.9831476377952755
 31
0
  0
LINE
  5
952
330
1B
100
AcDbEntity
  8
B.Cu
  6
CONTINUOUS
100
AcDbLine
 10
6.249541023622048
 20
-3.9831476377952755
 30
0
 11
6.249541062992127
 21
-3.9831476771653542
 31
0
  0
LINE
  5
953
330
1B
100
AcDbEntity
  8
B.Cu
  6
CONTINUOUS
100
AcDbLine
 10
6.249541062992127
 20
-3.9831476771653542
 30
0
 11
6.24954125984252
 21
-3.9831477952755905
 31
0
  0
LINE
  5
954
330
1B
100
AcDbEntity
  8
B.Cu
  6
CONTINUOUS
100
AcDbLine
 10
6.24954125984252
 20
-3.9831477952755905
 30
0
 11
6.253072677165354
 21
-3.9866792125984252
 31
0
  0
LINE
  5
955
330
1B
100
AcDbEntity
  8
B.Cu
  6
CONTINUOUS
100
AcDbLine
 10
6.253072677165354
 20
-3.9866792125984252
 30
0
 11
6.253072795275591
 21
-3.9866794094488189
 31
0
  0
LINE
  5
956
330
1B
100
AcDbEntity
  8
B.Cu
  6
CONTINUOUS
100
AcDbLine
 10
6.253072795275591
 20
-3.9866794094488189
 30
0
 11
6.255340472440945
 21
-3.9911298425196851
 31
0
  0
LINE
  5
957
330
1B
100
AcDbEntity
  8
B.Cu
  6
CONTINUOUS
100
AcDbLine
 10
6.255340472440945
 20
-3.9911298425196851
 30
0
 11
6.255925196850394
 21
-3.9948218503937007
 31
0
  0
LINE
  5
958
330
1B
100
AcDbEntity
  8
B.Cu
  6
CONTINUOUS
100
AcDbLine
 10
6.255925196850394
 20
-3.9948218503937007
 30
0
 11
6.255925196850394
 21
-4.076043976377953
 31
0
  0
LINE
  5
959
330
1B
100
AcDbEntity
  8
B.Cu
  6
CONTINUOUS
100
AcDbLine
 10
6.255925196850394
 20
-4.076043976377953
 30
0
 11
6.2555003149606305
 21
-4.0787266535433071
 31
0
  0
LINE
  5
95A
330
1B
100
AcDbEntity
  8
B.Cu
  6
CONTINUOUS
100
AcDbLine
 10
6.2555003149606305
 20
-4.0787266535433071
 30
0
 11
6.255340393700788
 21
-4.0797363779527558
 31
0
  0
LINE
  5
95B
330
1B
100
AcDbEntity
  8
B.Cu
  6
CONTINUOUS
100
AcDbLine
 10
6.255340393700788
 20
-4.0797363779527558
 30
0
 11
6.253072834645669
 21
-4.0841866929133861
 31
0
  0
LINE
  5
95C
330
1B
100
AcDbEntity
  8
B.Cu
  6
CONTINUOUS
100
AcDbLine
 10
6.253072834645669
 20
-4.0841866929133861
 30
0
 11
6.253072755905512
 21
-4.0841867716535436
 31
0
  0
LINE
  5
95D
330
1B
100
AcDbEntity
  8
B.Cu
  6
CONTINUOUS
100
AcDbLine
 10
6.253072755905512
 20
-4.0841867716535436
 30
0
 11
6.253072677165354
 21
-4.0841868897637799
 31
0
  0
LINE
  5
95E
330
1B
100
AcDbEntity
  8
B.Cu
  6
CONTINUOUS
100
AcDbLine
 10
6.253072677165354
 20
-4.0841868897637799
 30
0
 11
6.24954125984252
 21
-4.0877183070866137
 31
0
  0
LINE
  5
95F
330
1B
100
AcDbEntity
  8
B.Cu
  6
CONTINUOUS
100
AcDbLine
 10
6.24954125984252
 20
-4.0877183070866137
 30
0
 11
6.249541181102362
 21
-4.0877183464566924
 31
0
  0
LINE
  5
960
330
1B
100
AcDbEntity
  8
B.Cu
  6
CONTINUOUS
100
AcDbLine
 10
6.249541181102362
 20
-4.0877183464566924
 30
0
 11
6.249541023622048
 21
-4.0877185039370074
 31
0
  0
LINE
  5
961
330
1B
100
AcDbEntity
  8
B.Cu
  6
CONTINUOUS
100
AcDbLine
 10
6.249541023622048
 20
-4.0877185039370074
 30
0
 11
6.245090787401575
 21
-4.0899860236220471
 31
0
  0
LINE
  5
962
330
1B
100
AcDbEntity
  8
B.Cu
  6
CONTINUOUS
100
AcDbLine
 10
6.245090787401575
 20
-4.0899860236220471
 30
0
 11
6.24509062992126
 21
-4.0899861023622046
 31
0
  0
LINE
  5
963
330
1B
100
AcDbEntity
  8
B.Cu
  6
CONTINUOUS
100
AcDbLine
 10
6.24509062992126
 20
-4.0899861023622046
 30
0
 11
6.241398622047244
 21
-4.0905708267716534
 31
0
  0
LINE
  5
964
330
1B
100
AcDbEntity
  8
B.Cu
  6
CONTINUOUS
100
AcDbLine
 10
6.241398622047244
 20
-4.0905708267716534
 30
0
 11
6.2413983858267725
 21
-4.0905708661417322
 31
0
  0
LINE
  5
965
330
1B
100
AcDbEntity
  8
B.Cu
  6
CONTINUOUS
100
AcDbLine
 10
6.2413983858267725
 20
-4.0905708661417322
 30
0
 11
6.160176456692914
 21
-4.0905708267716534
 31
0
  0
LINE
  5
966
330
1B
100
AcDbEntity
  8
B.Cu
  6
CONTINUOUS
100
AcDbLine
 10
6.160176456692914
 20
-4.0905708267716534
 30
0
 11
6.15648409448819
 21
-4.0899860629921259
 31
0
  0
LINE
  5
967
330
1B
100
AcDbEntity
  8
B.Cu
  6
CONTINUOUS
100
AcDbLine
 10
6.15648409448819
 20
-4.0899860629921259
 30
0
 11
6.152033779527559
 21
-4.0877185039370074
 31
0
  0
LINE
  5
968
330
1B
100
AcDbEntity
  8
B.Cu
  6
CONTINUOUS
100
AcDbLine
 10
6.152033779527559
 20
-4.0877185039370074
 30
0
 11
6.148501968503937
 21
-4.0841866929133861
 31
0
  0
LINE
  5
969
330
1B
100
AcDbEntity
  8
B.Cu
  6
CONTINUOUS
100
AcDbLine
 10
6.148501968503937
 20
-4.0841866929133861
 30
0
 11
6.1462344094488195
 21
-4.0797363779527558
 31
0
  0
LINE
  5
96A
330
1B
100
AcDbEntity
  8
B.Cu
  6
CONTINUOUS
100
AcDbLine
 10
6.1462344094488195
 20
-4.0797363779527558
 30
0
 11
6.1462344094488195
 21
-4.0797362992125983
 31
0
  0
LINE
  5
96B
330
1B
100
AcDbEntity
  8
B.Cu
  6
CONTINUOUS
100
AcDbLine
 10
6.1462344094488195
 20
-4.0797362992125983
 30
0
 11
6.146234370078741
 21
-4.0797362598425195
 31
0
  0
LINE
  5
96C
330
1B
100
AcDbEntity
  8
B.Cu
  6
CONTINUOUS
100
AcDbLine
 10
6.146234370078741
 20
-4.0797362598425195
 30
0
 11
6.145649645669292
 21
-4.0760442519685043
 31
0
  0
LINE
  5
96D
330
1B
100
AcDbEntity
  8
B.Cu
  6
CONTINUOUS
100
AcDbLine
 10
6.145649645669292
 20
-4.0760442519685043
 30
0
 11
6.145649606299213
 21
-4.0760440551181105
 31
0
  0
LINE
  5
96E
330
1B
100
AcDbEntity
  8
B.Cu
  6
CONTINUOUS
100
AcDbLine
 10
6.145649606299213
 20
-4.0760440551181105
 30
0
 11
6.145649645669292
 21
-3.994822125984252
 31
0
  0
LINE
  5
96F
330
1B
100
AcDbEntity
  8
B.Cu
  6
CONTINUOUS
100
AcDbLine
 10
6.145649645669292
 20
-3.994822125984252
 30
0
 11
6.1462344094488195
 21
-3.9911297637795276
 31
0
  0
LINE
  5
970
330
1B
100
AcDbEntity
  8
B.Cu
  6
CONTINUOUS
100
AcDbLine
 10
6.1462344094488195
 20
-3.9911297637795276
 30
0
 11
6.148501968503937
 21
-3.9866794488188977
 31
0
  0
LINE
  5
971
330
1B
100
AcDbEntity
  8
B.Cu
  6
CONTINUOUS
100
AcDbLine
 10
6.148501968503937
 20
-3.9866794488188977
 30
0
 11
6.148502125984252
 21
-3.9866792913385827
 31
0
  0
LINE
  5
972
330
1B
100
AcDbEntity
  8
B.Cu
  6
CONTINUOUS
100
AcDbLine
 10
6.148502125984252
 20
-3.9866792913385827
 30
0
 11
6.148502165354331
 21
-3.9866792125984252
 31
0
  0
LINE
  5
973
330
1B
100
AcDbEntity
  8
B.Cu
  6
CONTINUOUS
100
AcDbLine
 10
6.148502165354331
 20
-3.9866792125984252
 30
0
 11
6.1520335826771655
 21
-3.9831477952755905
 31
0
  0
LINE
  5
974
330
1B
100
AcDbEntity
  8
B.Cu
  6
CONTINUOUS
100
AcDbLine
 10
6.1520335826771655
 20
-3.9831477952755905
 30
0
 11
6.152033700787402
 21
-3.983147716535433
 31
0
  0
LINE
  5
975
330
1B
100
AcDbEntity
  8
B.Cu
  6
CONTINUOUS
100
AcDbLine
 10
6.152033700787402
 20
-3.983147716535433
 30
0
 11
6.152033779527559
 21
-3.9831476377952755
 31
0
  0
LINE
  5
976
330
1B
100
AcDbEntity
  8
B.Cu
  6
CONTINUOUS
100
AcDbLine
 10
6.152033779527559
 20
-3.9831476377952755
 30
0
 11
6.155058385826772
 21
-3.9816064960629922
 31
0
  0
LINE
  5
977
330
1B
100
AcDbEntity
  8
B.Cu
  6
CONTINUOUS
100
AcDbLine
 10
6.155058385826772
 20
-3.9816064960629922
 30
0
 11
6.156484212598426
 21
-3.98088
 31
0
  0
LINE
  5
978
330
1B
100
AcDbEntity
  8
B.Cu
  6
CONTINUOUS
100
AcDbLine
 10
6.156484212598426
 20
-3.98088
 30
0
 11
6.160176220472441
 21
-3.9802952755905512
 31
0
  0
LINE
  5
979
330
1B
100
AcDbEntity
  8
B.Cu
  6
CONTINUOUS
100
AcDbLine
 10
6.160176220472441
 20
-3.9802952755905512
 30
0
 11
6.160176417322835
 21
-3.9802952755905512
 31
0
  0
LINE
  5
97A
330
1B
100
AcDbEntity
  8
B.Cu
  6
CONTINUOUS
100
AcDbLine
 10
6.160176417322835
 20
-3.9802952755905512
 30
0
 11
6.166121299212599
 21
-3.9802952755905512
 31
0
  0
LINE
  5
97B
330
1B
100
AcDbEntity
  8
B.Cu
  6
CONTINUOUS
100
AcDbLine
 10
6.166121299212599
 20
-3.9802952755905512
 30
0
 11
6.168760629921261
 21
-3.9795202755905512
 31
0
  0
LINE
  5
97C
330
1B
100
AcDbEntity
  8
B.Cu
  6
CONTINUOUS
100
AcDbLine
 10
6.168760629921261
 20
-3.9795202755905512
 30
0
 11
6.170562007874016
 21
-3.977441377952756
 31
0
  0
LINE
  5
97D
330
1B
100
AcDbEntity
  8
B.Cu
  6
CONTINUOUS
100
AcDbLine
 10
6.170562007874016
 20
-3.977441377952756
 30
0
 11
6.1709535039370085
 21
-3.9747186220472441
 31
0
  0
LINE
  5
97E
330
1B
100
AcDbEntity
  8
B.Cu
  6
CONTINUOUS
100
AcDbLine
 10
6.1709535039370085
 20
-3.9747186220472441
 30
0
 11
6.169810787401575
 21
-3.9722164173228345
 31
0
  0
LINE
  5
97F
330
1B
100
AcDbEntity
  8
B.Cu
  6
CONTINUOUS
100
AcDbLine
 10
6.169810787401575
 20
-3.9722164173228345
 30
0
 11
6.1695733070866146
 21
-3.9719613779527556
 31
0
  0
LINE
  5
980
330
1B
100
AcDbEntity
  8
B.Cu
  6
CONTINUOUS
100
AcDbLine
 10
6.1695733070866146
 20
-3.9719613779527556
 30
0
 11
6.034090078740158
 21
-3.836478149606299
 31
0
  0
LINE
  5
981
330
1B
100
AcDbEntity
  8
B.Cu
  6
CONTINUOUS
100
AcDbLine
 10
6.034090078740158
 20
-3.836478149606299
 30
0
 11
6.034090000000001
 21
-3.8364780708661415
 31
0
  0
LINE
  5
982
330
1B
100
AcDbEntity
  8
B.Cu
  6
CONTINUOUS
100
AcDbLine
 10
6.034090000000001
 20
-3.8364780708661415
 30
0
 11
6.031071850393701
 21
-3.8319610629921259
 31
0
  0
LINE
  5
983
330
1B
100
AcDbEntity
  8
B.Cu
  6
CONTINUOUS
100
AcDbLine
 10
6.031071850393701
 20
-3.8319610629921259
 30
0
 11
6.028992913385827
 21
-3.8269420472440943
 31
0
  0
LINE
  5
984
330
1B
100
AcDbEntity
  8
B.Cu
  6
CONTINUOUS
100
AcDbLine
 10
6.028992913385827
 20
-3.8269420472440943
 30
0
 11
6.028646102362205
 21
-3.8251984251968505
 31
0
  0
LINE
  5
985
330
1B
100
AcDbEntity
  8
B.Cu
  6
CONTINUOUS
100
AcDbLine
 10
6.028646102362205
 20
-3.8251984251968505
 30
0
 11
6.027933070866142
 21
-3.8216140157480316
 31
0
  0
LINE
  5
986
330
1B
100
AcDbEntity
  8
B.Cu
  6
CONTINUOUS
100
AcDbLine
 10
6.027933070866142
 20
-3.8216140157480316
 30
0
 11
6.027933070866142
 21
-3.8202109055118108
 31
0
  0
LINE
  5
987
330
1B
100
AcDbEntity
  8
B.Cu
  6
CONTINUOUS
100
AcDbLine
 10
6.027933070866142
 20
-3.8202109055118108
 30
0
 11
6.027158070866142
 21
-3.8175715748031496
 31
0
  0
LINE
  5
988
330
1B
100
AcDbEntity
  8
B.Cu
  6
CONTINUOUS
100
AcDbLine
 10
6.027158070866142
 20
-3.8175715748031496
 30
0
 11
6.026503110236221
 21
-3.8167588188976378
 31
0
  0
LINE
  5
989
330
1B
100
AcDbEntity
  8
B.Cu
  6
CONTINUOUS
100
AcDbLine
 10
6.026503110236221
 20
-3.8167588188976378
 30
0
 11
6.025833267716536
 21
-3.8160889763779529
 31
0
  0
LINE
  5
98A
330
1B
100
AcDbEntity
  8
B.Cu
  6
CONTINUOUS
100
AcDbLine
 10
6.025833267716536
 20
-3.8160889763779529
 30
0
 11
6.025833188976378
 21
-3.8160888976377954
 31
0
  0
LINE
  5
98B
330
1B
100
AcDbEntity
  8
B.Cu
  6
CONTINUOUS
100
AcDbLine
 10
6.025833188976378
 20
-3.8160888976377954
 30
0
 11
6.021651732283465
 21
-3.8098308661417324
 31
0
  0
LINE
  5
98C
330
1B
100
AcDbEntity
  8
B.Cu
  6
CONTINUOUS
100
AcDbLine
 10
6.021651732283465
 20
-3.8098308661417324
 30
0
 11
6.020504803149607
 21
-3.8070619685039371
 31
0
  0
LINE
  5
98D
330
1B
100
AcDbEntity
  8
B.Cu
  6
CONTINUOUS
100
AcDbLine
 10
6.020504803149607
 20
-3.8070619685039371
 30
0
 11
6.0202116141732285
 21
-3.8063540944881891
 31
0
  0
LINE
  5
98E
330
1B
100
AcDbEntity
  8
B.Cu
  6
CONTINUOUS
100
AcDbLine
 10
6.0202116141732285
 20
-3.8063540944881891
 30
0
 11
6.0187714960629926
 21
-3.8028773228346457
 31
0
  0
LINE
  5
98F
330
1B
100
AcDbEntity
  8
B.Cu
  6
CONTINUOUS
100
AcDbLine
 10
6.0187714960629926
 20
-3.8028773228346457
 30
0
 11
6.0173031496063
 21
-3.7954955118110236
 31
0
  0
LINE
  5
990
330
1B
100
AcDbEntity
  8
B.Cu
  6
CONTINUOUS
100
AcDbLine
 10
6.0173031496063
 20
-3.7954955118110236
 30
0
 11
6.0173031496063
 21
-3.7541107874015749
 31
0
  0
LINE
  5
991
330
1B
100
AcDbEntity
  8
B.Cu
  6
CONTINUOUS
100
AcDbLine
 10
6.0173031496063
 20
-3.7541107874015749
 30
0
 11
6.0173031496063
 21
-3.7541106692913386
 31
0
  0
LINE
  5
992
330
1B
100
AcDbEntity
  8
B.Cu
  6
CONTINUOUS
100
AcDbLine
 10
6.0173031496063
 20
-3.7541106692913386
 30
0
 11
6.018771456692914
 21
-3.7467291732283465
 31
0
  0
LINE
  5
993
330
1B
100
AcDbEntity
  8
B.Cu
  6
CONTINUOUS
100
AcDbLine
 10
6.018771456692914
 20
-3.7467291732283465
 30
0
 11
6.0187714960629926
 21
-3.7467291338582678
 31
0
  0
LINE
  5
994
330
1B
100
AcDbEntity
  8
B.Cu
  6
CONTINUOUS
100
AcDbLine
 10
6.0187714960629926
 20
-3.7467291338582678
 30
0
 11
6.0187714960629926
 21
-3.7467289763779528
 31
0
  0
LINE
  5
995
330
1B
100
AcDbEntity
  8
B.Cu
  6
CONTINUOUS
100
AcDbLine
 10
6.0187714960629926
 20
-3.7467289763779528
 30
0
 11
6.019436062992127
 21
-3.7451245275590552
 31
0
  0
LINE
  5
996
330
1B
100
AcDbEntity
  8
B.Cu
  6
CONTINUOUS
100
AcDbLine
 10
6.019436062992127
 20
-3.7451245275590552
 30
0
 11
6.021651653543308
 21
-3.7397755511811024
 31
0
  0
LINE
  5
997
330
1B
100
AcDbEntity
  8
B.Cu
  6
CONTINUOUS
100
AcDbLine
 10
6.021651653543308
 20
-3.7397755511811024
 30
0
 11
6.025833267716536
 21
-3.7335172834645669
 31
0
  0
LINE
  5
998
330
1B
100
AcDbEntity
  8
B.Cu
  6
CONTINUOUS
100
AcDbLine
 10
6.025833267716536
 20
-3.7335172834645669
 30
0
 11
6.0265031889763785
 21
-3.7328473622047245
 31
0
  0
LINE
  5
999
330
1B
100
AcDbEntity
  8
B.Cu
  6
CONTINUOUS
100
AcDbLine
 10
6.0265031889763785
 20
-3.7328473622047245
 30
0
 11
6.027821496062993
 21
-3.7304330708661415
 31
0
  0
LINE
  5
99A
330
1B
100
AcDbEntity
  8
B.Cu
  6
CONTINUOUS
100
AcDbLine
 10
6.027821496062993
 20
-3.7304330708661415
 30
0
 11
6.027933070866142
 21
-3.7293953543307086
 31
0
  0
LINE
  5
99B
330
1B
100
AcDbEntity
  8
B.Cu
  6
CONTINUOUS
100
AcDbLine
 10
6.027933070866142
 20
-3.7293953543307086
 30
0
 11
6.027933070866142
 21
-3.6557887007874017
 31
0
  0
LINE
  5
99C
330
1B
100
AcDbEntity
  8
B.Cu
  6
CONTINUOUS
100
AcDbLine
 10
6.027933070866142
 20
-3.6557887007874017
 30
0
 11
6.027158070866142
 21
-3.6531493700787401
 31
0
  0
LINE
  5
99D
330
1B
100
AcDbEntity
  8
B.Cu
  6
CONTINUOUS
100
AcDbLine
 10
6.027158070866142
 20
-3.6531493700787401
 30
0
 11
6.027000708661418
 21
-3.6529191732283466
 31
0
  0
LINE
  5
99E
330
1B
100
AcDbEntity
  8
B.Cu
  6
CONTINUOUS
100
AcDbLine
 10
6.027000708661418
 20
-3.6529191732283466
 30
0
 11
6.026941535433071
 21
-3.6528376771653543
 31
0
  0
LINE
  5
99F
330
1B
100
AcDbEntity
  8
B.Cu
  6
CONTINUOUS
100
AcDbLine
 10
6.026941535433071
 20
-3.6528376771653543
 30
0
 11
6.026941338582677
 21
-3.6528375196850393
 31
0
  0
LINE
  5
9A0
330
1B
100
AcDbEntity
  8
B.Cu
  6
CONTINUOUS
100
AcDbLine
 10
6.026941338582677
 20
-3.6528375196850393
 30
0
 11
6.022568503937008
 21
-3.6468188582677166
 31
0
  0
LINE
  5
9A1
330
1B
100
AcDbEntity
  8
B.Cu
  6
CONTINUOUS
100
AcDbLine
 10
6.022568503937008
 20
-3.6468188582677166
 30
0
 11
6.019191062992126
 21
-3.6401902362204726
 31
0
  0
LINE
  5
9A2
330
1B
100
AcDbEntity
  8
B.Cu
  6
CONTINUOUS
100
AcDbLine
 10
6.019191062992126
 20
-3.6401902362204726
 30
0
 11
6.016892125984253
 21
-3.6331148818897638
 31
0
  0
LINE
  5
9A3
330
1B
100
AcDbEntity
  8
B.Cu
  6
CONTINUOUS
100
AcDbLine
 10
6.016892125984253
 20
-3.6331148818897638
 30
0
 11
6.015728346456694
 21
-3.6257671653543304
 31
0
  0
LINE
  5
9A4
330
1B
100
AcDbEntity
  8
B.Cu
  6
CONTINUOUS
100
AcDbLine
 10
6.015728346456694
 20
-3.6257671653543304
 30
0
 11
6.015728346456694
 21
-3.6183272834645668
 31
0
  0
LINE
  5
9A5
330
1B
100
AcDbEntity
  8
B.Cu
  6
CONTINUOUS
100
AcDbLine
 10
6.015728346456694
 20
-3.6183272834645668
 30
0
 11
6.016892125984253
 21
-3.6109795669291338
 31
0
  0
LINE
  5
9A6
330
1B
100
AcDbEntity
  8
B.Cu
  6
CONTINUOUS
100
AcDbLine
 10
6.016892125984253
 20
-3.6109795669291338
 30
0
 11
6.017958818897638
 21
-3.6076967322834643
 31
0
  0
LINE
  5
9A7
330
1B
100
AcDbEntity
  8
B.Cu
  6
CONTINUOUS
100
AcDbLine
 10
6.017958818897638
 20
-3.6076967322834643
 30
0
 11
6.019191062992126
 21
-3.6039042519685038
 31
0
  0
LINE
  5
9A8
330
1B
100
AcDbEntity
  8
B.Cu
  6
CONTINUOUS
100
AcDbLine
 10
6.019191062992126
 20
-3.6039042519685038
 30
0
 11
6.019191141732284
 21
-3.6039041338582676
 31
0
  0
LINE
  5
9A9
330
1B
100
AcDbEntity
  8
B.Cu
  6
CONTINUOUS
100
AcDbLine
 10
6.019191141732284
 20
-3.6039041338582676
 30
0
 11
6.019191141732284
 21
-3.6039040551181101
 31
0
  0
LINE
  5
9AA
330
1B
100
AcDbEntity
  8
B.Cu
  6
CONTINUOUS
100
AcDbLine
 10
6.019191141732284
 20
-3.6039040551181101
 30
0
 11
6.0209728346456695
 21
-3.6004073622047241
 31
0
  0
LINE
  5
9AB
330
1B
100
AcDbEntity
  8
B.Cu
  6
CONTINUOUS
100
AcDbLine
 10
6.0209728346456695
 20
-3.6004073622047241
 30
0
 11
6.022568503937008
 21
-3.5972756299212598
 31
0
  0
LINE
  5
9AC
330
1B
100
AcDbEntity
  8
B.Cu
  6
CONTINUOUS
100
AcDbLine
 10
6.022568503937008
 20
-3.5972756299212598
 30
0
 11
6.026941338582677
 21
-3.5912569685039371
 31
0
  0
LINE
  5
9AD
330
1B
100
AcDbEntity
  8
B.Cu
  6
CONTINUOUS
100
AcDbLine
 10
6.026941338582677
 20
-3.5912569685039371
 30
0
 11
6.032201850393701
 21
-3.5859964566929134
 31
0
  0
LINE
  5
9AE
330
1B
100
AcDbEntity
  8
B.Cu
  6
CONTINUOUS
100
AcDbLine
 10
6.032201850393701
 20
-3.5859964566929134
 30
0
 11
6.038220511811024
 21
-3.5816236220472439
 31
0
  0
LINE
  5
9AF
330
1B
100
AcDbEntity
  8
B.Cu
  6
CONTINUOUS
100
AcDbLine
 10
6.038220511811024
 20
-3.5816236220472439
 30
0
 11
6.038231023622048
 21
-3.5816182677165354
 31
0
  0
LINE
  5
9B0
330
1B
100
AcDbEntity
  8
B.Cu
  6
CONTINUOUS
100
AcDbLine
 10
6.038231023622048
 20
-3.5816182677165354
 30
0
 11
6.044848976377954
 21
-3.5782462204724408
 31
0
  0
LINE
  5
9B1
330
1B
100
AcDbEntity
  8
B.Cu
  6
CONTINUOUS
100
AcDbLine
 10
6.044848976377954
 20
-3.5782462204724408
 30
0
 11
6.051924488188977
 21
-3.5759472047244092
 31
0
  0
LINE
  5
9B2
330
1B
100
AcDbEntity
  8
B.Cu
  6
CONTINUOUS
100
AcDbLine
 10
6.051924488188977
 20
-3.5759472047244092
 30
0
 11
6.05927220472441
 21
-3.574783464566929
 31
0
  0
LINE
  5
9B3
330
1B
100
AcDbEntity
  8
B.Cu
  6
CONTINUOUS
100
AcDbLine
 10
6.05927220472441
 20
-3.574783464566929
 30
0
 11
6.059272401574804
 21
-3.574783464566929
 31
0
  0
LINE
  5
9B4
330
1B
100
AcDbEntity
  8
B.Cu
  6
CONTINUOUS
100
AcDbLine
 10
6.059272401574804
 20
-3.574783464566929
 30
0
 11
6.066711850393701
 21
-3.574783464566929
 31
0
  0
LINE
  5
9B5
330
1B
100
AcDbEntity
  8
B.Cu
  6
CONTINUOUS
100
AcDbLine
 10
6.066711850393701
 20
-3.574783464566929
 30
0
 11
6.066712047244095
 21
-3.574783464566929
 31
0
  0
LINE
  5
9B6
330
1B
100
AcDbEntity
  8
B.Cu
  6
CONTINUOUS
100
AcDbLine
 10
6.066712047244095
 20
-3.574783464566929
 30
0
 11
6.068175866141733
 21
-3.5750153149606296
 31
0
  0
LINE
  5
9B7
330
1B
100
AcDbEntity
  8
B.Cu
  6
CONTINUOUS
100
AcDbLine
 10
6.068175866141733
 20
-3.5750153149606296
 30
0
 11
6.070903937007874
 21
-3.5746627952755903
 31
0
  0
LINE
  5
9B8
330
1B
100
AcDbEntity
  8
B.Cu
  6
CONTINUOUS
100
AcDbLine
 10
6.070903937007874
 20
-3.5746627952755903
 30
0
 11
6.0723915748031505
 21
-3.5736455511811025
 31
0
  0
LINE
  5
9B9
330
1B
100
AcDbEntity
  8
B.Cu
  6
CONTINUOUS
100
AcDbLine
 10
6.0723915748031505
 20
-3.5736455511811025
 30
0
 11
6.132408700787402
 21
-3.5136284251968504
 31
0
  0
LINE
  5
9BA
330
1B
100
AcDbEntity
  8
B.Cu
  6
CONTINUOUS
100
AcDbLine
 10
6.132408700787402
 20
-3.5136284251968504
 30
0
 11
6.1337270078740165
 21
-3.5112141338582674
 31
0
  0
LINE
  5
9BB
330
1B
100
AcDbEntity
  8
B.Cu
  6
CONTINUOUS
100
AcDbLine
 10
6.1337270078740165
 20
-3.5112141338582674
 30
0
 11
6.133838582677166
 21
-3.5101764173228345
 31
0
  0
LINE
  5
9BC
330
1B
100
AcDbEntity
  8
B.Cu
  6
CONTINUOUS
100
AcDbLine
 10
6.133838582677166
 20
-3.5101764173228345
 30
0
 11
6.133838582677166
 21
-3.4211685826771654
 31
0
  0
LINE
  5
9BD
330
1B
100
AcDbEntity
  8
B.Cu
  6
CONTINUOUS
100
AcDbLine
 10
6.133838582677166
 20
-3.4211685826771654
 30
0
 11
6.133838582677166
 21
-3.0449416929133859
 31
0
  0
LINE
  5
9BE
330
1B
100
AcDbEntity
  8
B.Cu
  6
CONTINUOUS
100
AcDbLine
 10
6.133838582677166
 20
-3.0449416929133859
 30
0
 11
6.133063582677166
 21
-3.0423023622047243
 31
0
  0
LINE
  5
9BF
330
1B
100
AcDbEntity
  8
B.Cu
  6
CONTINUOUS
100
AcDbLine
 10
6.133063582677166
 20
-3.0423023622047243
 30
0
 11
6.132408700787402
 21
-3.04148968503937
 31
0
  0
LINE
  5
9C0
330
1B
100
AcDbEntity
  8
B.Cu
  6
CONTINUOUS
100
AcDbLine
 10
6.132408700787402
 20
-3.04148968503937
 30
0
 11
6.123242362204725
 21
-3.032323346456693
 31
0
  0
LINE
  5
9C1
330
1B
100
AcDbEntity
  8
B.Cu
  6
CONTINUOUS
100
AcDbLine
 10
6.123242362204725
 20
-3.032323346456693
 30
0
 11
6.113455039370079
 21
-3.0225359842519683
 31
0
  0
LINE
  5
9C2
330
1B
100
AcDbEntity
  8
B.Cu
  6
CONTINUOUS
100
AcDbLine
 10
6.113455039370079
 20
-3.0225359842519683
 30
0
 11
6.111040826771654
 21
-3.0212177559055116
 31
0
  0
LINE
  5
9C3
330
1B
100
AcDbEntity
  8
B.Cu
  6
CONTINUOUS
100
AcDbLine
 10
6.111040826771654
 20
-3.0212177559055116
 30
0
 11
6.108297086614174
 21
-3.0214139763779526
 31
0
  0
LINE
  5
9C4
330
1B
100
AcDbEntity
  8
B.Cu
  6
CONTINUOUS
100
AcDbLine
 10
6.108297086614174
 20
-3.0214139763779526
 30
0
 11
6.106094960629922
 21
-3.0230624409448819
 31
0
  0
LINE
  5
9C5
330
1B
100
AcDbEntity
  8
B.Cu
  6
CONTINUOUS
100
AcDbLine
 10
6.106094960629922
 20
-3.0230624409448819
 30
0
 11
6.106053622047245
 21
-3.0231185039370079
 31
0
  0
LINE
  5
9C6
330
1B
100
AcDbEntity
  8
B.Cu
  6
CONTINUOUS
100
AcDbLine
 10
6.106053622047245
 20
-3.0231185039370079
 30
0
 11
6.105268858267717
 21
-3.0241985826771653
 31
0
  0
LINE
  5
9C7
330
1B
100
AcDbEntity
  8
B.Cu
  6
CONTINUOUS
100
AcDbLine
 10
6.105268858267717
 20
-3.0241985826771653
 30
0
 11
6.105268740157481
 21
-3.0241987401574804
 31
0
  0
LINE
  5
9C8
330
1B
100
AcDbEntity
  8
B.Cu
  6
CONTINUOUS
100
AcDbLine
 10
6.105268740157481
 20
-3.0241987401574804
 30
0
 11
6.099789212598425
 21
-3.0296782677165353
 31
0
  0
LINE
  5
9C9
330
1B
100
AcDbEntity
  8
B.Cu
  6
CONTINUOUS
100
AcDbLine
 10
6.099789212598425
 20
-3.0296782677165353
 30
0
 11
6.099146811023623
 21
-3.0301450000000001
 31
0
  0
LINE
  5
9CA
330
1B
100
AcDbEntity
  8
B.Cu
  6
CONTINUOUS
100
AcDbLine
 10
6.099146811023623
 20
-3.0301450000000001
 30
0
 11
6.097467086614174
 21
-3.032323346456693
 31
0
  0
LINE
  5
9CB
330
1B
100
AcDbEntity
  8
B.Cu
  6
CONTINUOUS
100
AcDbLine
 10
6.097467086614174
 20
-3.032323346456693
 30
0
 11
6.097231732283465
 21
-3.0350640551181103
 31
0
  0
LINE
  5
9CC
330
1B
100
AcDbEntity
  8
B.Cu
  6
CONTINUOUS
100
AcDbLine
 10
6.097231732283465
 20
-3.0350640551181103
 30
0
 11
6.098515472440945
 21
-3.0374968897637795
 31
0
  0
LINE
  5
9CD
330
1B
100
AcDbEntity
  8
B.Cu
  6
CONTINUOUS
100
AcDbLine
 10
6.098515472440945
 20
-3.0374968897637795
 30
0
 11
6.100910708661417
 21
-3.038849527559055
 31
0
  0
LINE
  5
9CE
330
1B
100
AcDbEntity
  8
B.Cu
  6
CONTINUOUS
100
AcDbLine
 10
6.100910708661417
 20
-3.038849527559055
 30
0
 11
6.102016377952756
 21
-3.0389763779527557
 31
0
  0
LINE
  5
9CF
330
1B
100
AcDbEntity
  8
B.Cu
  6
CONTINUOUS
100
AcDbLine
 10
6.102016377952756
 20
-3.0389763779527557
 30
0
 11
6.103064763779528
 21
-3.0389763779527557
 31
0
  0
LINE
  5
9D0
330
1B
100
AcDbEntity
  8
B.Cu
  6
CONTINUOUS
100
AcDbLine
 10
6.103064763779528
 20
-3.0389763779527557
 30
0
 11
6.105408385826772
 21
-3.0392283858267715
 31
0
  0
LINE
  5
9D1
330
1B
100
AcDbEntity
  8
B.Cu
  6
CONTINUOUS
100
AcDbLine
 10
6.105408385826772
 20
-3.0392283858267715
 30
0
 11
6.105408661417323
 21
-3.039228464566929
 31
0
  0
LINE
  5
9D2
330
1B
100
AcDbEntity
  8
B.Cu
  6
CONTINUOUS
100
AcDbLine
 10
6.105408661417323
 20
-3.039228464566929
 30
0
 11
6.110712086614174
 21
-3.0412064960629919
 31
0
  0
LINE
  5
9D3
330
1B
100
AcDbEntity
  8
B.Cu
  6
CONTINUOUS
100
AcDbLine
 10
6.110712086614174
 20
-3.0412064960629919
 30
0
 11
6.110712362204725
 21
-3.0412066535433069
 31
0
  0
LINE
  5
9D4
330
1B
100
AcDbEntity
  8
B.Cu
  6
CONTINUOUS
100
AcDbLine
 10
6.110712362204725
 20
-3.0412066535433069
 30
0
 11
6.115243622047244
 21
-3.0445987795275591
 31
0
  0
LINE
  5
9D5
330
1B
100
AcDbEntity
  8
B.Cu
  6
CONTINUOUS
100
AcDbLine
 10
6.115243622047244
 20
-3.0445987795275591
 30
0
 11
6.115243740157481
 21
-3.0445988976377953
 31
0
  0
LINE
  5
9D6
330
1B
100
AcDbEntity
  8
B.Cu
  6
CONTINUOUS
100
AcDbLine
 10
6.115243740157481
 20
-3.0445988976377953
 30
0
 11
6.118635866141733
 21
-3.0491301574803149
 31
0
  0
LINE
  5
9D7
330
1B
100
AcDbEntity
  8
B.Cu
  6
CONTINUOUS
100
AcDbLine
 10
6.118635866141733
 20
-3.0491301574803149
 30
0
 11
6.118636023622048
 21
-3.0491304330708662
 31
0
  0
LINE
  5
9D8
330
1B
100
AcDbEntity
  8
B.Cu
  6
CONTINUOUS
100
AcDbLine
 10
6.118636023622048
 20
-3.0491304330708662
 30
0
 11
6.120614055118111
 21
-3.0544338582677164
 31
0
  0
LINE
  5
9D9
330
1B
100
AcDbEntity
  8
B.Cu
  6
CONTINUOUS
100
AcDbLine
 10
6.120614055118111
 20
-3.0544338582677164
 30
0
 11
6.120614133858268
 21
-3.0544341338582677
 31
0
  0
LINE
  5
9DA
330
1B
100
AcDbEntity
  8
B.Cu
  6
CONTINUOUS
100
AcDbLine
 10
6.120614133858268
 20
-3.0544341338582677
 30
0
 11
6.120866141732284
 21
-3.0567777559055118
 31
0
  0
LINE
  5
9DB
330
1B
100
AcDbEntity
  8
B.Cu
  6
CONTINUOUS
100
AcDbLine
 10
6.120866141732284
 20
-3.0567777559055118
 30
0
 11
6.120866141732284
 21
-3.0822834645669293
 31
0
  0
LINE
  5
9DC
330
1B
100
AcDbEntity
  8
B.Cu
  6
CONTINUOUS
100
AcDbLine
 10
6.120866141732284
 20
-3.0822834645669293
 30
0
 11
6.101181102362205
 21
-3.0822834645669293
 31
0
  0
LINE
  5
9DD
330
1B
100
AcDbEntity
  8
B.Cu
  6
CONTINUOUS
100
AcDbLine
 10
6.101181102362205
 20
-3.0822834645669293
 30
0
 11
6.101181102362205
 21
-3.0586614173228344
 31
0
  0
LINE
  5
9DE
330
1B
100
AcDbEntity
  8
B.Cu
  6
CONTINUOUS
100
AcDbLine
 10
6.101181102362205
 20
-3.0586614173228344
 30
0
 11
6.034251968503938
 21
-3.0586614173228344
 31
0
  0
LINE
  5
9DF
330
1B
100
AcDbEntity
  8
B.Cu
  6
CONTINUOUS
100
AcDbLine
 10
6.034251968503938
 20
-3.0586614173228344
 30
0
 11
6.034251968503938
 21
-3.1255905511811024
 31
0
  0
LINE
  5
9E0
330
1B
100
AcDbEntity
  8
B.Cu
  6
CONTINUOUS
100
AcDbLine
 10
6.034251968503938
 20
-3.1255905511811024
 30
0
 11
6.057874015748032
 21
-3.1255905511811024
 31
0
  0
LINE
  5
9E1
330
1B
100
AcDbEntity
  8
B.Cu
  6
CONTINUOUS
100
AcDbLine
 10
6.057874015748032
 20
-3.1255905511811024
 30
0
 11
6.057874015748032
 21
-3.1452755905511811
 31
0
  0
LINE
  5
9E2
330
1B
100
AcDbEntity
  8
B.Cu
  6
CONTINUOUS
100
AcDbLine
 10
6.057874015748032
 20
-3.1452755905511811
 30
0
 11
6.0323689763779536
 21
-3.1452755905511811
 31
0
  0
LINE
  5
9E3
330
1B
100
AcDbEntity
  8
B.Cu
  6
CONTINUOUS
100
AcDbLine
 10
6.0323689763779536
 20
-3.1452755905511811
 30
0
 11
6.0323683464566935
 21
-3.1452755511811024
 31
0
  0
LINE
  5
9E4
330
1B
100
AcDbEntity
  8
B.Cu
  6
CONTINUOUS
100
AcDbLine
 10
6.0323683464566935
 20
-3.1452755511811024
 30
0
 11
6.030024724409449
 21
-3.1450235433070866
 31
0
  0
LINE
  5
9E5
330
1B
100
AcDbEntity
  8
B.Cu
  6
CONTINUOUS
100
AcDbLine
 10
6.030024724409449
 20
-3.1450235433070866
 30
0
 11
6.0300244488188985
 21
-3.1450234645669291
 31
0
  0
LINE
  5
9E6
330
1B
100
AcDbEntity
  8
B.Cu
  6
CONTINUOUS
100
AcDbLine
 10
6.0300244488188985
 20
-3.1450234645669291
 30
0
 11
6.024721023622048
 21
-3.1430454330708661
 31
0
  0
LINE
  5
9E7
330
1B
100
AcDbEntity
  8
B.Cu
  6
CONTINUOUS
100
AcDbLine
 10
6.024721023622048
 20
-3.1430454330708661
 30
0
 11
6.024720748031497
 21
-3.1430452755905511
 31
0
  0
LINE
  5
9E8
330
1B
100
AcDbEntity
  8
B.Cu
  6
CONTINUOUS
100
AcDbLine
 10
6.024720748031497
 20
-3.1430452755905511
 30
0
 11
6.020189488188977
 21
-3.1396531496062989
 31
0
  0
LINE
  5
9E9
330
1B
100
AcDbEntity
  8
B.Cu
  6
CONTINUOUS
100
AcDbLine
 10
6.020189488188977
 20
-3.1396531496062989
 30
0
 11
6.02018937007874
 21
-3.1396530314960631
 31
0
  0
LINE
  5
9EA
330
1B
100
AcDbEntity
  8
B.Cu
  6
CONTINUOUS
100
AcDbLine
 10
6.02018937007874
 20
-3.1396530314960631
 30
0
 11
6.016797244094489
 21
-3.1351217716535431
 31
0
  0
LINE
  5
9EB
330
1B
100
AcDbEntity
  8
B.Cu
  6
CONTINUOUS
100
AcDbLine
 10
6.016797244094489
 20
-3.1351217716535431
 30
0
 11
6.016797086614174
 21
-3.1351214960629918
 31
0
  0
LINE
  5
9EC
330
1B
100
AcDbEntity
  8
B.Cu
  6
CONTINUOUS
100
AcDbLine
 10
6.016797086614174
 20
-3.1351214960629918
 30
0
 11
6.014819055118111
 21
-3.1298180708661416
 31
0
  0
LINE
  5
9ED
330
1B
100
AcDbEntity
  8
B.Cu
  6
CONTINUOUS
100
AcDbLine
 10
6.014819055118111
 20
-3.1298180708661416
 30
0
 11
6.014818976377954
 21
-3.1298177952755903
 31
0
  0
LINE
  5
9EE
330
1B
100
AcDbEntity
  8
B.Cu
  6
CONTINUOUS
100
AcDbLine
 10
6.014818976377954
 20
-3.1298177952755903
 30
0
 11
6.014566968503938
 21
-3.1274741732283462
 31
0
  0
LINE
  5
9EF
330
1B
100
AcDbEntity
  8
B.Cu
  6
CONTINUOUS
100
AcDbLine
 10
6.014566968503938
 20
-3.1274741732283462
 30
0
 11
6.014566929133859
 21
-3.1274735039370078
 31
0
  0
LINE
  5
9F0
330
1B
100
AcDbEntity
  8
B.Cu
  6
CONTINUOUS
100
AcDbLine
 10
6.014566929133859
 20
-3.1274735039370078
 30
0
 11
6.014566929133859
 21
-3.1264257874015748
 31
0
  0
LINE
  5
9F1
330
1B
100
AcDbEntity
  8
B.Cu
  6
CONTINUOUS
100
AcDbLine
 10
6.014566929133859
 20
-3.1264257874015748
 30
0
 11
6.013791929133859
 21
-3.1237864566929132
 31
0
  0
LINE
  5
9F2
330
1B
100
AcDbEntity
  8
B.Cu
  6
CONTINUOUS
100
AcDbLine
 10
6.013791929133859
 20
-3.1237864566929132
 30
0
 11
6.011713031496064
 21
-3.1219850787401575
 31
0
  0
LINE
  5
9F3
330
1B
100
AcDbEntity
  8
B.Cu
  6
CONTINUOUS
100
AcDbLine
 10
6.011713031496064
 20
-3.1219850787401575
 30
0
 11
6.008990275590552
 21
-3.1215935826771655
 31
0
  0
LINE
  5
9F4
330
1B
100
AcDbEntity
  8
B.Cu
  6
CONTINUOUS
100
AcDbLine
 10
6.008990275590552
 20
-3.1215935826771655
 30
0
 11
6.006488070866142
 21
-3.1227362992125984
 31
0
  0
LINE
  5
9F5
330
1B
100
AcDbEntity
  8
B.Cu
  6
CONTINUOUS
100
AcDbLine
 10
6.006488070866142
 20
-3.1227362992125984
 30
0
 11
6.005735590551182
 21
-3.1235561811023622
 31
0
  0
LINE
  5
9F6
330
1B
100
AcDbEntity
  8
B.Cu
  6
CONTINUOUS
100
AcDbLine
 10
6.005735590551182
 20
-3.1235561811023622
 30
0
 11
6.005268818897639
 21
-3.1241986614173229
 31
0
  0
LINE
  5
9F7
330
1B
100
AcDbEntity
  8
B.Cu
  6
CONTINUOUS
100
AcDbLine
 10
6.005268818897639
 20
-3.1241986614173229
 30
0
 11
5.999789212598426
 21
-3.1296782677165353
 31
0
  0
LINE
  5
9F8
330
1B
100
AcDbEntity
  8
B.Cu
  6
CONTINUOUS
100
AcDbLine
 10
5.999789212598426
 20
-3.1296782677165353
 30
0
 11
5.994158031496063
 21
-3.1337695669291339
 31
0
  0
LINE
  5
9F9
330
1B
100
AcDbEntity
  8
B.Cu
  6
CONTINUOUS
100
AcDbLine
 10
5.994158031496063
 20
-3.1337695669291339
 30
0
 11
5.992478307086615
 21
-3.1359479133858268
 31
0
  0
LINE
  5
9FA
330
1B
100
AcDbEntity
  8
B.Cu
  6
CONTINUOUS
100
AcDbLine
 10
5.992478307086615
 20
-3.1359479133858268
 30
0
 11
5.992145669291339
 21
-3.137719094488189
 31
0
  0
LINE
  5
9FB
330
1B
100
AcDbEntity
  8
B.Cu
  6
CONTINUOUS
100
AcDbLine
 10
5.992145669291339
 20
-3.137719094488189
 30
0
 11
5.992145669291339
 21
-3.1862600787401574
 31
0
  0
LINE
  5
9FC
330
1B
100
AcDbEntity
  8
B.Cu
  6
CONTINUOUS
100
AcDbLine
 10
5.992145669291339
 20
-3.1862600787401574
 30
0
 11
5.992145669291339
 21
-3.1916926771653542
 31
0
  0
LINE
  5
9FD
330
1B
100
AcDbEntity
  8
B.Cu
  6
CONTINUOUS
100
AcDbLine
 10
5.992145669291339
 20
-3.1916926771653542
 30
0
 11
5.992145669291339
 21
-3.1916927559055117
 31
0
  0
LINE
  5
9FE
330
1B
100
AcDbEntity
  8
B.Cu
  6
CONTINUOUS
100
AcDbLine
 10
5.992145669291339
 20
-3.1916927559055117
 30
0
 11
5.992145708661417
 21
-3.1916927559055117
 31
0
  0
LINE
  5
9FF
330
1B
100
AcDbEntity
  8
B.Cu
  6
CONTINUOUS
100
AcDbLine
 10
5.992145708661417
 20
-3.1916927559055117
 30
0
 11
5.991085905511811
 21
-3.1970205511811023
 31
0
  0
LINE
  5
A00
330
1B
100
AcDbEntity
  8
B.Cu
  6
CONTINUOUS
100
AcDbLine
 10
5.991085905511811
 20
-3.1970205511811023
 30
0
 11
5.991085787401575
 21
-3.1970209448818898
 31
0
  0
LINE
  5
A01
330
1B
100
AcDbEntity
  8
B.Cu
  6
CONTINUOUS
100
AcDbLine
 10
5.991085787401575
 20
-3.1970209448818898
 30
0
 11
5.989007007874016
 21
-3.2020396456692914
 31
0
  0
LINE
  5
A02
330
1B
100
AcDbEntity
  8
B.Cu
  6
CONTINUOUS
100
AcDbLine
 10
5.989007007874016
 20
-3.2020396456692914
 30
0
 11
5.985988700787402
 21
-3.2065568897637795
 31
0
  0
LINE
  5
A03
330
1B
100
AcDbEntity
  8
B.Cu
  6
CONTINUOUS
100
AcDbLine
 10
5.985988700787402
 20
-3.2065568897637795
 30
0
 11
5.985988661417323
 21
-3.2065569291338583
 31
0
  0
LINE
  5
A04
330
1B
100
AcDbEntity
  8
B.Cu
  6
CONTINUOUS
100
AcDbLine
 10
5.985988661417323
 20
-3.2065569291338583
 30
0
 11
5.934520433070866
 21
-3.2580250787401575
 31
0
  0
LINE
  5
A05
330
1B
100
AcDbEntity
  8
B.Cu
  6
CONTINUOUS
100
AcDbLine
 10
5.934520433070866
 20
-3.2580250787401575
 30
0
 11
5.933202125984252
 21
-3.26043937007874
 31
0
  0
LINE
  5
A06
330
1B
100
AcDbEntity
  8
B.Cu
  6
CONTINUOUS
100
AcDbLine
 10
5.933202125984252
 20
-3.26043937007874
 30
0
 11
5.9330905511811025
 21
-3.2614770866141733
 31
0
  0
LINE
  5
A07
330
1B
100
AcDbEntity
  8
B.Cu
  6
CONTINUOUS
100
AcDbLine
 10
5.9330905511811025
 20
-3.2614770866141733
 30
0
 11
5.9330905511811025
 21
-3.717438622047244
 31
0
  0
LINE
  5
A08
330
1B
100
AcDbEntity
  8
B.Cu
  6
CONTINUOUS
100
AcDbLine
 10
5.9330905511811025
 20
-3.717438622047244
 30
0
 11
5.9330905511811025
 21
-3.7174387007874015
 31
0
  0
LINE
  5
A09
330
1B
100
AcDbEntity
  8
B.Cu
  6
CONTINUOUS
100
AcDbLine
 10
5.9330905511811025
 20
-3.7174387007874015
 30
0
 11
5.933090590551181
 21
-3.7174387007874015
 31
0
  0
LINE
  5
A0A
330
1B
100
AcDbEntity
  8
B.Cu
  6
CONTINUOUS
100
AcDbLine
 10
5.933090590551181
 20
-3.7174387007874015
 30
0
 11
5.932030787401575
 21
-3.7227665354330708
 31
0
  0
LINE
  5
A0B
330
1B
100
AcDbEntity
  8
B.Cu
  6
CONTINUOUS
100
AcDbLine
 10
5.932030787401575
 20
-3.7227665354330708
 30
0
 11
5.932030669291339
 21
-3.7227669291338583
 31
0
  0
LINE
  5
A0C
330
1B
100
AcDbEntity
  8
B.Cu
  6
CONTINUOUS
100
AcDbLine
 10
5.932030669291339
 20
-3.7227669291338583
 30
0
 11
5.92995188976378
 21
-3.7277855905511812
 31
0
  0
LINE
  5
A0D
330
1B
100
AcDbEntity
  8
B.Cu
  6
CONTINUOUS
100
AcDbLine
 10
5.92995188976378
 20
-3.7277855905511812
 30
0
 11
5.929838818897638
 21
-3.727997086614173
 31
0
  0
LINE
  5
A0E
330
1B
100
AcDbEntity
  8
B.Cu
  6
CONTINUOUS
100
AcDbLine
 10
5.929838818897638
 20
-3.727997086614173
 30
0
 11
5.929890078740158
 21
-3.7280244881889764
 31
0
  0
LINE
  5
A0F
330
1B
100
AcDbEntity
  8
B.Cu
  6
CONTINUOUS
100
AcDbLine
 10
5.929890078740158
 20
-3.7280244881889764
 30
0
 11
5.929154330708662
 21
-3.7303740944881887
 31
0
  0
LINE
  5
A10
330
1B
100
AcDbEntity
  8
B.Cu
  6
CONTINUOUS
100
AcDbLine
 10
5.929154330708662
 20
-3.7303740944881887
 30
0
 11
5.929153543307087
 21
-3.7304612992125983
 31
0
  0
LINE
  5
A11
330
1B
100
AcDbEntity
  8
B.Cu
  6
CONTINUOUS
100
AcDbLine
 10
5.929153543307087
 20
-3.7304612992125983
 30
0
 11
5.929153543307087
 21
-3.7373286220472441
 31
0
  0
LINE
  5
A12
330
1B
100
AcDbEntity
  8
B.Cu
  6
CONTINUOUS
100
AcDbLine
 10
5.929153543307087
 20
-3.7373286220472441
 30
0
 11
5.929928543307087
 21
-3.7399679527559053
 31
0
  0
LINE
  5
A13
330
1B
100
AcDbEntity
  8
B.Cu
  6
CONTINUOUS
100
AcDbLine
 10
5.929928543307087
 20
-3.7399679527559053
 30
0
 11
5.932007440944882
 21
-3.7417693307086615
 31
0
  0
LINE
  5
A14
330
1B
100
AcDbEntity
  8
B.Cu
  6
CONTINUOUS
100
AcDbLine
 10
5.932007440944882
 20
-3.7417693307086615
 30
0
 11
5.934730196850394
 21
-3.7421608267716535
 31
0
  0
LINE
  5
A15
330
1B
100
AcDbEntity
  8
B.Cu
  6
CONTINUOUS
100
AcDbLine
 10
5.934730196850394
 20
-3.7421608267716535
 30
0
 11
5.936747598425197
 21
-3.7413877952755903
 31
0
  0
LINE
  5
A16
330
1B
100
AcDbEntity
  8
B.Cu
  6
CONTINUOUS
100
AcDbLine
 10
5.936747598425197
 20
-3.7413877952755903
 30
0
 11
5.937413228346458
 21
-3.7409430314960628
 31
0
  0
LINE
  5
A17
330
1B
100
AcDbEntity
  8
B.Cu
  6
CONTINUOUS
100
AcDbLine
 10
5.937413228346458
 20
-3.7409430314960628
 30
0
 11
5.937413307086615
 21
-3.740942992125984
 31
0
  0
LINE
  5
A18
330
1B
100
AcDbEntity
  8
B.Cu
  6
CONTINUOUS
100
AcDbLine
 10
5.937413307086615
 20
-3.740942992125984
 30
0
 11
5.944366614173229
 21
-3.738062874015748
 31
0
  0
LINE
  5
A19
330
1B
100
AcDbEntity
  8
B.Cu
  6
CONTINUOUS
100
AcDbLine
 10
5.944366614173229
 20
-3.738062874015748
 30
0
 11
5.944367007874016
 21
-3.7380627559055117
 31
0
  0
LINE
  5
A1A
330
1B
100
AcDbEntity
  8
B.Cu
  6
CONTINUOUS
100
AcDbLine
 10
5.944367007874016
 20
-3.7380627559055117
 30
0
 11
5.951748503937008
 21
-3.7365944881889761
 31
0
  0
LINE
  5
A1B
330
1B
100
AcDbEntity
  8
B.Cu
  6
CONTINUOUS
100
AcDbLine
 10
5.951748503937008
 20
-3.7365944881889761
 30
0
 11
5.9517485826771654
 21
-3.7365944881889761
 31
0
  0
LINE
  5
A1C
330
1B
100
AcDbEntity
  8
B.Cu
  6
CONTINUOUS
100
AcDbLine
 10
5.9517485826771654
 20
-3.7365944881889761
 30
0
 11
5.9592750393700795
 21
-3.7365944881889761
 31
0
  0
LINE
  5
A1D
330
1B
100
AcDbEntity
  8
B.Cu
  6
CONTINUOUS
100
AcDbLine
 10
5.9592750393700795
 20
-3.7365944881889761
 30
0
 11
5.959275118110237
 21
-3.7365944881889761
 31
0
  0
LINE
  5
A1E
330
1B
100
AcDbEntity
  8
B.Cu
  6
CONTINUOUS
100
AcDbLine
 10
5.959275118110237
 20
-3.7365944881889761
 30
0
 11
5.966656653543308
 21
-3.7380627559055117
 31
0
  0
LINE
  5
A1F
330
1B
100
AcDbEntity
  8
B.Cu
  6
CONTINUOUS
100
AcDbLine
 10
5.966656653543308
 20
-3.7380627559055117
 30
0
 11
5.9666570472440945
 21
-3.738062874015748
 31
0
  0
LINE
  5
A20
330
1B
100
AcDbEntity
  8
B.Cu
  6
CONTINUOUS
100
AcDbLine
 10
5.9666570472440945
 20
-3.738062874015748
 30
0
 11
5.973610275590552
 21
-3.7409429527559053
 31
0
  0
LINE
  5
A21
330
1B
100
AcDbEntity
  8
B.Cu
  6
CONTINUOUS
100
AcDbLine
 10
5.973610275590552
 20
-3.7409429527559053
 30
0
 11
5.979868543307087
 21
-3.745124566929134
 31
0
  0
LINE
  5
A22
330
1B
100
AcDbEntity
  8
B.Cu
  6
CONTINUOUS
100
AcDbLine
 10
5.979868543307087
 20
-3.745124566929134
 30
0
 11
5.985190393700788
 21
-3.7504464173228347
 31
0
  0
LINE
  5
A23
330
1B
100
AcDbEntity
  8
B.Cu
  6
CONTINUOUS
100
AcDbLine
 10
5.985190393700788
 20
-3.7504464173228347
 30
0
 11
5.9893720078740165
 21
-3.7567046850393702
 31
0
  0
LINE
  5
A24
330
1B
100
AcDbEntity
  8
B.Cu
  6
CONTINUOUS
100
AcDbLine
 10
5.9893720078740165
 20
-3.7567046850393702
 30
0
 11
5.992252086614173
 21
-3.7636579133858268
 31
0
  0
LINE
  5
A25
330
1B
100
AcDbEntity
  8
B.Cu
  6
CONTINUOUS
100
AcDbLine
 10
5.992252086614173
 20
-3.7636579133858268
 30
0
 11
5.99225220472441
 21
-3.7636583070866143
 31
0
  0
LINE
  5
A26
330
1B
100
AcDbEntity
  8
B.Cu
  6
CONTINUOUS
100
AcDbLine
 10
5.99225220472441
 20
-3.7636583070866143
 30
0
 11
5.993720472440946
 21
-3.7710398031496064
 31
0
  0
LINE
  5
A27
330
1B
100
AcDbEntity
  8
B.Cu
  6
CONTINUOUS
100
AcDbLine
 10
5.993720472440946
 20
-3.7710398031496064
 30
0
 11
5.993720472440946
 21
-3.7710399212598422
 31
0
  0
LINE
  5
A28
330
1B
100
AcDbEntity
  8
B.Cu
  6
CONTINUOUS
100
AcDbLine
 10
5.993720472440946
 20
-3.7710399212598422
 30
0
 11
5.993720472440946
 21
-3.7785663779527559
 31
0
  0
LINE
  5
A29
330
1B
100
AcDbEntity
  8
B.Cu
  6
CONTINUOUS
100
AcDbLine
 10
5.993720472440946
 20
-3.7785663779527559
 30
0
 11
5.993720472440946
 21
-3.7785664566929134
 31
0
  0
LINE
  5
A2A
330
1B
100
AcDbEntity
  8
B.Cu
  6
CONTINUOUS
100
AcDbLine
 10
5.993720472440946
 20
-3.7785664566929134
 30
0
 11
5.993720511811024
 21
-3.7785664566929134
 31
0
  0
LINE
  5
A2B
330
1B
100
AcDbEntity
  8
B.Cu
  6
CONTINUOUS
100
AcDbLine
 10
5.993720511811024
 20
-3.7785664566929134
 30
0
 11
5.99225220472441
 21
-3.7859479527559055
 31
0
  0
LINE
  5
A2C
330
1B
100
AcDbEntity
  8
B.Cu
  6
CONTINUOUS
100
AcDbLine
 10
5.99225220472441
 20
-3.7859479527559055
 30
0
 11
5.992252086614173
 21
-3.785948346456693
 31
0
  0
LINE
  5
A2D
330
1B
100
AcDbEntity
  8
B.Cu
  6
CONTINUOUS
100
AcDbLine
 10
5.992252086614173
 20
-3.785948346456693
 30
0
 11
5.9893720078740165
 21
-3.7929015748031496
 31
0
  0
LINE
  5
A2E
330
1B
100
AcDbEntity
  8
B.Cu
  6
CONTINUOUS
100
AcDbLine
 10
5.9893720078740165
 20
-3.7929015748031496
 30
0
 11
5.985190393700788
 21
-3.7991598425196851
 31
0
  0
LINE
  5
A2F
330
1B
100
AcDbEntity
  8
B.Cu
  6
CONTINUOUS
100
AcDbLine
 10
5.985190393700788
 20
-3.7991598425196851
 30
0
 11
5.979868543307087
 21
-3.8044816929133858
 31
0
  0
LINE
  5
A30
330
1B
100
AcDbEntity
  8
B.Cu
  6
CONTINUOUS
100
AcDbLine
 10
5.979868543307087
 20
-3.8044816929133858
 30
0
 11
5.973610275590552
 21
-3.808663307086614
 31
0
  0
LINE
  5
A31
330
1B
100
AcDbEntity
  8
B.Cu
  6
CONTINUOUS
100
AcDbLine
 10
5.973610275590552
 20
-3.808663307086614
 30
0
 11
5.9666570472440945
 21
-3.8115433858267718
 31
0
  0
LINE
  5
A32
330
1B
100
AcDbEntity
  8
B.Cu
  6
CONTINUOUS
100
AcDbLine
 10
5.9666570472440945
 20
-3.8115433858267718
 30
0
 11
5.966656850393702
 21
-3.8115434645669288
 31
0
  0
LINE
  5
A33
330
1B
100
AcDbEntity
  8
B.Cu
  6
CONTINUOUS
100
AcDbLine
 10
5.966656850393702
 20
-3.8115434645669288
 30
0
 11
5.966656692913387
 21
-3.8115434645669288
 31
0
  0
LINE
  5
A34
330
1B
100
AcDbEntity
  8
B.Cu
  6
CONTINUOUS
100
AcDbLine
 10
5.966656692913387
 20
-3.8115434645669288
 30
0
 11
5.966656653543308
 21
-3.8115435039370076
 31
0
  0
LINE
  5
A35
330
1B
100
AcDbEntity
  8
B.Cu
  6
CONTINUOUS
100
AcDbLine
 10
5.966656653543308
 20
-3.8115435039370076
 30
0
 11
5.959275157480316
 21
-3.813011811023622
 31
0
  0
LINE
  5
A36
330
1B
100
AcDbEntity
  8
B.Cu
  6
CONTINUOUS
100
AcDbLine
 10
5.959275157480316
 20
-3.813011811023622
 30
0
 11
5.9592750393700795
 21
-3.813011811023622
 31
0
  0
LINE
  5
A37
330
1B
100
AcDbEntity
  8
B.Cu
  6
CONTINUOUS
100
AcDbLine
 10
5.9592750393700795
 20
-3.813011811023622
 30
0
 11
5.951748503937008
 21
-3.813011811023622
 31
0
  0
LINE
  5
A38
330
1B
100
AcDbEntity
  8
B.Cu
  6
CONTINUOUS
100
AcDbLine
 10
5.951748503937008
 20
-3.813011811023622
 30
0
 11
5.946627677165355
 21
-3.8119931889763778
 31
0
  0
LINE
  5
A39
330
1B
100
AcDbEntity
  8
B.Cu
  6
CONTINUOUS
100
AcDbLine
 10
5.946627677165355
 20
-3.8119931889763778
 30
0
 11
5.944366771653544
 21
-3.8115434645669288
 31
0
  0
LINE
  5
A3A
330
1B
100
AcDbEntity
  8
B.Cu
  6
CONTINUOUS
100
AcDbLine
 10
5.944366771653544
 20
-3.8115434645669288
 30
0
 11
5.937478425196851
 21
-3.8086902362204724
 31
0
  0
LINE
  5
A3B
330
1B
100
AcDbEntity
  8
B.Cu
  6
CONTINUOUS
100
AcDbLine
 10
5.937478425196851
 20
-3.8086902362204724
 30
0
 11
5.937413307086615
 21
-3.8086632677165353
 31
0
  0
LINE
  5
A3C
330
1B
100
AcDbEntity
  8
B.Cu
  6
CONTINUOUS
100
AcDbLine
 10
5.937413307086615
 20
-3.8086632677165353
 30
0
 11
5.937413307086615
 21
-3.8086632283464565
 31
0
  0
LINE
  5
A3D
330
1B
100
AcDbEntity
  8
B.Cu
  6
CONTINUOUS
100
AcDbLine
 10
5.937413307086615
 20
-3.8086632283464565
 30
0
 11
5.937413228346458
 21
-3.8086632283464565
 31
0
  0
LINE
  5
A3E
330
1B
100
AcDbEntity
  8
B.Cu
  6
CONTINUOUS
100
AcDbLine
 10
5.937413228346458
 20
-3.8086632283464565
 30
0
 11
5.936747716535433
 21
-3.8082185039370078
 31
0
  0
LINE
  5
A3F
330
1B
100
AcDbEntity
  8
B.Cu
  6
CONTINUOUS
100
AcDbLine
 10
5.936747716535433
 20
-3.8082185039370078
 30
0
 11
5.9341226377952765
 21
-3.807396535433071
 31
0
  0
LINE
  5
A40
330
1B
100
AcDbEntity
  8
B.Cu
  6
CONTINUOUS
100
AcDbLine
 10
5.9341226377952765
 20
-3.807396535433071
 30
0
 11
5.931469881889765
 21
-3.8081242519685037
 31
0
  0
LINE
  5
A41
330
1B
100
AcDbEntity
  8
B.Cu
  6
CONTINUOUS
100
AcDbLine
 10
5.931469881889765
 20
-3.8081242519685037
 30
0
 11
5.929631653543307
 21
-3.8101706299212599
 31
0
  0
LINE
  5
A42
330
1B
100
AcDbEntity
  8
B.Cu
  6
CONTINUOUS
100
AcDbLine
 10
5.929631653543307
 20
-3.8101706299212599
 30
0
 11
5.929153543307087
 21
-3.8122776377952756
 31
0
  0
LINE
  5
A43
330
1B
100
AcDbEntity
  8
B.Cu
  6
CONTINUOUS
100
AcDbLine
 10
5.929153543307087
 20
-3.8122776377952756
 30
0
 11
5.929153543307087
 21
-3.819144960629921
 31
0
  0
LINE
  5
A44
330
1B
100
AcDbEntity
  8
B.Cu
  6
CONTINUOUS
100
AcDbLine
 10
5.929153543307087
 20
-3.819144960629921
 30
0
 11
5.929871929133859
 21
-3.8215913779527559
 31
0
  0
LINE
  5
A45
330
1B
100
AcDbEntity
  8
B.Cu
  6
CONTINUOUS
100
AcDbLine
 10
5.929871929133859
 20
-3.8215913779527559
 30
0
 11
5.929838779527559
 21
-3.8216090944881889
 31
0
  0
LINE
  5
A46
330
1B
100
AcDbEntity
  8
B.Cu
  6
CONTINUOUS
100
AcDbLine
 10
5.929838779527559
 20
-3.8216090944881889
 30
0
 11
5.929923818897638
 21
-3.821768149606299
 31
0
  0
LINE
  5
A47
330
1B
100
AcDbEntity
  8
B.Cu
  6
CONTINUOUS
100
AcDbLine
 10
5.929923818897638
 20
-3.821768149606299
 30
0
 11
5.929928543307087
 21
-3.8217842913385827
 31
0
  0
LINE
  5
A48
330
1B
100
AcDbEntity
  8
B.Cu
  6
CONTINUOUS
100
AcDbLine
 10
5.929928543307087
 20
-3.8217842913385827
 30
0
 11
5.929949685039371
 21
-3.8218164960629921
 31
0
  0
LINE
  5
A49
330
1B
100
AcDbEntity
  8
B.Cu
  6
CONTINUOUS
100
AcDbLine
 10
5.929949685039371
 20
-3.8218164960629921
 30
0
 11
5.929951850393701
 21
-3.8218205511811023
 31
0
  0
LINE
  5
A4A
330
1B
100
AcDbEntity
  8
B.Cu
  6
CONTINUOUS
100
AcDbLine
 10
5.929951850393701
 20
-3.8218205511811023
 30
0
 11
5.932030669291339
 21
-3.8268393307086614
 31
0
  0
LINE
  5
A4B
330
1B
100
AcDbEntity
  8
B.Cu
  6
CONTINUOUS
100
AcDbLine
 10
5.932030669291339
 20
-3.8268393307086614
 30
0
 11
5.932030787401575
 21
-3.8268397244094485
 31
0
  0
LINE
  5
A4C
330
1B
100
AcDbEntity
  8
B.Cu
  6
CONTINUOUS
100
AcDbLine
 10
5.932030787401575
 20
-3.8268397244094485
 30
0
 11
5.9330905511811025
 21
-3.8321675590551179
 31
0
  0
LINE
  5
A4D
330
1B
100
AcDbEntity
  8
B.Cu
  6
CONTINUOUS
100
AcDbLine
 10
5.9330905511811025
 20
-3.8321675590551179
 30
0
 11
5.9330905511811025
 21
-3.9235622047244094
 31
0
  0
LINE
  5
A4E
330
1B
100
AcDbEntity
  8
B.Cu
  6
CONTINUOUS
100
AcDbLine
 10
5.9330905511811025
 20
-3.9235622047244094
 30
0
 11
5.9338655511811025
 21
-3.9262015354330706
 31
0
  0
LINE
  5
A4F
330
1B
100
AcDbEntity
  8
B.Cu
  6
CONTINUOUS
100
AcDbLine
 10
5.9338655511811025
 20
-3.9262015354330706
 30
0
 11
5.934520433070866
 21
-3.9270142125984253
 31
0
  0
LINE
  5
A50
330
1B
100
AcDbEntity
  8
B.Cu
  6
CONTINUOUS
100
AcDbLine
 10
5.934520433070866
 20
-3.9270142125984253
 30
0
 11
6.276933543307087
 21
-4.2694272834645668
 31
0
  0
LINE
  5
A51
330
1B
100
AcDbEntity
  8
B.Cu
  6
CONTINUOUS
100
AcDbLine
 10
6.276933543307087
 20
-4.2694272834645668
 30
0
 11
6.276933582677166
 21
-4.2694273228346455
 31
0
  0
LINE
  5
A52
330
1B
100
AcDbEntity
  8
B.Cu
  6
CONTINUOUS
100
AcDbLine
 10
6.276933582677166
 20
-4.2694273228346455
 30
0
 11
6.27995188976378
 21
-4.273944566929134
 31
0
  0
LINE
  5
A53
330
1B
100
AcDbEntity
  8
B.Cu
  6
CONTINUOUS
100
AcDbLine
 10
6.27995188976378
 20
-4.273944566929134
 30
0
 11
6.2820306692913395
 21
-4.2789632677165352
 31
0
  0
LINE
  5
A54
330
1B
100
AcDbEntity
  8
B.Cu
  6
CONTINUOUS
100
AcDbLine
 10
6.2820306692913395
 20
-4.2789632677165352
 30
0
 11
6.282030787401575
 21
-4.2789637007874015
 31
0
  0
LINE
  5
A55
330
1B
100
AcDbEntity
  8
B.Cu
  6
CONTINUOUS
100
AcDbLine
 10
6.282030787401575
 20
-4.2789637007874015
 30
0
 11
6.282783582677165
 21
-4.28274842519685
 31
0
  0
LINE
  5
A56
330
1B
100
AcDbEntity
  8
B.Cu
  6
CONTINUOUS
100
AcDbLine
 10
6.282783582677165
 20
-4.28274842519685
 30
0
 11
6.282783582677165
 21
-4.2827485433070862
 31
0
  0
LINE
  5
A57
330
1B
100
AcDbEntity
  8
B.Cu
  6
CONTINUOUS
100
AcDbLine
 10
6.282783582677165
 20
-4.2827485433070862
 30
0
 11
6.283090551181103
 21
-4.2842916141732283
 31
0
  0
LINE
  5
A58
330
1B
100
AcDbEntity
  8
B.Cu
  6
CONTINUOUS
100
AcDbLine
 10
6.283090551181103
 20
-4.2842916141732283
 30
0
 11
6.283090551181103
 21
-4.3293953543307087
 31
0
  0
LINE
  5
A59
330
1B
100
AcDbEntity
  8
B.Cu
  6
CONTINUOUS
100
AcDbLine
 10
6.283090551181103
 20
-4.3293953543307087
 30
0
 11
6.283865551181103
 21
-4.3320346850393703
 31
0
  0
LINE
  5
A5A
330
1B
100
AcDbEntity
  8
B.Cu
  6
CONTINUOUS
100
AcDbLine
 10
6.283865551181103
 20
-4.3320346850393703
 30
0
 11
6.284520433070867
 21
-4.3328473622047241
 31
0
  0
LINE
  5
A5B
330
1B
100
AcDbEntity
  8
B.Cu
  6
CONTINUOUS
100
AcDbLine
 10
6.284520433070867
 20
-4.3328473622047241
 30
0
 11
6.285190354330709
 21
-4.3335172440944882
 31
0
  0
LINE
  5
A5C
330
1B
100
AcDbEntity
  8
B.Cu
  6
CONTINUOUS
100
AcDbLine
 10
6.285190354330709
 20
-4.3335172440944882
 30
0
 11
6.285190393700788
 21
-4.333517283464567
 31
0
  0
LINE
  5
A5D
330
1B
100
AcDbEntity
  8
B.Cu
  6
CONTINUOUS
100
AcDbLine
 10
6.285190393700788
 20
-4.333517283464567
 30
0
 11
6.289372007874016
 21
-4.339775551181102
 31
0
  0
LINE
  5
A5E
330
1B
100
AcDbEntity
  8
B.Cu
  6
CONTINUOUS
100
AcDbLine
 10
6.289372007874016
 20
-4.339775551181102
 30
0
 11
6.292252086614174
 21
-4.3467287795275587
 31
0
  0
LINE
  5
A5F
330
1B
100
AcDbEntity
  8
B.Cu
  6
CONTINUOUS
100
AcDbLine
 10
6.292252086614174
 20
-4.3467287795275587
 30
0
 11
6.29225220472441
 21
-4.3467291732283462
 31
0
  0
LINE
  5
A60
330
1B
100
AcDbEntity
  8
B.Cu
  6
CONTINUOUS
100
AcDbLine
 10
6.29225220472441
 20
-4.3467291732283462
 30
0
 11
6.2937204724409455
 21
-4.3541106692913383
 31
0
  0
LINE
  5
A61
330
1B
100
AcDbEntity
  8
B.Cu
  6
CONTINUOUS
100
AcDbLine
 10
6.2937204724409455
 20
-4.3541106692913383
 30
0
 11
6.2937204724409455
 21
-4.3541107874015745
 31
0
  0
LINE
  5
A62
330
1B
100
AcDbEntity
  8
B.Cu
  6
CONTINUOUS
100
AcDbLine
 10
6.2937204724409455
 20
-4.3541107874015745
 30
0
 11
6.2937204724409455
 21
-4.3954955118110233
 31
0
  0
LINE
  5
A63
330
1B
100
AcDbEntity
  8
B.Cu
  6
CONTINUOUS
100
AcDbLine
 10
6.2937204724409455
 20
-4.3954955118110233
 30
0
 11
6.2937204724409455
 21
-4.3954955905511808
 31
0
  0
LINE
  5
A64
330
1B
100
AcDbEntity
  8
B.Cu
  6
CONTINUOUS
100
AcDbLine
 10
6.2937204724409455
 20
-4.3954955905511808
 30
0
 11
6.293720511811024
 21
-4.3954955905511808
 31
0
  0
LINE
  5
A65
330
1B
100
AcDbEntity
  8
B.Cu
  6
CONTINUOUS
100
AcDbLine
 10
6.293720511811024
 20
-4.3954955905511808
 30
0
 11
6.29225220472441
 21
-4.4028770866141729
 31
0
  0
LINE
  5
A66
330
1B
100
AcDbEntity
  8
B.Cu
  6
CONTINUOUS
100
AcDbLine
 10
6.29225220472441
 20
-4.4028770866141729
 30
0
 11
6.292252086614174
 21
-4.4028774803149604
 31
0
  0
LINE
  5
A67
330
1B
100
AcDbEntity
  8
B.Cu
  6
CONTINUOUS
100
AcDbLine
 10
6.292252086614174
 20
-4.4028774803149604
 30
0
 11
6.289372007874016
 21
-4.409830708661417
 31
0
  0
LINE
  5
A68
330
1B
100
AcDbEntity
  8
B.Cu
  6
CONTINUOUS
100
AcDbLine
 10
6.289372007874016
 20
-4.409830708661417
 30
0
 11
6.285190393700788
 21
-4.4160889763779529
 31
0
  0
LINE
  5
A69
330
1B
100
AcDbEntity
  8
B.Cu
  6
CONTINUOUS
100
AcDbLine
 10
6.285190393700788
 20
-4.4160889763779529
 30
0
 11
6.279868543307087
 21
-4.4214108267716536
 31
0
  0
LINE
  5
A6A
330
1B
100
AcDbEntity
  8
B.Cu
  6
CONTINUOUS
100
AcDbLine
 10
6.279868543307087
 20
-4.4214108267716536
 30
0
 11
6.273610275590552
 21
-4.4255924409448815
 31
0
  0
LINE
  5
A6B
330
1B
100
AcDbEntity
  8
B.Cu
  6
CONTINUOUS
100
AcDbLine
 10
6.273610275590552
 20
-4.4255924409448815
 30
0
 11
6.266657047244095
 21
-4.4284725196850392
 31
0
  0
LINE
  5
A6C
330
1B
100
AcDbEntity
  8
B.Cu
  6
CONTINUOUS
100
AcDbLine
 10
6.266657047244095
 20
-4.4284725196850392
 30
0
 11
6.2666568503937015
 21
-4.4284725984251967
 31
0
  0
LINE
  5
A6D
330
1B
100
AcDbEntity
  8
B.Cu
  6
CONTINUOUS
100
AcDbLine
 10
6.2666568503937015
 20
-4.4284725984251967
 30
0
 11
6.2666566929133865
 21
-4.4284725984251967
 31
0
  0
LINE
  5
A6E
330
1B
100
AcDbEntity
  8
B.Cu
  6
CONTINUOUS
100
AcDbLine
 10
6.2666566929133865
 20
-4.4284725984251967
 30
0
 11
6.266656653543308
 21
-4.4284726377952754
 31
0
  0
LINE
  5
A6F
330
1B
100
AcDbEntity
  8
B.Cu
  6
CONTINUOUS
100
AcDbLine
 10
6.266656653543308
 20
-4.4284726377952754
 30
0
 11
6.259275157480316
 21
-4.4299409448818894
 31
0
  0
LINE
  5
A70
330
1B
100
AcDbEntity
  8
B.Cu
  6
CONTINUOUS
100
AcDbLine
 10
6.259275157480316
 20
-4.4299409448818894
 30
0
 11
6.259275039370079
 21
-4.4299409448818894
 31
0
  0
LINE
  5
A71
330
1B
100
AcDbEntity
  8
B.Cu
  6
CONTINUOUS
100
AcDbLine
 10
6.259275039370079
 20
-4.4299409448818894
 30
0
 11
6.251748503937009
 21
-4.4299409448818894
 31
0
  0
LINE
  5
A72
330
1B
100
AcDbEntity
  8
B.Cu
  6
CONTINUOUS
100
AcDbLine
 10
6.251748503937009
 20
-4.4299409448818894
 30
0
 11
6.246782322834646
 21
-4.4289530708661413
 31
0
  0
LINE
  5
A73
330
1B
100
AcDbEntity
  8
B.Cu
  6
CONTINUOUS
100
AcDbLine
 10
6.246782322834646
 20
-4.4289530708661413
 30
0
 11
6.244366771653544
 21
-4.4284725984251967
 31
0
  0
LINE
  5
A74
330
1B
100
AcDbEntity
  8
B.Cu
  6
CONTINUOUS
100
AcDbLine
 10
6.244366771653544
 20
-4.4284725984251967
 30
0
 11
6.239405433070867
 21
-4.4264175590551176
 31
0
  0
LINE
  5
A75
330
1B
100
AcDbEntity
  8
B.Cu
  6
CONTINUOUS
100
AcDbLine
 10
6.239405433070867
 20
-4.4264175590551176
 30
0
 11
6.237413385826772
 21
-4.4255924409448815
 31
0
  0
LINE
  5
A76
330
1B
100
AcDbEntity
  8
B.Cu
  6
CONTINUOUS
100
AcDbLine
 10
6.237413385826772
 20
-4.4255924409448815
 30
0
 11
6.237413346456694
 21
-4.4255924015748027
 31
0
  0
LINE
  5
A77
330
1B
100
AcDbEntity
  8
B.Cu
  6
CONTINUOUS
100
AcDbLine
 10
6.237413346456694
 20
-4.4255924015748027
 30
0
 11
6.237413228346457
 21
-4.425592362204724
 31
0
  0
LINE
  5
A78
330
1B
100
AcDbEntity
  8
B.Cu
  6
CONTINUOUS
100
AcDbLine
 10
6.237413228346457
 20
-4.425592362204724
 30
0
 11
6.231155196850394
 21
-4.4214109055118112
 31
0
  0
LINE
  5
A79
330
1B
100
AcDbEntity
  8
B.Cu
  6
CONTINUOUS
100
AcDbLine
 10
6.231155196850394
 20
-4.4214109055118112
 30
0
 11
6.225833188976378
 21
-4.4160888976377954
 31
0
  0
LINE
  5
A7A
330
1B
100
AcDbEntity
  8
B.Cu
  6
CONTINUOUS
100
AcDbLine
 10
6.225833188976378
 20
-4.4160888976377954
 30
0
 11
6.2216517322834655
 21
-4.409830866141732
 31
0
  0
LINE
  5
A7B
330
1B
100
AcDbEntity
  8
B.Cu
  6
CONTINUOUS
100
AcDbLine
 10
6.2216517322834655
 20
-4.409830866141732
 30
0
 11
6.218771496062993
 21
-4.4028773228346454
 31
0
  0
LINE
  5
A7C
330
1B
100
AcDbEntity
  8
B.Cu
  6
CONTINUOUS
100
AcDbLine
 10
6.218771496062993
 20
-4.4028773228346454
 30
0
 11
6.2173031496063
 21
-4.3954955118110233
 31
0
  0
LINE
  5
A7D
330
1B
100
AcDbEntity
  8
B.Cu
  6
CONTINUOUS
100
AcDbLine
 10
6.2173031496063
 20
-4.3954955118110233
 30
0
 11
6.2173031496063
 21
-4.3541107874015745
 31
0
  0
LINE
  5
A7E
330
1B
100
AcDbEntity
  8
B.Cu
  6
CONTINUOUS
100
AcDbLine
 10
6.2173031496063
 20
-4.3541107874015745
 30
0
 11
6.2173031496063
 21
-4.3541106692913383
 31
0
  0
LINE
  5
A7F
330
1B
100
AcDbEntity
  8
B.Cu
  6
CONTINUOUS
100
AcDbLine
 10
6.2173031496063
 20
-4.3541106692913383
 30
0
 11
6.218771456692914
 21
-4.3467291732283462
 31
0
  0
LINE
  5
A80
330
1B
100
AcDbEntity
  8
B.Cu
  6
CONTINUOUS
100
AcDbLine
 10
6.218771456692914
 20
-4.3467291732283462
 30
0
 11
6.218771496062993
 21
-4.3467291338582674
 31
0
  0
LINE
  5
A81
330
1B
100
AcDbEntity
  8
B.Cu
  6
CONTINUOUS
100
AcDbLine
 10
6.218771496062993
 20
-4.3467291338582674
 30
0
 11
6.218771496062993
 21
-4.3467289763779524
 31
0
  0
LINE
  5
A82
330
1B
100
AcDbEntity
  8
B.Cu
  6
CONTINUOUS
100
AcDbLine
 10
6.218771496062993
 20
-4.3467289763779524
 30
0
 11
6.221168070866142
 21
-4.3409430708661416
 31
0
  0
LINE
  5
A83
330
1B
100
AcDbEntity
  8
B.Cu
  6
CONTINUOUS
100
AcDbLine
 10
6.221168070866142
 20
-4.3409430708661416
 30
0
 11
6.221651653543308
 21
-4.339775551181102
 31
0
  0
LINE
  5
A84
330
1B
100
AcDbEntity
  8
B.Cu
  6
CONTINUOUS
100
AcDbLine
 10
6.221651653543308
 20
-4.339775551181102
 30
0
 11
6.225833267716536
 21
-4.333517283464567
 31
0
  0
LINE
  5
A85
330
1B
100
AcDbEntity
  8
B.Cu
  6
CONTINUOUS
100
AcDbLine
 10
6.225833267716536
 20
-4.333517283464567
 30
0
 11
6.226503188976379
 21
-4.3328473622047241
 31
0
  0
LINE
  5
A86
330
1B
100
AcDbEntity
  8
B.Cu
  6
CONTINUOUS
100
AcDbLine
 10
6.226503188976379
 20
-4.3328473622047241
 30
0
 11
6.227821496062993
 21
-4.3304330708661416
 31
0
  0
LINE
  5
A87
330
1B
100
AcDbEntity
  8
B.Cu
  6
CONTINUOUS
100
AcDbLine
 10
6.227821496062993
 20
-4.3304330708661416
 30
0
 11
6.2279330708661425
 21
-4.3293953543307087
 31
0
  0
LINE
  5
A88
330
1B
100
AcDbEntity
  8
B.Cu
  6
CONTINUOUS
100
AcDbLine
 10
6.2279330708661425
 20
-4.3293953543307087
 30
0
 11
6.2279330708661425
 21
-4.3004535039370078
 31
0
  0
LINE
  5
A89
330
1B
100
AcDbEntity
  8
B.Cu
  6
CONTINUOUS
100
AcDbLine
 10
6.2279330708661425
 20
-4.3004535039370078
 30
0
 11
6.2271580708661425
 21
-4.2978141732283461
 31
0
  0
LINE
  5
A8A
330
1B
100
AcDbEntity
  8
B.Cu
  6
CONTINUOUS
100
AcDbLine
 10
6.2271580708661425
 20
-4.2978141732283461
 30
0
 11
6.226503188976379
 21
-4.2970014960629923
 31
0
  0
LINE
  5
A8B
330
1B
100
AcDbEntity
  8
B.Cu
  6
CONTINUOUS
100
AcDbLine
 10
6.226503188976379
 20
-4.2970014960629923
 30
0
 11
5.884090078740158
 21
-3.9545883858267716
 31
0
  0
LINE
  5
A8C
330
1B
100
AcDbEntity
  8
B.Cu
  6
CONTINUOUS
100
AcDbLine
 10
5.884090078740158
 20
-3.9545883858267716
 30
0
 11
5.8840900000000005
 21
-3.9545883070866141
 31
0
  0
LINE
  5
A8D
330
1B
100
AcDbEntity
  8
B.Cu
  6
CONTINUOUS
100
AcDbLine
 10
5.8840900000000005
 20
-3.9545883070866141
 30
0
 11
5.881071850393702
 21
-3.9500712992125981
 31
0
  0
LINE
  5
A8E
330
1B
100
AcDbEntity
  8
B.Cu
  6
CONTINUOUS
100
AcDbLine
 10
5.881071850393702
 20
-3.9500712992125981
 30
0
 11
5.878992913385828
 21
-3.9450522834645669
 31
0
  0
LINE
  5
A8F
330
1B
100
AcDbEntity
  8
B.Cu
  6
CONTINUOUS
100
AcDbLine
 10
5.878992913385828
 20
-3.9450522834645669
 30
0
 11
5.877933070866142
 21
-3.9397241732283463
 31
0
  0
LINE
  5
A90
330
1B
100
AcDbEntity
  8
B.Cu
  6
CONTINUOUS
100
AcDbLine
 10
5.877933070866142
 20
-3.9397241732283463
 30
0
 11
5.877933070866142
 21
-3.9342915748031495
 31
0
  0
LINE
  5
A91
330
1B
100
AcDbEntity
  8
B.Cu
  6
CONTINUOUS
100
AcDbLine
 10
5.877933070866142
 20
-3.9342915748031495
 30
0
 11
5.877933070866142
 21
-3.8321676771653541
 31
0
  0
LINE
  5
A92
330
1B
100
AcDbEntity
  8
B.Cu
  6
CONTINUOUS
100
AcDbLine
 10
5.877933070866142
 20
-3.8321676771653541
 30
0
 11
5.877933070866142
 21
-3.8321675590551179
 31
0
  0
LINE
  5
A93
330
1B
100
AcDbEntity
  8
B.Cu
  6
CONTINUOUS
100
AcDbLine
 10
5.877933070866142
 20
-3.8321675590551179
 30
0
 11
5.878992874015749
 21
-3.8268397244094485
 31
0
  0
LINE
  5
A94
330
1B
100
AcDbEntity
  8
B.Cu
  6
CONTINUOUS
100
AcDbLine
 10
5.878992874015749
 20
-3.8268397244094485
 30
0
 11
5.878992913385828
 21
-3.8268396850393698
 31
0
  0
LINE
  5
A95
330
1B
100
AcDbEntity
  8
B.Cu
  6
CONTINUOUS
100
AcDbLine
 10
5.878992913385828
 20
-3.8268396850393698
 30
0
 11
5.878992913385828
 21
-3.8268395275590552
 31
0
  0
LINE
  5
A96
330
1B
100
AcDbEntity
  8
B.Cu
  6
CONTINUOUS
100
AcDbLine
 10
5.878992913385828
 20
-3.8268395275590552
 30
0
 11
5.878992992125985
 21
-3.8268393307086614
 31
0
  0
LINE
  5
A97
330
1B
100
AcDbEntity
  8
B.Cu
  6
CONTINUOUS
100
AcDbLine
 10
5.878992992125985
 20
-3.8268393307086614
 30
0
 11
5.881071811023623
 21
-3.8218205511811023
 31
0
  0
LINE
  5
A98
330
1B
100
AcDbEntity
  8
B.Cu
  6
CONTINUOUS
100
AcDbLine
 10
5.881071811023623
 20
-3.8218205511811023
 30
0
 11
5.881184842519685
 21
-3.8216090944881889
 31
0
  0
LINE
  5
A99
330
1B
100
AcDbEntity
  8
B.Cu
  6
CONTINUOUS
100
AcDbLine
 10
5.881184842519685
 20
-3.8216090944881889
 30
0
 11
5.881133661417324
 21
-3.8215816929133859
 31
0
  0
LINE
  5
A9A
330
1B
100
AcDbEntity
  8
B.Cu
  6
CONTINUOUS
100
AcDbLine
 10
5.881133661417324
 20
-3.8215816929133859
 30
0
 11
5.8818692913385835
 21
-3.8192318897637794
 31
0
  0
LINE
  5
A9B
330
1B
100
AcDbEntity
  8
B.Cu
  6
CONTINUOUS
100
AcDbLine
 10
5.8818692913385835
 20
-3.8192318897637794
 30
0
 11
5.881870078740158
 21
-3.819144960629921
 31
0
  0
LINE
  5
A9C
330
1B
100
AcDbEntity
  8
B.Cu
  6
CONTINUOUS
100
AcDbLine
 10
5.881870078740158
 20
-3.819144960629921
 30
0
 11
5.881870078740158
 21
-3.8122776377952756
 31
0
  0
LINE
  5
A9D
330
1B
100
AcDbEntity
  8
B.Cu
  6
CONTINUOUS
100
AcDbLine
 10
5.881870078740158
 20
-3.8122776377952756
 30
0
 11
5.881095078740158
 21
-3.809638307086614
 31
0
  0
LINE
  5
A9E
330
1B
100
AcDbEntity
  8
B.Cu
  6
CONTINUOUS
100
AcDbLine
 10
5.881095078740158
 20
-3.809638307086614
 30
0
 11
5.8790161811023625
 21
-3.8078369291338583
 31
0
  0
LINE
  5
A9F
330
1B
100
AcDbEntity
  8
B.Cu
  6
CONTINUOUS
100
AcDbLine
 10
5.8790161811023625
 20
-3.8078369291338583
 30
0
 11
5.876293425196851
 21
-3.8074454330708662
 31
0
  0
LINE
  5
AA0
330
1B
100
AcDbEntity
  8
B.Cu
  6
CONTINUOUS
100
AcDbLine
 10
5.876293425196851
 20
-3.8074454330708662
 30
0
 11
5.874275905511811
 21
-3.8082185433070865
 31
0
  0
LINE
  5
AA1
330
1B
100
AcDbEntity
  8
B.Cu
  6
CONTINUOUS
100
AcDbLine
 10
5.874275905511811
 20
-3.8082185433070865
 30
0
 11
5.873610354330709
 21
-3.8086632677165353
 31
0
  0
LINE
  5
AA2
330
1B
100
AcDbEntity
  8
B.Cu
  6
CONTINUOUS
100
AcDbLine
 10
5.873610354330709
 20
-3.8086632677165353
 30
0
 11
5.868573503937008
 21
-3.8107495669291338
 31
0
  0
LINE
  5
AA3
330
1B
100
AcDbEntity
  8
B.Cu
  6
CONTINUOUS
100
AcDbLine
 10
5.868573503937008
 20
-3.8107495669291338
 30
0
 11
5.866656850393701
 21
-3.8115434645669288
 31
0
  0
LINE
  5
AA4
330
1B
100
AcDbEntity
  8
B.Cu
  6
CONTINUOUS
100
AcDbLine
 10
5.866656850393701
 20
-3.8115434645669288
 30
0
 11
5.866656692913386
 21
-3.8115434645669288
 31
0
  0
LINE
  5
AA5
330
1B
100
AcDbEntity
  8
B.Cu
  6
CONTINUOUS
100
AcDbLine
 10
5.866656692913386
 20
-3.8115434645669288
 30
0
 11
5.866656653543307
 21
-3.8115435039370076
 31
0
  0
LINE
  5
AA6
330
1B
100
AcDbEntity
  8
B.Cu
  6
CONTINUOUS
100
AcDbLine
 10
5.866656653543307
 20
-3.8115435039370076
 30
0
 11
5.859275157480315
 21
-3.813011811023622
 31
0
  0
LINE
  5
AA7
330
1B
100
AcDbEntity
  8
B.Cu
  6
CONTINUOUS
100
AcDbLine
 10
5.859275157480315
 20
-3.813011811023622
 30
0
 11
5.859275039370079
 21
-3.813011811023622
 31
0
  0
LINE
  5
AA8
330
1B
100
AcDbEntity
  8
B.Cu
  6
CONTINUOUS
100
AcDbLine
 10
5.859275039370079
 20
-3.813011811023622
 30
0
 11
5.851748503937008
 21
-3.813011811023622
 31
0
  0
LINE
  5
AA9
330
1B
100
AcDbEntity
  8
B.Cu
  6
CONTINUOUS
100
AcDbLine
 10
5.851748503937008
 20
-3.813011811023622
 30
0
 11
5.846627677165355
 21
-3.8119931889763778
 31
0
  0
LINE
  5
AAA
330
1B
100
AcDbEntity
  8
B.Cu
  6
CONTINUOUS
100
AcDbLine
 10
5.846627677165355
 20
-3.8119931889763778
 30
0
 11
5.844366771653544
 21
-3.8115434645669288
 31
0
  0
LINE
  5
AAB
330
1B
100
AcDbEntity
  8
B.Cu
  6
CONTINUOUS
100
AcDbLine
 10
5.844366771653544
 20
-3.8115434645669288
 30
0
 11
5.837478425196851
 21
-3.8086901968503937
 31
0
  0
LINE
  5
AAC
330
1B
100
AcDbEntity
  8
B.Cu
  6
CONTINUOUS
100
AcDbLine
 10
5.837478425196851
 20
-3.8086901968503937
 30
0
 11
5.834743425196851
 21
-3.8083961811023621
 31
0
  0
LINE
  5
AAD
330
1B
100
AcDbEntity
  8
B.Cu
  6
CONTINUOUS
100
AcDbLine
 10
5.834743425196851
 20
-3.8083961811023621
 30
0
 11
5.832283622047244
 21
-3.8096274803149606
 31
0
  0
LINE
  5
AAE
330
1B
100
AcDbEntity
  8
B.Cu
  6
CONTINUOUS
100
AcDbLine
 10
5.832283622047244
 20
-3.8096274803149606
 30
0
 11
5.8308800000000005
 21
-3.8119931889763778
 31
0
  0
LINE
  5
AAF
330
1B
100
AcDbEntity
  8
B.Cu
  6
CONTINUOUS
100
AcDbLine
 10
5.8308800000000005
 20
-3.8119931889763778
 30
0
 11
5.830728346456693
 21
-3.8132005118110235
 31
0
  0
LINE
  5
AB0
330
1B
100
AcDbEntity
  8
B.Cu
  6
CONTINUOUS
100
AcDbLine
 10
5.830728346456693
 20
-3.8132005118110235
 30
0
 11
5.830728346456693
 21
-3.8207197637795276
 31
0
  0
LINE
  5
AB1
330
1B
100
AcDbEntity
  8
B.Cu
  6
CONTINUOUS
100
AcDbLine
 10
5.830728346456693
 20
-3.8207197637795276
 30
0
 11
5.831446732283465
 21
-3.8231661811023621
 31
0
  0
LINE
  5
AB2
330
1B
100
AcDbEntity
  8
B.Cu
  6
CONTINUOUS
100
AcDbLine
 10
5.831446732283465
 20
-3.8231661811023621
 30
0
 11
5.831413582677166
 21
-3.823183897637795
 31
0
  0
LINE
  5
AB3
330
1B
100
AcDbEntity
  8
B.Cu
  6
CONTINUOUS
100
AcDbLine
 10
5.831413582677166
 20
-3.823183897637795
 30
0
 11
5.831498622047245
 21
-3.8233429527559055
 31
0
  0
LINE
  5
AB4
330
1B
100
AcDbEntity
  8
B.Cu
  6
CONTINUOUS
100
AcDbLine
 10
5.831498622047245
 20
-3.8233429527559055
 30
0
 11
5.831503346456693
 21
-3.8233590944881888
 31
0
  0
LINE
  5
AB5
330
1B
100
AcDbEntity
  8
B.Cu
  6
CONTINUOUS
100
AcDbLine
 10
5.831503346456693
 20
-3.8233590944881888
 30
0
 11
5.831524488188977
 21
-3.8233912992125982
 31
0
  0
LINE
  5
AB6
330
1B
100
AcDbEntity
  8
B.Cu
  6
CONTINUOUS
100
AcDbLine
 10
5.831524488188977
 20
-3.8233912992125982
 30
0
 11
5.831526653543308
 21
-3.8233953543307084
 31
0
  0
LINE
  5
AB7
330
1B
100
AcDbEntity
  8
B.Cu
  6
CONTINUOUS
100
AcDbLine
 10
5.831526653543308
 20
-3.8233953543307084
 30
0
 11
5.833605472440945
 21
-3.8284141338582676
 31
0
  0
LINE
  5
AB8
330
1B
100
AcDbEntity
  8
B.Cu
  6
CONTINUOUS
100
AcDbLine
 10
5.833605472440945
 20
-3.8284141338582676
 30
0
 11
5.833605590551182
 21
-3.8284145275590551
 31
0
  0
LINE
  5
AB9
330
1B
100
AcDbEntity
  8
B.Cu
  6
CONTINUOUS
100
AcDbLine
 10
5.833605590551182
 20
-3.8284145275590551
 30
0
 11
5.834665354330709
 21
-3.8337423622047244
 31
0
  0
LINE
  5
ABA
330
1B
100
AcDbEntity
  8
B.Cu
  6
CONTINUOUS
100
AcDbLine
 10
5.834665354330709
 20
-3.8337423622047244
 30
0
 11
5.834665354330709
 21
-4.0078141732283461
 31
0
  0
LINE
  5
ABB
330
1B
100
AcDbEntity
  8
B.Cu
  6
CONTINUOUS
100
AcDbLine
 10
5.834665354330709
 20
-4.0078141732283461
 30
0
 11
5.835440354330709
 21
-4.0104535039370077
 31
0
  0
LINE
  5
ABC
330
1B
100
AcDbEntity
  8
B.Cu
  6
CONTINUOUS
100
AcDbLine
 10
5.835440354330709
 20
-4.0104535039370077
 30
0
 11
5.836095236220473
 21
-4.0112661811023624
 31
0
  0
LINE
  5
ABD
330
1B
100
AcDbEntity
  8
B.Cu
  6
CONTINUOUS
100
AcDbLine
 10
5.836095236220473
 20
-4.0112661811023624
 30
0
 11
6.076933543307087
 21
-4.2521044488188977
 31
0
  0
LINE
  5
ABE
330
1B
100
AcDbEntity
  8
B.Cu
  6
CONTINUOUS
100
AcDbLine
 10
6.076933543307087
 20
-4.2521044488188977
 30
0
 11
6.0769335826771655
 21
-4.2521044881889765
 31
0
  0
LINE
  5
ABF
330
1B
100
AcDbEntity
  8
B.Cu
  6
CONTINUOUS
100
AcDbLine
 10
6.0769335826771655
 20
-4.2521044881889765
 30
0
 11
6.07995188976378
 21
-4.2566217322834641
 31
0
  0
LINE
  5
AC0
330
1B
100
AcDbEntity
  8
B.Cu
  6
CONTINUOUS
100
AcDbLine
 10
6.07995188976378
 20
-4.2566217322834641
 30
0
 11
6.082030669291339
 21
-4.2616404330708662
 31
0
  0
LINE
  5
AC1
330
1B
100
AcDbEntity
  8
B.Cu
  6
CONTINUOUS
100
AcDbLine
 10
6.082030669291339
 20
-4.2616404330708662
 30
0
 11
6.0820307874015755
 21
-4.2616409055118112
 31
0
  0
LINE
  5
AC2
330
1B
100
AcDbEntity
  8
B.Cu
  6
CONTINUOUS
100
AcDbLine
 10
6.0820307874015755
 20
-4.2616409055118112
 30
0
 11
6.082833740157481
 21
-4.2656777165354329
 31
0
  0
LINE
  5
AC3
330
1B
100
AcDbEntity
  8
B.Cu
  6
CONTINUOUS
100
AcDbLine
 10
6.082833740157481
 20
-4.2656777165354329
 30
0
 11
6.082833740157481
 21
-4.2656778346456692
 31
0
  0
LINE
  5
AC4
330
1B
100
AcDbEntity
  8
B.Cu
  6
CONTINUOUS
100
AcDbLine
 10
6.082833740157481
 20
-4.2656778346456692
 30
0
 11
6.083090551181103
 21
-4.2669687401574805
 31
0
  0
LINE
  5
AC5
330
1B
100
AcDbEntity
  8
B.Cu
  6
CONTINUOUS
100
AcDbLine
 10
6.083090551181103
 20
-4.2669687401574805
 30
0
 11
6.083090551181103
 21
-4.3293953543307087
 31
0
  0
LINE
  5
AC6
330
1B
100
AcDbEntity
  8
B.Cu
  6
CONTINUOUS
100
AcDbLine
 10
6.083090551181103
 20
-4.3293953543307087
 30
0
 11
6.083865551181103
 21
-4.3320346850393703
 31
0
  0
LINE
  5
AC7
330
1B
100
AcDbEntity
  8
B.Cu
  6
CONTINUOUS
100
AcDbLine
 10
6.083865551181103
 20
-4.3320346850393703
 30
0
 11
6.084520433070867
 21
-4.3328473622047241
 31
0
  0
LINE
  5
AC8
330
1B
100
AcDbEntity
  8
B.Cu
  6
CONTINUOUS
100
AcDbLine
 10
6.084520433070867
 20
-4.3328473622047241
 30
0
 11
6.0851903543307095
 21
-4.3335172440944882
 31
0
  0
LINE
  5
AC9
330
1B
100
AcDbEntity
  8
B.Cu
  6
CONTINUOUS
100
AcDbLine
 10
6.0851903543307095
 20
-4.3335172440944882
 30
0
 11
6.085190393700788
 21
-4.333517283464567
 31
0
  0
LINE
  5
ACA
330
1B
100
AcDbEntity
  8
B.Cu
  6
CONTINUOUS
100
AcDbLine
 10
6.085190393700788
 20
-4.333517283464567
 30
0
 11
6.089372007874016
 21
-4.339775551181102
 31
0
  0
LINE
  5
ACB
330
1B
100
AcDbEntity
  8
B.Cu
  6
CONTINUOUS
100
AcDbLine
 10
6.089372007874016
 20
-4.339775551181102
 30
0
 11
6.092252086614174
 21
-4.3467287795275587
 31
0
  0
LINE
  5
ACC
330
1B
100
AcDbEntity
  8
B.Cu
  6
CONTINUOUS
100
AcDbLine
 10
6.092252086614174
 20
-4.3467287795275587
 30
0
 11
6.09225220472441
 21
-4.3467291732283462
 31
0
  0
LINE
  5
ACD
330
1B
100
AcDbEntity
  8
B.Cu
  6
CONTINUOUS
100
AcDbLine
 10
6.09225220472441
 20
-4.3467291732283462
 30
0
 11
6.093720472440945
 21
-4.3541106692913383
 31
0
  0
LINE
  5
ACE
330
1B
100
AcDbEntity
  8
B.Cu
  6
CONTINUOUS
100
AcDbLine
 10
6.093720472440945
 20
-4.3541106692913383
 30
0
 11
6.093720472440945
 21
-4.3541107874015745
 31
0
  0
LINE
  5
ACF
330
1B
100
AcDbEntity
  8
B.Cu
  6
CONTINUOUS
100
AcDbLine
 10
6.093720472440945
 20
-4.3541107874015745
 30
0
 11
6.093720472440945
 21
-4.3954955118110233
 31
0
  0
LINE
  5
AD0
330
1B
100
AcDbEntity
  8
B.Cu
  6
CONTINUOUS
100
AcDbLine
 10
6.093720472440945
 20
-4.3954955118110233
 30
0
 11
6.093720472440945
 21
-4.3954955905511808
 31
0
  0
LINE
  5
AD1
330
1B
100
AcDbEntity
  8
B.Cu
  6
CONTINUOUS
100
AcDbLine
 10
6.093720472440945
 20
-4.3954955905511808
 30
0
 11
6.093720511811024
 21
-4.3954955905511808
 31
0
  0
LINE
  5
AD2
330
1B
100
AcDbEntity
  8
B.Cu
  6
CONTINUOUS
100
AcDbLine
 10
6.093720511811024
 20
-4.3954955905511808
 30
0
 11
6.09225220472441
 21
-4.4028770866141729
 31
0
  0
LINE
  5
AD3
330
1B
100
AcDbEntity
  8
B.Cu
  6
CONTINUOUS
100
AcDbLine
 10
6.09225220472441
 20
-4.4028770866141729
 30
0
 11
6.092252086614174
 21
-4.4028774803149604
 31
0
  0
LINE
  5
AD4
330
1B
100
AcDbEntity
  8
B.Cu
  6
CONTINUOUS
100
AcDbLine
 10
6.092252086614174
 20
-4.4028774803149604
 30
0
 11
6.089372007874016
 21
-4.409830708661417
 31
0
  0
LINE
  5
AD5
330
1B
100
AcDbEntity
  8
B.Cu
  6
CONTINUOUS
100
AcDbLine
 10
6.089372007874016
 20
-4.409830708661417
 30
0
 11
6.085190393700788
 21
-4.4160889763779529
 31
0
  0
LINE
  5
AD6
330
1B
100
AcDbEntity
  8
B.Cu
  6
CONTINUOUS
100
AcDbLine
 10
6.085190393700788
 20
-4.4160889763779529
 30
0
 11
6.079868543307087
 21
-4.4214108267716536
 31
0
  0
LINE
  5
AD7
330
1B
100
AcDbEntity
  8
B.Cu
  6
CONTINUOUS
100
AcDbLine
 10
6.079868543307087
 20
-4.4214108267716536
 30
0
 11
6.073610275590552
 21
-4.4255924409448815
 31
0
  0
LINE
  5
AD8
330
1B
100
AcDbEntity
  8
B.Cu
  6
CONTINUOUS
100
AcDbLine
 10
6.073610275590552
 20
-4.4255924409448815
 30
0
 11
6.066657047244095
 21
-4.4284725196850392
 31
0
  0
LINE
  5
AD9
330
1B
100
AcDbEntity
  8
B.Cu
  6
CONTINUOUS
100
AcDbLine
 10
6.066657047244095
 20
-4.4284725196850392
 30
0
 11
6.066656850393701
 21
-4.4284725984251967
 31
0
  0
LINE
  5
ADA
330
1B
100
AcDbEntity
  8
B.Cu
  6
CONTINUOUS
100
AcDbLine
 10
6.066656850393701
 20
-4.4284725984251967
 30
0
 11
6.066656692913386
 21
-4.4284725984251967
 31
0
  0
LINE
  5
ADB
330
1B
100
AcDbEntity
  8
B.Cu
  6
CONTINUOUS
100
AcDbLine
 10
6.066656692913386
 20
-4.4284725984251967
 30
0
 11
6.0666566535433075
 21
-4.4284726377952754
 31
0
  0
LINE
  5
ADC
330
1B
100
AcDbEntity
  8
B.Cu
  6
CONTINUOUS
100
AcDbLine
 10
6.0666566535433075
 20
-4.4284726377952754
 30
0
 11
6.059275157480315
 21
-4.4299409448818894
 31
0
  0
LINE
  5
ADD
330
1B
100
AcDbEntity
  8
B.Cu
  6
CONTINUOUS
100
AcDbLine
 10
6.059275157480315
 20
-4.4299409448818894
 30
0
 11
6.059275039370079
 21
-4.4299409448818894
 31
0
  0
LINE
  5
ADE
330
1B
100
AcDbEntity
  8
B.Cu
  6
CONTINUOUS
100
AcDbLine
 10
6.059275039370079
 20
-4.4299409448818894
 30
0
 11
6.0517485039370085
 21
-4.4299409448818894
 31
0
  0
LINE
  5
ADF
330
1B
100
AcDbEntity
  8
B.Cu
  6
CONTINUOUS
100
AcDbLine
 10
6.0517485039370085
 20
-4.4299409448818894
 30
0
 11
6.0467823228346465
 21
-4.4289530708661413
 31
0
  0
LINE
  5
AE0
330
1B
100
AcDbEntity
  8
B.Cu
  6
CONTINUOUS
100
AcDbLine
 10
6.0467823228346465
 20
-4.4289530708661413
 30
0
 11
6.044366771653544
 21
-4.4284725984251967
 31
0
  0
LINE
  5
AE1
330
1B
100
AcDbEntity
  8
B.Cu
  6
CONTINUOUS
100
AcDbLine
 10
6.044366771653544
 20
-4.4284725984251967
 30
0
 11
6.039405433070867
 21
-4.4264175590551176
 31
0
  0
LINE
  5
AE2
330
1B
100
AcDbEntity
  8
B.Cu
  6
CONTINUOUS
100
AcDbLine
 10
6.039405433070867
 20
-4.4264175590551176
 30
0
 11
6.037413385826772
 21
-4.4255924409448815
 31
0
  0
LINE
  5
AE3
330
1B
100
AcDbEntity
  8
B.Cu
  6
CONTINUOUS
100
AcDbLine
 10
6.037413385826772
 20
-4.4255924409448815
 30
0
 11
6.0374133464566935
 21
-4.4255924015748027
 31
0
  0
LINE
  5
AE4
330
1B
100
AcDbEntity
  8
B.Cu
  6
CONTINUOUS
100
AcDbLine
 10
6.0374133464566935
 20
-4.4255924015748027
 30
0
 11
6.037413228346457
 21
-4.425592362204724
 31
0
  0
LINE
  5
AE5
330
1B
100
AcDbEntity
  8
B.Cu
  6
CONTINUOUS
100
AcDbLine
 10
6.037413228346457
 20
-4.425592362204724
 30
0
 11
6.031155196850394
 21
-4.4214109055118112
 31
0
  0
LINE
  5
AE6
330
1B
100
AcDbEntity
  8
B.Cu
  6
CONTINUOUS
100
AcDbLine
 10
6.031155196850394
 20
-4.4214109055118112
 30
0
 11
6.025833188976378
 21
-4.4160888976377954
 31
0
  0
LINE
  5
AE7
330
1B
100
AcDbEntity
  8
B.Cu
  6
CONTINUOUS
100
AcDbLine
 10
6.025833188976378
 20
-4.4160888976377954
 30
0
 11
6.021651732283465
 21
-4.409830866141732
 31
0
  0
LINE
  5
AE8
330
1B
100
AcDbEntity
  8
B.Cu
  6
CONTINUOUS
100
AcDbLine
 10
6.021651732283465
 20
-4.409830866141732
 30
0
 11
6.0187714960629926
 21
-4.4028773228346454
 31
0
  0
LINE
  5
AE9
330
1B
100
AcDbEntity
  8
B.Cu
  6
CONTINUOUS
100
AcDbLine
 10
6.0187714960629926
 20
-4.4028773228346454
 30
0
 11
6.0173031496063
 21
-4.3954955118110233
 31
0
  0
LINE
  5
AEA
330
1B
100
AcDbEntity
  8
B.Cu
  6
CONTINUOUS
100
AcDbLine
 10
6.0173031496063
 20
-4.3954955118110233
 30
0
 11
6.0173031496063
 21
-4.3541107874015745
 31
0
  0
LINE
  5
AEB
330
1B
100
AcDbEntity
  8
B.Cu
  6
CONTINUOUS
100
AcDbLine
 10
6.0173031496063
 20
-4.3541107874015745
 30
0
 11
6.0173031496063
 21
-4.3541106692913383
 31
0
  0
LINE
  5
AEC
330
1B
100
AcDbEntity
  8
B.Cu
  6
CONTINUOUS
100
AcDbLine
 10
6.0173031496063
 20
-4.3541106692913383
 30
0
 11
6.018771456692914
 21
-4.3467291732283462
 31
0
  0
LINE
  5
AED
330
1B
100
AcDbEntity
  8
B.Cu
  6
CONTINUOUS
100
AcDbLine
 10
6.018771456692914
 20
-4.3467291732283462
 30
0
 11
6.0187714960629926
 21
-4.3467291338582674
 31
0
  0
LINE
  5
AEE
330
1B
100
AcDbEntity
  8
B.Cu
  6
CONTINUOUS
100
AcDbLine
 10
6.0187714960629926
 20
-4.3467291338582674
 30
0
 11
6.0187714960629926
 21
-4.3467289763779524
 31
0
  0
LINE
  5
AEF
330
1B
100
AcDbEntity
  8
B.Cu
  6
CONTINUOUS
100
AcDbLine
 10
6.0187714960629926
 20
-4.3467289763779524
 30
0
 11
6.021168070866143
 21
-4.3409430708661416
 31
0
  0
LINE
  5
AF0
330
1B
100
AcDbEntity
  8
B.Cu
  6
CONTINUOUS
100
AcDbLine
 10
6.021168070866143
 20
-4.3409430708661416
 30
0
 11
6.021651653543308
 21
-4.339775551181102
 31
0
  0
LINE
  5
AF1
330
1B
100
AcDbEntity
  8
B.Cu
  6
CONTINUOUS
100
AcDbLine
 10
6.021651653543308
 20
-4.339775551181102
 30
0
 11
6.025833267716536
 21
-4.333517283464567
 31
0
  0
LINE
  5
AF2
330
1B
100
AcDbEntity
  8
B.Cu
  6
CONTINUOUS
100
AcDbLine
 10
6.025833267716536
 20
-4.333517283464567
 30
0
 11
6.0265031889763785
 21
-4.3328473622047241
 31
0
  0
LINE
  5
AF3
330
1B
100
AcDbEntity
  8
B.Cu
  6
CONTINUOUS
100
AcDbLine
 10
6.0265031889763785
 20
-4.3328473622047241
 30
0
 11
6.027821496062993
 21
-4.3304330708661416
 31
0
  0
LINE
  5
AF4
330
1B
100
AcDbEntity
  8
B.Cu
  6
CONTINUOUS
100
AcDbLine
 10
6.027821496062993
 20
-4.3304330708661416
 30
0
 11
6.027933070866142
 21
-4.3293953543307087
 31
0
  0
LINE
  5
AF5
330
1B
100
AcDbEntity
  8
B.Cu
  6
CONTINUOUS
100
AcDbLine
 10
6.027933070866142
 20
-4.3293953543307087
 30
0
 11
6.027933070866142
 21
-4.2831306692913387
 31
0
  0
LINE
  5
AF6
330
1B
100
AcDbEntity
  8
B.Cu
  6
CONTINUOUS
100
AcDbLine
 10
6.027933070866142
 20
-4.2831306692913387
 30
0
 11
6.027158070866142
 21
-4.2804913385826771
 31
0
  0
LINE
  5
AF7
330
1B
100
AcDbEntity
  8
B.Cu
  6
CONTINUOUS
100
AcDbLine
 10
6.027158070866142
 20
-4.2804913385826771
 30
0
 11
6.0265031889763785
 21
-4.2796786614173223
 31
0
  0
LINE
  5
AF8
330
1B
100
AcDbEntity
  8
B.Cu
  6
CONTINUOUS
100
AcDbLine
 10
6.0265031889763785
 20
-4.2796786614173223
 30
0
 11
5.7856648818897645
 21
-4.0388403543307083
 31
0
  0
LINE
  5
AF9
330
1B
100
AcDbEntity
  8
B.Cu
  6
CONTINUOUS
100
AcDbLine
 10
5.7856648818897645
 20
-4.0388403543307083
 30
0
 11
5.785664803149607
 21
-4.0388402755905508
 31
0
  0
LINE
  5
AFA
330
1B
100
AcDbEntity
  8
B.Cu
  6
CONTINUOUS
100
AcDbLine
 10
5.785664803149607
 20
-4.0388402755905508
 30
0
 11
5.782646653543307
 21
-4.0343232677165357
 31
0
  0
LINE
  5
AFB
330
1B
100
AcDbEntity
  8
B.Cu
  6
CONTINUOUS
100
AcDbLine
 10
5.782646653543307
 20
-4.0343232677165357
 30
0
 11
5.780567716535433
 21
-4.0293042519685036
 31
0
  0
LINE
  5
AFC
330
1B
100
AcDbEntity
  8
B.Cu
  6
CONTINUOUS
100
AcDbLine
 10
5.780567716535433
 20
-4.0293042519685036
 30
0
 11
5.779507874015748
 21
-4.023976141732283
 31
0
  0
LINE
  5
AFD
330
1B
100
AcDbEntity
  8
B.Cu
  6
CONTINUOUS
100
AcDbLine
 10
5.779507874015748
 20
-4.023976141732283
 30
0
 11
5.779507874015748
 21
-4.0185435433070866
 31
0
  0
LINE
  5
AFE
330
1B
100
AcDbEntity
  8
B.Cu
  6
CONTINUOUS
100
AcDbLine
 10
5.779507874015748
 20
-4.0185435433070866
 30
0
 11
5.779507874015748
 21
-3.8578944488188975
 31
0
  0
LINE
  5
AFF
330
1B
100
AcDbEntity
  8
B.Cu
  6
CONTINUOUS
100
AcDbLine
 10
5.779507874015748
 20
-3.8578944488188975
 30
0
 11
5.778732874015748
 21
-3.8552551181102359
 31
0
  0
LINE
  5
B00
330
1B
100
AcDbEntity
  8
B.Cu
  6
CONTINUOUS
100
AcDbLine
 10
5.778732874015748
 20
-3.8552551181102359
 30
0
 11
5.776653976377953
 21
-3.8534537401574802
 31
0
  0
LINE
  5
B01
330
1B
100
AcDbEntity
  8
B.Cu
  6
CONTINUOUS
100
AcDbLine
 10
5.776653976377953
 20
-3.8534537401574802
 30
0
 11
5.773931220472441
 21
-3.8530622440944882
 31
0
  0
LINE
  5
B02
330
1B
100
AcDbEntity
  8
B.Cu
  6
CONTINUOUS
100
AcDbLine
 10
5.773931220472441
 20
-3.8530622440944882
 30
0
 11
5.771429015748032
 21
-3.8542049606299211
 31
0
  0
LINE
  5
B03
330
1B
100
AcDbEntity
  8
B.Cu
  6
CONTINUOUS
100
AcDbLine
 10
5.771429015748032
 20
-3.8542049606299211
 30
0
 11
5.771173976377953
 21
-3.8544424409448816
 31
0
  0
LINE
  5
B04
330
1B
100
AcDbEntity
  8
B.Cu
  6
CONTINUOUS
100
AcDbLine
 10
5.771173976377953
 20
-3.8544424409448816
 30
0
 11
5.734520433070867
 21
-3.8910959842519683
 31
0
  0
LINE
  5
B05
330
1B
100
AcDbEntity
  8
B.Cu
  6
CONTINUOUS
100
AcDbLine
 10
5.734520433070867
 20
-3.8910959842519683
 30
0
 11
5.733202125984253
 21
-3.8935102755905513
 31
0
  0
LINE
  5
B06
330
1B
100
AcDbEntity
  8
B.Cu
  6
CONTINUOUS
100
AcDbLine
 10
5.733202125984253
 20
-3.8935102755905513
 30
0
 11
5.733090551181103
 21
-3.8945479921259842
 31
0
  0
LINE
  5
B07
330
1B
100
AcDbEntity
  8
B.Cu
  6
CONTINUOUS
100
AcDbLine
 10
5.733090551181103
 20
-3.8945479921259842
 30
0
 11
5.733090551181103
 21
-4.2712201968503933
 31
0
  0
LINE
  5
B08
330
1B
100
AcDbEntity
  8
B.Cu
  6
CONTINUOUS
100
AcDbLine
 10
5.733090551181103
 20
-4.2712201968503933
 30
0
 11
5.733090551181103
 21
-4.2712202755905508
 31
0
  0
LINE
  5
B09
330
1B
100
AcDbEntity
  8
B.Cu
  6
CONTINUOUS
100
AcDbLine
 10
5.733090551181103
 20
-4.2712202755905508
 30
0
 11
5.733090590551182
 21
-4.2712202755905508
 31
0
  0
LINE
  5
B0A
330
1B
100
AcDbEntity
  8
B.Cu
  6
CONTINUOUS
100
AcDbLine
 10
5.733090590551182
 20
-4.2712202755905508
 30
0
 11
5.732030787401575
 21
-4.2765481102362202
 31
0
  0
LINE
  5
B0B
330
1B
100
AcDbEntity
  8
B.Cu
  6
CONTINUOUS
100
AcDbLine
 10
5.732030787401575
 20
-4.2765481102362202
 30
0
 11
5.732030669291339
 21
-4.2765485039370077
 31
0
  0
LINE
  5
B0C
330
1B
100
AcDbEntity
  8
B.Cu
  6
CONTINUOUS
100
AcDbLine
 10
5.732030669291339
 20
-4.2765485039370077
 30
0
 11
5.72995188976378
 21
-4.281567165354331
 31
0
  0
LINE
  5
B0D
330
1B
100
AcDbEntity
  8
B.Cu
  6
CONTINUOUS
100
AcDbLine
 10
5.72995188976378
 20
-4.281567165354331
 30
0
 11
5.729838818897639
 21
-4.2817786614173228
 31
0
  0
LINE
  5
B0E
330
1B
100
AcDbEntity
  8
B.Cu
  6
CONTINUOUS
100
AcDbLine
 10
5.729838818897639
 20
-4.2817786614173228
 30
0
 11
5.729890078740158
 21
-4.2818060629921257
 31
0
  0
LINE
  5
B0F
330
1B
100
AcDbEntity
  8
B.Cu
  6
CONTINUOUS
100
AcDbLine
 10
5.729890078740158
 20
-4.2818060629921257
 30
0
 11
5.729154330708662
 21
-4.2841556692913381
 31
0
  0
LINE
  5
B10
330
1B
100
AcDbEntity
  8
B.Cu
  6
CONTINUOUS
100
AcDbLine
 10
5.729154330708662
 20
-4.2841556692913381
 30
0
 11
5.7291535433070875
 21
-4.2842428740157477
 31
0
  0
LINE
  5
B11
330
1B
100
AcDbEntity
  8
B.Cu
  6
CONTINUOUS
100
AcDbLine
 10
5.7291535433070875
 20
-4.2842428740157477
 30
0
 11
5.7291535433070875
 21
-4.3203994881889765
 31
0
  0
LINE
  5
B12
330
1B
100
AcDbEntity
  8
B.Cu
  6
CONTINUOUS
100
AcDbLine
 10
5.7291535433070875
 20
-4.3203994881889765
 30
0
 11
5.7299285433070875
 21
-4.3230388188976381
 31
0
  0
LINE
  5
B13
330
1B
100
AcDbEntity
  8
B.Cu
  6
CONTINUOUS
100
AcDbLine
 10
5.7299285433070875
 20
-4.3230388188976381
 30
0
 11
5.732007440944883
 21
-4.3248401968503938
 31
0
  0
LINE
  5
B14
330
1B
100
AcDbEntity
  8
B.Cu
  6
CONTINUOUS
100
AcDbLine
 10
5.732007440944883
 20
-4.3248401968503938
 30
0
 11
5.7347301968503945
 21
-4.3252316929133858
 31
0
  0
LINE
  5
B15
330
1B
100
AcDbEntity
  8
B.Cu
  6
CONTINUOUS
100
AcDbLine
 10
5.7347301968503945
 20
-4.3252316929133858
 30
0
 11
5.736747598425198
 21
-4.3244586614173226
 31
0
  0
LINE
  5
B16
330
1B
100
AcDbEntity
  8
B.Cu
  6
CONTINUOUS
100
AcDbLine
 10
5.736747598425198
 20
-4.3244586614173226
 30
0
 11
5.737413228346457
 21
-4.3240138976377951
 31
0
  0
LINE
  5
B17
330
1B
100
AcDbEntity
  8
B.Cu
  6
CONTINUOUS
100
AcDbLine
 10
5.737413228346457
 20
-4.3240138976377951
 30
0
 11
5.737413307086615
 21
-4.3240138582677163
 31
0
  0
LINE
  5
B18
330
1B
100
AcDbEntity
  8
B.Cu
  6
CONTINUOUS
100
AcDbLine
 10
5.737413307086615
 20
-4.3240138582677163
 30
0
 11
5.744366614173229
 21
-4.3211337401574799
 31
0
  0
LINE
  5
B19
330
1B
100
AcDbEntity
  8
B.Cu
  6
CONTINUOUS
100
AcDbLine
 10
5.744366614173229
 20
-4.3211337401574799
 30
0
 11
5.7443670078740166
 21
-4.3211336220472436
 31
0
  0
LINE
  5
B1A
330
1B
100
AcDbEntity
  8
B.Cu
  6
CONTINUOUS
100
AcDbLine
 10
5.7443670078740166
 20
-4.3211336220472436
 30
0
 11
5.751748503937009
 21
-4.3196653543307084
 31
0
  0
LINE
  5
B1B
330
1B
100
AcDbEntity
  8
B.Cu
  6
CONTINUOUS
100
AcDbLine
 10
5.751748503937009
 20
-4.3196653543307084
 30
0
 11
5.751748582677166
 21
-4.3196653543307084
 31
0
  0
LINE
  5
B1C
330
1B
100
AcDbEntity
  8
B.Cu
  6
CONTINUOUS
100
AcDbLine
 10
5.751748582677166
 20
-4.3196653543307084
 30
0
 11
5.759275039370079
 21
-4.3196653543307084
 31
0
  0
LINE
  5
B1D
330
1B
100
AcDbEntity
  8
B.Cu
  6
CONTINUOUS
100
AcDbLine
 10
5.759275039370079
 20
-4.3196653543307084
 30
0
 11
5.759275118110237
 21
-4.3196653543307084
 31
0
  0
LINE
  5
B1E
330
1B
100
AcDbEntity
  8
B.Cu
  6
CONTINUOUS
100
AcDbLine
 10
5.759275118110237
 20
-4.3196653543307084
 30
0
 11
5.766656653543308
 21
-4.3211336220472436
 31
0
  0
LINE
  5
B1F
330
1B
100
AcDbEntity
  8
B.Cu
  6
CONTINUOUS
100
AcDbLine
 10
5.766656653543308
 20
-4.3211336220472436
 30
0
 11
5.766657047244095
 21
-4.3211337401574799
 31
0
  0
LINE
  5
B20
330
1B
100
AcDbEntity
  8
B.Cu
  6
CONTINUOUS
100
AcDbLine
 10
5.766657047244095
 20
-4.3211337401574799
 30
0
 11
5.773610275590552
 21
-4.3240138188976376
 31
0
  0
LINE
  5
B21
330
1B
100
AcDbEntity
  8
B.Cu
  6
CONTINUOUS
100
AcDbLine
 10
5.773610275590552
 20
-4.3240138188976376
 30
0
 11
5.779868543307087
 21
-4.3281954330708663
 31
0
  0
LINE
  5
B22
330
1B
100
AcDbEntity
  8
B.Cu
  6
CONTINUOUS
100
AcDbLine
 10
5.779868543307087
 20
-4.3281954330708663
 30
0
 11
5.785190393700788
 21
-4.333517283464567
 31
0
  0
LINE
  5
B23
330
1B
100
AcDbEntity
  8
B.Cu
  6
CONTINUOUS
100
AcDbLine
 10
5.785190393700788
 20
-4.333517283464567
 30
0
 11
5.789372007874016
 21
-4.339775551181102
 31
0
  0
LINE
  5
B24
330
1B
100
AcDbEntity
  8
B.Cu
  6
CONTINUOUS
100
AcDbLine
 10
5.789372007874016
 20
-4.339775551181102
 30
0
 11
5.792252086614174
 21
-4.3467287795275587
 31
0
  0
LINE
  5
B25
330
1B
100
AcDbEntity
  8
B.Cu
  6
CONTINUOUS
100
AcDbLine
 10
5.792252086614174
 20
-4.3467287795275587
 30
0
 11
5.79225220472441
 21
-4.3467291732283462
 31
0
  0
LINE
  5
B26
330
1B
100
AcDbEntity
  8
B.Cu
  6
CONTINUOUS
100
AcDbLine
 10
5.79225220472441
 20
-4.3467291732283462
 30
0
 11
5.7937204724409455
 21
-4.3541106692913383
 31
0
  0
LINE
  5
B27
330
1B
100
AcDbEntity
  8
B.Cu
  6
CONTINUOUS
100
AcDbLine
 10
5.7937204724409455
 20
-4.3541106692913383
 30
0
 11
5.7937204724409455
 21
-4.3541107874015745
 31
0
  0
LINE
  5
B28
330
1B
100
AcDbEntity
  8
B.Cu
  6
CONTINUOUS
100
AcDbLine
 10
5.7937204724409455
 20
-4.3541107874015745
 30
0
 11
5.7937204724409455
 21
-4.3954955118110233
 31
0
  0
LINE
  5
B29
330
1B
100
AcDbEntity
  8
B.Cu
  6
CONTINUOUS
100
AcDbLine
 10
5.7937204724409455
 20
-4.3954955118110233
 30
0
 11
5.7937204724409455
 21
-4.3954955905511808
 31
0
  0
LINE
  5
B2A
330
1B
100
AcDbEntity
  8
B.Cu
  6
CONTINUOUS
100
AcDbLine
 10
5.7937204724409455
 20
-4.3954955905511808
 30
0
 11
5.793720511811024
 21
-4.3954955905511808
 31
0
  0
LINE
  5
B2B
330
1B
100
AcDbEntity
  8
B.Cu
  6
CONTINUOUS
100
AcDbLine
 10
5.793720511811024
 20
-4.3954955905511808
 30
0
 11
5.79225220472441
 21
-4.4028770866141729
 31
0
  0
LINE
  5
B2C
330
1B
100
AcDbEntity
  8
B.Cu
  6
CONTINUOUS
100
AcDbLine
 10
5.79225220472441
 20
-4.4028770866141729
 30
0
 11
5.792252086614174
 21
-4.4028774803149604
 31
0
  0
LINE
  5
B2D
330
1B
100
AcDbEntity
  8
B.Cu
  6
CONTINUOUS
100
AcDbLine
 10
5.792252086614174
 20
-4.4028774803149604
 30
0
 11
5.789372007874016
 21
-4.409830708661417
 31
0
  0
LINE
  5
B2E
330
1B
100
AcDbEntity
  8
B.Cu
  6
CONTINUOUS
100
AcDbLine
 10
5.789372007874016
 20
-4.409830708661417
 30
0
 11
5.785190393700788
 21
-4.4160889763779529
 31
0
  0
LINE
  5
B2F
330
1B
100
AcDbEntity
  8
B.Cu
  6
CONTINUOUS
100
AcDbLine
 10
5.785190393700788
 20
-4.4160889763779529
 30
0
 11
5.784520511811024
 21
-4.4167588188976374
 31
0
  0
LINE
  5
B30
330
1B
100
AcDbEntity
  8
B.Cu
  6
CONTINUOUS
100
AcDbLine
 10
5.784520511811024
 20
-4.4167588188976374
 30
0
 11
5.7832021259842525
 21
-4.4191730708661412
 31
0
  0
LINE
  5
B31
330
1B
100
AcDbEntity
  8
B.Cu
  6
CONTINUOUS
100
AcDbLine
 10
5.7832021259842525
 20
-4.4191730708661412
 30
0
 11
5.783090551181103
 21
-4.4202109055118113
 31
0
  0
LINE
  5
B32
330
1B
100
AcDbEntity
  8
B.Cu
  6
CONTINUOUS
100
AcDbLine
 10
5.783090551181103
 20
-4.4202109055118113
 30
0
 11
5.783090551181103
 21
-4.6846852755905513
 31
0
  0
LINE
  5
B33
330
1B
100
AcDbEntity
  8
B.Cu
  6
CONTINUOUS
100
AcDbLine
 10
5.783090551181103
 20
-4.6846852755905513
 30
0
 11
5.783090551181103
 21
-4.6901178740157476
 31
0
  0
LINE
  5
B34
330
1B
100
AcDbEntity
  8
B.Cu
  6
CONTINUOUS
100
AcDbLine
 10
5.783090551181103
 20
-4.6901178740157476
 30
0
 11
5.783090551181103
 21
-4.6901179527559052
 31
0
  0
LINE
  5
B35
330
1B
100
AcDbEntity
  8
B.Cu
  6
CONTINUOUS
100
AcDbLine
 10
5.783090551181103
 20
-4.6901179527559052
 30
0
 11
5.783090590551182
 21
-4.6901179527559052
 31
0
  0
LINE
  5
B36
330
1B
100
AcDbEntity
  8
B.Cu
  6
CONTINUOUS
100
AcDbLine
 10
5.783090590551182
 20
-4.6901179527559052
 30
0
 11
5.782030787401575
 21
-4.6954457480314957
 31
0
  0
LINE
  5
B37
330
1B
100
AcDbEntity
  8
B.Cu
  6
CONTINUOUS
100
AcDbLine
 10
5.782030787401575
 20
-4.6954457480314957
 30
0
 11
5.7820306692913395
 21
-4.6954461417322833
 31
0
  0
LINE
  5
B38
330
1B
100
AcDbEntity
  8
B.Cu
  6
CONTINUOUS
100
AcDbLine
 10
5.7820306692913395
 20
-4.6954461417322833
 30
0
 11
5.77995188976378
 21
-4.7004648425196853
 31
0
  0
LINE
  5
B39
330
1B
100
AcDbEntity
  8
B.Cu
  6
CONTINUOUS
100
AcDbLine
 10
5.77995188976378
 20
-4.7004648425196853
 30
0
 11
5.776933582677166
 21
-4.7049820866141729
 31
0
  0
LINE
  5
B3A
330
1B
100
AcDbEntity
  8
B.Cu
  6
CONTINUOUS
100
AcDbLine
 10
5.776933582677166
 20
-4.7049820866141729
 30
0
 11
5.776933543307087
 21
-4.7049821259842517
 31
0
  0
LINE
  5
B3B
330
1B
100
AcDbEntity
  8
B.Cu
  6
CONTINUOUS
100
AcDbLine
 10
5.776933543307087
 20
-4.7049821259842517
 30
0
 11
5.695047598425197
 21
-4.7868680314960628
 31
0
  0
LINE
  5
B3C
330
1B
100
AcDbEntity
  8
B.Cu
  6
CONTINUOUS
100
AcDbLine
 10
5.695047598425197
 20
-4.7868680314960628
 30
0
 11
5.693729291338583
 21
-4.7892823228346453
 31
0
  0
LINE
  5
B3D
330
1B
100
AcDbEntity
  8
B.Cu
  6
CONTINUOUS
100
AcDbLine
 10
5.693729291338583
 20
-4.7892823228346453
 30
0
 11
5.69367783464567
 21
-4.7910837401574806
 31
0
  0
LINE
  5
B3E
330
1B
100
AcDbEntity
  8
B.Cu
  6
CONTINUOUS
100
AcDbLine
 10
5.69367783464567
 20
-4.7910837401574806
 30
0
 11
5.69490157480315
 21
-4.7988101574803146
 31
0
  0
LINE
  5
B3F
330
1B
100
AcDbEntity
  8
B.Cu
  6
CONTINUOUS
100
AcDbLine
 10
5.69490157480315
 20
-4.7988101574803146
 30
0
 11
5.69490157480315
 21
-4.8074890157480317
 31
0
  0
LINE
  5
B40
330
1B
100
AcDbEntity
  8
B.Cu
  6
CONTINUOUS
100
AcDbLine
 10
5.69490157480315
 20
-4.8074890157480317
 30
0
 11
5.693543897637796
 21
-4.8160611023622044
 31
0
  0
LINE
  5
B41
330
1B
100
AcDbEntity
  8
B.Cu
  6
CONTINUOUS
100
AcDbLine
 10
5.693543897637796
 20
-4.8160611023622044
 30
0
 11
5.690862086614174
 21
-4.824315078740157
 31
0
  0
LINE
  5
B42
330
1B
100
AcDbEntity
  8
B.Cu
  6
CONTINUOUS
100
AcDbLine
 10
5.690862086614174
 20
-4.824315078740157
 30
0
 11
5.690862047244095
 21
-4.8243151968503932
 31
0
  0
LINE
  5
B43
330
1B
100
AcDbEntity
  8
B.Cu
  6
CONTINUOUS
100
AcDbLine
 10
5.690862047244095
 20
-4.8243151968503932
 30
0
 11
5.686921771653544
 21
-4.8320482283464568
 31
0
  0
LINE
  5
B44
330
1B
100
AcDbEntity
  8
B.Cu
  6
CONTINUOUS
100
AcDbLine
 10
5.686921771653544
 20
-4.8320482283464568
 30
0
 11
5.681820787401575
 21
-4.8390692125984254
 31
0
  0
LINE
  5
B45
330
1B
100
AcDbEntity
  8
B.Cu
  6
CONTINUOUS
100
AcDbLine
 10
5.681820787401575
 20
-4.8390692125984254
 30
0
 11
5.68182062992126
 21
-4.8390694094488191
 31
0
  0
LINE
  5
B46
330
1B
100
AcDbEntity
  8
B.Cu
  6
CONTINUOUS
100
AcDbLine
 10
5.68182062992126
 20
-4.8390694094488191
 30
0
 11
5.675683622047244
 21
-4.8452064173228342
 31
0
  0
LINE
  5
B47
330
1B
100
AcDbEntity
  8
B.Cu
  6
CONTINUOUS
100
AcDbLine
 10
5.675683622047244
 20
-4.8452064173228342
 30
0
 11
5.67568342519685
 21
-4.8452065748031492
 31
0
  0
LINE
  5
B48
330
1B
100
AcDbEntity
  8
B.Cu
  6
CONTINUOUS
100
AcDbLine
 10
5.67568342519685
 20
-4.8452065748031492
 30
0
 11
5.669975669291339
 21
-4.8493534645669287
 31
0
  0
LINE
  5
B49
330
1B
100
AcDbEntity
  8
B.Cu
  6
CONTINUOUS
100
AcDbLine
 10
5.669975669291339
 20
-4.8493534645669287
 30
0
 11
5.668662283464568
 21
-4.8503076771653539
 31
0
  0
LINE
  5
B4A
330
1B
100
AcDbEntity
  8
B.Cu
  6
CONTINUOUS
100
AcDbLine
 10
5.668662283464568
 20
-4.8503076771653539
 30
0
 11
5.663607283464567
 21
-4.8528833464566929
 31
0
  0
LINE
  5
B4B
330
1B
100
AcDbEntity
  8
B.Cu
  6
CONTINUOUS
100
AcDbLine
 10
5.663607283464567
 20
-4.8528833464566929
 30
0
 11
5.660929409448819
 21
-4.854247834645669
 31
0
  0
LINE
  5
B4C
330
1B
100
AcDbEntity
  8
B.Cu
  6
CONTINUOUS
100
AcDbLine
 10
5.660929409448819
 20
-4.854247834645669
 30
0
 11
5.660929291338583
 21
-4.8542478740157478
 31
0
  0
LINE
  5
B4D
330
1B
100
AcDbEntity
  8
B.Cu
  6
CONTINUOUS
100
AcDbLine
 10
5.660929291338583
 20
-4.8542478740157478
 30
0
 11
5.656802322834646
 21
-4.855588779527559
 31
0
  0
LINE
  5
B4E
330
1B
100
AcDbEntity
  8
B.Cu
  6
CONTINUOUS
100
AcDbLine
 10
5.656802322834646
 20
-4.855588779527559
 30
0
 11
5.652675236220473
 21
-4.8569297244094489
 31
0
  0
LINE
  5
B4F
330
1B
100
AcDbEntity
  8
B.Cu
  6
CONTINUOUS
100
AcDbLine
 10
5.652675236220473
 20
-4.8569297244094489
 30
0
 11
5.644103228346458
 21
-4.8582874015748034
 31
0
  0
LINE
  5
B50
330
1B
100
AcDbEntity
  8
B.Cu
  6
CONTINUOUS
100
AcDbLine
 10
5.644103228346458
 20
-4.8582874015748034
 30
0
 11
5.644103188976379
 21
-4.8582874015748034
 31
0
  0
LINE
  5
B51
330
1B
100
AcDbEntity
  8
B.Cu
  6
CONTINUOUS
100
AcDbLine
 10
5.644103188976379
 20
-4.8582874015748034
 30
0
 11
5.6354243700787405
 21
-4.8582874015748034
 31
0
  0
LINE
  5
B52
330
1B
100
AcDbEntity
  8
B.Cu
  6
CONTINUOUS
100
AcDbLine
 10
5.6354243700787405
 20
-4.8582874015748034
 30
0
 11
5.635424330708662
 21
-4.8582874015748034
 31
0
  0
LINE
  5
B53
330
1B
100
AcDbEntity
  8
B.Cu
  6
CONTINUOUS
100
AcDbLine
 10
5.635424330708662
 20
-4.8582874015748034
 30
0
 11
5.6268523228346465
 21
-4.8569297244094489
 31
0
  0
LINE
  5
B54
330
1B
100
AcDbEntity
  8
B.Cu
  6
CONTINUOUS
100
AcDbLine
 10
5.6268523228346465
 20
-4.8569297244094489
 30
0
 11
5.618598188976378
 21
-4.854247834645669
 31
0
  0
LINE
  5
B55
330
1B
100
AcDbEntity
  8
B.Cu
  6
CONTINUOUS
100
AcDbLine
 10
5.618598188976378
 20
-4.854247834645669
 30
0
 11
5.610865275590552
 21
-4.8503076771653539
 31
0
  0
LINE
  5
B56
330
1B
100
AcDbEntity
  8
B.Cu
  6
CONTINUOUS
100
AcDbLine
 10
5.610865275590552
 20
-4.8503076771653539
 30
0
 11
5.603843897637796
 21
-4.8452063779527554
 31
0
  0
LINE
  5
B57
330
1B
100
AcDbEntity
  8
B.Cu
  6
CONTINUOUS
100
AcDbLine
 10
5.603843897637796
 20
-4.8452063779527554
 30
0
 11
5.597707007874016
 21
-4.8390694881889766
 31
0
  0
LINE
  5
B58
330
1B
100
AcDbEntity
  8
B.Cu
  6
CONTINUOUS
100
AcDbLine
 10
5.597707007874016
 20
-4.8390694881889766
 30
0
 11
5.593108897637796
 21
-4.8327406692913382
 31
0
  0
LINE
  5
B59
330
1B
100
AcDbEntity
  8
B.Cu
  6
CONTINUOUS
100
AcDbLine
 10
5.593108897637796
 20
-4.8327406692913382
 30
0
 11
5.59093062992126
 21
-4.8310609842519687
 31
0
  0
LINE
  5
B5A
330
1B
100
AcDbEntity
  8
B.Cu
  6
CONTINUOUS
100
AcDbLine
 10
5.59093062992126
 20
-4.8310609842519687
 30
0
 11
5.589159409448819
 21
-4.8307283464566932
 31
0
  0
LINE
  5
B5B
330
1B
100
AcDbEntity
  8
B.Cu
  6
CONTINUOUS
100
AcDbLine
 10
5.589159409448819
 20
-4.8307283464566932
 30
0
 11
5.434462637795276
 21
-4.8307283464566932
 31
0
  0
LINE
  5
B5C
330
1B
100
AcDbEntity
  8
B.Cu
  6
CONTINUOUS
100
AcDbLine
 10
5.434462637795276
 20
-4.8307283464566932
 30
0
 11
5.431823307086614
 21
-4.8315033464566932
 31
0
  0
LINE
  5
B5D
330
1B
100
AcDbEntity
  8
B.Cu
  6
CONTINUOUS
100
AcDbLine
 10
5.431823307086614
 20
-4.8315033464566932
 30
0
 11
5.430513228346457
 21
-4.8327405905511807
 31
0
  0
LINE
  5
B5E
330
1B
100
AcDbEntity
  8
B.Cu
  6
CONTINUOUS
100
AcDbLine
 10
5.430513228346457
 20
-4.8327405905511807
 30
0
 11
5.425915236220473
 21
-4.8390692125984254
 31
0
  0
LINE
  5
B5F
330
1B
100
AcDbEntity
  8
B.Cu
  6
CONTINUOUS
100
AcDbLine
 10
5.425915236220473
 20
-4.8390692125984254
 30
0
 11
5.4259150393700795
 21
-4.8390694881889766
 31
0
  0
LINE
  5
B60
330
1B
100
AcDbEntity
  8
B.Cu
  6
CONTINUOUS
100
AcDbLine
 10
5.4259150393700795
 20
-4.8390694881889766
 30
0
 11
5.419778110236221
 21
-4.8452064173228342
 31
0
  0
LINE
  5
B61
330
1B
100
AcDbEntity
  8
B.Cu
  6
CONTINUOUS
100
AcDbLine
 10
5.419778110236221
 20
-4.8452064173228342
 30
0
 11
5.419777913385827
 21
-4.8452065748031492
 31
0
  0
LINE
  5
B62
330
1B
100
AcDbEntity
  8
B.Cu
  6
CONTINUOUS
100
AcDbLine
 10
5.419777913385827
 20
-4.8452065748031492
 30
0
 11
5.414070157480316
 21
-4.8493534645669287
 31
0
  0
LINE
  5
B63
330
1B
100
AcDbEntity
  8
B.Cu
  6
CONTINUOUS
100
AcDbLine
 10
5.414070157480316
 20
-4.8493534645669287
 30
0
 11
5.412756771653544
 21
-4.8503076771653539
 31
0
  0
LINE
  5
B64
330
1B
100
AcDbEntity
  8
B.Cu
  6
CONTINUOUS
100
AcDbLine
 10
5.412756771653544
 20
-4.8503076771653539
 30
0
 11
5.407701771653544
 21
-4.8528833464566929
 31
0
  0
LINE
  5
B65
330
1B
100
AcDbEntity
  8
B.Cu
  6
CONTINUOUS
100
AcDbLine
 10
5.407701771653544
 20
-4.8528833464566929
 30
0
 11
5.405023897637796
 21
-4.854247834645669
 31
0
  0
LINE
  5
B66
330
1B
100
AcDbEntity
  8
B.Cu
  6
CONTINUOUS
100
AcDbLine
 10
5.405023897637796
 20
-4.854247834645669
 30
0
 11
5.40502377952756
 21
-4.8542478740157478
 31
0
  0
LINE
  5
B67
330
1B
100
AcDbEntity
  8
B.Cu
  6
CONTINUOUS
100
AcDbLine
 10
5.40502377952756
 20
-4.8542478740157478
 30
0
 11
5.400896811023623
 21
-4.855588779527559
 31
0
  0
LINE
  5
B68
330
1B
100
AcDbEntity
  8
B.Cu
  6
CONTINUOUS
100
AcDbLine
 10
5.400896811023623
 20
-4.855588779527559
 30
0
 11
5.39676972440945
 21
-4.8569297244094489
 31
0
  0
LINE
  5
B69
330
1B
100
AcDbEntity
  8
B.Cu
  6
CONTINUOUS
100
AcDbLine
 10
5.39676972440945
 20
-4.8569297244094489
 30
0
 11
5.388197716535434
 21
-4.8582874015748034
 31
0
  0
LINE
  5
B6A
330
1B
100
AcDbEntity
  8
B.Cu
  6
CONTINUOUS
100
AcDbLine
 10
5.388197716535434
 20
-4.8582874015748034
 30
0
 11
5.388197677165355
 21
-4.8582874015748034
 31
0
  0
LINE
  5
B6B
330
1B
100
AcDbEntity
  8
B.Cu
  6
CONTINUOUS
100
AcDbLine
 10
5.388197677165355
 20
-4.8582874015748034
 30
0
 11
5.379518858267717
 21
-4.8582874015748034
 31
0
  0
LINE
  5
B6C
330
1B
100
AcDbEntity
  8
B.Cu
  6
CONTINUOUS
100
AcDbLine
 10
5.379518858267717
 20
-4.8582874015748034
 30
0
 11
5.379518818897639
 21
-4.8582874015748034
 31
0
  0
LINE
  5
B6D
330
1B
100
AcDbEntity
  8
B.Cu
  6
CONTINUOUS
100
AcDbLine
 10
5.379518818897639
 20
-4.8582874015748034
 30
0
 11
5.3709468110236225
 21
-4.8569297244094489
 31
0
  0
LINE
  5
B6E
330
1B
100
AcDbEntity
  8
B.Cu
  6
CONTINUOUS
100
AcDbLine
 10
5.3709468110236225
 20
-4.8569297244094489
 30
0
 11
5.362692677165355
 21
-4.854247834645669
 31
0
  0
LINE
  5
B6F
330
1B
100
AcDbEntity
  8
B.Cu
  6
CONTINUOUS
100
AcDbLine
 10
5.362692677165355
 20
-4.854247834645669
 30
0
 11
5.354959763779528
 21
-4.8503076771653539
 31
0
  0
LINE
  5
B70
330
1B
100
AcDbEntity
  8
B.Cu
  6
CONTINUOUS
100
AcDbLine
 10
5.354959763779528
 20
-4.8503076771653539
 30
0
 11
5.347938385826772
 21
-4.8452063779527554
 31
0
  0
LINE
  5
B71
330
1B
100
AcDbEntity
  8
B.Cu
  6
CONTINUOUS
100
AcDbLine
 10
5.347938385826772
 20
-4.8452063779527554
 30
0
 11
5.341801496062993
 21
-4.8390694881889766
 31
0
  0
LINE
  5
B72
330
1B
100
AcDbEntity
  8
B.Cu
  6
CONTINUOUS
100
AcDbLine
 10
5.341801496062993
 20
-4.8390694881889766
 30
0
 11
5.336700196850394
 21
-4.8320481102362205
 31
0
  0
LINE
  5
B73
330
1B
100
AcDbEntity
  8
B.Cu
  6
CONTINUOUS
100
AcDbLine
 10
5.336700196850394
 20
-4.8320481102362205
 30
0
 11
5.332760039370079
 21
-4.8243151968503932
 31
0
  0
LINE
  5
B74
330
1B
100
AcDbEntity
  8
B.Cu
  6
CONTINUOUS
100
AcDbLine
 10
5.332760039370079
 20
-4.8243151968503932
 30
0
 11
5.3300781496063
 21
-4.8160610629921257
 31
0
  0
LINE
  5
B75
330
1B
100
AcDbEntity
  8
B.Cu
  6
CONTINUOUS
100
AcDbLine
 10
5.3300781496063
 20
-4.8160610629921257
 30
0
 11
5.328720472440946
 21
-4.8074890551181104
 31
0
  0
LINE
  5
B76
330
1B
100
AcDbEntity
  8
B.Cu
  6
CONTINUOUS
100
AcDbLine
 10
5.328720472440946
 20
-4.8074890551181104
 30
0
 11
5.328720472440946
 21
-4.7988101574803146
 31
0
  0
LINE
  5
B77
330
1B
100
AcDbEntity
  8
B.Cu
  6
CONTINUOUS
100
AcDbLine
 10
5.328720472440946
 20
-4.7988101574803146
 30
0
 11
5.3300781496063
 21
-4.7902381496062993
 31
0
  0
LINE
  5
B78
330
1B
100
AcDbEntity
  8
B.Cu
  6
CONTINUOUS
100
AcDbLine
 10
5.3300781496063
 20
-4.7902381496062993
 30
0
 11
5.332760039370079
 21
-4.7819840157480318
 31
0
  0
LINE
  5
B79
330
1B
100
AcDbEntity
  8
B.Cu
  6
CONTINUOUS
100
AcDbLine
 10
5.332760039370079
 20
-4.7819840157480318
 30
0
 11
5.332760039370079
 21
-4.781983976377953
 31
0
  0
LINE
  5
B7A
330
1B
100
AcDbEntity
  8
B.Cu
  6
CONTINUOUS
100
AcDbLine
 10
5.332760039370079
 20
-4.781983976377953
 30
0
 11
5.336422637795276
 21
-4.7747958661417318
 31
0
  0
LINE
  5
B7B
330
1B
100
AcDbEntity
  8
B.Cu
  6
CONTINUOUS
100
AcDbLine
 10
5.336422637795276
 20
-4.7747958661417318
 30
0
 11
5.336700196850394
 21
-4.7742511023622045
 31
0
  0
LINE
  5
B7C
330
1B
100
AcDbEntity
  8
B.Cu
  6
CONTINUOUS
100
AcDbLine
 10
5.336700196850394
 20
-4.7742511023622045
 30
0
 11
5.338305866141733
 21
-4.7720410629921259
 31
0
  0
LINE
  5
B7D
330
1B
100
AcDbEntity
  8
B.Cu
  6
CONTINUOUS
100
AcDbLine
 10
5.338305866141733
 20
-4.7720410629921259
 30
0
 11
5.341801299212599
 21
-4.7672299606299209
 31
0
  0
LINE
  5
B7E
330
1B
100
AcDbEntity
  8
B.Cu
  6
CONTINUOUS
100
AcDbLine
 10
5.341801299212599
 20
-4.7672299606299209
 30
0
 11
5.341801456692914
 21
-4.7672297637795271
 31
0
  0
LINE
  5
B7F
330
1B
100
AcDbEntity
  8
B.Cu
  6
CONTINUOUS
100
AcDbLine
 10
5.341801456692914
 20
-4.7672297637795271
 30
0
 11
5.34793846456693
 21
-4.7610927559055121
 31
0
  0
LINE
  5
B80
330
1B
100
AcDbEntity
  8
B.Cu
  6
CONTINUOUS
100
AcDbLine
 10
5.34793846456693
 20
-4.7610927559055121
 30
0
 11
5.347938661417324
 21
-4.7610925984251971
 31
0
  0
LINE
  5
B81
330
1B
100
AcDbEntity
  8
B.Cu
  6
CONTINUOUS
100
AcDbLine
 10
5.347938661417324
 20
-4.7610925984251971
 30
0
 11
5.354959645669291
 21
-4.7559916141732286
 31
0
  0
LINE
  5
B82
330
1B
100
AcDbEntity
  8
B.Cu
  6
CONTINUOUS
100
AcDbLine
 10
5.354959645669291
 20
-4.7559916141732286
 30
0
 11
5.35495968503937
 21
-4.7559915748031498
 31
0
  0
LINE
  5
B83
330
1B
100
AcDbEntity
  8
B.Cu
  6
CONTINUOUS
100
AcDbLine
 10
5.35495968503937
 20
-4.7559915748031498
 30
0
 11
5.354959763779528
 21
-4.7559915354330711
 31
0
  0
LINE
  5
B84
330
1B
100
AcDbEntity
  8
B.Cu
  6
CONTINUOUS
100
AcDbLine
 10
5.354959763779528
 20
-4.7559915354330711
 30
0
 11
5.358953307086614
 21
-4.7539566929133859
 31
0
  0
LINE
  5
B85
330
1B
100
AcDbEntity
  8
B.Cu
  6
CONTINUOUS
100
AcDbLine
 10
5.358953307086614
 20
-4.7539566929133859
 30
0
 11
5.362692677165355
 21
-4.7520513385826773
 31
0
  0
LINE
  5
B86
330
1B
100
AcDbEntity
  8
B.Cu
  6
CONTINUOUS
100
AcDbLine
 10
5.362692677165355
 20
-4.7520513385826773
 30
0
 11
5.362692795275591
 21
-4.7520512992125985
 31
0
  0
LINE
  5
B87
330
1B
100
AcDbEntity
  8
B.Cu
  6
CONTINUOUS
100
AcDbLine
 10
5.362692795275591
 20
-4.7520512992125985
 30
0
 11
5.370946771653544
 21
-4.7493694881889761
 31
0
  0
LINE
  5
B88
330
1B
100
AcDbEntity
  8
B.Cu
  6
CONTINUOUS
100
AcDbLine
 10
5.370946771653544
 20
-4.7493694881889761
 30
0
 11
5.3752328346456695
 21
-4.7486906299212599
 31
0
  0
LINE
  5
B89
330
1B
100
AcDbEntity
  8
B.Cu
  6
CONTINUOUS
100
AcDbLine
 10
5.3752328346456695
 20
-4.7486906299212599
 30
0
 11
5.379518818897639
 21
-4.7480118110236216
 31
0
  0
LINE
  5
B8A
330
1B
100
AcDbEntity
  8
B.Cu
  6
CONTINUOUS
100
AcDbLine
 10
5.379518818897639
 20
-4.7480118110236216
 30
0
 11
5.388197716535434
 21
-4.7480118110236216
 31
0
  0
LINE
  5
B8B
330
1B
100
AcDbEntity
  8
B.Cu
  6
CONTINUOUS
100
AcDbLine
 10
5.388197716535434
 20
-4.7480118110236216
 30
0
 11
5.391055078740158
 21
-4.7484643700787403
 31
0
  0
LINE
  5
B8C
330
1B
100
AcDbEntity
  8
B.Cu
  6
CONTINUOUS
100
AcDbLine
 10
5.391055078740158
 20
-4.7484643700787403
 30
0
 11
5.396769803149607
 21
-4.7493694881889761
 31
0
  0
LINE
  5
B8D
330
1B
100
AcDbEntity
  8
B.Cu
  6
CONTINUOUS
100
AcDbLine
 10
5.396769803149607
 20
-4.7493694881889761
 30
0
 11
5.40502377952756
 21
-4.7520512992125985
 31
0
  0
LINE
  5
B8E
330
1B
100
AcDbEntity
  8
B.Cu
  6
CONTINUOUS
100
AcDbLine
 10
5.40502377952756
 20
-4.7520512992125985
 30
0
 11
5.405023897637796
 21
-4.7520513385826773
 31
0
  0
LINE
  5
B8F
330
1B
100
AcDbEntity
  8
B.Cu
  6
CONTINUOUS
100
AcDbLine
 10
5.405023897637796
 20
-4.7520513385826773
 30
0
 11
5.412756929133859
 21
-4.7559916141732286
 31
0
  0
LINE
  5
B90
330
1B
100
AcDbEntity
  8
B.Cu
  6
CONTINUOUS
100
AcDbLine
 10
5.412756929133859
 20
-4.7559916141732286
 30
0
 11
5.419777913385827
 21
-4.7610925984251971
 31
0
  0
LINE
  5
B91
330
1B
100
AcDbEntity
  8
B.Cu
  6
CONTINUOUS
100
AcDbLine
 10
5.419777913385827
 20
-4.7610925984251971
 30
0
 11
5.419778110236221
 21
-4.7610927559055121
 31
0
  0
LINE
  5
B92
330
1B
100
AcDbEntity
  8
B.Cu
  6
CONTINUOUS
100
AcDbLine
 10
5.419778110236221
 20
-4.7610927559055121
 30
0
 11
5.4259150393700795
 21
-4.7672296850393696
 31
0
  0
LINE
  5
B93
330
1B
100
AcDbEntity
  8
B.Cu
  6
CONTINUOUS
100
AcDbLine
 10
5.4259150393700795
 20
-4.7672296850393696
 30
0
 11
5.427834763779528
 21
-4.769871929133858
 31
0
  0
LINE
  5
B94
330
1B
100
AcDbEntity
  8
B.Cu
  6
CONTINUOUS
100
AcDbLine
 10
5.427834763779528
 20
-4.769871929133858
 30
0
 11
5.430513188976378
 21
-4.7735585039370081
 31
0
  0
LINE
  5
B95
330
1B
100
AcDbEntity
  8
B.Cu
  6
CONTINUOUS
100
AcDbLine
 10
5.430513188976378
 20
-4.7735585039370081
 30
0
 11
5.432691417322835
 21
-4.7752382283464563
 31
0
  0
LINE
  5
B96
330
1B
100
AcDbEntity
  8
B.Cu
  6
CONTINUOUS
100
AcDbLine
 10
5.432691417322835
 20
-4.7752382283464563
 30
0
 11
5.434462637795276
 21
-4.7755708661417318
 31
0
  0
LINE
  5
B97
330
1B
100
AcDbEntity
  8
B.Cu
  6
CONTINUOUS
100
AcDbLine
 10
5.434462637795276
 20
-4.7755708661417318
 30
0
 11
5.589159409448819
 21
-4.7755708661417318
 31
0
  0
LINE
  5
B98
330
1B
100
AcDbEntity
  8
B.Cu
  6
CONTINUOUS
100
AcDbLine
 10
5.589159409448819
 20
-4.7755708661417318
 30
0
 11
5.591798740157481
 21
-4.7747958661417318
 31
0
  0
LINE
  5
B99
330
1B
100
AcDbEntity
  8
B.Cu
  6
CONTINUOUS
100
AcDbLine
 10
5.591798740157481
 20
-4.7747958661417318
 30
0
 11
5.593108858267717
 21
-4.7735585826771656
 31
0
  0
LINE
  5
B9A
330
1B
100
AcDbEntity
  8
B.Cu
  6
CONTINUOUS
100
AcDbLine
 10
5.593108858267717
 20
-4.7735585826771656
 30
0
 11
5.597707007874016
 21
-4.7672297244094484
 31
0
  0
LINE
  5
B9B
330
1B
100
AcDbEntity
  8
B.Cu
  6
CONTINUOUS
100
AcDbLine
 10
5.597707007874016
 20
-4.7672297244094484
 30
0
 11
5.603843897637796
 21
-4.7610928346456696
 31
0
  0
LINE
  5
B9C
330
1B
100
AcDbEntity
  8
B.Cu
  6
CONTINUOUS
100
AcDbLine
 10
5.603843897637796
 20
-4.7610928346456696
 30
0
 11
5.603843976377953
 21
-4.7610927559055121
 31
0
  0
LINE
  5
B9D
330
1B
100
AcDbEntity
  8
B.Cu
  6
CONTINUOUS
100
AcDbLine
 10
5.603843976377953
 20
-4.7610927559055121
 30
0
 11
5.603844173228347
 21
-4.7610925984251971
 31
0
  0
LINE
  5
B9E
330
1B
100
AcDbEntity
  8
B.Cu
  6
CONTINUOUS
100
AcDbLine
 10
5.603844173228347
 20
-4.7610925984251971
 30
0
 11
5.6108651574803154
 21
-4.7559916141732286
 31
0
  0
LINE
  5
B9F
330
1B
100
AcDbEntity
  8
B.Cu
  6
CONTINUOUS
100
AcDbLine
 10
5.6108651574803154
 20
-4.7559916141732286
 30
0
 11
5.610865196850394
 21
-4.7559915748031498
 31
0
  0
LINE
  5
BA0
330
1B
100
AcDbEntity
  8
B.Cu
  6
CONTINUOUS
100
AcDbLine
 10
5.610865196850394
 20
-4.7559915748031498
 30
0
 11
5.610865275590552
 21
-4.7559915354330711
 31
0
  0
LINE
  5
BA1
330
1B
100
AcDbEntity
  8
B.Cu
  6
CONTINUOUS
100
AcDbLine
 10
5.610865275590552
 20
-4.7559915354330711
 30
0
 11
5.6148588188976385
 21
-4.7539566929133859
 31
0
  0
LINE
  5
BA2
330
1B
100
AcDbEntity
  8
B.Cu
  6
CONTINUOUS
100
AcDbLine
 10
5.6148588188976385
 20
-4.7539566929133859
 30
0
 11
5.618598188976378
 21
-4.7520513385826773
 31
0
  0
LINE
  5
BA3
330
1B
100
AcDbEntity
  8
B.Cu
  6
CONTINUOUS
100
AcDbLine
 10
5.618598188976378
 20
-4.7520513385826773
 30
0
 11
5.618598307086614
 21
-4.7520512992125985
 31
0
  0
LINE
  5
BA4
330
1B
100
AcDbEntity
  8
B.Cu
  6
CONTINUOUS
100
AcDbLine
 10
5.618598307086614
 20
-4.7520512992125985
 30
0
 11
5.626852283464568
 21
-4.7493694881889761
 31
0
  0
LINE
  5
BA5
330
1B
100
AcDbEntity
  8
B.Cu
  6
CONTINUOUS
100
AcDbLine
 10
5.626852283464568
 20
-4.7493694881889761
 30
0
 11
5.6311383464566935
 21
-4.7486906299212599
 31
0
  0
LINE
  5
BA6
330
1B
100
AcDbEntity
  8
B.Cu
  6
CONTINUOUS
100
AcDbLine
 10
5.6311383464566935
 20
-4.7486906299212599
 30
0
 11
5.635424330708662
 21
-4.7480118110236216
 31
0
  0
LINE
  5
BA7
330
1B
100
AcDbEntity
  8
B.Cu
  6
CONTINUOUS
100
AcDbLine
 10
5.635424330708662
 20
-4.7480118110236216
 30
0
 11
5.644103228346458
 21
-4.7480118110236216
 31
0
  0
LINE
  5
BA8
330
1B
100
AcDbEntity
  8
B.Cu
  6
CONTINUOUS
100
AcDbLine
 10
5.644103228346458
 20
-4.7480118110236216
 30
0
 11
5.647445787401575
 21
-4.7485411811023619
 31
0
  0
LINE
  5
BA9
330
1B
100
AcDbEntity
  8
B.Cu
  6
CONTINUOUS
100
AcDbLine
 10
5.647445787401575
 20
-4.7485411811023619
 30
0
 11
5.651829645669292
 21
-4.7492355511811022
 31
0
  0
LINE
  5
BAA
330
1B
100
AcDbEntity
  8
B.Cu
  6
CONTINUOUS
100
AcDbLine
 10
5.651829645669292
 20
-4.7492355511811022
 30
0
 11
5.654557755905512
 21
-4.7488829921259841
 31
0
  0
LINE
  5
BAB
330
1B
100
AcDbEntity
  8
B.Cu
  6
CONTINUOUS
100
AcDbLine
 10
5.654557755905512
 20
-4.7488829921259841
 30
0
 11
5.656045354330709
 21
-4.7478657874015751
 31
0
  0
LINE
  5
BAC
330
1B
100
AcDbEntity
  8
B.Cu
  6
CONTINUOUS
100
AcDbLine
 10
5.656045354330709
 20
-4.7478657874015751
 30
0
 11
5.726503188976379
 21
-4.6774079527559058
 31
0
  0
LINE
  5
BAD
330
1B
100
AcDbEntity
  8
B.Cu
  6
CONTINUOUS
100
AcDbLine
 10
5.726503188976379
 20
-4.6774079527559058
 30
0
 11
5.727821496062993
 21
-4.6749936614173224
 31
0
  0
LINE
  5
BAE
330
1B
100
AcDbEntity
  8
B.Cu
  6
CONTINUOUS
100
AcDbLine
 10
5.727821496062993
 20
-4.6749936614173224
 30
0
 11
5.7279330708661425
 21
-4.6739559448818895
 31
0
  0
LINE
  5
BAF
330
1B
100
AcDbEntity
  8
B.Cu
  6
CONTINUOUS
100
AcDbLine
 10
5.7279330708661425
 20
-4.6739559448818895
 30
0
 11
5.7279330708661425
 21
-4.6213364960629919
 31
0
  0
LINE
  5
BB0
330
1B
100
AcDbEntity
  8
B.Cu
  6
CONTINUOUS
100
AcDbLine
 10
5.7279330708661425
 20
-4.6213364960629919
 30
0
 11
5.7279330708661425
 21
-4.4296742913385829
 31
0
  0
LINE
  5
BB1
330
1B
100
AcDbEntity
  8
B.Cu
  6
CONTINUOUS
100
AcDbLine
 10
5.7279330708661425
 20
-4.4296742913385829
 30
0
 11
5.7271580708661425
 21
-4.4270349606299213
 31
0
  0
LINE
  5
BB2
330
1B
100
AcDbEntity
  8
B.Cu
  6
CONTINUOUS
100
AcDbLine
 10
5.7271580708661425
 20
-4.4270349606299213
 30
0
 11
5.725079173228347
 21
-4.4252335826771656
 31
0
  0
LINE
  5
BB3
330
1B
100
AcDbEntity
  8
B.Cu
  6
CONTINUOUS
100
AcDbLine
 10
5.725079173228347
 20
-4.4252335826771656
 30
0
 11
5.722356417322835
 21
-4.4248420866141736
 31
0
  0
LINE
  5
BB4
330
1B
100
AcDbEntity
  8
B.Cu
  6
CONTINUOUS
100
AcDbLine
 10
5.722356417322835
 20
-4.4248420866141736
 30
0
 11
5.719854212598426
 21
-4.4259848031496061
 31
0
  0
LINE
  5
BB5
330
1B
100
AcDbEntity
  8
B.Cu
  6
CONTINUOUS
100
AcDbLine
 10
5.719854212598426
 20
-4.4259848031496061
 30
0
 11
5.719599212598426
 21
-4.4262222440944878
 31
0
  0
LINE
  5
BB6
330
1B
100
AcDbEntity
  8
B.Cu
  6
CONTINUOUS
100
AcDbLine
 10
5.719599212598426
 20
-4.4262222440944878
 30
0
 11
5.6780844881889765
 21
-4.4677370078740157
 31
0
  0
LINE
  5
BB7
330
1B
100
AcDbEntity
  8
B.Cu
  6
CONTINUOUS
100
AcDbLine
 10
5.6780844881889765
 20
-4.4677370078740157
 30
0
 11
5.678084409448819
 21
-4.4677370472440945
 31
0
  0
LINE
  5
BB8
330
1B
100
AcDbEntity
  8
B.Cu
  6
CONTINUOUS
100
AcDbLine
 10
5.678084409448819
 20
-4.4677370472440945
 30
0
 11
5.678084251968504
 21
-4.4677371653543307
 31
0
  0
LINE
  5
BB9
330
1B
100
AcDbEntity
  8
B.Cu
  6
CONTINUOUS
100
AcDbLine
 10
5.678084251968504
 20
-4.4677371653543307
 30
0
 11
5.672693740157481
 21
-4.4708493307086616
 31
0
  0
LINE
  5
BBA
330
1B
100
AcDbEntity
  8
B.Cu
  6
CONTINUOUS
100
AcDbLine
 10
5.672693740157481
 20
-4.4708493307086616
 30
0
 11
5.67269346456693
 21
-4.4708494881889767
 31
0
  0
LINE
  5
BBB
330
1B
100
AcDbEntity
  8
B.Cu
  6
CONTINUOUS
100
AcDbLine
 10
5.67269346456693
 20
-4.4708494881889767
 30
0
 11
5.669155275590551
 21
-4.4717975590551182
 31
0
  0
LINE
  5
BBC
330
1B
100
AcDbEntity
  8
B.Cu
  6
CONTINUOUS
100
AcDbLine
 10
5.669155275590551
 20
-4.4717975590551182
 30
0
 11
5.666966850393702
 21
-4.4730610629921257
 31
0
  0
LINE
  5
BBD
330
1B
100
AcDbEntity
  8
B.Cu
  6
CONTINUOUS
100
AcDbLine
 10
5.666966850393702
 20
-4.4730610629921257
 30
0
 11
5.6501023228346465
 21
-4.4899256299212595
 31
0
  0
LINE
  5
BBE
330
1B
100
AcDbEntity
  8
B.Cu
  6
CONTINUOUS
100
AcDbLine
 10
5.6501023228346465
 20
-4.4899256299212595
 30
0
 11
5.650102283464568
 21
-4.4899256692913383
 31
0
  0
LINE
  5
BBF
330
1B
100
AcDbEntity
  8
B.Cu
  6
CONTINUOUS
100
AcDbLine
 10
5.650102283464568
 20
-4.4899256692913383
 30
0
 11
5.645585039370079
 21
-4.4929439763779531
 31
0
  0
LINE
  5
BC0
330
1B
100
AcDbEntity
  8
B.Cu
  6
CONTINUOUS
100
AcDbLine
 10
5.645585039370079
 20
-4.4929439763779531
 30
0
 11
5.640566338582678
 21
-4.495022755905512
 31
0
  0
LINE
  5
BC1
330
1B
100
AcDbEntity
  8
B.Cu
  6
CONTINUOUS
100
AcDbLine
 10
5.640566338582678
 20
-4.495022755905512
 30
0
 11
5.640566141732284
 21
-4.4950228346456695
 31
0
  0
LINE
  5
BC2
330
1B
100
AcDbEntity
  8
B.Cu
  6
CONTINUOUS
100
AcDbLine
 10
5.640566141732284
 20
-4.4950228346456695
 30
0
 11
5.640565984251969
 21
-4.4950228346456695
 31
0
  0
LINE
  5
BC3
330
1B
100
AcDbEntity
  8
B.Cu
  6
CONTINUOUS
100
AcDbLine
 10
5.640565984251969
 20
-4.4950228346456695
 30
0
 11
5.640565944881891
 21
-4.4950228740157483
 31
0
  0
LINE
  5
BC4
330
1B
100
AcDbEntity
  8
B.Cu
  6
CONTINUOUS
100
AcDbLine
 10
5.640565944881891
 20
-4.4950228740157483
 30
0
 11
5.6352381496063
 21
-4.4960826771653544
 31
0
  0
LINE
  5
BC5
330
1B
100
AcDbEntity
  8
B.Cu
  6
CONTINUOUS
100
AcDbLine
 10
5.6352381496063
 20
-4.4960826771653544
 30
0
 11
5.635238031496064
 21
-4.4960826771653544
 31
0
  0
LINE
  5
BC6
330
1B
100
AcDbEntity
  8
B.Cu
  6
CONTINUOUS
100
AcDbLine
 10
5.635238031496064
 20
-4.4960826771653544
 30
0
 11
5.5090946456692915
 21
-4.4960826771653544
 31
0
  0
LINE
  5
BC7
330
1B
100
AcDbEntity
  8
B.Cu
  6
CONTINUOUS
100
AcDbLine
 10
5.5090946456692915
 20
-4.4960826771653544
 30
0
 11
5.505510236220473
 21
-4.4953696456692915
 31
0
  0
LINE
  5
BC8
330
1B
100
AcDbEntity
  8
B.Cu
  6
CONTINUOUS
100
AcDbLine
 10
5.505510236220473
 20
-4.4953696456692915
 30
0
 11
5.503766614173228
 21
-4.4950228346456695
 31
0
  0
LINE
  5
BC9
330
1B
100
AcDbEntity
  8
B.Cu
  6
CONTINUOUS
100
AcDbLine
 10
5.503766614173228
 20
-4.4950228346456695
 30
0
 11
5.501257125984252
 21
-4.4939833464566927
 31
0
  0
LINE
  5
BCA
330
1B
100
AcDbEntity
  8
B.Cu
  6
CONTINUOUS
100
AcDbLine
 10
5.501257125984252
 20
-4.4939833464566927
 30
0
 11
5.498747755905512
 21
-4.4929439763779531
 31
0
  0
LINE
  5
BCB
330
1B
100
AcDbEntity
  8
B.Cu
  6
CONTINUOUS
100
AcDbLine
 10
5.498747755905512
 20
-4.4929439763779531
 30
0
 11
5.4987477165354335
 21
-4.4929439370078743
 31
0
  0
LINE
  5
BCC
330
1B
100
AcDbEntity
  8
B.Cu
  6
CONTINUOUS
100
AcDbLine
 10
5.4987477165354335
 20
-4.4929439370078743
 30
0
 11
5.498747598425197
 21
-4.4929438976377956
 31
0
  0
LINE
  5
BCD
330
1B
100
AcDbEntity
  8
B.Cu
  6
CONTINUOUS
100
AcDbLine
 10
5.498747598425197
 20
-4.4929438976377956
 30
0
 11
5.494230590551181
 21
-4.4899257480314958
 31
0
  0
LINE
  5
BCE
330
1B
100
AcDbEntity
  8
B.Cu
  6
CONTINUOUS
100
AcDbLine
 10
5.494230590551181
 20
-4.4899257480314958
 30
0
 11
5.391964015748032
 21
-4.3876591732283465
 31
0
  0
LINE
  5
BCF
330
1B
100
AcDbEntity
  8
B.Cu
  6
CONTINUOUS
100
AcDbLine
 10
5.391964015748032
 20
-4.3876591732283465
 30
0
 11
5.388945866141733
 21
-4.3831421653543305
 31
0
  0
LINE
  5
BD0
330
1B
100
AcDbEntity
  8
B.Cu
  6
CONTINUOUS
100
AcDbLine
 10
5.388945866141733
 20
-4.3831421653543305
 30
0
 11
5.386866929133859
 21
-4.3781231496062993
 31
0
  0
LINE
  5
BD1
330
1B
100
AcDbEntity
  8
B.Cu
  6
CONTINUOUS
100
AcDbLine
 10
5.386866929133859
 20
-4.3781231496062993
 30
0
 11
5.385807086614173
 21
-4.3727950393700787
 31
0
  0
LINE
  5
BD2
330
1B
100
AcDbEntity
  8
B.Cu
  6
CONTINUOUS
100
AcDbLine
 10
5.385807086614173
 20
-4.3727950393700787
 30
0
 11
5.385807086614173
 21
-4.3673624409448815
 31
0
  0
LINE
  5
BD3
330
1B
100
AcDbEntity
  8
B.Cu
  6
CONTINUOUS
100
AcDbLine
 10
5.385807086614173
 20
-4.3673624409448815
 30
0
 11
5.385807086614173
 21
-3.3811790157480313
 31
0
  0
LINE
  5
BD4
330
1B
100
AcDbEntity
  8
B.Cu
  6
CONTINUOUS
100
AcDbLine
 10
5.385807086614173
 20
-3.3811790157480313
 30
0
 11
5.385807086614173
 21
-3.127205
 31
0
  0
LINE
  5
BD5
330
1B
100
AcDbEntity
  8
B.Cu
  6
CONTINUOUS
100
AcDbLine
 10
5.385807086614173
 20
-3.127205
 30
0
 11
5.385807086614173
 21
-3.1272048818897638
 31
0
  0
LINE
  5
BD6
330
1B
100
AcDbEntity
  8
B.Cu
  6
CONTINUOUS
100
AcDbLine
 10
5.385807086614173
 20
-3.1272048818897638
 30
0
 11
5.38686688976378
 21
-3.1218770472440944
 31
0
  0
LINE
  5
BD7
330
1B
100
AcDbEntity
  8
B.Cu
  6
CONTINUOUS
100
AcDbLine
 10
5.38686688976378
 20
-3.1218770472440944
 30
0
 11
5.386866929133859
 21
-3.1218770078740157
 31
0
  0
LINE
  5
BD8
330
1B
100
AcDbEntity
  8
B.Cu
  6
CONTINUOUS
100
AcDbLine
 10
5.386866929133859
 20
-3.1218770078740157
 30
0
 11
5.386866929133859
 21
-3.1218768503937007
 31
0
  0
LINE
  5
BD9
330
1B
100
AcDbEntity
  8
B.Cu
  6
CONTINUOUS
100
AcDbLine
 10
5.386866929133859
 20
-3.1218768503937007
 30
0
 11
5.387452086614173
 21
-3.1204641338582677
 31
0
  0
LINE
  5
BDA
330
1B
100
AcDbEntity
  8
B.Cu
  6
CONTINUOUS
100
AcDbLine
 10
5.387452086614173
 20
-3.1204641338582677
 30
0
 11
5.388945748031497
 21
-3.1168580708661415
 31
0
  0
LINE
  5
BDB
330
1B
100
AcDbEntity
  8
B.Cu
  6
CONTINUOUS
100
AcDbLine
 10
5.388945748031497
 20
-3.1168580708661415
 30
0
 11
5.388946023622048
 21
-3.1168575590551182
 31
0
  0
LINE
  5
BDC
330
1B
100
AcDbEntity
  8
B.Cu
  6
CONTINUOUS
100
AcDbLine
 10
5.388946023622048
 20
-3.1168575590551182
 30
0
 11
5.391963976377953
 21
-3.112340905511811
 31
0
  0
LINE
  5
BDD
330
1B
100
AcDbEntity
  8
B.Cu
  6
CONTINUOUS
100
AcDbLine
 10
5.391963976377953
 20
-3.112340905511811
 30
0
 11
5.393835393700788
 21
-3.1104694881889765
 31
0
  0
LINE
  5
BDE
330
1B
100
AcDbEntity
  8
B.Cu
  6
CONTINUOUS
100
AcDbLine
 10
5.393835393700788
 20
-3.1104694881889765
 30
0
 11
5.3958054330708665
 21
-3.1084994488188977
 31
0
  0
LINE
  5
BDF
330
1B
100
AcDbEntity
  8
B.Cu
  6
CONTINUOUS
100
AcDbLine
 10
5.3958054330708665
 20
-3.1084994488188977
 30
0
 11
5.447527125984252
 21
-3.0567777559055118
 31
0
  0
LINE
  5
BE0
330
1B
100
AcDbEntity
  8
B.Cu
  6
CONTINUOUS
100
AcDbLine
 10
5.447527125984252
 20
-3.0567777559055118
 30
0
 11
5.611373425196851
 21
-2.8929313779527557
 31
0
  0
LINE
  5
BE1
330
1B
100
AcDbEntity
  8
B.Cu
  6
CONTINUOUS
100
AcDbLine
 10
5.611373425196851
 20
-2.8929313779527557
 30
0
 11
5.614633622047244
 21
-2.8896711811023623
 31
0
  0
LINE
  5
BE2
330
1B
100
AcDbEntity
  8
B.Cu
  6
CONTINUOUS
100
AcDbLine
 10
5.614633622047244
 20
-2.8896711811023623
 30
0
 11
5.632025787401576
 21
-2.8722790157480316
 31
0
  0
LINE
  5
BE3
330
1B
100
AcDbEntity
  8
B.Cu
  6
CONTINUOUS
100
AcDbLine
 10
5.632025787401576
 20
-2.8722790157480316
 30
0
 11
5.636543031496063
 21
-2.8692607086614172
 31
0
  0
LINE
  5
BE4
330
1B
100
AcDbEntity
  8
B.Cu
  6
CONTINUOUS
100
AcDbLine
 10
5.636543031496063
 20
-2.8692607086614172
 30
0
 11
5.641561732283465
 21
-2.8671819291338583
 31
0
  0
LINE
  5
BE5
330
1B
100
AcDbEntity
  8
B.Cu
  6
CONTINUOUS
100
AcDbLine
 10
5.641561732283465
 20
-2.8671819291338583
 30
0
 11
5.641562125984253
 21
-2.867181811023622
 31
0
  0
LINE
  5
BE6
330
1B
100
AcDbEntity
  8
B.Cu
  6
CONTINUOUS
100
AcDbLine
 10
5.641562125984253
 20
-2.867181811023622
 30
0
 11
5.646889921259843
 21
-2.8661220472440943
 31
0
  0
LINE
  5
BE7
330
1B
100
AcDbEntity
  8
B.Cu
  6
CONTINUOUS
100
AcDbLine
 10
5.646889921259843
 20
-2.8661220472440943
 30
0
 11
5.646890000000001
 21
-2.8661220472440943
 31
0
  0
LINE
  5
BE8
330
1B
100
AcDbEntity
  8
B.Cu
  6
CONTINUOUS
100
AcDbLine
 10
5.646890000000001
 20
-2.8661220472440943
 30
0
 11
5.64689003937008
 21
-2.8661220472440943
 31
0
  0
LINE
  5
BE9
330
1B
100
AcDbEntity
  8
B.Cu
  6
CONTINUOUS
100
AcDbLine
 10
5.64689003937008
 20
-2.8661220472440943
 30
0
 11
5.822480551181103
 21
-2.8661220472440943
 31
0
  0
LINE
  5
BEA
330
1B
100
AcDbEntity
  8
B.Cu
  6
CONTINUOUS
100
AcDbLine
 10
5.822480551181103
 20
-2.8661220472440943
 30
0
 11
5.8279131496062995
 21
-2.8661220472440943
 31
0
  0
LINE
  5
BEB
330
1B
100
AcDbEntity
  8
B.Cu
  6
CONTINUOUS
100
AcDbLine
 10
5.8279131496062995
 20
-2.8661220472440943
 30
0
 11
5.827913228346457
 21
-2.8661220472440943
 31
0
  0
LINE
  5
BEC
330
1B
100
AcDbEntity
  8
B.Cu
  6
CONTINUOUS
100
AcDbLine
 10
5.827913228346457
 20
-2.8661220472440943
 30
0
 11
5.833241062992126
 21
-2.867181811023622
 31
0
  0
LINE
  5
BED
330
1B
100
AcDbEntity
  8
B.Cu
  6
CONTINUOUS
100
AcDbLine
 10
5.833241062992126
 20
-2.867181811023622
 30
0
 11
5.833241456692914
 21
-2.8671819291338583
 31
0
  0
LINE
  5
BEE
330
1B
100
AcDbEntity
  8
B.Cu
  6
CONTINUOUS
100
AcDbLine
 10
5.833241456692914
 20
-2.8671819291338583
 30
0
 11
5.838260157480315
 21
-2.8692607086614172
 31
0
  0
LINE
  5
BEF
330
1B
100
AcDbEntity
  8
B.Cu
  6
CONTINUOUS
100
AcDbLine
 10
5.838260157480315
 20
-2.8692607086614172
 30
0
 11
5.8427774015748035
 21
-2.8722790157480316
 31
0
  0
LINE
  5
BF0
330
1B
100
AcDbEntity
  8
B.Cu
  6
CONTINUOUS
100
AcDbLine
 10
5.8427774015748035
 20
-2.8722790157480316
 30
0
 11
5.889138307086615
 21
-2.9186399212598424
 31
0
  0
LINE
  5
BF1
330
1B
100
AcDbEntity
  8
B.Cu
  6
CONTINUOUS
100
AcDbLine
 10
5.889138307086615
 20
-2.9186399212598424
 30
0
 11
5.892156614173229
 21
-2.9231571653543305
 31
0
  0
LINE
  5
BF2
330
1B
100
AcDbEntity
  8
B.Cu
  6
CONTINUOUS
100
AcDbLine
 10
5.892156614173229
 20
-2.9231571653543305
 30
0
 11
5.894235393700788
 21
-2.9281758661417321
 31
0
  0
LINE
  5
BF3
330
1B
100
AcDbEntity
  8
B.Cu
  6
CONTINUOUS
100
AcDbLine
 10
5.894235393700788
 20
-2.9281758661417321
 30
0
 11
5.894235511811024
 21
-2.9281763385826771
 31
0
  0
LINE
  5
BF4
330
1B
100
AcDbEntity
  8
B.Cu
  6
CONTINUOUS
100
AcDbLine
 10
5.894235511811024
 20
-2.9281763385826771
 30
0
 11
5.895146141732284
 21
-2.9327544488188977
 31
0
  0
LINE
  5
BF5
330
1B
100
AcDbEntity
  8
B.Cu
  6
CONTINUOUS
100
AcDbLine
 10
5.895146141732284
 20
-2.9327544488188977
 30
0
 11
5.895295275590551
 21
-2.9335041732283464
 31
0
  0
LINE
  5
BF6
330
1B
100
AcDbEntity
  8
B.Cu
  6
CONTINUOUS
100
AcDbLine
 10
5.895295275590551
 20
-2.9335041732283464
 30
0
 11
5.895295275590551
 21
-2.9488211811023621
 31
0
  0
LINE
  5
BF7
330
1B
100
AcDbEntity
  8
B.Cu
  6
CONTINUOUS
100
AcDbLine
 10
5.895295275590551
 20
-2.9488211811023621
 30
0
 11
5.896070275590552
 21
-2.9514605118110238
 31
0
  0
LINE
  5
BF8
330
1B
100
AcDbEntity
  8
B.Cu
  6
CONTINUOUS
100
AcDbLine
 10
5.896070275590552
 20
-2.9514605118110238
 30
0
 11
5.897307598425197
 21
-2.9527706692913385
 31
0
  0
LINE
  5
BF9
330
1B
100
AcDbEntity
  8
B.Cu
  6
CONTINUOUS
100
AcDbLine
 10
5.897307598425197
 20
-2.9527706692913385
 30
0
 11
5.899789212598425
 21
-2.9545736614173226
 31
0
  0
LINE
  5
BFA
330
1B
100
AcDbEntity
  8
B.Cu
  6
CONTINUOUS
100
AcDbLine
 10
5.899789212598425
 20
-2.9545736614173226
 30
0
 11
5.905268740157481
 21
-2.9600531889763779
 31
0
  0
LINE
  5
BFB
330
1B
100
AcDbEntity
  8
B.Cu
  6
CONTINUOUS
100
AcDbLine
 10
5.905268740157481
 20
-2.9600531889763779
 30
0
 11
5.905268740157481
 21
-2.9600532283464567
 31
0
  0
LINE
  5
BFC
330
1B
100
AcDbEntity
  8
B.Cu
  6
CONTINUOUS
100
AcDbLine
 10
5.905268740157481
 20
-2.9600532283464567
 30
0
 11
5.905268818897638
 21
-2.9600533070866142
 31
0
  0
LINE
  5
BFD
330
1B
100
AcDbEntity
  8
B.Cu
  6
CONTINUOUS
100
AcDbLine
 10
5.905268818897638
 20
-2.9600533070866142
 30
0
 11
5.907071811023623
 21
-2.9625348818897637
 31
0
  0
LINE
  5
BFE
330
1B
100
AcDbEntity
  8
B.Cu
  6
CONTINUOUS
100
AcDbLine
 10
5.907071811023623
 20
-2.9625348818897637
 30
0
 11
5.909823779527559
 21
-2.9663225984251969
 31
0
  0
LINE
  5
BFF
330
1B
100
AcDbEntity
  8
B.Cu
  6
CONTINUOUS
100
AcDbLine
 10
5.909823779527559
 20
-2.9663225984251969
 30
0
 11
5.913366732283465
 21
-2.9732761023622047
 31
0
  0
LINE
  5
C00
330
1B
100
AcDbEntity
  8
B.Cu
  6
CONTINUOUS
100
AcDbLine
 10
5.913366732283465
 20
-2.9732761023622047
 30
0
 11
5.915255472440945
 21
-2.9752759448818895
 31
0
  0
LINE
  5
C01
330
1B
100
AcDbEntity
  8
B.Cu
  6
CONTINUOUS
100
AcDbLine
 10
5.915255472440945
 20
-2.9752759448818895
 30
0
 11
5.917925590551182
 21
-2.9759371653543307
 31
0
  0
LINE
  5
C02
330
1B
100
AcDbEntity
  8
B.Cu
  6
CONTINUOUS
100
AcDbLine
 10
5.917925590551182
 20
-2.9759371653543307
 30
0
 11
5.9205293307086615
 21
-2.9750498818897637
 31
0
  0
LINE
  5
C03
330
1B
100
AcDbEntity
  8
B.Cu
  6
CONTINUOUS
100
AcDbLine
 10
5.9205293307086615
 20
-2.9750498818897637
 30
0
 11
5.9220663385826775
 21
-2.9732761023622047
 31
0
  0
LINE
  5
C04
330
1B
100
AcDbEntity
  8
B.Cu
  6
CONTINUOUS
100
AcDbLine
 10
5.9220663385826775
 20
-2.9732761023622047
 30
0
 11
5.923376811023623
 21
-2.9707041732283463
 31
0
  0
LINE
  5
C05
330
1B
100
AcDbEntity
  8
B.Cu
  6
CONTINUOUS
100
AcDbLine
 10
5.923376811023623
 20
-2.9707041732283463
 30
0
 11
5.925609291338583
 21
-2.9663226377952756
 31
0
  0
LINE
  5
C06
330
1B
100
AcDbEntity
  8
B.Cu
  6
CONTINUOUS
100
AcDbLine
 10
5.925609291338583
 20
-2.9663226377952756
 30
0
 11
5.930164251968504
 21
-2.9600533070866142
 31
0
  0
LINE
  5
C07
330
1B
100
AcDbEntity
  8
B.Cu
  6
CONTINUOUS
100
AcDbLine
 10
5.930164251968504
 20
-2.9600533070866142
 30
0
 11
5.935643858267717
 21
-2.9545737007874013
 31
0
  0
LINE
  5
C08
330
1B
100
AcDbEntity
  8
B.Cu
  6
CONTINUOUS
100
AcDbLine
 10
5.935643858267717
 20
-2.9545737007874013
 30
0
 11
5.938125472440945
 21
-2.9527706692913385
 31
0
  0
LINE
  5
C09
330
1B
100
AcDbEntity
  8
B.Cu
  6
CONTINUOUS
100
AcDbLine
 10
5.938125472440945
 20
-2.9527706692913385
 30
0
 11
5.939805196850394
 21
-2.9505923228346456
 31
0
  0
LINE
  5
C0A
330
1B
100
AcDbEntity
  8
B.Cu
  6
CONTINUOUS
100
AcDbLine
 10
5.939805196850394
 20
-2.9505923228346456
 30
0
 11
5.940137795275591
 21
-2.9488211811023621
 31
0
  0
LINE
  5
C0B
330
1B
100
AcDbEntity
  8
B.Cu
  6
CONTINUOUS
100
AcDbLine
 10
5.940137795275591
 20
-2.9488211811023621
 30
0
 11
5.940137795275591
 21
-2.9272048818897636
 31
0
  0
LINE
  5
C0C
330
1B
100
AcDbEntity
  8
B.Cu
  6
CONTINUOUS
100
AcDbLine
 10
5.940137795275591
 20
-2.9272048818897636
 30
0
 11
5.941197598425197
 21
-2.9218770472440942
 31
0
  0
LINE
  5
C0D
330
1B
100
AcDbEntity
  8
B.Cu
  6
CONTINUOUS
100
AcDbLine
 10
5.941197598425197
 20
-2.9218770472440942
 30
0
 11
5.941197637795276
 21
-2.9218770078740155
 31
0
  0
LINE
  5
C0E
330
1B
100
AcDbEntity
  8
B.Cu
  6
CONTINUOUS
100
AcDbLine
 10
5.941197637795276
 20
-2.9218770078740155
 30
0
 11
5.941197637795276
 21
-2.9218768503937009
 31
0
  0
LINE
  5
C0F
330
1B
100
AcDbEntity
  8
B.Cu
  6
CONTINUOUS
100
AcDbLine
 10
5.941197637795276
 20
-2.9218768503937009
 30
0
 11
5.9411977165354335
 21
-2.9218766535433072
 31
0
  0
LINE
  5
C10
330
1B
100
AcDbEntity
  8
B.Cu
  6
CONTINUOUS
100
AcDbLine
 10
5.9411977165354335
 20
-2.9218766535433072
 30
0
 11
5.943276456692914
 21
-2.9168580708661418
 31
0
  0
LINE
  5
C11
330
1B
100
AcDbEntity
  8
B.Cu
  6
CONTINUOUS
100
AcDbLine
 10
5.943276456692914
 20
-2.9168580708661418
 30
0
 11
5.943276732283465
 21
-2.916857559055118
 31
0
  0
LINE
  5
C12
330
1B
100
AcDbEntity
  8
B.Cu
  6
CONTINUOUS
100
AcDbLine
 10
5.943276732283465
 20
-2.916857559055118
 30
0
 11
5.946294685039371
 21
-2.9123409055118108
 31
0
  0
LINE
  5
C13
330
1B
100
AcDbEntity
  8
B.Cu
  6
CONTINUOUS
100
AcDbLine
 10
5.946294685039371
 20
-2.9123409055118108
 30
0
 11
5.94629472440945
 21
-2.912340866141732
 31
0
  0
LINE
  5
C14
330
1B
100
AcDbEntity
  8
B.Cu
  6
CONTINUOUS
100
AcDbLine
 10
5.94629472440945
 20
-2.912340866141732
 30
0
 11
5.950136141732284
 21
-2.9084994488188975
 31
0
  0
LINE
  5
C15
330
1B
100
AcDbEntity
  8
B.Cu
  6
CONTINUOUS
100
AcDbLine
 10
5.950136141732284
 20
-2.9084994488188975
 30
0
 11
5.952945275590552
 21
-2.9056903149606299
 31
0
  0
LINE
  5
C16
330
1B
100
AcDbEntity
  8
B.Cu
  6
CONTINUOUS
100
AcDbLine
 10
5.952945275590552
 20
-2.9056903149606299
 30
0
 11
5.9863564566929135
 21
-2.8722790551181103
 31
0
  0
LINE
  5
C17
330
1B
100
AcDbEntity
  8
B.Cu
  6
CONTINUOUS
100
AcDbLine
 10
5.9863564566929135
 20
-2.8722790551181103
 30
0
 11
5.986356496062992
 21
-2.8722790157480316
 31
0
  0
LINE
  5
C18
330
1B
100
AcDbEntity
  8
B.Cu
  6
CONTINUOUS
100
AcDbLine
 10
5.986356496062992
 20
-2.8722790157480316
 30
0
 11
5.990873740157481
 21
-2.8692607086614172
 31
0
  0
LINE
  5
C19
330
1B
100
AcDbEntity
  8
B.Cu
  6
CONTINUOUS
100
AcDbLine
 10
5.990873740157481
 20
-2.8692607086614172
 30
0
 11
5.995892440944882
 21
-2.8671819291338583
 31
0
  0
LINE
  5
C1A
330
1B
100
AcDbEntity
  8
B.Cu
  6
CONTINUOUS
100
AcDbLine
 10
5.995892440944882
 20
-2.8671819291338583
 30
0
 11
5.9958928346456695
 21
-2.867181811023622
 31
0
  0
LINE
  5
C1B
330
1B
100
AcDbEntity
  8
B.Cu
  6
CONTINUOUS
100
AcDbLine
 10
5.9958928346456695
 20
-2.867181811023622
 30
0
 11
6.00122062992126
 21
-2.8661220472440943
 31
0
  0
LINE
  5
C1C
330
1B
100
AcDbEntity
  8
B.Cu
  6
CONTINUOUS
100
AcDbLine
 10
6.00122062992126
 20
-2.8661220472440943
 30
0
 11
6.0012207086614175
 21
-2.8661220472440943
 31
0
  0
LINE
  5
C1D
330
1B
100
AcDbEntity
  8
B.Cu
  6
CONTINUOUS
100
AcDbLine
 10
6.0012207086614175
 20
-2.8661220472440943
 30
0
 11
6.001220748031496
 21
-2.8661220472440943
 31
0
  0
LINE
  5
C1E
330
1B
100
AcDbEntity
  8
B.Cu
  6
CONTINUOUS
100
AcDbLine
 10
6.001220748031496
 20
-2.8661220472440943
 30
0
 11
6.301928858267717
 21
-2.8661220472440943
 31
0
  0
LINE
  5
C1F
330
1B
100
AcDbEntity
  8
B.Cu
  6
CONTINUOUS
100
AcDbLine
 10
6.301928858267717
 20
-2.8661220472440943
 30
0
 11
6.301929015748032
 21
-2.8661220472440943
 31
0
  0
LINE
  5
C20
330
1B
100
AcDbEntity
  8
B.Cu
  6
CONTINUOUS
100
AcDbLine
 10
6.301929015748032
 20
-2.8661220472440943
 30
0
 11
6.306197244094489
 21
-2.8669710629921261
 31
0
  0
LINE
  5
C21
330
1B
100
AcDbEntity
  8
B.Cu
  6
CONTINUOUS
100
AcDbLine
 10
6.306197244094489
 20
-2.8669710629921261
 30
0
 11
6.306197283464567
 21
-2.8669710629921261
 31
0
  0
LINE
  5
C22
330
1B
100
AcDbEntity
  8
B.Cu
  6
CONTINUOUS
100
AcDbLine
 10
6.306197283464567
 20
-2.8669710629921261
 30
0
 11
6.306727125984253
 21
-2.8670764566929132
 31
0
  0
LINE
  5
C23
330
1B
100
AcDbEntity
  8
B.Cu
  6
CONTINUOUS
100
AcDbLine
 10
6.306727125984253
 20
-2.8670764566929132
 30
0
 11
6.307256968503937
 21
-2.8671818503937008
 31
0
  0
LINE
  5
C24
330
1B
100
AcDbEntity
  8
B.Cu
  6
CONTINUOUS
100
AcDbLine
 10
6.307256968503937
 20
-2.8671818503937008
 30
0
 11
6.309335984251969
 21
-2.8680429527559053
 31
0
  0
LINE
  5
C25
330
1B
100
AcDbEntity
  8
B.Cu
  6
CONTINUOUS
100
AcDbLine
 10
6.309335984251969
 20
-2.8680429527559053
 30
0
 11
6.309335984251969
 21
-2.868042992125984
 31
0
  0
LINE
  5
C26
330
1B
100
AcDbEntity
  8
B.Cu
  6
CONTINUOUS
100
AcDbLine
 10
6.309335984251969
 20
-2.868042992125984
 30
0
 11
6.311190000000001
 21
-2.8688109448818895
 31
0
  0
LINE
  5
C27
330
1B
100
AcDbEntity
  8
B.Cu
  6
CONTINUOUS
100
AcDbLine
 10
6.311190000000001
 20
-2.8688109448818895
 30
0
 11
6.312276141732284
 21
-2.8692608661417323
 31
0
  0
LINE
  5
C28
330
1B
100
AcDbEntity
  8
B.Cu
  6
CONTINUOUS
100
AcDbLine
 10
6.312276141732284
 20
-2.8692608661417323
 30
0
 11
6.312675826771654
 21
-2.8695279527559054
 31
0
  0
LINE
  5
C29
330
1B
100
AcDbEntity
  8
B.Cu
  6
CONTINUOUS
100
AcDbLine
 10
6.312675826771654
 20
-2.8695279527559054
 30
0
 11
6.312680196850394
 21
-2.8695308661417323
 31
0
  0
LINE
  5
C2A
330
1B
100
AcDbEntity
  8
B.Cu
  6
CONTINUOUS
100
AcDbLine
 10
6.312680196850394
 20
-2.8695308661417323
 30
0
 11
6.316793031496063
 21
-2.8722789763779528
 31
0
  0
LINE
  5
C2B
330
1B
100
AcDbEntity
  8
B.Cu
  6
CONTINUOUS
100
AcDbLine
 10
6.316793031496063
 20
-2.8722789763779528
 30
0
 11
6.316793188976378
 21
-2.8722790944881891
 31
0
  0
LINE
  5
C2C
330
1B
100
AcDbEntity
  8
B.Cu
  6
CONTINUOUS
100
AcDbLine
 10
6.316793188976378
 20
-2.8722790944881891
 30
0
 11
6.556854724409449
 21
-3.112340590551181
 31
0
  0
LINE
  5
C2D
330
1B
100
AcDbEntity
  8
B.Cu
  6
CONTINUOUS
100
AcDbLine
 10
6.556854724409449
 20
-3.112340590551181
 30
0
 11
6.5568548425196855
 21
-3.1123407086614172
 31
0
  0
LINE
  5
C2E
330
1B
100
AcDbEntity
  8
B.Cu
  6
CONTINUOUS
100
AcDbLine
 10
6.5568548425196855
 20
-3.1123407086614172
 30
0
 11
6.559120354330709
 21
-3.115731377952756
 31
0
  0
LINE
  5
C2F
330
1B
100
AcDbEntity
  8
B.Cu
  6
CONTINUOUS
100
AcDbLine
 10
6.559120354330709
 20
-3.115731377952756
 30
0
 11
6.559120393700788
 21
-3.1157314173228348
 31
0
  0
LINE
  5
C30
330
1B
100
AcDbEntity
  8
B.Cu
  6
CONTINUOUS
100
AcDbLine
 10
6.559120393700788
 20
-3.1157314173228348
 30
0
 11
6.559872874015748
 21
-3.1168575196850394
 31
0
  0
LINE
  5
C31
330
1B
100
AcDbEntity
  8
B.Cu
  6
CONTINUOUS
100
AcDbLine
 10
6.559872874015748
 20
-3.1168575196850394
 30
0
 11
6.559873188976378
 21
-3.1168580708661415
 31
0
  0
LINE
  5
C32
330
1B
100
AcDbEntity
  8
B.Cu
  6
CONTINUOUS
100
AcDbLine
 10
6.559873188976378
 20
-3.1168580708661415
 30
0
 11
6.561951929133858
 21
-3.1218766535433069
 31
0
  0
LINE
  5
C33
330
1B
100
AcDbEntity
  8
B.Cu
  6
CONTINUOUS
100
AcDbLine
 10
6.561951929133858
 20
-3.1218766535433069
 30
0
 11
6.561952047244095
 21
-3.1218770472440944
 31
0
  0
LINE
  5
C34
330
1B
100
AcDbEntity
  8
B.Cu
  6
CONTINUOUS
100
AcDbLine
 10
6.561952047244095
 20
-3.1218770472440944
 30
0
 11
6.563011811023623
 21
-3.1272048818897638
 31
0
  0
LINE
  5
C35
330
1B
100
AcDbEntity
  8
B.Cu
  6
CONTINUOUS
100
AcDbLine
 10
6.563011811023623
 20
-3.1272048818897638
 30
0
 11
6.563011811023623
 21
-3.127205
 31
0
  0
LINE
  5
C36
330
1B
100
AcDbEntity
  8
B.Cu
  6
CONTINUOUS
100
AcDbLine
 10
6.563011811023623
 20
-3.127205
 30
0
 11
6.563011811023623
 21
-3.3240553543307088
 31
0
  0
LINE
  5
C37
330
1B
100
AcDbEntity
  8
B.Cu
  6
CONTINUOUS
100
AcDbLine
 10
6.563011811023623
 20
-3.3240553543307088
 30
0
 11
6.563011811023623
 21
-3.3294879527559056
 31
0
  0
LINE
  5
C38
330
1B
100
AcDbEntity
  8
B.Cu
  6
CONTINUOUS
100
AcDbLine
 10
6.563011811023623
 20
-3.3294879527559056
 30
0
 11
6.563011811023623
 21
-3.3294880314960631
 31
0
  0
LINE
  5
C39
330
1B
100
AcDbEntity
  8
B.Cu
  6
CONTINUOUS
100
AcDbLine
 10
6.563011811023623
 20
-3.3294880314960631
 30
0
 11
6.563011850393702
 21
-3.3294880314960631
 31
0
  0
LINE
  5
C3A
330
1B
100
AcDbEntity
  8
B.Cu
  6
CONTINUOUS
100
AcDbLine
 10
6.563011850393702
 20
-3.3294880314960631
 30
0
 11
6.561952047244095
 21
-3.3348158267716537
 31
0
  0
LINE
  5
C3B
330
1B
100
AcDbEntity
  8
B.Cu
  6
CONTINUOUS
100
AcDbLine
 10
6.511830708661418
 20
-4.7453353149606299
 30
0
 11
6.511593700787402
 21
-4.7468316141732281
 31
0
  0
LINE
  5
C3C
330
1B
100
AcDbEntity
  8
B.Cu
  6
CONTINUOUS
100
AcDbLine
 10
6.511593700787402
 20
-4.7468316141732281
 30
0
 11
6.511245905511811
 21
-4.7490277165354327
 31
0
  0
LINE
  5
C3D
330
1B
100
AcDbEntity
  8
B.Cu
  6
CONTINUOUS
100
AcDbLine
 10
6.511245905511811
 20
-4.7490277165354327
 30
0
 11
6.5089783464566935
 21
-4.753478031496063
 31
0
  0
LINE
  5
C3E
330
1B
100
AcDbEntity
  8
B.Cu
  6
CONTINUOUS
100
AcDbLine
 10
6.5089783464566935
 20
-4.753478031496063
 30
0
 11
6.508978267716536
 21
-4.7534781102362205
 31
0
  0
LINE
  5
C3F
330
1B
100
AcDbEntity
  8
B.Cu
  6
CONTINUOUS
100
AcDbLine
 10
6.508978267716536
 20
-4.7534781102362205
 30
0
 11
6.5089781889763785
 21
-4.7534782283464567
 31
0
  0
LINE
  5
C40
330
1B
100
AcDbEntity
  8
B.Cu
  6
CONTINUOUS
100
AcDbLine
 10
6.5089781889763785
 20
-4.7534782283464567
 30
0
 11
6.505446771653544
 21
-4.7570096456692914
 31
0
  0
LINE
  5
C41
330
1B
100
AcDbEntity
  8
B.Cu
  6
CONTINUOUS
100
AcDbLine
 10
6.505446771653544
 20
-4.7570096456692914
 30
0
 11
6.505446692913386
 21
-4.7570096850393702
 31
0
  0
LINE
  5
C42
330
1B
100
AcDbEntity
  8
B.Cu
  6
CONTINUOUS
100
AcDbLine
 10
6.505446692913386
 20
-4.7570096850393702
 30
0
 11
6.505446535433071
 21
-4.7570098425196852
 31
0
  0
LINE
  5
C43
330
1B
100
AcDbEntity
  8
B.Cu
  6
CONTINUOUS
100
AcDbLine
 10
6.505446535433071
 20
-4.7570098425196852
 30
0
 11
6.5009962992125985
 21
-4.759277362204724
 31
0
  0
LINE
  5
C44
330
1B
100
AcDbEntity
  8
B.Cu
  6
CONTINUOUS
100
AcDbLine
 10
6.5009962992125985
 20
-4.759277362204724
 30
0
 11
6.500996141732284
 21
-4.7592774409448815
 31
0
  0
LINE
  5
C45
330
1B
100
AcDbEntity
  8
B.Cu
  6
CONTINUOUS
100
AcDbLine
 10
6.500996141732284
 20
-4.7592774409448815
 30
0
 11
6.497304133858268
 21
-4.7598621653543303
 31
0
  0
LINE
  5
C46
330
1B
100
AcDbEntity
  8
B.Cu
  6
CONTINUOUS
100
AcDbLine
 10
6.497304133858268
 20
-4.7598621653543303
 30
0
 11
6.497303897637796
 21
-4.759862204724409
 31
0
  0
LINE
  5
C47
330
1B
100
AcDbEntity
  8
B.Cu
  6
CONTINUOUS
100
AcDbLine
 10
6.497303897637796
 20
-4.759862204724409
 30
0
 11
6.489153543307087
 21
-4.7598621653543303
 31
0
  0
LINE
  5
C48
330
1B
100
AcDbEntity
  8
B.Cu
  6
CONTINUOUS
100
AcDbLine
 10
6.489153543307087
 20
-4.7598621653543303
 30
0
 11
6.486514212598426
 21
-4.7606371259842515
 31
0
  0
LINE
  5
C49
330
1B
100
AcDbEntity
  8
B.Cu
  6
CONTINUOUS
100
AcDbLine
 10
6.486514212598426
 20
-4.7606371259842515
 30
0
 11
6.48471283464567
 21
-4.7627160236220467
 31
0
  0
LINE
  5
C4A
330
1B
100
AcDbEntity
  8
B.Cu
  6
CONTINUOUS
100
AcDbLine
 10
6.48471283464567
 20
-4.7627160236220467
 30
0
 11
6.484271653543307
 21
-4.7647440551181104
 31
0
  0
LINE
  5
C4B
330
1B
100
AcDbEntity
  8
B.Cu
  6
CONTINUOUS
100
AcDbLine
 10
6.484271653543307
 20
-4.7647440551181104
 30
0
 11
6.484271653543307
 21
-4.7807482677165352
 31
0
  0
LINE
  5
C4C
330
1B
100
AcDbEntity
  8
B.Cu
  6
CONTINUOUS
100
AcDbLine
 10
6.484271653543307
 20
-4.7807482677165352
 30
0
 11
6.484271653543307
 21
-4.7861808661417324
 31
0
  0
LINE
  5
C4D
330
1B
100
AcDbEntity
  8
B.Cu
  6
CONTINUOUS
100
AcDbLine
 10
6.484271653543307
 20
-4.7861808661417324
 30
0
 11
6.484271653543307
 21
-4.7861809448818899
 31
0
  0
LINE
  5
C4E
330
1B
100
AcDbEntity
  8
B.Cu
  6
CONTINUOUS
100
AcDbLine
 10
6.484271653543307
 20
-4.7861809448818899
 30
0
 11
6.484271692913386
 21
-4.7861809448818899
 31
0
  0
LINE
  5
C4F
330
1B
100
AcDbEntity
  8
B.Cu
  6
CONTINUOUS
100
AcDbLine
 10
6.484271692913386
 20
-4.7861809448818899
 30
0
 11
6.48321188976378
 21
-4.7915087401574805
 31
0
  0
LINE
  5
C50
330
1B
100
AcDbEntity
  8
B.Cu
  6
CONTINUOUS
100
AcDbLine
 10
6.48321188976378
 20
-4.7915087401574805
 30
0
 11
6.483211771653544
 21
-4.791509133858268
 31
0
  0
LINE
  5
C51
330
1B
100
AcDbEntity
  8
B.Cu
  6
CONTINUOUS
100
AcDbLine
 10
6.483211771653544
 20
-4.791509133858268
 30
0
 11
6.481132992125985
 21
-4.7965278346456692
 31
0
  0
LINE
  5
C52
330
1B
100
AcDbEntity
  8
B.Cu
  6
CONTINUOUS
100
AcDbLine
 10
6.481132992125985
 20
-4.7965278346456692
 30
0
 11
6.478114685039371
 21
-4.8010450787401577
 31
0
  0
LINE
  5
C53
330
1B
100
AcDbEntity
  8
B.Cu
  6
CONTINUOUS
100
AcDbLine
 10
6.478114685039371
 20
-4.8010450787401577
 30
0
 11
6.434903385826772
 21
-4.8442563779527559
 31
0
  0
LINE
  5
C54
330
1B
100
AcDbEntity
  8
B.Cu
  6
CONTINUOUS
100
AcDbLine
 10
6.434903385826772
 20
-4.8442563779527559
 30
0
 11
6.430386141732284
 21
-4.8472746850393698
 31
0
  0
LINE
  5
C55
330
1B
100
AcDbEntity
  8
B.Cu
  6
CONTINUOUS
100
AcDbLine
 10
6.430386141732284
 20
-4.8472746850393698
 30
0
 11
6.425367440944882
 21
-4.8493534645669287
 31
0
  0
LINE
  5
C56
330
1B
100
AcDbEntity
  8
B.Cu
  6
CONTINUOUS
100
AcDbLine
 10
6.425367440944882
 20
-4.8493534645669287
 30
0
 11
6.425367244094488
 21
-4.8493535433070862
 31
0
  0
LINE
  5
C57
330
1B
100
AcDbEntity
  8
B.Cu
  6
CONTINUOUS
100
AcDbLine
 10
6.425367244094488
 20
-4.8493535433070862
 30
0
 11
6.425367086614174
 21
-4.8493535433070862
 31
0
  0
LINE
  5
C58
330
1B
100
AcDbEntity
  8
B.Cu
  6
CONTINUOUS
100
AcDbLine
 10
6.425367086614174
 20
-4.8493535433070862
 30
0
 11
6.425367047244095
 21
-4.849353582677165
 31
0
  0
LINE
  5
C59
330
1B
100
AcDbEntity
  8
B.Cu
  6
CONTINUOUS
100
AcDbLine
 10
6.425367047244095
 20
-4.849353582677165
 30
0
 11
6.420039251968505
 21
-4.850413385826772
 31
0
  0
LINE
  5
C5A
330
1B
100
AcDbEntity
  8
B.Cu
  6
CONTINUOUS
100
AcDbLine
 10
6.420039251968505
 20
-4.850413385826772
 30
0
 11
6.4200391338582685
 21
-4.850413385826772
 31
0
  0
LINE
  5
C5B
330
1B
100
AcDbEntity
  8
B.Cu
  6
CONTINUOUS
100
AcDbLine
 10
6.4200391338582685
 20
-4.850413385826772
 30
0
 11
6.217756062992127
 21
-4.850413385826772
 31
0
  0
LINE
  5
C5C
330
1B
100
AcDbEntity
  8
B.Cu
  6
CONTINUOUS
100
AcDbLine
 10
6.217756062992127
 20
-4.850413385826772
 30
0
 11
6.214171653543308
 21
-4.8497003543307082
 31
0
  0
LINE
  5
C5D
330
1B
100
AcDbEntity
  8
B.Cu
  6
CONTINUOUS
100
AcDbLine
 10
6.214171653543308
 20
-4.8497003543307082
 30
0
 11
6.212428031496064
 21
-4.8493535433070862
 31
0
  0
LINE
  5
C5E
330
1B
100
AcDbEntity
  8
B.Cu
  6
CONTINUOUS
100
AcDbLine
 10
6.212428031496064
 20
-4.8493535433070862
 30
0
 11
6.209918543307087
 21
-4.8483140551181103
 31
0
  0
LINE
  5
C5F
330
1B
100
AcDbEntity
  8
B.Cu
  6
CONTINUOUS
100
AcDbLine
 10
6.209918543307087
 20
-4.8483140551181103
 30
0
 11
6.2074091732283465
 21
-4.8472746850393698
 31
0
  0
LINE
  5
C60
330
1B
100
AcDbEntity
  8
B.Cu
  6
CONTINUOUS
100
AcDbLine
 10
6.2074091732283465
 20
-4.8472746850393698
 30
0
 11
6.207409133858268
 21
-4.847274645669291
 31
0
  0
LINE
  5
C61
330
1B
100
AcDbEntity
  8
B.Cu
  6
CONTINUOUS
100
AcDbLine
 10
6.207409133858268
 20
-4.847274645669291
 30
0
 11
6.207409015748032
 21
-4.8472746062992123
 31
0
  0
LINE
  5
C62
330
1B
100
AcDbEntity
  8
B.Cu
  6
CONTINUOUS
100
AcDbLine
 10
6.207409015748032
 20
-4.8472746062992123
 30
0
 11
6.202892007874016
 21
-4.8442564566929134
 31
0
  0
LINE
  5
C63
330
1B
100
AcDbEntity
  8
B.Cu
  6
CONTINUOUS
100
AcDbLine
 10
6.202892007874016
 20
-4.8442564566929134
 30
0
 11
6.159680551181103
 21
-4.8010450000000002
 31
0
  0
LINE
  5
C64
330
1B
100
AcDbEntity
  8
B.Cu
  6
CONTINUOUS
100
AcDbLine
 10
6.159680551181103
 20
-4.8010450000000002
 30
0
 11
6.1566624015748035
 21
-4.7965279921259842
 31
0
  0
LINE
  5
C65
330
1B
100
AcDbEntity
  8
B.Cu
  6
CONTINUOUS
100
AcDbLine
 10
6.1566624015748035
 20
-4.7965279921259842
 30
0
 11
6.156089251968504
 21
-4.795144330708661
 31
0
  0
LINE
  5
C66
330
1B
100
AcDbEntity
  8
B.Cu
  6
CONTINUOUS
100
AcDbLine
 10
6.156089251968504
 20
-4.795144330708661
 30
0
 11
6.155235826771654
 21
-4.7930839370078742
 31
0
  0
LINE
  5
C67
330
1B
100
AcDbEntity
  8
B.Cu
  6
CONTINUOUS
100
AcDbLine
 10
6.155235826771654
 20
-4.7930839370078742
 30
0
 11
6.1545834645669295
 21
-4.791508976377953
 31
0
  0
LINE
  5
C68
330
1B
100
AcDbEntity
  8
B.Cu
  6
CONTINUOUS
100
AcDbLine
 10
6.1545834645669295
 20
-4.791508976377953
 30
0
 11
6.15383688976378
 21
-4.7877557480314961
 31
0
  0
LINE
  5
C69
330
1B
100
AcDbEntity
  8
B.Cu
  6
CONTINUOUS
100
AcDbLine
 10
6.15383688976378
 20
-4.7877557480314961
 30
0
 11
6.153523622047245
 21
-4.7861809448818899
 31
0
  0
LINE
  5
C6A
330
1B
100
AcDbEntity
  8
B.Cu
  6
CONTINUOUS
100
AcDbLine
 10
6.153523622047245
 20
-4.7861809448818899
 30
0
 11
6.153523622047245
 21
-4.7480291338582674
 31
0
  0
LINE
  5
C6B
330
1B
100
AcDbEntity
  8
B.Cu
  6
CONTINUOUS
100
AcDbLine
 10
6.153523622047245
 20
-4.7480291338582674
 30
0
 11
6.152748622047245
 21
-4.7453898031496058
 31
0
  0
LINE
  5
C6C
330
1B
100
AcDbEntity
  8
B.Cu
  6
CONTINUOUS
100
AcDbLine
 10
6.152748622047245
 20
-4.7453898031496058
 30
0
 11
6.151511456692914
 21
-4.7440797637795278
 31
0
  0
LINE
  5
C6D
330
1B
100
AcDbEntity
  8
B.Cu
  6
CONTINUOUS
100
AcDbLine
 10
6.151511456692914
 20
-4.7440797637795278
 30
0
 11
6.149029685039371
 21
-4.7422766929133857
 31
0
  0
LINE
  5
C6E
330
1B
100
AcDbEntity
  8
B.Cu
  6
CONTINUOUS
100
AcDbLine
 10
6.149029685039371
 20
-4.7422766929133857
 30
0
 11
6.143550078740158
 21
-4.7367970866141729
 31
0
  0
LINE
  5
C6F
330
1B
100
AcDbEntity
  8
B.Cu
  6
CONTINUOUS
100
AcDbLine
 10
6.143550078740158
 20
-4.7367970866141729
 30
0
 11
6.138995118110237
 21
-4.7305277559055119
 31
0
  0
LINE
  5
C70
330
1B
100
AcDbEntity
  8
B.Cu
  6
CONTINUOUS
100
AcDbLine
 10
6.138995118110237
 20
-4.7305277559055119
 30
0
 11
6.135477007874016
 21
-4.7236230314960626
 31
0
  0
LINE
  5
C71
330
1B
100
AcDbEntity
  8
B.Cu
  6
CONTINUOUS
100
AcDbLine
 10
6.135477007874016
 20
-4.7236230314960626
 30
0
 11
6.135452165354331
 21
-4.7235742913385828
 31
0
  0
LINE
  5
C72
330
1B
100
AcDbEntity
  8
B.Cu
  6
CONTINUOUS
100
AcDbLine
 10
6.135452165354331
 20
-4.7235742913385828
 30
0
 11
6.133563425196851
 21
-4.7215744094488192
 31
0
  0
LINE
  5
C73
330
1B
100
AcDbEntity
  8
B.Cu
  6
CONTINUOUS
100
AcDbLine
 10
6.133563425196851
 20
-4.7215744094488192
 30
0
 11
6.130893307086614
 21
-4.720913188976378
 31
0
  0
LINE
  5
C74
330
1B
100
AcDbEntity
  8
B.Cu
  6
CONTINUOUS
100
AcDbLine
 10
6.130893307086614
 20
-4.720913188976378
 30
0
 11
6.128289566929134
 21
-4.721800472440945
 31
0
  0
LINE
  5
C75
330
1B
100
AcDbEntity
  8
B.Cu
  6
CONTINUOUS
100
AcDbLine
 10
6.128289566929134
 20
-4.721800472440945
 30
0
 11
6.126752559055118
 21
-4.7235742913385828
 31
0
  0
LINE
  5
C76
330
1B
100
AcDbEntity
  8
B.Cu
  6
CONTINUOUS
100
AcDbLine
 10
6.126752559055118
 20
-4.7235742913385828
 30
0
 11
6.12320968503937
 21
-4.7305276771653544
 31
0
  0
LINE
  5
C77
330
1B
100
AcDbEntity
  8
B.Cu
  6
CONTINUOUS
100
AcDbLine
 10
6.12320968503937
 20
-4.7305276771653544
 30
0
 11
6.12304940944882
 21
-4.7307482677165353
 31
0
  0
LINE
  5
C78
330
1B
100
AcDbEntity
  8
B.Cu
  6
CONTINUOUS
100
AcDbLine
 10
6.12304940944882
 20
-4.7307482677165353
 30
0
 11
6.118654645669292
 21
-4.7367970866141729
 31
0
  0
LINE
  5
C79
330
1B
100
AcDbEntity
  8
B.Cu
  6
CONTINUOUS
100
AcDbLine
 10
6.118654645669292
 20
-4.7367970866141729
 30
0
 11
6.113175039370079
 21
-4.7422766929133857
 31
0
  0
LINE
  5
C7A
330
1B
100
AcDbEntity
  8
B.Cu
  6
CONTINUOUS
100
AcDbLine
 10
6.113175039370079
 20
-4.7422766929133857
 30
0
 11
6.110693385826772
 21
-4.7440796850393703
 31
0
  0
LINE
  5
C7B
330
1B
100
AcDbEntity
  8
B.Cu
  6
CONTINUOUS
100
AcDbLine
 10
6.110693385826772
 20
-4.7440796850393703
 30
0
 11
6.109013740157481
 21
-4.7462579133858265
 31
0
  0
LINE
  5
C7C
330
1B
100
AcDbEntity
  8
B.Cu
  6
CONTINUOUS
100
AcDbLine
 10
6.109013740157481
 20
-4.7462579133858265
 30
0
 11
6.108681102362206
 21
-4.7480291338582674
 31
0
  0
LINE
  5
C7D
330
1B
100
AcDbEntity
  8
B.Cu
  6
CONTINUOUS
100
AcDbLine
 10
6.108681102362206
 20
-4.7480291338582674
 30
0
 11
6.108681102362206
 21
-4.7823230708661413
 31
0
  0
LINE
  5
C7E
330
1B
100
AcDbEntity
  8
B.Cu
  6
CONTINUOUS
100
AcDbLine
 10
6.108681102362206
 20
-4.7823230708661413
 30
0
 11
6.108681102362206
 21
-4.7877556692913386
 31
0
  0
LINE
  5
C7F
330
1B
100
AcDbEntity
  8
B.Cu
  6
CONTINUOUS
100
AcDbLine
 10
6.108681102362206
 20
-4.7877556692913386
 30
0
 11
6.108681102362206
 21
-4.7877557480314961
 31
0
  0
LINE
  5
C80
330
1B
100
AcDbEntity
  8
B.Cu
  6
CONTINUOUS
100
AcDbLine
 10
6.108681102362206
 20
-4.7877557480314961
 30
0
 11
6.1086811417322835
 21
-4.7877557480314961
 31
0
  0
LINE
  5
C81
330
1B
100
AcDbEntity
  8
B.Cu
  6
CONTINUOUS
100
AcDbLine
 10
6.1086811417322835
 20
-4.7877557480314961
 30
0
 11
6.107621338582677
 21
-4.7930835433070866
 31
0
  0
LINE
  5
C82
330
1B
100
AcDbEntity
  8
B.Cu
  6
CONTINUOUS
100
AcDbLine
 10
6.107621338582677
 20
-4.7930835433070866
 30
0
 11
6.107621220472441
 21
-4.7930839370078742
 31
0
  0
LINE
  5
C83
330
1B
100
AcDbEntity
  8
B.Cu
  6
CONTINUOUS
100
AcDbLine
 10
6.107621220472441
 20
-4.7930839370078742
 30
0
 11
6.105542440944882
 21
-4.7981026377952753
 31
0
  0
LINE
  5
C84
330
1B
100
AcDbEntity
  8
B.Cu
  6
CONTINUOUS
100
AcDbLine
 10
6.105542440944882
 20
-4.7981026377952753
 30
0
 11
6.102524133858268
 21
-4.8026198818897639
 31
0
  0
LINE
  5
C85
330
1B
100
AcDbEntity
  8
B.Cu
  6
CONTINUOUS
100
AcDbLine
 10
6.102524133858268
 20
-4.8026198818897639
 30
0
 11
6.080572677165355
 21
-4.8245713385826772
 31
0
  0
LINE
  5
C86
330
1B
100
AcDbEntity
  8
B.Cu
  6
CONTINUOUS
100
AcDbLine
 10
6.080572677165355
 20
-4.8245713385826772
 30
0
 11
6.076055511811024
 21
-4.8275896062992123
 31
0
  0
LINE
  5
C87
330
1B
100
AcDbEntity
  8
B.Cu
  6
CONTINUOUS
100
AcDbLine
 10
6.076055511811024
 20
-4.8275896062992123
 30
0
 11
6.072173622047244
 21
-4.8291975196850396
 31
0
  0
LINE
  5
C88
330
1B
100
AcDbEntity
  8
B.Cu
  6
CONTINUOUS
100
AcDbLine
 10
6.072173622047244
 20
-4.8291975196850396
 30
0
 11
6.07103657480315
 21
-4.8296685039370075
 31
0
  0
LINE
  5
C89
330
1B
100
AcDbEntity
  8
B.Cu
  6
CONTINUOUS
100
AcDbLine
 10
6.07103657480315
 20
-4.8296685039370075
 30
0
 11
6.0710365354330715
 21
-4.8296685039370075
 31
0
  0
LINE
  5
C8A
330
1B
100
AcDbEntity
  8
B.Cu
  6
CONTINUOUS
100
AcDbLine
 10
6.0710365354330715
 20
-4.8296685039370075
 30
0
 11
6.071036338582678
 21
-4.829668582677165
 31
0
  0
LINE
  5
C8B
330
1B
100
AcDbEntity
  8
B.Cu
  6
CONTINUOUS
100
AcDbLine
 10
6.071036338582678
 20
-4.829668582677165
 30
0
 11
6.069978543307087
 21
-4.8298789370078739
 31
0
  0
LINE
  5
C8C
330
1B
100
AcDbEntity
  8
B.Cu
  6
CONTINUOUS
100
AcDbLine
 10
6.069978543307087
 20
-4.8298789370078739
 30
0
 11
6.069978307086615
 21
-4.8298789763779526
 31
0
  0
LINE
  5
C8D
330
1B
100
AcDbEntity
  8
B.Cu
  6
CONTINUOUS
100
AcDbLine
 10
6.069978307086615
 20
-4.8298789763779526
 30
0
 11
6.0699767322834655
 21
-4.8298792913385826
 31
0
  0
LINE
  5
C8E
330
1B
100
AcDbEntity
  8
B.Cu
  6
CONTINUOUS
100
AcDbLine
 10
6.0699767322834655
 20
-4.8298792913385826
 30
0
 11
6.066419803149607
 21
-4.8305868110236219
 31
0
  0
LINE
  5
C8F
330
1B
100
AcDbEntity
  8
B.Cu
  6
CONTINUOUS
100
AcDbLine
 10
6.066419803149607
 20
-4.8305868110236219
 30
0
 11
6.065708425196851
 21
-4.8307283464566932
 31
0
  0
LINE
  5
C90
330
1B
100
AcDbEntity
  8
B.Cu
  6
CONTINUOUS
100
AcDbLine
 10
6.065708425196851
 20
-4.8307283464566932
 30
0
 11
6.065708385826772
 21
-4.8307283464566932
 31
0
  0
LINE
  5
C91
330
1B
100
AcDbEntity
  8
B.Cu
  6
CONTINUOUS
100
AcDbLine
 10
6.065708385826772
 20
-4.8307283464566932
 30
0
 11
5.922480472440945
 21
-4.8307283464566932
 31
0
  0
LINE
  5
C92
330
1B
100
AcDbEntity
  8
B.Cu
  6
CONTINUOUS
100
AcDbLine
 10
5.922480472440945
 20
-4.8307283464566932
 30
0
 11
5.918210354330709
 21
-4.8298789370078739
 31
0
  0
LINE
  5
C93
330
1B
100
AcDbEntity
  8
B.Cu
  6
CONTINUOUS
100
AcDbLine
 10
5.918210354330709
 20
-4.8298789370078739
 30
0
 11
5.917152440944882
 21
-4.8296685039370075
 31
0
  0
LINE
  5
C94
330
1B
100
AcDbEntity
  8
B.Cu
  6
CONTINUOUS
100
AcDbLine
 10
5.917152440944882
 20
-4.8296685039370075
 30
0
 11
5.914642952755906
 21
-4.8286290157480316
 31
0
  0
LINE
  5
C95
330
1B
100
AcDbEntity
  8
B.Cu
  6
CONTINUOUS
100
AcDbLine
 10
5.914642952755906
 20
-4.8286290157480316
 30
0
 11
5.912133582677166
 21
-4.8275896456692911
 31
0
  0
LINE
  5
C96
330
1B
100
AcDbEntity
  8
B.Cu
  6
CONTINUOUS
100
AcDbLine
 10
5.912133582677166
 20
-4.8275896456692911
 30
0
 11
5.912133543307087
 21
-4.8275896062992123
 31
0
  0
LINE
  5
C97
330
1B
100
AcDbEntity
  8
B.Cu
  6
CONTINUOUS
100
AcDbLine
 10
5.912133543307087
 20
-4.8275896062992123
 30
0
 11
5.912133425196851
 21
-4.8275895669291335
 31
0
  0
LINE
  5
C98
330
1B
100
AcDbEntity
  8
B.Cu
  6
CONTINUOUS
100
AcDbLine
 10
5.912133425196851
 20
-4.8275895669291335
 30
0
 11
5.907616417322835
 21
-4.8245714173228347
 31
0
  0
LINE
  5
C99
330
1B
100
AcDbEntity
  8
B.Cu
  6
CONTINUOUS
100
AcDbLine
 10
5.907616417322835
 20
-4.8245714173228347
 30
0
 11
5.834090000000001
 21
-4.7510449999999995
 31
0
  0
LINE
  5
C9A
330
1B
100
AcDbEntity
  8
B.Cu
  6
CONTINUOUS
100
AcDbLine
 10
5.834090000000001
 20
-4.7510449999999995
 30
0
 11
5.831071850393701
 21
-4.7465279921259844
 31
0
  0
LINE
  5
C9B
330
1B
100
AcDbEntity
  8
B.Cu
  6
CONTINUOUS
100
AcDbLine
 10
5.831071850393701
 20
-4.7465279921259844
 30
0
 11
5.830959960629921
 21
-4.7462579133858265
 31
0
  0
LINE
  5
C9C
330
1B
100
AcDbEntity
  8
B.Cu
  6
CONTINUOUS
100
AcDbLine
 10
5.830959960629921
 20
-4.7462579133858265
 30
0
 11
5.829310866141733
 21
-4.7422765748031495
 31
0
  0
LINE
  5
C9D
330
1B
100
AcDbEntity
  8
B.Cu
  6
CONTINUOUS
100
AcDbLine
 10
5.829310866141733
 20
-4.7422765748031495
 30
0
 11
5.828992913385827
 21
-4.7415089763779523
 31
0
  0
LINE
  5
C9E
330
1B
100
AcDbEntity
  8
B.Cu
  6
CONTINUOUS
100
AcDbLine
 10
5.828992913385827
 20
-4.7415089763779523
 30
0
 11
5.828498661417323
 21
-4.7390242125984248
 31
0
  0
LINE
  5
C9F
330
1B
100
AcDbEntity
  8
B.Cu
  6
CONTINUOUS
100
AcDbLine
 10
5.828498661417323
 20
-4.7390242125984248
 30
0
 11
5.827933070866142
 21
-4.7361809448818892
 31
0
  0
LINE
  5
CA0
330
1B
100
AcDbEntity
  8
B.Cu
  6
CONTINUOUS
100
AcDbLine
 10
5.827933070866142
 20
-4.7361809448818892
 30
0
 11
5.827933070866142
 21
-4.4202109055118113
 31
0
  0
LINE
  5
CA1
330
1B
100
AcDbEntity
  8
B.Cu
  6
CONTINUOUS
100
AcDbLine
 10
5.827933070866142
 20
-4.4202109055118113
 30
0
 11
5.827158070866142
 21
-4.4175715748031497
 31
0
  0
LINE
  5
CA2
330
1B
100
AcDbEntity
  8
B.Cu
  6
CONTINUOUS
100
AcDbLine
 10
5.827158070866142
 20
-4.4175715748031497
 30
0
 11
5.826503110236221
 21
-4.4167588188976374
 31
0
  0
LINE
  5
CA3
330
1B
100
AcDbEntity
  8
B.Cu
  6
CONTINUOUS
100
AcDbLine
 10
5.826503110236221
 20
-4.4167588188976374
 30
0
 11
5.825833267716536
 21
-4.4160889763779529
 31
0
  0
LINE
  5
CA4
330
1B
100
AcDbEntity
  8
B.Cu
  6
CONTINUOUS
100
AcDbLine
 10
5.825833267716536
 20
-4.4160889763779529
 30
0
 11
5.825833188976379
 21
-4.4160888976377954
 31
0
  0
LINE
  5
CA5
330
1B
100
AcDbEntity
  8
B.Cu
  6
CONTINUOUS
100
AcDbLine
 10
5.825833188976379
 20
-4.4160888976377954
 30
0
 11
5.821651732283465
 21
-4.409830866141732
 31
0
  0
LINE
  5
CA6
330
1B
100
AcDbEntity
  8
B.Cu
  6
CONTINUOUS
100
AcDbLine
 10
5.821651732283465
 20
-4.409830866141732
 30
0
 11
5.818771496062992
 21
-4.4028773228346454
 31
0
  0
LINE
  5
CA7
330
1B
100
AcDbEntity
  8
B.Cu
  6
CONTINUOUS
100
AcDbLine
 10
5.818771496062992
 20
-4.4028773228346454
 30
0
 11
5.8173031496063
 21
-4.3954955118110233
 31
0
  0
LINE
  5
CA8
330
1B
100
AcDbEntity
  8
B.Cu
  6
CONTINUOUS
100
AcDbLine
 10
5.8173031496063
 20
-4.3954955118110233
 30
0
 11
5.8173031496063
 21
-4.3541107874015745
 31
0
  0
LINE
  5
CA9
330
1B
100
AcDbEntity
  8
B.Cu
  6
CONTINUOUS
100
AcDbLine
 10
5.8173031496063
 20
-4.3541107874015745
 30
0
 11
5.8173031496063
 21
-4.3541106692913383
 31
0
  0
LINE
  5
CAA
330
1B
100
AcDbEntity
  8
B.Cu
  6
CONTINUOUS
100
AcDbLine
 10
5.8173031496063
 20
-4.3541106692913383
 30
0
 11
5.818771456692914
 21
-4.3467291732283462
 31
0
  0
LINE
  5
CAB
330
1B
100
AcDbEntity
  8
B.Cu
  6
CONTINUOUS
100
AcDbLine
 10
5.818771456692914
 20
-4.3467291732283462
 30
0
 11
5.818771496062992
 21
-4.3467291338582674
 31
0
  0
LINE
  5
CAC
330
1B
100
AcDbEntity
  8
B.Cu
  6
CONTINUOUS
100
AcDbLine
 10
5.818771496062992
 20
-4.3467291338582674
 30
0
 11
5.818771496062992
 21
-4.3467289763779524
 31
0
  0
LINE
  5
CAD
330
1B
100
AcDbEntity
  8
B.Cu
  6
CONTINUOUS
100
AcDbLine
 10
5.818771496062992
 20
-4.3467289763779524
 30
0
 11
5.821168070866142
 21
-4.3409430708661416
 31
0
  0
LINE
  5
CAE
330
1B
100
AcDbEntity
  8
B.Cu
  6
CONTINUOUS
100
AcDbLine
 10
5.821168070866142
 20
-4.3409430708661416
 30
0
 11
5.821651653543308
 21
-4.339775551181102
 31
0
  0
LINE
  5
CAF
330
1B
100
AcDbEntity
  8
B.Cu
  6
CONTINUOUS
100
AcDbLine
 10
5.821651653543308
 20
-4.339775551181102
 30
0
 11
5.825833267716536
 21
-4.333517283464567
 31
0
  0
LINE
  5
CB0
330
1B
100
AcDbEntity
  8
B.Cu
  6
CONTINUOUS
100
AcDbLine
 10
5.825833267716536
 20
-4.333517283464567
 30
0
 11
5.831155118110237
 21
-4.3281954330708663
 31
0
  0
LINE
  5
CB1
330
1B
100
AcDbEntity
  8
B.Cu
  6
CONTINUOUS
100
AcDbLine
 10
5.831155118110237
 20
-4.3281954330708663
 30
0
 11
5.837413385826772
 21
-4.3240138188976376
 31
0
  0
LINE
  5
CB2
330
1B
100
AcDbEntity
  8
B.Cu
  6
CONTINUOUS
100
AcDbLine
 10
5.837413385826772
 20
-4.3240138188976376
 30
0
 11
5.844366614173229
 21
-4.3211337401574799
 31
0
  0
LINE
  5
CB3
330
1B
100
AcDbEntity
  8
B.Cu
  6
CONTINUOUS
100
AcDbLine
 10
5.844366614173229
 20
-4.3211337401574799
 30
0
 11
5.844367007874016
 21
-4.3211336220472436
 31
0
  0
LINE
  5
CB4
330
1B
100
AcDbEntity
  8
B.Cu
  6
CONTINUOUS
100
AcDbLine
 10
5.844367007874016
 20
-4.3211336220472436
 30
0
 11
5.851748503937008
 21
-4.3196653543307084
 31
0
  0
LINE
  5
CB5
330
1B
100
AcDbEntity
  8
B.Cu
  6
CONTINUOUS
100
AcDbLine
 10
5.851748503937008
 20
-4.3196653543307084
 30
0
 11
5.851748582677166
 21
-4.3196653543307084
 31
0
  0
LINE
  5
CB6
330
1B
100
AcDbEntity
  8
B.Cu
  6
CONTINUOUS
100
AcDbLine
 10
5.851748582677166
 20
-4.3196653543307084
 30
0
 11
5.859275039370079
 21
-4.3196653543307084
 31
0
  0
LINE
  5
CB7
330
1B
100
AcDbEntity
  8
B.Cu
  6
CONTINUOUS
100
AcDbLine
 10
5.859275039370079
 20
-4.3196653543307084
 30
0
 11
5.8592751181102365
 21
-4.3196653543307084
 31
0
  0
LINE
  5
CB8
330
1B
100
AcDbEntity
  8
B.Cu
  6
CONTINUOUS
100
AcDbLine
 10
5.8592751181102365
 20
-4.3196653543307084
 30
0
 11
5.866656653543307
 21
-4.3211336220472436
 31
0
  0
LINE
  5
CB9
330
1B
100
AcDbEntity
  8
B.Cu
  6
CONTINUOUS
100
AcDbLine
 10
5.866656653543307
 20
-4.3211336220472436
 30
0
 11
5.866657047244095
 21
-4.3211337401574799
 31
0
  0
LINE
  5
CBA
330
1B
100
AcDbEntity
  8
B.Cu
  6
CONTINUOUS
100
AcDbLine
 10
5.866657047244095
 20
-4.3211337401574799
 30
0
 11
5.8736102755905515
 21
-4.3240138188976376
 31
0
  0
LINE
  5
CBB
330
1B
100
AcDbEntity
  8
B.Cu
  6
CONTINUOUS
100
AcDbLine
 10
5.8736102755905515
 20
-4.3240138188976376
 30
0
 11
5.879868543307087
 21
-4.3281954330708663
 31
0
  0
LINE
  5
CBC
330
1B
100
AcDbEntity
  8
B.Cu
  6
CONTINUOUS
100
AcDbLine
 10
5.879868543307087
 20
-4.3281954330708663
 30
0
 11
5.885190393700788
 21
-4.333517283464567
 31
0
  0
LINE
  5
CBD
330
1B
100
AcDbEntity
  8
B.Cu
  6
CONTINUOUS
100
AcDbLine
 10
5.885190393700788
 20
-4.333517283464567
 30
0
 11
5.889372007874016
 21
-4.339775551181102
 31
0
  0
LINE
  5
CBE
330
1B
100
AcDbEntity
  8
B.Cu
  6
CONTINUOUS
100
AcDbLine
 10
5.889372007874016
 20
-4.339775551181102
 30
0
 11
5.892252086614174
 21
-4.3467287795275587
 31
0
  0
LINE
  5
CBF
330
1B
100
AcDbEntity
  8
B.Cu
  6
CONTINUOUS
100
AcDbLine
 10
5.892252086614174
 20
-4.3467287795275587
 30
0
 11
5.89225220472441
 21
-4.3467291732283462
 31
0
  0
LINE
  5
CC0
330
1B
100
AcDbEntity
  8
B.Cu
  6
CONTINUOUS
100
AcDbLine
 10
5.89225220472441
 20
-4.3467291732283462
 30
0
 11
5.893720472440945
 21
-4.3541106692913383
 31
0
  0
LINE
  5
CC1
330
1B
100
AcDbEntity
  8
B.Cu
  6
CONTINUOUS
100
AcDbLine
 10
5.893720472440945
 20
-4.3541106692913383
 30
0
 11
5.893720472440945
 21
-4.3541107874015745
 31
0
  0
LINE
  5
CC2
330
1B
100
AcDbEntity
  8
B.Cu
  6
CONTINUOUS
100
AcDbLine
 10
5.893720472440945
 20
-4.3541107874015745
 30
0
 11
5.893720472440945
 21
-4.3954955118110233
 31
0
  0
LINE
  5
CC3
330
1B
100
AcDbEntity
  8
B.Cu
  6
CONTINUOUS
100
AcDbLine
 10
5.893720472440945
 20
-4.3954955118110233
 30
0
 11
5.893720472440945
 21
-4.3954955905511808
 31
0
  0
LINE
  5
CC4
330
1B
100
AcDbEntity
  8
B.Cu
  6
CONTINUOUS
100
AcDbLine
 10
5.893720472440945
 20
-4.3954955905511808
 30
0
 11
5.893720511811024
 21
-4.3954955905511808
 31
0
  0
LINE
  5
CC5
330
1B
100
AcDbEntity
  8
B.Cu
  6
CONTINUOUS
100
AcDbLine
 10
5.893720511811024
 20
-4.3954955905511808
 30
0
 11
5.89225220472441
 21
-4.4028770866141729
 31
0
  0
LINE
  5
CC6
330
1B
100
AcDbEntity
  8
B.Cu
  6
CONTINUOUS
100
AcDbLine
 10
5.89225220472441
 20
-4.4028770866141729
 30
0
 11
5.892252086614174
 21
-4.4028774803149604
 31
0
  0
LINE
  5
CC7
330
1B
100
AcDbEntity
  8
B.Cu
  6
CONTINUOUS
100
AcDbLine
 10
5.892252086614174
 20
-4.4028774803149604
 30
0
 11
5.889372007874016
 21
-4.409830708661417
 31
0
  0
LINE
  5
CC8
330
1B
100
AcDbEntity
  8
B.Cu
  6
CONTINUOUS
100
AcDbLine
 10
5.889372007874016
 20
-4.409830708661417
 30
0
 11
5.885190393700788
 21
-4.4160889763779529
 31
0
  0
LINE
  5
CC9
330
1B
100
AcDbEntity
  8
B.Cu
  6
CONTINUOUS
100
AcDbLine
 10
5.885190393700788
 20
-4.4160889763779529
 30
0
 11
5.884520511811024
 21
-4.4167588188976374
 31
0
  0
LINE
  5
CCA
330
1B
100
AcDbEntity
  8
B.Cu
  6
CONTINUOUS
100
AcDbLine
 10
5.884520511811024
 20
-4.4167588188976374
 30
0
 11
5.883202125984252
 21
-4.4191730708661412
 31
0
  0
LINE
  5
CCB
330
1B
100
AcDbEntity
  8
B.Cu
  6
CONTINUOUS
100
AcDbLine
 10
5.883202125984252
 20
-4.4191730708661412
 30
0
 11
5.883090551181103
 21
-4.4202109055118113
 31
0
  0
LINE
  5
CCC
330
1B
100
AcDbEntity
  8
B.Cu
  6
CONTINUOUS
100
AcDbLine
 10
5.883090551181103
 20
-4.4202109055118113
 30
0
 11
5.883090551181103
 21
-4.7200189370078736
 31
0
  0
LINE
  5
CCD
330
1B
100
AcDbEntity
  8
B.Cu
  6
CONTINUOUS
100
AcDbLine
 10
5.883090551181103
 20
-4.7200189370078736
 30
0
 11
5.883865551181103
 21
-4.7226582677165352
 31
0
  0
LINE
  5
CCE
330
1B
100
AcDbEntity
  8
B.Cu
  6
CONTINUOUS
100
AcDbLine
 10
5.883865551181103
 20
-4.7226582677165352
 30
0
 11
5.8845204330708665
 21
-4.7234709448818899
 31
0
  0
LINE
  5
CCF
330
1B
100
AcDbEntity
  8
B.Cu
  6
CONTINUOUS
100
AcDbLine
 10
5.8845204330708665
 20
-4.7234709448818899
 30
0
 11
5.935190472440945
 21
-4.774140984251968
 31
0
  0
LINE
  5
CD0
330
1B
100
AcDbEntity
  8
B.Cu
  6
CONTINUOUS
100
AcDbLine
 10
5.935190472440945
 20
-4.774140984251968
 30
0
 11
5.937604763779528
 21
-4.7754592913385823
 31
0
  0
LINE
  5
CD1
330
1B
100
AcDbEntity
  8
B.Cu
  6
CONTINUOUS
100
AcDbLine
 10
5.937604763779528
 20
-4.7754592913385823
 30
0
 11
5.938642480314961
 21
-4.7755708661417318
 31
0
  0
LINE
  5
CD2
330
1B
100
AcDbEntity
  8
B.Cu
  6
CONTINUOUS
100
AcDbLine
 10
5.938642480314961
 20
-4.7755708661417318
 30
0
 11
6.048641732283465
 21
-4.7755708661417318
 31
0
  0
LINE
  5
CD3
330
1B
100
AcDbEntity
  8
B.Cu
  6
CONTINUOUS
100
AcDbLine
 10
6.048641732283465
 20
-4.7755708661417318
 30
0
 11
6.0512810629921265
 21
-4.7747958661417318
 31
0
  0
LINE
  5
CD4
330
1B
100
AcDbEntity
  8
B.Cu
  6
CONTINUOUS
100
AcDbLine
 10
6.0512810629921265
 20
-4.7747958661417318
 30
0
 11
6.053082440944882
 21
-4.7727169685039366
 31
0
  0
LINE
  5
CD5
330
1B
100
AcDbEntity
  8
B.Cu
  6
CONTINUOUS
100
AcDbLine
 10
6.053082440944882
 20
-4.7727169685039366
 30
0
 11
6.053523622047244
 21
-4.7706889763779525
 31
0
  0
LINE
  5
CD6
330
1B
100
AcDbEntity
  8
B.Cu
  6
CONTINUOUS
100
AcDbLine
 10
6.053523622047244
 20
-4.7706889763779525
 30
0
 11
6.053523622047244
 21
-4.7480291338582674
 31
0
  0
LINE
  5
CD7
330
1B
100
AcDbEntity
  8
B.Cu
  6
CONTINUOUS
100
AcDbLine
 10
6.053523622047244
 20
-4.7480291338582674
 30
0
 11
6.052748622047244
 21
-4.7453898031496058
 31
0
  0
LINE
  5
CD8
330
1B
100
AcDbEntity
  8
B.Cu
  6
CONTINUOUS
100
AcDbLine
 10
6.052748622047244
 20
-4.7453898031496058
 30
0
 11
6.051511456692914
 21
-4.7440797637795278
 31
0
  0
LINE
  5
CD9
330
1B
100
AcDbEntity
  8
B.Cu
  6
CONTINUOUS
100
AcDbLine
 10
6.051511456692914
 20
-4.7440797637795278
 30
0
 11
6.04902968503937
 21
-4.7422766929133857
 31
0
  0
LINE
  5
CDA
330
1B
100
AcDbEntity
  8
B.Cu
  6
CONTINUOUS
100
AcDbLine
 10
6.04902968503937
 20
-4.7422766929133857
 30
0
 11
6.043550078740158
 21
-4.7367970866141729
 31
0
  0
LINE
  5
CDB
330
1B
100
AcDbEntity
  8
B.Cu
  6
CONTINUOUS
100
AcDbLine
 10
6.043550078740158
 20
-4.7367970866141729
 30
0
 11
6.038995118110237
 21
-4.7305277559055119
 31
0
  0
LINE
  5
CDC
330
1B
100
AcDbEntity
  8
B.Cu
  6
CONTINUOUS
100
AcDbLine
 10
6.038995118110237
 20
-4.7305277559055119
 30
0
 11
6.035477007874016
 21
-4.7236230314960626
 31
0
  0
LINE
  5
CDD
330
1B
100
AcDbEntity
  8
B.Cu
  6
CONTINUOUS
100
AcDbLine
 10
6.035477007874016
 20
-4.7236230314960626
 30
0
 11
6.035452165354331
 21
-4.7235742913385828
 31
0
  0
LINE
  5
CDE
330
1B
100
AcDbEntity
  8
B.Cu
  6
CONTINUOUS
100
AcDbLine
 10
6.035452165354331
 20
-4.7235742913385828
 30
0
 11
6.033563425196851
 21
-4.7215744094488192
 31
0
  0
LINE
  5
CDF
330
1B
100
AcDbEntity
  8
B.Cu
  6
CONTINUOUS
100
AcDbLine
 10
6.033563425196851
 20
-4.7215744094488192
 30
0
 11
6.030893307086615
 21
-4.720913188976378
 31
0
  0
LINE
  5
CE0
330
1B
100
AcDbEntity
  8
B.Cu
  6
CONTINUOUS
100
AcDbLine
 10
6.030893307086615
 20
-4.720913188976378
 30
0
 11
6.028289566929135
 21
-4.721800472440945
 31
0
  0
LINE
  5
CE1
330
1B
100
AcDbEntity
  8
B.Cu
  6
CONTINUOUS
100
AcDbLine
 10
6.028289566929135
 20
-4.721800472440945
 30
0
 11
6.026752559055119
 21
-4.7235742913385828
 31
0
  0
LINE
  5
CE2
330
1B
100
AcDbEntity
  8
B.Cu
  6
CONTINUOUS
100
AcDbLine
 10
6.026752559055119
 20
-4.7235742913385828
 30
0
 11
6.023209685039371
 21
-4.7305276771653544
 31
0
  0
LINE
  5
CE3
330
1B
100
AcDbEntity
  8
B.Cu
  6
CONTINUOUS
100
AcDbLine
 10
6.023209685039371
 20
-4.7305276771653544
 30
0
 11
6.023049409448819
 21
-4.7307482677165353
 31
0
  0
LINE
  5
CE4
330
1B
100
AcDbEntity
  8
B.Cu
  6
CONTINUOUS
100
AcDbLine
 10
6.023049409448819
 20
-4.7307482677165353
 30
0
 11
6.018654645669292
 21
-4.7367970866141729
 31
0
  0
LINE
  5
CE5
330
1B
100
AcDbEntity
  8
B.Cu
  6
CONTINUOUS
100
AcDbLine
 10
6.018654645669292
 20
-4.7367970866141729
 30
0
 11
6.013175039370079
 21
-4.7422766929133857
 31
0
  0
LINE
  5
CE6
330
1B
100
AcDbEntity
  8
B.Cu
  6
CONTINUOUS
100
AcDbLine
 10
6.013175039370079
 20
-4.7422766929133857
 30
0
 11
6.006905708661418
 21
-4.7468316535433068
 31
0
  0
LINE
  5
CE7
330
1B
100
AcDbEntity
  8
B.Cu
  6
CONTINUOUS
100
AcDbLine
 10
6.006905708661418
 20
-4.7468316535433068
 30
0
 11
6.0045894881889765
 21
-4.7480118110236216
 31
0
  0
LINE
  5
CE8
330
1B
100
AcDbEntity
  8
B.Cu
  6
CONTINUOUS
100
AcDbLine
 10
6.0045894881889765
 20
-4.7480118110236216
 30
0
 11
6.000001181102363
 21
-4.7503496850393701
 31
0
  0
LINE
  5
CE9
330
1B
100
AcDbEntity
  8
B.Cu
  6
CONTINUOUS
100
AcDbLine
 10
6.000001181102363
 20
-4.7503496850393701
 30
0
 11
6.000001102362205
 21
-4.7503496850393701
 31
0
  0
LINE
  5
CEA
330
1B
100
AcDbEntity
  8
B.Cu
  6
CONTINUOUS
100
AcDbLine
 10
6.000001102362205
 20
-4.7503496850393701
 30
0
 11
6.000000984251969
 21
-4.7503497637795276
 31
0
  0
LINE
  5
CEB
330
1B
100
AcDbEntity
  8
B.Cu
  6
CONTINUOUS
100
AcDbLine
 10
6.000000984251969
 20
-4.7503497637795276
 30
0
 11
5.997861023622048
 21
-4.751045078740157
 31
0
  0
LINE
  5
CEC
330
1B
100
AcDbEntity
  8
B.Cu
  6
CONTINUOUS
100
AcDbLine
 10
5.997861023622048
 20
-4.751045078740157
 30
0
 11
5.992630984251969
 21
-4.7527444488188975
 31
0
  0
LINE
  5
CED
330
1B
100
AcDbEntity
  8
B.Cu
  6
CONTINUOUS
100
AcDbLine
 10
5.992630984251969
 20
-4.7527444488188975
 30
0
 11
5.984977244094488
 21
-4.7539566929133859
 31
0
  0
LINE
  5
CEE
330
1B
100
AcDbEntity
  8
B.Cu
  6
CONTINUOUS
100
AcDbLine
 10
5.984977244094488
 20
-4.7539566929133859
 30
0
 11
5.984977047244095
 21
-4.7539566929133859
 31
0
  0
LINE
  5
CEF
330
1B
100
AcDbEntity
  8
B.Cu
  6
CONTINUOUS
100
AcDbLine
 10
5.984977047244095
 20
-4.7539566929133859
 30
0
 11
5.977227480314961
 21
-4.7539566929133859
 31
0
  0
LINE
  5
CF0
330
1B
100
AcDbEntity
  8
B.Cu
  6
CONTINUOUS
100
AcDbLine
 10
5.977227480314961
 20
-4.7539566929133859
 30
0
 11
5.969573779527559
 21
-4.7527444488188975
 31
0
  0
LINE
  5
CF1
330
1B
100
AcDbEntity
  8
B.Cu
  6
CONTINUOUS
100
AcDbLine
 10
5.969573779527559
 20
-4.7527444488188975
 30
0
 11
5.96805688976378
 21
-4.7522515748031493
 31
0
  0
LINE
  5
CF2
330
1B
100
AcDbEntity
  8
B.Cu
  6
CONTINUOUS
100
AcDbLine
 10
5.96805688976378
 20
-4.7522515748031493
 30
0
 11
5.962203740157481
 21
-4.7503497637795276
 31
0
  0
LINE
  5
CF3
330
1B
100
AcDbEntity
  8
B.Cu
  6
CONTINUOUS
100
AcDbLine
 10
5.962203740157481
 20
-4.7503497637795276
 30
0
 11
5.955299015748032
 21
-4.7468316535433068
 31
0
  0
LINE
  5
CF4
330
1B
100
AcDbEntity
  8
B.Cu
  6
CONTINUOUS
100
AcDbLine
 10
5.955299015748032
 20
-4.7468316535433068
 30
0
 11
5.9490296850393705
 21
-4.7422766929133857
 31
0
  0
LINE
  5
CF5
330
1B
100
AcDbEntity
  8
B.Cu
  6
CONTINUOUS
100
AcDbLine
 10
5.9490296850393705
 20
-4.7422766929133857
 30
0
 11
5.943550078740158
 21
-4.7367970866141729
 31
0
  0
LINE
  5
CF6
330
1B
100
AcDbEntity
  8
B.Cu
  6
CONTINUOUS
100
AcDbLine
 10
5.943550078740158
 20
-4.7367970866141729
 30
0
 11
5.9389951181102365
 21
-4.7305277559055119
 31
0
  0
LINE
  5
CF7
330
1B
100
AcDbEntity
  8
B.Cu
  6
CONTINUOUS
100
AcDbLine
 10
5.9389951181102365
 20
-4.7305277559055119
 30
0
 11
5.935477007874016
 21
-4.7236230314960626
 31
0
  0
LINE
  5
CF8
330
1B
100
AcDbEntity
  8
B.Cu
  6
CONTINUOUS
100
AcDbLine
 10
5.935477007874016
 20
-4.7236230314960626
 30
0
 11
5.933082322834646
 21
-4.7162529921259839
 31
0
  0
LINE
  5
CF9
330
1B
100
AcDbEntity
  8
B.Cu
  6
CONTINUOUS
100
AcDbLine
 10
5.933082322834646
 20
-4.7162529921259839
 30
0
 11
5.932459803149607
 21
-4.7123225590551181
 31
0
  0
LINE
  5
CFA
330
1B
100
AcDbEntity
  8
B.Cu
  6
CONTINUOUS
100
AcDbLine
 10
5.932459803149607
 20
-4.7123225590551181
 30
0
 11
5.931870078740158
 21
-4.7085992913385821
 31
0
  0
LINE
  5
CFB
330
1B
100
AcDbEntity
  8
B.Cu
  6
CONTINUOUS
100
AcDbLine
 10
5.931870078740158
 20
-4.7085992913385821
 30
0
 11
5.931870078740158
 21
-4.7008494881889762
 31
0
  0
LINE
  5
CFC
330
1B
100
AcDbEntity
  8
B.Cu
  6
CONTINUOUS
100
AcDbLine
 10
5.931870078740158
 20
-4.7008494881889762
 30
0
 11
5.933082322834646
 21
-4.6931957874015744
 31
0
  0
LINE
  5
CFD
330
1B
100
AcDbEntity
  8
B.Cu
  6
CONTINUOUS
100
AcDbLine
 10
5.933082322834646
 20
-4.6931957874015744
 30
0
 11
5.935477086614173
 21
-4.6858255905511808
 31
0
  0
LINE
  5
CFE
330
1B
100
AcDbEntity
  8
B.Cu
  6
CONTINUOUS
100
AcDbLine
 10
5.935477086614173
 20
-4.6858255905511808
 30
0
 11
5.938995157480315
 21
-4.6789210236220473
 31
0
  0
LINE
  5
CFF
330
1B
100
AcDbEntity
  8
B.Cu
  6
CONTINUOUS
100
AcDbLine
 10
5.938995157480315
 20
-4.6789210236220473
 30
0
 11
5.943550078740158
 21
-4.6726517322834642
 31
0
  0
LINE
  5
D00
330
1B
100
AcDbEntity
  8
B.Cu
  6
CONTINUOUS
100
AcDbLine
 10
5.943550078740158
 20
-4.6726517322834642
 30
0
 11
5.9490296850393705
 21
-4.6671721259842522
 31
0
  0
LINE
  5
D01
330
1B
100
AcDbEntity
  8
B.Cu
  6
CONTINUOUS
100
AcDbLine
 10
5.9490296850393705
 20
-4.6671721259842522
 30
0
 11
5.9508066535433075
 21
-4.6658810629921259
 31
0
  0
LINE
  5
D02
330
1B
100
AcDbEntity
  8
B.Cu
  6
CONTINUOUS
100
AcDbLine
 10
5.9508066535433075
 20
-4.6658810629921259
 30
0
 11
5.954660866141733
 21
-4.6630807874015749
 31
0
  0
LINE
  5
D03
330
1B
100
AcDbEntity
  8
B.Cu
  6
CONTINUOUS
100
AcDbLine
 10
5.954660866141733
 20
-4.6630807874015749
 30
0
 11
5.95634062992126
 21
-4.6609024015748028
 31
0
  0
LINE
  5
D04
330
1B
100
AcDbEntity
  8
B.Cu
  6
CONTINUOUS
100
AcDbLine
 10
5.95634062992126
 20
-4.6609024015748028
 30
0
 11
5.956673228346457
 21
-4.6591312598425194
 31
0
  0
LINE
  5
D05
330
1B
100
AcDbEntity
  8
B.Cu
  6
CONTINUOUS
100
AcDbLine
 10
5.956673228346457
 20
-4.6591312598425194
 30
0
 11
5.956673228346457
 21
-4.619744842519685
 31
0
  0
LINE
  5
D06
330
1B
100
AcDbEntity
  8
B.Cu
  6
CONTINUOUS
100
AcDbLine
 10
5.956673228346457
 20
-4.619744842519685
 30
0
 11
5.955898228346457
 21
-4.6171055118110234
 31
0
  0
LINE
  5
D07
330
1B
100
AcDbEntity
  8
B.Cu
  6
CONTINUOUS
100
AcDbLine
 10
5.955898228346457
 20
-4.6171055118110234
 30
0
 11
5.955243346456693
 21
-4.6162928346456695
 31
0
  0
LINE
  5
D08
330
1B
100
AcDbEntity
  8
B.Cu
  6
CONTINUOUS
100
AcDbLine
 10
5.955243346456693
 20
-4.6162928346456695
 30
0
 11
5.934090078740158
 21
-4.5951395669291335
 31
0
  0
LINE
  5
D09
330
1B
100
AcDbEntity
  8
B.Cu
  6
CONTINUOUS
100
AcDbLine
 10
5.934090078740158
 20
-4.5951395669291335
 30
0
 11
5.93409
 21
-4.595139488188976
 31
0
  0
LINE
  5
D0A
330
1B
100
AcDbEntity
  8
B.Cu
  6
CONTINUOUS
100
AcDbLine
 10
5.93409
 20
-4.595139488188976
 30
0
 11
5.931071850393701
 21
-4.5906224803149609
 31
0
  0
LINE
  5
D0B
330
1B
100
AcDbEntity
  8
B.Cu
  6
CONTINUOUS
100
AcDbLine
 10
5.931071850393701
 20
-4.5906224803149609
 30
0
 11
5.9302832283464575
 21
-4.588718622047244
 31
0
  0
LINE
  5
D0C
330
1B
100
AcDbEntity
  8
B.Cu
  6
CONTINUOUS
100
AcDbLine
 10
5.9302832283464575
 20
-4.588718622047244
 30
0
 11
5.928992992125985
 21
-4.5856036220472438
 31
0
  0
LINE
  5
D0D
330
1B
100
AcDbEntity
  8
B.Cu
  6
CONTINUOUS
100
AcDbLine
 10
5.928992992125985
 20
-4.5856036220472438
 30
0
 11
5.9289929133858275
 21
-4.5856034645669288
 31
0
  0
LINE
  5
D0E
330
1B
100
AcDbEntity
  8
B.Cu
  6
CONTINUOUS
100
AcDbLine
 10
5.9289929133858275
 20
-4.5856034645669288
 30
0
 11
5.927933070866143
 21
-4.5802753543307082
 31
0
  0
LINE
  5
D0F
330
1B
100
AcDbEntity
  8
B.Cu
  6
CONTINUOUS
100
AcDbLine
 10
5.927933070866143
 20
-4.5802753543307082
 30
0
 11
5.927933070866143
 21
-4.5748427559055118
 31
0
  0
LINE
  5
D10
330
1B
100
AcDbEntity
  8
B.Cu
  6
CONTINUOUS
100
AcDbLine
 10
5.927933070866143
 20
-4.5748427559055118
 30
0
 11
5.927933070866143
 21
-4.4202109055118113
 31
0
  0
LINE
  5
D11
330
1B
100
AcDbEntity
  8
B.Cu
  6
CONTINUOUS
100
AcDbLine
 10
5.927933070866143
 20
-4.4202109055118113
 30
0
 11
5.927158070866142
 21
-4.4175715748031497
 31
0
  0
LINE
  5
D12
330
1B
100
AcDbEntity
  8
B.Cu
  6
CONTINUOUS
100
AcDbLine
 10
5.927158070866142
 20
-4.4175715748031497
 30
0
 11
5.926503110236221
 21
-4.4167588188976374
 31
0
  0
LINE
  5
D13
330
1B
100
AcDbEntity
  8
B.Cu
  6
CONTINUOUS
100
AcDbLine
 10
5.926503110236221
 20
-4.4167588188976374
 30
0
 11
5.925833267716536
 21
-4.4160889763779529
 31
0
  0
LINE
  5
D14
330
1B
100
AcDbEntity
  8
B.Cu
  6
CONTINUOUS
100
AcDbLine
 10
5.925833267716536
 20
-4.4160889763779529
 30
0
 11
5.9258331889763785
 21
-4.4160888976377954
 31
0
  0
LINE
  5
D15
330
1B
100
AcDbEntity
  8
B.Cu
  6
CONTINUOUS
100
AcDbLine
 10
5.9258331889763785
 20
-4.4160888976377954
 30
0
 11
5.921651732283465
 21
-4.409830866141732
 31
0
  0
LINE
  5
D16
330
1B
100
AcDbEntity
  8
B.Cu
  6
CONTINUOUS
100
AcDbLine
 10
5.921651732283465
 20
-4.409830866141732
 30
0
 11
5.918771496062993
 21
-4.4028773228346454
 31
0
  0
LINE
  5
D17
330
1B
100
AcDbEntity
  8
B.Cu
  6
CONTINUOUS
100
AcDbLine
 10
5.918771496062993
 20
-4.4028773228346454
 30
0
 11
5.917303149606299
 21
-4.3954955118110233
 31
0
  0
LINE
  5
D18
330
1B
100
AcDbEntity
  8
B.Cu
  6
CONTINUOUS
100
AcDbLine
 10
5.917303149606299
 20
-4.3954955118110233
 30
0
 11
5.917303149606299
 21
-4.3541107874015745
 31
0
  0
LINE
  5
D19
330
1B
100
AcDbEntity
  8
B.Cu
  6
CONTINUOUS
100
AcDbLine
 10
5.917303149606299
 20
-4.3541107874015745
 30
0
 11
5.917303149606299
 21
-4.3541106692913383
 31
0
  0
LINE
  5
D1A
330
1B
100
AcDbEntity
  8
B.Cu
  6
CONTINUOUS
100
AcDbLine
 10
5.917303149606299
 20
-4.3541106692913383
 30
0
 11
5.918771456692914
 21
-4.3467291732283462
 31
0
  0
LINE
  5
D1B
330
1B
100
AcDbEntity
  8
B.Cu
  6
CONTINUOUS
100
AcDbLine
 10
5.918771456692914
 20
-4.3467291732283462
 30
0
 11
5.918771496062993
 21
-4.3467291338582674
 31
0
  0
LINE
  5
D1C
330
1B
100
AcDbEntity
  8
B.Cu
  6
CONTINUOUS
100
AcDbLine
 10
5.918771496062993
 20
-4.3467291338582674
 30
0
 11
5.918771496062993
 21
-4.3467289763779524
 31
0
  0
LINE
  5
D1D
330
1B
100
AcDbEntity
  8
B.Cu
  6
CONTINUOUS
100
AcDbLine
 10
5.918771496062993
 20
-4.3467289763779524
 30
0
 11
5.921168070866142
 21
-4.3409430708661416
 31
0
  0
LINE
  5
D1E
330
1B
100
AcDbEntity
  8
B.Cu
  6
CONTINUOUS
100
AcDbLine
 10
5.921168070866142
 20
-4.3409430708661416
 30
0
 11
5.921651653543307
 21
-4.339775551181102
 31
0
  0
LINE
  5
D1F
330
1B
100
AcDbEntity
  8
B.Cu
  6
CONTINUOUS
100
AcDbLine
 10
5.921651653543307
 20
-4.339775551181102
 30
0
 11
5.925833267716536
 21
-4.333517283464567
 31
0
  0
LINE
  5
D20
330
1B
100
AcDbEntity
  8
B.Cu
  6
CONTINUOUS
100
AcDbLine
 10
5.925833267716536
 20
-4.333517283464567
 30
0
 11
5.931155118110237
 21
-4.3281954330708663
 31
0
  0
LINE
  5
D21
330
1B
100
AcDbEntity
  8
B.Cu
  6
CONTINUOUS
100
AcDbLine
 10
5.931155118110237
 20
-4.3281954330708663
 30
0
 11
5.937413385826772
 21
-4.3240138188976376
 31
0
  0
LINE
  5
D22
330
1B
100
AcDbEntity
  8
B.Cu
  6
CONTINUOUS
100
AcDbLine
 10
5.937413385826772
 20
-4.3240138188976376
 30
0
 11
5.944366614173229
 21
-4.3211337401574799
 31
0
  0
LINE
  5
D23
330
1B
100
AcDbEntity
  8
B.Cu
  6
CONTINUOUS
100
AcDbLine
 10
5.944366614173229
 20
-4.3211337401574799
 30
0
 11
5.944367007874016
 21
-4.3211336220472436
 31
0
  0
LINE
  5
D24
330
1B
100
AcDbEntity
  8
B.Cu
  6
CONTINUOUS
100
AcDbLine
 10
5.944367007874016
 20
-4.3211336220472436
 30
0
 11
5.951748503937008
 21
-4.3196653543307084
 31
0
  0
LINE
  5
D25
330
1B
100
AcDbEntity
  8
B.Cu
  6
CONTINUOUS
100
AcDbLine
 10
5.951748503937008
 20
-4.3196653543307084
 30
0
 11
5.9517485826771654
 21
-4.3196653543307084
 31
0
  0
LINE
  5
D26
330
1B
100
AcDbEntity
  8
B.Cu
  6
CONTINUOUS
100
AcDbLine
 10
5.9517485826771654
 20
-4.3196653543307084
 30
0
 11
5.9592750393700795
 21
-4.3196653543307084
 31
0
  0
LINE
  5
D27
330
1B
100
AcDbEntity
  8
B.Cu
  6
CONTINUOUS
100
AcDbLine
 10
5.9592750393700795
 20
-4.3196653543307084
 30
0
 11
5.959275118110237
 21
-4.3196653543307084
 31
0
  0
LINE
  5
D28
330
1B
100
AcDbEntity
  8
B.Cu
  6
CONTINUOUS
100
AcDbLine
 10
5.959275118110237
 20
-4.3196653543307084
 30
0
 11
5.966656653543308
 21
-4.3211336220472436
 31
0
  0
LINE
  5
D29
330
1B
100
AcDbEntity
  8
B.Cu
  6
CONTINUOUS
100
AcDbLine
 10
5.966656653543308
 20
-4.3211336220472436
 30
0
 11
5.9666570472440945
 21
-4.3211337401574799
 31
0
  0
LINE
  5
D2A
330
1B
100
AcDbEntity
  8
B.Cu
  6
CONTINUOUS
100
AcDbLine
 10
5.9666570472440945
 20
-4.3211337401574799
 30
0
 11
5.973610275590552
 21
-4.3240138188976376
 31
0
  0
LINE
  5
D2B
330
1B
100
AcDbEntity
  8
B.Cu
  6
CONTINUOUS
100
AcDbLine
 10
5.973610275590552
 20
-4.3240138188976376
 30
0
 11
5.979868543307087
 21
-4.3281954330708663
 31
0
  0
LINE
  5
D2C
330
1B
100
AcDbEntity
  8
B.Cu
  6
CONTINUOUS
100
AcDbLine
 10
5.979868543307087
 20
-4.3281954330708663
 30
0
 11
5.985190393700788
 21
-4.333517283464567
 31
0
  0
LINE
  5
D2D
330
1B
100
AcDbEntity
  8
B.Cu
  6
CONTINUOUS
100
AcDbLine
 10
5.985190393700788
 20
-4.333517283464567
 30
0
 11
5.9893720078740165
 21
-4.339775551181102
 31
0
  0
LINE
  5
D2E
330
1B
100
AcDbEntity
  8
B.Cu
  6
CONTINUOUS
100
AcDbLine
 10
5.9893720078740165
 20
-4.339775551181102
 30
0
 11
5.992252086614173
 21
-4.3467287795275587
 31
0
  0
LINE
  5
D2F
330
1B
100
AcDbEntity
  8
B.Cu
  6
CONTINUOUS
100
AcDbLine
 10
5.992252086614173
 20
-4.3467287795275587
 30
0
 11
5.99225220472441
 21
-4.3467291732283462
 31
0
  0
LINE
  5
D30
330
1B
100
AcDbEntity
  8
B.Cu
  6
CONTINUOUS
100
AcDbLine
 10
5.99225220472441
 20
-4.3467291732283462
 30
0
 11
5.993720472440946
 21
-4.3541106692913383
 31
0
  0
LINE
  5
D31
330
1B
100
AcDbEntity
  8
B.Cu
  6
CONTINUOUS
100
AcDbLine
 10
5.993720472440946
 20
-4.3541106692913383
 30
0
 11
5.993720472440946
 21
-4.3541107874015745
 31
0
  0
LINE
  5
D32
330
1B
100
AcDbEntity
  8
B.Cu
  6
CONTINUOUS
100
AcDbLine
 10
5.993720472440946
 20
-4.3541107874015745
 30
0
 11
5.993720472440946
 21
-4.3954955118110233
 31
0
  0
LINE
  5
D33
330
1B
100
AcDbEntity
  8
B.Cu
  6
CONTINUOUS
100
AcDbLine
 10
5.993720472440946
 20
-4.3954955118110233
 30
0
 11
5.993720472440946
 21
-4.3954955905511808
 31
0
  0
LINE
  5
D34
330
1B
100
AcDbEntity
  8
B.Cu
  6
CONTINUOUS
100
AcDbLine
 10
5.993720472440946
 20
-4.3954955905511808
 30
0
 11
5.993720511811024
 21
-4.3954955905511808
 31
0
  0
LINE
  5
D35
330
1B
100
AcDbEntity
  8
B.Cu
  6
CONTINUOUS
100
AcDbLine
 10
5.993720511811024
 20
-4.3954955905511808
 30
0
 11
5.99225220472441
 21
-4.4028770866141729
 31
0
  0
LINE
  5
D36
330
1B
100
AcDbEntity
  8
B.Cu
  6
CONTINUOUS
100
AcDbLine
 10
5.99225220472441
 20
-4.4028770866141729
 30
0
 11
5.992252086614173
 21
-4.4028774803149604
 31
0
  0
LINE
  5
D37
330
1B
100
AcDbEntity
  8
B.Cu
  6
CONTINUOUS
100
AcDbLine
 10
5.992252086614173
 20
-4.4028774803149604
 30
0
 11
5.9893720078740165
 21
-4.409830708661417
 31
0
  0
LINE
  5
D38
330
1B
100
AcDbEntity
  8
B.Cu
  6
CONTINUOUS
100
AcDbLine
 10
5.9893720078740165
 20
-4.409830708661417
 30
0
 11
5.985190393700788
 21
-4.4160889763779529
 31
0
  0
LINE
  5
D39
330
1B
100
AcDbEntity
  8
B.Cu
  6
CONTINUOUS
100
AcDbLine
 10
5.985190393700788
 20
-4.4160889763779529
 30
0
 11
5.9845205118110245
 21
-4.4167588188976374
 31
0
  0
LINE
  5
D3A
330
1B
100
AcDbEntity
  8
B.Cu
  6
CONTINUOUS
100
AcDbLine
 10
5.9845205118110245
 20
-4.4167588188976374
 30
0
 11
5.983202125984253
 21
-4.4191730708661412
 31
0
  0
LINE
  5
D3B
330
1B
100
AcDbEntity
  8
B.Cu
  6
CONTINUOUS
100
AcDbLine
 10
5.983202125984253
 20
-4.4191730708661412
 30
0
 11
5.983090551181103
 21
-4.4202109055118113
 31
0
  0
LINE
  5
D3C
330
1B
100
AcDbEntity
  8
B.Cu
  6
CONTINUOUS
100
AcDbLine
 10
5.983090551181103
 20
-4.4202109055118113
 30
0
 11
5.983090551181103
 21
-4.5641133858267713
 31
0
  0
LINE
  5
D3D
330
1B
100
AcDbEntity
  8
B.Cu
  6
CONTINUOUS
100
AcDbLine
 10
5.983090551181103
 20
-4.5641133858267713
 30
0
 11
5.983865551181103
 21
-4.5667527165354329
 31
0
  0
LINE
  5
D3E
330
1B
100
AcDbEntity
  8
B.Cu
  6
CONTINUOUS
100
AcDbLine
 10
5.983865551181103
 20
-4.5667527165354329
 30
0
 11
5.984520433070867
 21
-4.5675653937007876
 31
0
  0
LINE
  5
D3F
330
1B
100
AcDbEntity
  8
B.Cu
  6
CONTINUOUS
100
AcDbLine
 10
5.984520433070867
 20
-4.5675653937007876
 30
0
 11
6.005673700787402
 21
-4.588718622047244
 31
0
  0
LINE
  5
D40
330
1B
100
AcDbEntity
  8
B.Cu
  6
CONTINUOUS
100
AcDbLine
 10
6.005673700787402
 20
-4.588718622047244
 30
0
 11
6.005673858267717
 21
-4.5887188188976378
 31
0
  0
LINE
  5
D41
330
1B
100
AcDbEntity
  8
B.Cu
  6
CONTINUOUS
100
AcDbLine
 10
6.005673858267717
 20
-4.5887188188976378
 30
0
 11
6.006692086614174
 21
-4.5902427165354327
 31
0
  0
LINE
  5
D42
330
1B
100
AcDbEntity
  8
B.Cu
  6
CONTINUOUS
100
AcDbLine
 10
6.006692086614174
 20
-4.5902427165354327
 30
0
 11
6.006945787401575
 21
-4.5906224803149609
 31
0
  0
LINE
  5
D43
330
1B
100
AcDbEntity
  8
B.Cu
  6
CONTINUOUS
100
AcDbLine
 10
6.006945787401575
 20
-4.5906224803149609
 30
0
 11
6.007710826771654
 21
-4.5917674409448814
 31
0
  0
LINE
  5
D44
330
1B
100
AcDbEntity
  8
B.Cu
  6
CONTINUOUS
100
AcDbLine
 10
6.007710826771654
 20
-4.5917674409448814
 30
0
 11
6.008692007874016
 21
-4.5932358661417325
 31
0
  0
LINE
  5
D45
330
1B
100
AcDbEntity
  8
B.Cu
  6
CONTINUOUS
100
AcDbLine
 10
6.008692007874016
 20
-4.5932358661417325
 30
0
 11
6.010770826771654
 21
-4.5982546062992125
 31
0
  0
LINE
  5
D46
330
1B
100
AcDbEntity
  8
B.Cu
  6
CONTINUOUS
100
AcDbLine
 10
6.010770826771654
 20
-4.5982546062992125
 30
0
 11
6.01077094488189
 21
-4.598255
 31
0
  0
LINE
  5
D47
330
1B
100
AcDbEntity
  8
B.Cu
  6
CONTINUOUS
100
AcDbLine
 10
6.01077094488189
 20
-4.598255
 30
0
 11
6.011830708661418
 21
-4.6035828346456693
 31
0
  0
LINE
  5
D48
330
1B
100
AcDbEntity
  8
B.Cu
  6
CONTINUOUS
100
AcDbLine
 10
6.011830708661418
 20
-4.6035828346456693
 30
0
 11
6.011830708661418
 21
-4.6638056692913388
 31
0
  0
LINE
  5
D49
330
1B
100
AcDbEntity
  8
B.Cu
  6
CONTINUOUS
100
AcDbLine
 10
6.011830708661418
 20
-4.6638056692913388
 30
0
 11
6.012605708661418
 21
-4.6664449999999995
 31
0
  0
LINE
  5
D4A
330
1B
100
AcDbEntity
  8
B.Cu
  6
CONTINUOUS
100
AcDbLine
 10
6.012605708661418
 20
-4.6664449999999995
 30
0
 11
6.013260590551182
 21
-4.6672576771653542
 31
0
  0
LINE
  5
D4B
330
1B
100
AcDbEntity
  8
B.Cu
  6
CONTINUOUS
100
AcDbLine
 10
6.013260590551182
 20
-4.6672576771653542
 30
0
 11
6.0186545669291345
 21
-4.6726516141732279
 31
0
  0
LINE
  5
D4C
330
1B
100
AcDbEntity
  8
B.Cu
  6
CONTINUOUS
100
AcDbLine
 10
6.0186545669291345
 20
-4.6726516141732279
 30
0
 11
6.0186545669291345
 21
-4.6726516535433067
 31
0
  0
LINE
  5
D4D
330
1B
100
AcDbEntity
  8
B.Cu
  6
CONTINUOUS
100
AcDbLine
 10
6.0186545669291345
 20
-4.6726516535433067
 30
0
 11
6.018654645669292
 21
-4.6726517322834642
 31
0
  0
LINE
  5
D4E
330
1B
100
AcDbEntity
  8
B.Cu
  6
CONTINUOUS
100
AcDbLine
 10
6.018654645669292
 20
-4.6726517322834642
 30
0
 11
6.019121377952756
 21
-4.6732941338582679
 31
0
  0
LINE
  5
D4F
330
1B
100
AcDbEntity
  8
B.Cu
  6
CONTINUOUS
100
AcDbLine
 10
6.019121377952756
 20
-4.6732941338582679
 30
0
 11
6.023209606299213
 21
-4.6789210236220473
 31
0
  0
LINE
  5
D50
330
1B
100
AcDbEntity
  8
B.Cu
  6
CONTINUOUS
100
AcDbLine
 10
6.023209606299213
 20
-4.6789210236220473
 30
0
 11
6.026752559055119
 21
-4.6858745275590552
 31
0
  0
LINE
  5
D51
330
1B
100
AcDbEntity
  8
B.Cu
  6
CONTINUOUS
100
AcDbLine
 10
6.026752559055119
 20
-4.6858745275590552
 30
0
 11
6.028641299212599
 21
-4.68787437007874
 31
0
  0
LINE
  5
D52
330
1B
100
AcDbEntity
  8
B.Cu
  6
CONTINUOUS
100
AcDbLine
 10
6.028641299212599
 20
-4.68787437007874
 30
0
 11
6.0313114173228355
 21
-4.6885355905511812
 31
0
  0
LINE
  5
D53
330
1B
100
AcDbEntity
  8
B.Cu
  6
CONTINUOUS
100
AcDbLine
 10
6.0313114173228355
 20
-4.6885355905511812
 30
0
 11
6.033915157480315
 21
-4.6876483070866142
 31
0
  0
LINE
  5
D54
330
1B
100
AcDbEntity
  8
B.Cu
  6
CONTINUOUS
100
AcDbLine
 10
6.033915157480315
 20
-4.6876483070866142
 30
0
 11
6.035452165354331
 21
-4.6858745275590552
 31
0
  0
LINE
  5
D55
330
1B
100
AcDbEntity
  8
B.Cu
  6
CONTINUOUS
100
AcDbLine
 10
6.035452165354331
 20
-4.6858745275590552
 30
0
 11
6.038995157480316
 21
-4.6789210236220473
 31
0
  0
LINE
  5
D56
330
1B
100
AcDbEntity
  8
B.Cu
  6
CONTINUOUS
100
AcDbLine
 10
6.038995157480316
 20
-4.6789210236220473
 30
0
 11
6.043550078740158
 21
-4.6726517322834642
 31
0
  0
LINE
  5
D57
330
1B
100
AcDbEntity
  8
B.Cu
  6
CONTINUOUS
100
AcDbLine
 10
6.043550078740158
 20
-4.6726517322834642
 30
0
 11
6.04902968503937
 21
-4.6671721259842522
 31
0
  0
LINE
  5
D58
330
1B
100
AcDbEntity
  8
B.Cu
  6
CONTINUOUS
100
AcDbLine
 10
6.04902968503937
 20
-4.6671721259842522
 30
0
 11
6.055299015748032
 21
-4.6626171653543302
 31
0
  0
LINE
  5
D59
330
1B
100
AcDbEntity
  8
B.Cu
  6
CONTINUOUS
100
AcDbLine
 10
6.055299015748032
 20
-4.6626171653543302
 30
0
 11
6.056673228346457
 21
-4.6619169685039372
 31
0
  0
LINE
  5
D5A
330
1B
100
AcDbEntity
  8
B.Cu
  6
CONTINUOUS
100
AcDbLine
 10
6.056673228346457
 20
-4.6619169685039372
 30
0
 11
6.062203582677165
 21
-4.6590990944881892
 31
0
  0
LINE
  5
D5B
330
1B
100
AcDbEntity
  8
B.Cu
  6
CONTINUOUS
100
AcDbLine
 10
6.062203582677165
 20
-4.6590990944881892
 30
0
 11
6.06957377952756
 21
-4.6567043307086617
 31
0
  0
LINE
  5
D5C
330
1B
100
AcDbEntity
  8
B.Cu
  6
CONTINUOUS
100
AcDbLine
 10
6.06957377952756
 20
-4.6567043307086617
 30
0
 11
6.077227480314961
 21
-4.6554921259842521
 31
0
  0
LINE
  5
D5D
330
1B
100
AcDbEntity
  8
B.Cu
  6
CONTINUOUS
100
AcDbLine
 10
6.077227480314961
 20
-4.6554921259842521
 30
0
 11
6.077227677165355
 21
-4.6554921259842521
 31
0
  0
LINE
  5
D5E
330
1B
100
AcDbEntity
  8
B.Cu
  6
CONTINUOUS
100
AcDbLine
 10
6.077227677165355
 20
-4.6554921259842521
 30
0
 11
6.084977047244095
 21
-4.6554921259842521
 31
0
  0
LINE
  5
D5F
330
1B
100
AcDbEntity
  8
B.Cu
  6
CONTINUOUS
100
AcDbLine
 10
6.084977047244095
 20
-4.6554921259842521
 30
0
 11
6.084977244094489
 21
-4.6554921259842521
 31
0
  0
LINE
  5
D60
330
1B
100
AcDbEntity
  8
B.Cu
  6
CONTINUOUS
100
AcDbLine
 10
6.084977244094489
 20
-4.6554921259842521
 30
0
 11
6.092630984251969
 21
-4.6567043307086617
 31
0
  0
LINE
  5
D61
330
1B
100
AcDbEntity
  8
B.Cu
  6
CONTINUOUS
100
AcDbLine
 10
6.092630984251969
 20
-4.6567043307086617
 30
0
 11
6.100001181102363
 21
-4.6590990944881892
 31
0
  0
LINE
  5
D62
330
1B
100
AcDbEntity
  8
B.Cu
  6
CONTINUOUS
100
AcDbLine
 10
6.100001181102363
 20
-4.6590990944881892
 30
0
 11
6.1069057480314966
 21
-4.6626171653543302
 31
0
  0
LINE
  5
D63
330
1B
100
AcDbEntity
  8
B.Cu
  6
CONTINUOUS
100
AcDbLine
 10
6.1069057480314966
 20
-4.6626171653543302
 30
0
 11
6.110482637795276
 21
-4.66521594488189
 31
0
  0
LINE
  5
D64
330
1B
100
AcDbEntity
  8
B.Cu
  6
CONTINUOUS
100
AcDbLine
 10
6.110482637795276
 20
-4.66521594488189
 30
0
 11
6.113175039370079
 21
-4.6671721259842522
 31
0
  0
LINE
  5
D65
330
1B
100
AcDbEntity
  8
B.Cu
  6
CONTINUOUS
100
AcDbLine
 10
6.113175039370079
 20
-4.6671721259842522
 30
0
 11
6.113175118110236
 21
-4.6671722047244097
 31
0
  0
LINE
  5
D66
330
1B
100
AcDbEntity
  8
B.Cu
  6
CONTINUOUS
100
AcDbLine
 10
6.113175118110236
 20
-4.6671722047244097
 30
0
 11
6.113175157480315
 21
-4.6671722047244097
 31
0
  0
LINE
  5
D67
330
1B
100
AcDbEntity
  8
B.Cu
  6
CONTINUOUS
100
AcDbLine
 10
6.113175157480315
 20
-4.6671722047244097
 30
0
 11
6.118654566929134
 21
-4.6726516141732279
 31
0
  0
LINE
  5
D68
330
1B
100
AcDbEntity
  8
B.Cu
  6
CONTINUOUS
100
AcDbLine
 10
6.118654566929134
 20
-4.6726516141732279
 30
0
 11
6.118654566929134
 21
-4.6726516535433067
 31
0
  0
LINE
  5
D69
330
1B
100
AcDbEntity
  8
B.Cu
  6
CONTINUOUS
100
AcDbLine
 10
6.118654566929134
 20
-4.6726516535433067
 30
0
 11
6.118654645669292
 21
-4.6726517322834642
 31
0
  0
LINE
  5
D6A
330
1B
100
AcDbEntity
  8
B.Cu
  6
CONTINUOUS
100
AcDbLine
 10
6.118654645669292
 20
-4.6726517322834642
 30
0
 11
6.119121377952756
 21
-4.6732941338582679
 31
0
  0
LINE
  5
D6B
330
1B
100
AcDbEntity
  8
B.Cu
  6
CONTINUOUS
100
AcDbLine
 10
6.119121377952756
 20
-4.6732941338582679
 30
0
 11
6.123209606299213
 21
-4.6789210236220473
 31
0
  0
LINE
  5
D6C
330
1B
100
AcDbEntity
  8
B.Cu
  6
CONTINUOUS
100
AcDbLine
 10
6.123209606299213
 20
-4.6789210236220473
 30
0
 11
6.126752559055118
 21
-4.6858745275590552
 31
0
  0
LINE
  5
D6D
330
1B
100
AcDbEntity
  8
B.Cu
  6
CONTINUOUS
100
AcDbLine
 10
6.126752559055118
 20
-4.6858745275590552
 30
0
 11
6.128641299212599
 21
-4.68787437007874
 31
0
  0
LINE
  5
D6E
330
1B
100
AcDbEntity
  8
B.Cu
  6
CONTINUOUS
100
AcDbLine
 10
6.128641299212599
 20
-4.68787437007874
 30
0
 11
6.131311417322835
 21
-4.6885355905511812
 31
0
  0
LINE
  5
D6F
330
1B
100
AcDbEntity
  8
B.Cu
  6
CONTINUOUS
100
AcDbLine
 10
6.131311417322835
 20
-4.6885355905511812
 30
0
 11
6.133915157480315
 21
-4.6876483070866142
 31
0
  0
LINE
  5
D70
330
1B
100
AcDbEntity
  8
B.Cu
  6
CONTINUOUS
100
AcDbLine
 10
6.133915157480315
 20
-4.6876483070866142
 30
0
 11
6.135452165354331
 21
-4.6858745275590552
 31
0
  0
LINE
  5
D71
330
1B
100
AcDbEntity
  8
B.Cu
  6
CONTINUOUS
100
AcDbLine
 10
6.135452165354331
 20
-4.6858745275590552
 30
0
 11
6.138995157480315
 21
-4.6789210236220473
 31
0
  0
LINE
  5
D72
330
1B
100
AcDbEntity
  8
B.Cu
  6
CONTINUOUS
100
AcDbLine
 10
6.138995157480315
 20
-4.6789210236220473
 30
0
 11
6.143550078740158
 21
-4.6726517322834642
 31
0
  0
LINE
  5
D73
330
1B
100
AcDbEntity
  8
B.Cu
  6
CONTINUOUS
100
AcDbLine
 10
6.143550078740158
 20
-4.6726517322834642
 30
0
 11
6.149029685039371
 21
-4.6671721259842522
 31
0
  0
LINE
  5
D74
330
1B
100
AcDbEntity
  8
B.Cu
  6
CONTINUOUS
100
AcDbLine
 10
6.149029685039371
 20
-4.6671721259842522
 30
0
 11
6.155299015748032
 21
-4.6626171653543302
 31
0
  0
LINE
  5
D75
330
1B
100
AcDbEntity
  8
B.Cu
  6
CONTINUOUS
100
AcDbLine
 10
6.155299015748032
 20
-4.6626171653543302
 30
0
 11
6.156673228346457
 21
-4.6619169685039372
 31
0
  0
LINE
  5
D76
330
1B
100
AcDbEntity
  8
B.Cu
  6
CONTINUOUS
100
AcDbLine
 10
6.156673228346457
 20
-4.6619169685039372
 30
0
 11
6.162203582677166
 21
-4.6590990944881892
 31
0
  0
LINE
  5
D77
330
1B
100
AcDbEntity
  8
B.Cu
  6
CONTINUOUS
100
AcDbLine
 10
6.162203582677166
 20
-4.6590990944881892
 30
0
 11
6.16957377952756
 21
-4.6567043307086617
 31
0
  0
LINE
  5
D78
330
1B
100
AcDbEntity
  8
B.Cu
  6
CONTINUOUS
100
AcDbLine
 10
6.16957377952756
 20
-4.6567043307086617
 30
0
 11
6.177227480314961
 21
-4.6554921259842521
 31
0
  0
LINE
  5
D79
330
1B
100
AcDbEntity
  8
B.Cu
  6
CONTINUOUS
100
AcDbLine
 10
6.177227480314961
 20
-4.6554921259842521
 30
0
 11
6.177227677165355
 21
-4.6554921259842521
 31
0
  0
LINE
  5
D7A
330
1B
100
AcDbEntity
  8
B.Cu
  6
CONTINUOUS
100
AcDbLine
 10
6.177227677165355
 20
-4.6554921259842521
 30
0
 11
6.184977047244095
 21
-4.6554921259842521
 31
0
  0
LINE
  5
D7B
330
1B
100
AcDbEntity
  8
B.Cu
  6
CONTINUOUS
100
AcDbLine
 10
6.184977047244095
 20
-4.6554921259842521
 30
0
 11
6.184977244094489
 21
-4.6554921259842521
 31
0
  0
LINE
  5
D7C
330
1B
100
AcDbEntity
  8
B.Cu
  6
CONTINUOUS
100
AcDbLine
 10
6.184977244094489
 20
-4.6554921259842521
 30
0
 11
6.192630984251969
 21
-4.6567043307086617
 31
0
  0
LINE
  5
D7D
330
1B
100
AcDbEntity
  8
B.Cu
  6
CONTINUOUS
100
AcDbLine
 10
6.192630984251969
 20
-4.6567043307086617
 30
0
 11
6.200001181102363
 21
-4.6590990944881892
 31
0
  0
LINE
  5
D7E
330
1B
100
AcDbEntity
  8
B.Cu
  6
CONTINUOUS
100
AcDbLine
 10
6.200001181102363
 20
-4.6590990944881892
 30
0
 11
6.206905748031496
 21
-4.6626171653543302
 31
0
  0
LINE
  5
D7F
330
1B
100
AcDbEntity
  8
B.Cu
  6
CONTINUOUS
100
AcDbLine
 10
6.206905748031496
 20
-4.6626171653543302
 30
0
 11
6.210482637795276
 21
-4.66521594488189
 31
0
  0
LINE
  5
D80
330
1B
100
AcDbEntity
  8
B.Cu
  6
CONTINUOUS
100
AcDbLine
 10
6.210482637795276
 20
-4.66521594488189
 30
0
 11
6.213175039370079
 21
-4.6671721259842522
 31
0
  0
LINE
  5
D81
330
1B
100
AcDbEntity
  8
B.Cu
  6
CONTINUOUS
100
AcDbLine
 10
6.213175039370079
 20
-4.6671721259842522
 30
0
 11
6.213175118110237
 21
-4.6671722047244097
 31
0
  0
LINE
  5
D82
330
1B
100
AcDbEntity
  8
B.Cu
  6
CONTINUOUS
100
AcDbLine
 10
6.213175118110237
 20
-4.6671722047244097
 30
0
 11
6.213175157480316
 21
-4.6671722047244097
 31
0
  0
LINE
  5
D83
330
1B
100
AcDbEntity
  8
B.Cu
  6
CONTINUOUS
100
AcDbLine
 10
6.213175157480316
 20
-4.6671722047244097
 30
0
 11
6.218654685039371
 21
-4.6726517322834642
 31
0
  0
LINE
  5
D84
330
1B
100
AcDbEntity
  8
B.Cu
  6
CONTINUOUS
100
AcDbLine
 10
6.218654685039371
 20
-4.6726517322834642
 30
0
 11
6.2191213779527565
 21
-4.6732941338582679
 31
0
  0
LINE
  5
D85
330
1B
100
AcDbEntity
  8
B.Cu
  6
CONTINUOUS
100
AcDbLine
 10
6.2191213779527565
 20
-4.6732941338582679
 30
0
 11
6.221299724409449
 21
-4.6749738582677161
 31
0
  0
LINE
  5
D86
330
1B
100
AcDbEntity
  8
B.Cu
  6
CONTINUOUS
100
AcDbLine
 10
6.221299724409449
 20
-4.6749738582677161
 30
0
 11
6.224040433070867
 21
-4.6752092125984248
 31
0
  0
LINE
  5
D87
330
1B
100
AcDbEntity
  8
B.Cu
  6
CONTINUOUS
100
AcDbLine
 10
6.224040433070867
 20
-4.6752092125984248
 30
0
 11
6.2264732677165355
 21
-4.6739254724409447
 31
0
  0
LINE
  5
D88
330
1B
100
AcDbEntity
  8
B.Cu
  6
CONTINUOUS
100
AcDbLine
 10
6.2264732677165355
 20
-4.6739254724409447
 30
0
 11
6.2278259055118115
 21
-4.6715302362204723
 31
0
  0
LINE
  5
D89
330
1B
100
AcDbEntity
  8
B.Cu
  6
CONTINUOUS
100
AcDbLine
 10
6.2278259055118115
 20
-4.6715302362204723
 30
0
 11
6.227952755905513
 21
-4.6704245669291335
 31
0
  0
LINE
  5
D8A
330
1B
100
AcDbEntity
  8
B.Cu
  6
CONTINUOUS
100
AcDbLine
 10
6.227952755905513
 20
-4.6704245669291335
 30
0
 11
6.227952755905513
 21
-4.669376850393701
 31
0
  0
LINE
  5
D8B
330
1B
100
AcDbEntity
  8
B.Cu
  6
CONTINUOUS
100
AcDbLine
 10
6.227952755905513
 20
-4.669376850393701
 30
0
 11
6.227952795275591
 21
-4.6693761811023622
 31
0
  0
LINE
  5
D8C
330
1B
100
AcDbEntity
  8
B.Cu
  6
CONTINUOUS
100
AcDbLine
 10
6.227952795275591
 20
-4.6693761811023622
 30
0
 11
6.228204803149607
 21
-4.6670325590551176
 31
0
  0
LINE
  5
D8D
330
1B
100
AcDbEntity
  8
B.Cu
  6
CONTINUOUS
100
AcDbLine
 10
6.228204803149607
 20
-4.6670325590551176
 30
0
 11
6.228204881889765
 21
-4.6670322834645672
 31
0
  0
LINE
  5
D8E
330
1B
100
AcDbEntity
  8
B.Cu
  6
CONTINUOUS
100
AcDbLine
 10
6.228204881889765
 20
-4.6670322834645672
 30
0
 11
6.2301829133858275
 21
-4.6617288582677165
 31
0
  0
LINE
  5
D8F
330
1B
100
AcDbEntity
  8
B.Cu
  6
CONTINUOUS
100
AcDbLine
 10
6.2301829133858275
 20
-4.6617288582677165
 30
0
 11
6.2301830708661425
 21
-4.6617285826771653
 31
0
  0
LINE
  5
D90
330
1B
100
AcDbEntity
  8
B.Cu
  6
CONTINUOUS
100
AcDbLine
 10
6.2301830708661425
 20
-4.6617285826771653
 30
0
 11
6.233575196850394
 21
-4.6571973228346453
 31
0
  0
LINE
  5
D91
330
1B
100
AcDbEntity
  8
B.Cu
  6
CONTINUOUS
100
AcDbLine
 10
6.233575196850394
 20
-4.6571973228346453
 30
0
 11
6.23357531496063
 21
-4.657197204724409
 31
0
  0
LINE
  5
D92
330
1B
100
AcDbEntity
  8
B.Cu
  6
CONTINUOUS
100
AcDbLine
 10
6.23357531496063
 20
-4.657197204724409
 30
0
 11
6.23810657480315
 21
-4.6538050787401577
 31
0
  0
LINE
  5
D93
330
1B
100
AcDbEntity
  8
B.Cu
  6
CONTINUOUS
100
AcDbLine
 10
6.23810657480315
 20
-4.6538050787401577
 30
0
 11
6.238106850393701
 21
-4.6538049212598427
 31
0
  0
LINE
  5
D94
330
1B
100
AcDbEntity
  8
B.Cu
  6
CONTINUOUS
100
AcDbLine
 10
6.238106850393701
 20
-4.6538049212598427
 30
0
 11
6.243410275590552
 21
-4.6518268897637798
 31
0
  0
LINE
  5
D95
330
1B
100
AcDbEntity
  8
B.Cu
  6
CONTINUOUS
100
AcDbLine
 10
6.243410275590552
 20
-4.6518268897637798
 30
0
 11
6.243410551181102
 21
-4.6518268110236223
 31
0
  0
LINE
  5
D96
330
1B
100
AcDbEntity
  8
B.Cu
  6
CONTINUOUS
100
AcDbLine
 10
6.243410551181102
 20
-4.6518268110236223
 30
0
 11
6.245754173228347
 21
-4.6515748031496065
 31
0
  0
LINE
  5
D97
330
1B
100
AcDbEntity
  8
B.Cu
  6
CONTINUOUS
100
AcDbLine
 10
6.245754173228347
 20
-4.6515748031496065
 30
0
 11
6.271259842519686
 21
-4.6515748031496065
 31
0
  0
LINE
  5
D98
330
1B
100
AcDbEntity
  8
B.Cu
  6
CONTINUOUS
100
AcDbLine
 10
6.271259842519686
 20
-4.6515748031496065
 30
0
 11
6.271259842519686
 21
-4.6712598425196852
 31
0
  0
LINE
  5
D99
330
1B
100
AcDbEntity
  8
B.Cu
  6
CONTINUOUS
100
AcDbLine
 10
6.271259842519686
 20
-4.6712598425196852
 30
0
 11
6.247637795275591
 21
-4.6712598425196852
 31
0
  0
LINE
  5
D9A
330
1B
100
AcDbEntity
  8
B.Cu
  6
CONTINUOUS
100
AcDbLine
 10
6.247637795275591
 20
-4.6712598425196852
 30
0
 11
6.247637795275591
 21
-4.7381889763779528
 31
0
  0
LINE
  5
D9B
330
1B
100
AcDbEntity
  8
B.Cu
  6
CONTINUOUS
100
AcDbLine
 10
6.247637795275591
 20
-4.7381889763779528
 30
0
 11
6.271259842519686
 21
-4.7381889763779528
 31
0
  0
LINE
  5
D9C
330
1B
100
AcDbEntity
  8
B.Cu
  6
CONTINUOUS
100
AcDbLine
 10
6.271259842519686
 20
-4.7381889763779528
 30
0
 11
6.271259842519686
 21
-4.7578740157480315
 31
0
  0
LINE
  5
D9D
330
1B
100
AcDbEntity
  8
B.Cu
  6
CONTINUOUS
100
AcDbLine
 10
6.271259842519686
 20
-4.7578740157480315
 30
0
 11
6.245754803149607
 21
-4.7578740157480315
 31
0
  0
LINE
  5
D9E
330
1B
100
AcDbEntity
  8
B.Cu
  6
CONTINUOUS
100
AcDbLine
 10
6.245754803149607
 20
-4.7578740157480315
 30
0
 11
6.245754173228347
 21
-4.7578739763779527
 31
0
  0
LINE
  5
D9F
330
1B
100
AcDbEntity
  8
B.Cu
  6
CONTINUOUS
100
AcDbLine
 10
6.245754173228347
 20
-4.7578739763779527
 30
0
 11
6.243410551181102
 21
-4.7576219685039369
 31
0
  0
LINE
  5
DA0
330
1B
100
AcDbEntity
  8
B.Cu
  6
CONTINUOUS
100
AcDbLine
 10
6.243410551181102
 20
-4.7576219685039369
 30
0
 11
6.243410275590552
 21
-4.7576218897637794
 31
0
  0
LINE
  5
DA1
330
1B
100
AcDbEntity
  8
B.Cu
  6
CONTINUOUS
100
AcDbLine
 10
6.243410275590552
 20
-4.7576218897637794
 30
0
 11
6.238106850393701
 21
-4.7556438582677165
 31
0
  0
LINE
  5
DA2
330
1B
100
AcDbEntity
  8
B.Cu
  6
CONTINUOUS
100
AcDbLine
 10
6.238106850393701
 20
-4.7556438582677165
 30
0
 11
6.23810657480315
 21
-4.7556437007874015
 31
0
  0
LINE
  5
DA3
330
1B
100
AcDbEntity
  8
B.Cu
  6
CONTINUOUS
100
AcDbLine
 10
6.23810657480315
 20
-4.7556437007874015
 30
0
 11
6.23357531496063
 21
-4.7522515748031493
 31
0
  0
LINE
  5
DA4
330
1B
100
AcDbEntity
  8
B.Cu
  6
CONTINUOUS
100
AcDbLine
 10
6.23357531496063
 20
-4.7522515748031493
 30
0
 11
6.233575196850394
 21
-4.752251456692913
 31
0
  0
LINE
  5
DA5
330
1B
100
AcDbEntity
  8
B.Cu
  6
CONTINUOUS
100
AcDbLine
 10
6.233575196850394
 20
-4.752251456692913
 30
0
 11
6.2301830708661425
 21
-4.7477201968503939
 31
0
  0
LINE
  5
DA6
330
1B
100
AcDbEntity
  8
B.Cu
  6
CONTINUOUS
100
AcDbLine
 10
6.2301830708661425
 20
-4.7477201968503939
 30
0
 11
6.2301829133858275
 21
-4.7477199212598427
 31
0
  0
LINE
  5
DA7
330
1B
100
AcDbEntity
  8
B.Cu
  6
CONTINUOUS
100
AcDbLine
 10
6.2301829133858275
 20
-4.7477199212598427
 30
0
 11
6.228204881889765
 21
-4.742416496062992
 31
0
  0
LINE
  5
DA8
330
1B
100
AcDbEntity
  8
B.Cu
  6
CONTINUOUS
100
AcDbLine
 10
6.228204881889765
 20
-4.742416496062992
 30
0
 11
6.228204803149607
 21
-4.7424162204724407
 31
0
  0
LINE
  5
DA9
330
1B
100
AcDbEntity
  8
B.Cu
  6
CONTINUOUS
100
AcDbLine
 10
6.228204803149607
 20
-4.7424162204724407
 30
0
 11
6.227952795275591
 21
-4.740072598425197
 31
0
  0
LINE
  5
DAA
330
1B
100
AcDbEntity
  8
B.Cu
  6
CONTINUOUS
100
AcDbLine
 10
6.227952795275591
 20
-4.740072598425197
 30
0
 11
6.227952755905513
 21
-4.7400719291338582
 31
0
  0
LINE
  5
DAB
330
1B
100
AcDbEntity
  8
B.Cu
  6
CONTINUOUS
100
AcDbLine
 10
6.227952755905513
 20
-4.7400719291338582
 30
0
 11
6.227952755905513
 21
-4.7390242125984248
 31
0
  0
LINE
  5
DAC
330
1B
100
AcDbEntity
  8
B.Cu
  6
CONTINUOUS
100
AcDbLine
 10
6.227952755905513
 20
-4.7390242125984248
 30
0
 11
6.227177755905513
 21
-4.736384881889764
 31
0
  0
LINE
  5
DAD
330
1B
100
AcDbEntity
  8
B.Cu
  6
CONTINUOUS
100
AcDbLine
 10
6.227177755905513
 20
-4.736384881889764
 30
0
 11
6.225098858267717
 21
-4.7345835039370074
 31
0
  0
LINE
  5
DAE
330
1B
100
AcDbEntity
  8
B.Cu
  6
CONTINUOUS
100
AcDbLine
 10
6.225098858267717
 20
-4.7345835039370074
 30
0
 11
6.2223761023622055
 21
-4.7341920078740154
 31
0
  0
LINE
  5
DAF
330
1B
100
AcDbEntity
  8
B.Cu
  6
CONTINUOUS
100
AcDbLine
 10
6.2223761023622055
 20
-4.7341920078740154
 30
0
 11
6.219873897637796
 21
-4.7353347244094488
 31
0
  0
LINE
  5
DB0
330
1B
100
AcDbEntity
  8
B.Cu
  6
CONTINUOUS
100
AcDbLine
 10
6.219873897637796
 20
-4.7353347244094488
 30
0
 11
6.219121417322835
 21
-4.7361546062992126
 31
0
  0
LINE
  5
DB1
330
1B
100
AcDbEntity
  8
B.Cu
  6
CONTINUOUS
100
AcDbLine
 10
6.219121417322835
 20
-4.7361546062992126
 30
0
 11
6.218654645669292
 21
-4.7367970866141729
 31
0
  0
LINE
  5
DB2
330
1B
100
AcDbEntity
  8
B.Cu
  6
CONTINUOUS
100
AcDbLine
 10
6.218654645669292
 20
-4.7367970866141729
 30
0
 11
6.213175039370079
 21
-4.7422766929133857
 31
0
  0
LINE
  5
DB3
330
1B
100
AcDbEntity
  8
B.Cu
  6
CONTINUOUS
100
AcDbLine
 10
6.213175039370079
 20
-4.7422766929133857
 30
0
 11
6.210693385826772
 21
-4.7440796850393703
 31
0
  0
LINE
  5
DB4
330
1B
100
AcDbEntity
  8
B.Cu
  6
CONTINUOUS
100
AcDbLine
 10
6.210693385826772
 20
-4.7440796850393703
 30
0
 11
6.209013740157481
 21
-4.7462579133858265
 31
0
  0
LINE
  5
DB5
330
1B
100
AcDbEntity
  8
B.Cu
  6
CONTINUOUS
100
AcDbLine
 10
6.209013740157481
 20
-4.7462579133858265
 30
0
 11
6.208681102362205
 21
-4.7480291338582674
 31
0
  0
LINE
  5
DB6
330
1B
100
AcDbEntity
  8
B.Cu
  6
CONTINUOUS
100
AcDbLine
 10
6.208681102362205
 20
-4.7480291338582674
 30
0
 11
6.208681102362205
 21
-4.7700189370078743
 31
0
  0
LINE
  5
DB7
330
1B
100
AcDbEntity
  8
B.Cu
  6
CONTINUOUS
100
AcDbLine
 10
6.208681102362205
 20
-4.7700189370078743
 30
0
 11
6.209456102362205
 21
-4.772658267716535
 31
0
  0
LINE
  5
DB8
330
1B
100
AcDbEntity
  8
B.Cu
  6
CONTINUOUS
100
AcDbLine
 10
6.209456102362205
 20
-4.772658267716535
 30
0
 11
6.210110984251969
 21
-4.7734709448818897
 31
0
  0
LINE
  5
DB9
330
1B
100
AcDbEntity
  8
B.Cu
  6
CONTINUOUS
100
AcDbLine
 10
6.210110984251969
 20
-4.7734709448818897
 30
0
 11
6.230466062992126
 21
-4.7938260236220476
 31
0
  0
LINE
  5
DBA
330
1B
100
AcDbEntity
  8
B.Cu
  6
CONTINUOUS
100
AcDbLine
 10
6.230466062992126
 20
-4.7938260236220476
 30
0
 11
6.232880354330709
 21
-4.795144330708661
 31
0
  0
LINE
  5
DBB
330
1B
100
AcDbEntity
  8
B.Cu
  6
CONTINUOUS
100
AcDbLine
 10
6.232880354330709
 20
-4.795144330708661
 30
0
 11
6.233918070866142
 21
-4.7952559055118114
 31
0
  0
LINE
  5
DBC
330
1B
100
AcDbEntity
  8
B.Cu
  6
CONTINUOUS
100
AcDbLine
 10
6.233918070866142
 20
-4.7952559055118114
 30
0
 11
6.4038772047244095
 21
-4.7952559055118114
 31
0
  0
LINE
  5
DBD
330
1B
100
AcDbEntity
  8
B.Cu
  6
CONTINUOUS
100
AcDbLine
 10
6.4038772047244095
 20
-4.7952559055118114
 30
0
 11
6.406516535433071
 21
-4.7944809055118105
 31
0
  0
LINE
  5
DBE
330
1B
100
AcDbEntity
  8
B.Cu
  6
CONTINUOUS
100
AcDbLine
 10
6.406516535433071
 20
-4.7944809055118105
 30
0
 11
6.407329212598426
 21
-4.7938260236220476
 31
0
  0
LINE
  5
DBF
330
1B
100
AcDbEntity
  8
B.Cu
  6
CONTINUOUS
100
AcDbLine
 10
6.407329212598426
 20
-4.7938260236220476
 30
0
 11
6.427684291338583
 21
-4.7734709448818897
 31
0
  0
LINE
  5
DC0
330
1B
100
AcDbEntity
  8
B.Cu
  6
CONTINUOUS
100
AcDbLine
 10
6.427684291338583
 20
-4.7734709448818897
 30
0
 11
6.429002598425197
 21
-4.7710566535433072
 31
0
  0
LINE
  5
DC1
330
1B
100
AcDbEntity
  8
B.Cu
  6
CONTINUOUS
100
AcDbLine
 10
6.429002598425197
 20
-4.7710566535433072
 30
0
 11
6.4291141732283466
 21
-4.7700189370078743
 31
0
  0
LINE
  5
DC2
330
1B
100
AcDbEntity
  8
B.Cu
  6
CONTINUOUS
100
AcDbLine
 10
6.4291141732283466
 20
-4.7700189370078743
 30
0
 11
6.4291141732283466
 21
-4.7647440551181104
 31
0
  0
LINE
  5
DC3
330
1B
100
AcDbEntity
  8
B.Cu
  6
CONTINUOUS
100
AcDbLine
 10
6.4291141732283466
 20
-4.7647440551181104
 30
0
 11
6.428339173228347
 21
-4.7621047244094488
 31
0
  0
LINE
  5
DC4
330
1B
100
AcDbEntity
  8
B.Cu
  6
CONTINUOUS
100
AcDbLine
 10
6.428339173228347
 20
-4.7621047244094488
 30
0
 11
6.426260275590551
 21
-4.7603033464566931
 31
0
  0
LINE
  5
DC5
330
1B
100
AcDbEntity
  8
B.Cu
  6
CONTINUOUS
100
AcDbLine
 10
6.426260275590551
 20
-4.7603033464566931
 30
0
 11
6.424232283464567
 21
-4.7598621653543303
 31
0
  0
LINE
  5
DC6
330
1B
100
AcDbEntity
  8
B.Cu
  6
CONTINUOUS
100
AcDbLine
 10
6.424232283464567
 20
-4.7598621653543303
 30
0
 11
6.416082007874016
 21
-4.7598621653543303
 31
0
  0
LINE
  5
DC7
330
1B
100
AcDbEntity
  8
B.Cu
  6
CONTINUOUS
100
AcDbLine
 10
6.416082007874016
 20
-4.7598621653543303
 30
0
 11
6.416081968503938
 21
-4.7598621653543303
 31
0
  0
LINE
  5
DC8
330
1B
100
AcDbEntity
  8
B.Cu
  6
CONTINUOUS
100
AcDbLine
 10
6.416081968503938
 20
-4.7598621653543303
 30
0
 11
6.412389606299213
 21
-4.7592774015748027
 31
0
  0
LINE
  5
DC9
330
1B
100
AcDbEntity
  8
B.Cu
  6
CONTINUOUS
100
AcDbLine
 10
6.412389606299213
 20
-4.7592774015748027
 30
0
 11
6.407939291338583
 21
-4.7570098425196852
 31
0
  0
LINE
  5
DCA
330
1B
100
AcDbEntity
  8
B.Cu
  6
CONTINUOUS
100
AcDbLine
 10
6.407939291338583
 20
-4.7570098425196852
 30
0
 11
6.404407480314961
 21
-4.753478031496063
 31
0
  0
LINE
  5
DCB
330
1B
100
AcDbEntity
  8
B.Cu
  6
CONTINUOUS
100
AcDbLine
 10
6.404407480314961
 20
-4.753478031496063
 30
0
 11
6.402139921259843
 21
-4.7490277165354327
 31
0
  0
LINE
  5
DCC
330
1B
100
AcDbEntity
  8
B.Cu
  6
CONTINUOUS
100
AcDbLine
 10
6.402139921259843
 20
-4.7490277165354327
 30
0
 11
6.402139921259843
 21
-4.7490276377952751
 31
0
  0
LINE
  5
DCD
330
1B
100
AcDbEntity
  8
B.Cu
  6
CONTINUOUS
100
AcDbLine
 10
6.402139921259843
 20
-4.7490276377952751
 30
0
 11
6.402139881889764
 21
-4.7490275984251964
 31
0
  0
LINE
  5
DCE
330
1B
100
AcDbEntity
  8
B.Cu
  6
CONTINUOUS
100
AcDbLine
 10
6.402139881889764
 20
-4.7490275984251964
 30
0
 11
6.401555118110236
 21
-4.7453355905511811
 31
0
  0
LINE
  5
DCF
330
1B
100
AcDbEntity
  8
B.Cu
  6
CONTINUOUS
100
AcDbLine
 10
6.401555118110236
 20
-4.7453355905511811
 30
0
 11
6.401555118110236
 21
-4.7125448031496058
 31
0
  0
LINE
  5
DD0
330
1B
100
AcDbEntity
  8
B.Cu
  6
CONTINUOUS
100
AcDbLine
 10
6.401555118110236
 20
-4.7125448031496058
 30
0
 11
6.401555157480315
 21
-4.6692461023622043
 31
0
  0
LINE
  5
DD1
330
1B
100
AcDbEntity
  8
B.Cu
  6
CONTINUOUS
100
AcDbLine
 10
6.401555157480315
 20
-4.6692461023622043
 30
0
 11
6.401555157480315
 21
-4.6641134645669293
 31
0
  0
LINE
  5
DD2
330
1B
100
AcDbEntity
  8
B.Cu
  6
CONTINUOUS
100
AcDbLine
 10
6.401555157480315
 20
-4.6641134645669293
 30
0
 11
6.401718700787402
 21
-4.6630807874015749
 31
0
  0
LINE
  5
DD3
330
1B
100
AcDbEntity
  8
B.Cu
  6
CONTINUOUS
100
AcDbLine
 10
6.401718700787402
 20
-4.6630807874015749
 30
0
 11
6.402139921259843
 21
-4.6604211023622044
 31
0
  0
LINE
  5
DD4
330
1B
100
AcDbEntity
  8
B.Cu
  6
CONTINUOUS
100
AcDbLine
 10
6.402139921259843
 20
-4.6604211023622044
 30
0
 11
6.404407480314961
 21
-4.655970787401575
 31
0
  0
LINE
  5
DD5
330
1B
100
AcDbEntity
  8
B.Cu
  6
CONTINUOUS
100
AcDbLine
 10
6.404407480314961
 20
-4.655970787401575
 30
0
 11
6.404407637795276
 21
-4.65597062992126
 31
0
  0
LINE
  5
DD6
330
1B
100
AcDbEntity
  8
B.Cu
  6
CONTINUOUS
100
AcDbLine
 10
6.404407637795276
 20
-4.65597062992126
 30
0
 11
6.404407677165355
 21
-4.6559705511811025
 31
0
  0
LINE
  5
DD7
330
1B
100
AcDbEntity
  8
B.Cu
  6
CONTINUOUS
100
AcDbLine
 10
6.404407677165355
 20
-4.6559705511811025
 30
0
 11
6.4079390944881895
 21
-4.6524391338582678
 31
0
  0
LINE
  5
DD8
330
1B
100
AcDbEntity
  8
B.Cu
  6
CONTINUOUS
100
AcDbLine
 10
6.4079390944881895
 20
-4.6524391338582678
 30
0
 11
6.407939212598426
 21
-4.6524390551181103
 31
0
  0
LINE
  5
DD9
330
1B
100
AcDbEntity
  8
B.Cu
  6
CONTINUOUS
100
AcDbLine
 10
6.407939212598426
 20
-4.6524390551181103
 30
0
 11
6.407939291338583
 21
-4.6524389763779528
 31
0
  0
LINE
  5
DDA
330
1B
100
AcDbEntity
  8
B.Cu
  6
CONTINUOUS
100
AcDbLine
 10
6.407939291338583
 20
-4.6524389763779528
 30
0
 11
6.410963897637796
 21
-4.6508978346456695
 31
0
  0
LINE
  5
DDB
330
1B
100
AcDbEntity
  8
B.Cu
  6
CONTINUOUS
100
AcDbLine
 10
6.410963897637796
 20
-4.6508978346456695
 30
0
 11
6.412389724409449
 21
-4.6501713385826768
 31
0
  0
LINE
  5
DDC
330
1B
100
AcDbEntity
  8
B.Cu
  6
CONTINUOUS
100
AcDbLine
 10
6.412389724409449
 20
-4.6501713385826768
 30
0
 11
6.416081732283465
 21
-4.649586614173228
 31
0
  0
LINE
  5
DDD
330
1B
100
AcDbEntity
  8
B.Cu
  6
CONTINUOUS
100
AcDbLine
 10
6.416081732283465
 20
-4.649586614173228
 30
0
 11
6.497303858267717
 21
-4.649586614173228
 31
0
  0
LINE
  5
DDE
330
1B
100
AcDbEntity
  8
B.Cu
  6
CONTINUOUS
100
AcDbLine
 10
6.497303858267717
 20
-4.649586614173228
 30
0
 11
6.5004913779527564
 21
-4.6500914566929135
 31
0
  0
LINE
  5
DDF
330
1B
100
AcDbEntity
  8
B.Cu
  6
CONTINUOUS
100
AcDbLine
 10
6.5004913779527564
 20
-4.6500914566929135
 30
0
 11
6.500996220472441
 21
-4.6501714173228343
 31
0
  0
LINE
  5
DE0
330
1B
100
AcDbEntity
  8
B.Cu
  6
CONTINUOUS
100
AcDbLine
 10
6.500996220472441
 20
-4.6501714173228343
 30
0
 11
6.505446535433071
 21
-4.6524389763779528
 31
0
  0
LINE
  5
DE1
330
1B
100
AcDbEntity
  8
B.Cu
  6
CONTINUOUS
100
AcDbLine
 10
6.505446535433071
 20
-4.6524389763779528
 30
0
 11
6.50544657480315
 21
-4.6524390157480315
 31
0
  0
LINE
  5
DE2
330
1B
100
AcDbEntity
  8
B.Cu
  6
CONTINUOUS
100
AcDbLine
 10
6.50544657480315
 20
-4.6524390157480315
 30
0
 11
6.505446771653544
 21
-4.6524391338582678
 31
0
  0
LINE
  5
DE3
330
1B
100
AcDbEntity
  8
B.Cu
  6
CONTINUOUS
100
AcDbLine
 10
6.505446771653544
 20
-4.6524391338582678
 30
0
 11
6.5089781889763785
 21
-4.6559705511811025
 31
0
  0
LINE
  5
DE4
330
1B
100
AcDbEntity
  8
B.Cu
  6
CONTINUOUS
100
AcDbLine
 10
6.5089781889763785
 20
-4.6559705511811025
 30
0
 11
6.508978307086615
 21
-4.6559707480314962
 31
0
  0
LINE
  5
DE5
330
1B
100
AcDbEntity
  8
B.Cu
  6
CONTINUOUS
100
AcDbLine
 10
6.508978307086615
 20
-4.6559707480314962
 30
0
 11
6.5089783464566935
 21
-4.655970787401575
 31
0
  0
LINE
  5
DE6
330
1B
100
AcDbEntity
  8
B.Cu
  6
CONTINUOUS
100
AcDbLine
 10
6.5089783464566935
 20
-4.655970787401575
 30
0
 11
6.5096032283464575
 21
-4.657197204724409
 31
0
  0
LINE
  5
DE7
330
1B
100
AcDbEntity
  8
B.Cu
  6
CONTINUOUS
100
AcDbLine
 10
6.5096032283464575
 20
-4.657197204724409
 30
0
 11
6.5112459842519685
 21
-4.6604211811023619
 31
0
  0
LINE
  5
DE8
330
1B
100
AcDbEntity
  8
B.Cu
  6
CONTINUOUS
100
AcDbLine
 10
6.5112459842519685
 20
-4.6604211811023619
 30
0
 11
6.511830708661418
 21
-4.6641131889763781
 31
0
  0
LINE
  5
DE9
330
1B
100
AcDbEntity
  8
B.Cu
  6
CONTINUOUS
100
AcDbLine
 10
6.511830708661418
 20
-4.6641131889763781
 30
0
 11
6.511830708661418
 21
-4.7453353149606299
 31
0
  0
LINE
  5
DEA
330
1B
100
AcDbEntity
  8
B.Cu
  6
CONTINUOUS
100
AcDbLine
 10
6.334251968503938
 20
-4.7145669291338583
 30
0
 11
6.334251968503938
 21
-4.740072598425197
 31
0
  0
LINE
  5
DEB
330
1B
100
AcDbEntity
  8
B.Cu
  6
CONTINUOUS
100
AcDbLine
 10
6.334251968503938
 20
-4.740072598425197
 30
0
 11
6.333999960629922
 21
-4.7424162204724407
 31
0
  0
LINE
  5
DEC
330
1B
100
AcDbEntity
  8
B.Cu
  6
CONTINUOUS
100
AcDbLine
 10
6.333999960629922
 20
-4.7424162204724407
 30
0
 11
6.333999881889764
 21
-4.742416496062992
 31
0
  0
LINE
  5
DED
330
1B
100
AcDbEntity
  8
B.Cu
  6
CONTINUOUS
100
AcDbLine
 10
6.333999881889764
 20
-4.742416496062992
 30
0
 11
6.332021850393701
 21
-4.7477199212598427
 31
0
  0
LINE
  5
DEE
330
1B
100
AcDbEntity
  8
B.Cu
  6
CONTINUOUS
100
AcDbLine
 10
6.332021850393701
 20
-4.7477199212598427
 30
0
 11
6.332021692913386
 21
-4.7477201968503939
 31
0
  0
LINE
  5
DEF
330
1B
100
AcDbEntity
  8
B.Cu
  6
CONTINUOUS
100
AcDbLine
 10
6.332021692913386
 20
-4.7477201968503939
 30
0
 11
6.328629566929134
 21
-4.752251456692913
 31
0
  0
LINE
  5
DF0
330
1B
100
AcDbEntity
  8
B.Cu
  6
CONTINUOUS
100
AcDbLine
 10
6.328629566929134
 20
-4.752251456692913
 30
0
 11
6.328629448818898
 21
-4.7522515748031493
 31
0
  0
LINE
  5
DF1
330
1B
100
AcDbEntity
  8
B.Cu
  6
CONTINUOUS
100
AcDbLine
 10
6.328629448818898
 20
-4.7522515748031493
 30
0
 11
6.324098188976379
 21
-4.7556437007874015
 31
0
  0
LINE
  5
DF2
330
1B
100
AcDbEntity
  8
B.Cu
  6
CONTINUOUS
100
AcDbLine
 10
6.324098188976379
 20
-4.7556437007874015
 30
0
 11
6.3240979133858275
 21
-4.7556438582677165
 31
0
  0
LINE
  5
DF3
330
1B
100
AcDbEntity
  8
B.Cu
  6
CONTINUOUS
100
AcDbLine
 10
6.3240979133858275
 20
-4.7556438582677165
 30
0
 11
6.318794488188977
 21
-4.7576218897637794
 31
0
  0
LINE
  5
DF4
330
1B
100
AcDbEntity
  8
B.Cu
  6
CONTINUOUS
100
AcDbLine
 10
6.318794488188977
 20
-4.7576218897637794
 30
0
 11
6.3187942125984256
 21
-4.7576219685039369
 31
0
  0
LINE
  5
DF5
330
1B
100
AcDbEntity
  8
B.Cu
  6
CONTINUOUS
100
AcDbLine
 10
6.3187942125984256
 20
-4.7576219685039369
 30
0
 11
6.316450590551182
 21
-4.7578739763779527
 31
0
  0
LINE
  5
DF6
330
1B
100
AcDbEntity
  8
B.Cu
  6
CONTINUOUS
100
AcDbLine
 10
6.316450590551182
 20
-4.7578739763779527
 30
0
 11
6.316449921259843
 21
-4.7578740157480315
 31
0
  0
LINE
  5
DF7
330
1B
100
AcDbEntity
  8
B.Cu
  6
CONTINUOUS
100
AcDbLine
 10
6.316449921259843
 20
-4.7578740157480315
 30
0
 11
6.290944881889764
 21
-4.7578740157480315
 31
0
  0
LINE
  5
DF8
330
1B
100
AcDbEntity
  8
B.Cu
  6
CONTINUOUS
100
AcDbLine
 10
6.290944881889764
 20
-4.7578740157480315
 30
0
 11
6.290944881889764
 21
-4.7381889763779528
 31
0
  0
LINE
  5
DF9
330
1B
100
AcDbEntity
  8
B.Cu
  6
CONTINUOUS
100
AcDbLine
 10
6.290944881889764
 20
-4.7381889763779528
 30
0
 11
6.314566929133859
 21
-4.7381889763779528
 31
0
  0
LINE
  5
DFA
330
1B
100
AcDbEntity
  8
B.Cu
  6
CONTINUOUS
100
AcDbLine
 10
6.314566929133859
 20
-4.7381889763779528
 30
0
 11
6.314566929133859
 21
-4.7145669291338583
 31
0
  0
LINE
  5
DFB
330
1B
100
AcDbEntity
  8
B.Cu
  6
CONTINUOUS
100
AcDbLine
 10
6.314566929133859
 20
-4.7145669291338583
 30
0
 11
6.334251968503938
 21
-4.7145669291338583
 31
0
  0
LINE
  5
DFC
330
1B
100
AcDbEntity
  8
B.Cu
  6
CONTINUOUS
100
AcDbLine
 10
6.3187942125984256
 20
-4.6518268110236223
 30
0
 11
6.318794488188977
 21
-4.6518268897637798
 31
0
  0
LINE
  5
DFD
330
1B
100
AcDbEntity
  8
B.Cu
  6
CONTINUOUS
100
AcDbLine
 10
6.318794488188977
 20
-4.6518268897637798
 30
0
 11
6.3240979133858275
 21
-4.6538049212598427
 31
0
  0
LINE
  5
DFE
330
1B
100
AcDbEntity
  8
B.Cu
  6
CONTINUOUS
100
AcDbLine
 10
6.3240979133858275
 20
-4.6538049212598427
 30
0
 11
6.324098188976379
 21
-4.6538050787401577
 31
0
  0
LINE
  5
DFF
330
1B
100
AcDbEntity
  8
B.Cu
  6
CONTINUOUS
100
AcDbLine
 10
6.324098188976379
 20
-4.6538050787401577
 30
0
 11
6.328629448818898
 21
-4.657197204724409
 31
0
  0
LINE
  5
E00
330
1B
100
AcDbEntity
  8
B.Cu
  6
CONTINUOUS
100
AcDbLine
 10
6.328629448818898
 20
-4.657197204724409
 30
0
 11
6.328629566929134
 21
-4.6571973228346453
 31
0
  0
LINE
  5
E01
330
1B
100
AcDbEntity
  8
B.Cu
  6
CONTINUOUS
100
AcDbLine
 10
6.328629566929134
 20
-4.6571973228346453
 30
0
 11
6.332021692913386
 21
-4.6617285826771653
 31
0
  0
LINE
  5
E02
330
1B
100
AcDbEntity
  8
B.Cu
  6
CONTINUOUS
100
AcDbLine
 10
6.332021692913386
 20
-4.6617285826771653
 30
0
 11
6.332021850393701
 21
-4.6617288582677165
 31
0
  0
LINE
  5
E03
330
1B
100
AcDbEntity
  8
B.Cu
  6
CONTINUOUS
100
AcDbLine
 10
6.332021850393701
 20
-4.6617288582677165
 30
0
 11
6.333999881889764
 21
-4.6670322834645672
 31
0
  0
LINE
  5
E04
330
1B
100
AcDbEntity
  8
B.Cu
  6
CONTINUOUS
100
AcDbLine
 10
6.333999881889764
 20
-4.6670322834645672
 30
0
 11
6.333999960629922
 21
-4.6670325590551176
 31
0
  0
LINE
  5
E05
330
1B
100
AcDbEntity
  8
B.Cu
  6
CONTINUOUS
100
AcDbLine
 10
6.333999960629922
 20
-4.6670325590551176
 30
0
 11
6.334251968503938
 21
-4.6693761811023622
 31
0
  0
LINE
  5
E06
330
1B
100
AcDbEntity
  8
B.Cu
  6
CONTINUOUS
100
AcDbLine
 10
6.334251968503938
 20
-4.6693761811023622
 30
0
 11
6.334251968503938
 21
-4.6948818897637796
 31
0
  0
LINE
  5
E07
330
1B
100
AcDbEntity
  8
B.Cu
  6
CONTINUOUS
100
AcDbLine
 10
6.334251968503938
 20
-4.6948818897637796
 30
0
 11
6.314566929133859
 21
-4.6948818897637796
 31
0
  0
LINE
  5
E08
330
1B
100
AcDbEntity
  8
B.Cu
  6
CONTINUOUS
100
AcDbLine
 10
6.314566929133859
 20
-4.6948818897637796
 30
0
 11
6.314566929133859
 21
-4.6712598425196852
 31
0
  0
LINE
  5
E09
330
1B
100
AcDbEntity
  8
B.Cu
  6
CONTINUOUS
100
AcDbLine
 10
6.314566929133859
 20
-4.6712598425196852
 30
0
 11
6.290944881889764
 21
-4.6712598425196852
 31
0
  0
LINE
  5
E0A
330
1B
100
AcDbEntity
  8
B.Cu
  6
CONTINUOUS
100
AcDbLine
 10
6.290944881889764
 20
-4.6712598425196852
 30
0
 11
6.290944881889764
 21
-4.6515748031496065
 31
0
  0
LINE
  5
E0B
330
1B
100
AcDbEntity
  8
B.Cu
  6
CONTINUOUS
100
AcDbLine
 10
6.290944881889764
 20
-4.6515748031496065
 30
0
 11
6.316450590551182
 21
-4.6515748031496065
 31
0
  0
LINE
  5
E0C
330
1B
100
AcDbEntity
  8
B.Cu
  6
CONTINUOUS
100
AcDbLine
 10
6.316450590551182
 20
-4.6515748031496065
 30
0
 11
6.3187942125984256
 21
-4.6518268110236223
 31
0
  0
LINE
  5
E0D
330
1B
100
AcDbEntity
  8
B.Cu
  6
CONTINUOUS
100
AcDbLine
 10
5.6739805905511815
 20
-4.6741203937007869
 30
0
 11
5.670715433070867
 21
-4.6764926771653546
 31
0
  0
LINE
  5
E0E
330
1B
100
AcDbEntity
  8
B.Cu
  6
CONTINUOUS
100
AcDbLine
 10
5.670715433070867
 20
-4.6764926771653546
 30
0
 11
5.662433188976379
 21
-4.6807126771653547
 31
0
  0
LINE
  5
E0F
330
1B
100
AcDbEntity
  8
B.Cu
  6
CONTINUOUS
100
AcDbLine
 10
5.662433188976379
 20
-4.6807126771653547
 30
0
 11
5.653592440944882
 21
-4.6835852362204724
 31
0
  0
LINE
  5
E10
330
1B
100
AcDbEntity
  8
B.Cu
  6
CONTINUOUS
100
AcDbLine
 10
5.653592440944882
 20
-4.6835852362204724
 30
0
 11
5.653592480314961
 21
-4.6835852362204724
 31
0
  0
LINE
  5
E11
330
1B
100
AcDbEntity
  8
B.Cu
  6
CONTINUOUS
100
AcDbLine
 10
5.653592480314961
 20
-4.6835852362204724
 30
0
 11
5.644411496062992
 21
-4.6850393700787398
 31
0
  0
LINE
  5
E12
330
1B
100
AcDbEntity
  8
B.Cu
  6
CONTINUOUS
100
AcDbLine
 10
5.644411496062992
 20
-4.6850393700787398
 30
0
 11
5.635116062992126
 21
-4.6850393700787398
 31
0
  0
LINE
  5
E13
330
1B
100
AcDbEntity
  8
B.Cu
  6
CONTINUOUS
100
AcDbLine
 10
5.635116062992126
 20
-4.6850393700787398
 30
0
 11
5.625935157480315
 21
-4.6835852362204724
 31
0
  0
LINE
  5
E14
330
1B
100
AcDbEntity
  8
B.Cu
  6
CONTINUOUS
100
AcDbLine
 10
5.625935157480315
 20
-4.6835852362204724
 30
0
 11
5.6170944094488195
 21
-4.6807126771653547
 31
0
  0
LINE
  5
E15
330
1B
100
AcDbEntity
  8
B.Cu
  6
CONTINUOUS
100
AcDbLine
 10
5.6170944094488195
 20
-4.6807126771653547
 30
0
 11
5.6088124803149615
 21
-4.6764928346456696
 31
0
  0
LINE
  5
E16
330
1B
100
AcDbEntity
  8
B.Cu
  6
CONTINUOUS
100
AcDbLine
 10
5.6088124803149615
 20
-4.6764928346456696
 30
0
 11
5.608812244094489
 21
-4.6764926771653546
 31
0
  0
LINE
  5
E17
330
1B
100
AcDbEntity
  8
B.Cu
  6
CONTINUOUS
100
AcDbLine
 10
5.608812244094489
 20
-4.6764926771653546
 30
0
 11
5.605547086614174
 21
-4.6741203937007869
 31
0
  0
LINE
  5
E18
330
1B
100
AcDbEntity
  8
B.Cu
  6
CONTINUOUS
100
AcDbLine
 10
5.605547086614174
 20
-4.6741203937007869
 30
0
 11
5.605547047244095
 21
-4.6741203937007869
 31
0
  0
LINE
  5
E19
330
1B
100
AcDbEntity
  8
B.Cu
  6
CONTINUOUS
100
AcDbLine
 10
5.605547047244095
 20
-4.6741203937007869
 30
0
 11
5.61986031496063
 21
-4.6598071259842522
 31
0
  0
LINE
  5
E1A
330
1B
100
AcDbEntity
  8
B.Cu
  6
CONTINUOUS
100
AcDbLine
 10
5.61986031496063
 20
-4.6598071259842522
 30
0
 11
5.621204842519686
 21
-4.6607055511811026
 31
0
  0
LINE
  5
E1B
330
1B
100
AcDbEntity
  8
B.Cu
  6
CONTINUOUS
100
AcDbLine
 10
5.621204842519686
 20
-4.6607055511811026
 30
0
 11
5.628335236220473
 21
-4.6636590551181101
 31
0
  0
LINE
  5
E1C
330
1B
100
AcDbEntity
  8
B.Cu
  6
CONTINUOUS
100
AcDbLine
 10
5.628335236220473
 20
-4.6636590551181101
 30
0
 11
5.635904842519685
 21
-4.6651647637795275
 31
0
  0
LINE
  5
E1D
330
1B
100
AcDbEntity
  8
B.Cu
  6
CONTINUOUS
100
AcDbLine
 10
5.635904842519685
 20
-4.6651647637795275
 30
0
 11
5.643622716535433
 21
-4.6651647637795275
 31
0
  0
LINE
  5
E1E
330
1B
100
AcDbEntity
  8
B.Cu
  6
CONTINUOUS
100
AcDbLine
 10
5.643622716535433
 20
-4.6651647637795275
 30
0
 11
5.651192322834646
 21
-4.6636590551181101
 31
0
  0
LINE
  5
E1F
330
1B
100
AcDbEntity
  8
B.Cu
  6
CONTINUOUS
100
AcDbLine
 10
5.651192322834646
 20
-4.6636590551181101
 30
0
 11
5.658322716535434
 21
-4.6607055511811026
 31
0
  0
LINE
  5
E20
330
1B
100
AcDbEntity
  8
B.Cu
  6
CONTINUOUS
100
AcDbLine
 10
5.658322716535434
 20
-4.6607055511811026
 30
0
 11
5.659667322834646
 21
-4.6598070866141734
 31
0
  0
LINE
  5
E21
330
1B
100
AcDbEntity
  8
B.Cu
  6
CONTINUOUS
100
AcDbLine
 10
5.659667322834646
 20
-4.6598070866141734
 30
0
 11
5.6739805905511815
 21
-4.6741203937007869
 31
0
  0
LINE
  5
E22
330
1B
100
AcDbEntity
  8
B.Cu
  6
CONTINUOUS
100
AcDbLine
 10
5.418075078740158
 20
-4.6741203937007869
 30
0
 11
5.414809921259843
 21
-4.6764926771653546
 31
0
  0
LINE
  5
E23
330
1B
100
AcDbEntity
  8
B.Cu
  6
CONTINUOUS
100
AcDbLine
 10
5.414809921259843
 20
-4.6764926771653546
 30
0
 11
5.4065276771653545
 21
-4.6807126771653547
 31
0
  0
LINE
  5
E24
330
1B
100
AcDbEntity
  8
B.Cu
  6
CONTINUOUS
100
AcDbLine
 10
5.4065276771653545
 20
-4.6807126771653547
 30
0
 11
5.397686929133859
 21
-4.6835852362204724
 31
0
  0
LINE
  5
E25
330
1B
100
AcDbEntity
  8
B.Cu
  6
CONTINUOUS
100
AcDbLine
 10
5.397686929133859
 20
-4.6835852362204724
 30
0
 11
5.397686968503938
 21
-4.6835852362204724
 31
0
  0
LINE
  5
E26
330
1B
100
AcDbEntity
  8
B.Cu
  6
CONTINUOUS
100
AcDbLine
 10
5.397686968503938
 20
-4.6835852362204724
 30
0
 11
5.388505984251969
 21
-4.6850393700787398
 31
0
  0
LINE
  5
E27
330
1B
100
AcDbEntity
  8
B.Cu
  6
CONTINUOUS
100
AcDbLine
 10
5.388505984251969
 20
-4.6850393700787398
 30
0
 11
5.379210551181103
 21
-4.6850393700787398
 31
0
  0
LINE
  5
E28
330
1B
100
AcDbEntity
  8
B.Cu
  6
CONTINUOUS
100
AcDbLine
 10
5.379210551181103
 20
-4.6850393700787398
 30
0
 11
5.370029645669292
 21
-4.6835852362204724
 31
0
  0
LINE
  5
E29
330
1B
100
AcDbEntity
  8
B.Cu
  6
CONTINUOUS
100
AcDbLine
 10
5.370029645669292
 20
-4.6835852362204724
 30
0
 11
5.3611888976377955
 21
-4.6807126771653547
 31
0
  0
LINE
  5
E2A
330
1B
100
AcDbEntity
  8
B.Cu
  6
CONTINUOUS
100
AcDbLine
 10
5.3611888976377955
 20
-4.6807126771653547
 30
0
 11
5.352906968503937
 21
-4.6764928346456696
 31
0
  0
LINE
  5
E2B
330
1B
100
AcDbEntity
  8
B.Cu
  6
CONTINUOUS
100
AcDbLine
 10
5.352906968503937
 20
-4.6764928346456696
 30
0
 11
5.352906732283465
 21
-4.6764926771653546
 31
0
  0
LINE
  5
E2C
330
1B
100
AcDbEntity
  8
B.Cu
  6
CONTINUOUS
100
AcDbLine
 10
5.352906732283465
 20
-4.6764926771653546
 30
0
 11
5.34964157480315
 21
-4.6741203937007869
 31
0
  0
LINE
  5
E2D
330
1B
100
AcDbEntity
  8
B.Cu
  6
CONTINUOUS
100
AcDbLine
 10
5.34964157480315
 20
-4.6741203937007869
 30
0
 11
5.349641535433071
 21
-4.6741203937007869
 31
0
  0
LINE
  5
E2E
330
1B
100
AcDbEntity
  8
B.Cu
  6
CONTINUOUS
100
AcDbLine
 10
5.349641535433071
 20
-4.6741203937007869
 30
0
 11
5.363954803149607
 21
-4.6598071259842522
 31
0
  0
LINE
  5
E2F
330
1B
100
AcDbEntity
  8
B.Cu
  6
CONTINUOUS
100
AcDbLine
 10
5.363954803149607
 20
-4.6598071259842522
 30
0
 11
5.365299330708662
 21
-4.6607055511811026
 31
0
  0
LINE
  5
E30
330
1B
100
AcDbEntity
  8
B.Cu
  6
CONTINUOUS
100
AcDbLine
 10
5.365299330708662
 20
-4.6607055511811026
 30
0
 11
5.372429724409449
 21
-4.6636590551181101
 31
0
  0
LINE
  5
E31
330
1B
100
AcDbEntity
  8
B.Cu
  6
CONTINUOUS
100
AcDbLine
 10
5.372429724409449
 20
-4.6636590551181101
 30
0
 11
5.379999330708662
 21
-4.6651647637795275
 31
0
  0
LINE
  5
E32
330
1B
100
AcDbEntity
  8
B.Cu
  6
CONTINUOUS
100
AcDbLine
 10
5.379999330708662
 20
-4.6651647637795275
 30
0
 11
5.38771720472441
 21
-4.6651647637795275
 31
0
  0
LINE
  5
E33
330
1B
100
AcDbEntity
  8
B.Cu
  6
CONTINUOUS
100
AcDbLine
 10
5.38771720472441
 20
-4.6651647637795275
 30
0
 11
5.395286811023623
 21
-4.6636590551181101
 31
0
  0
LINE
  5
E34
330
1B
100
AcDbEntity
  8
B.Cu
  6
CONTINUOUS
100
AcDbLine
 10
5.395286811023623
 20
-4.6636590551181101
 30
0
 11
5.40241720472441
 21
-4.6607055511811026
 31
0
  0
LINE
  5
E35
330
1B
100
AcDbEntity
  8
B.Cu
  6
CONTINUOUS
100
AcDbLine
 10
5.40241720472441
 20
-4.6607055511811026
 30
0
 11
5.403761811023623
 21
-4.6598070866141734
 31
0
  0
LINE
  5
E36
330
1B
100
AcDbEntity
  8
B.Cu
  6
CONTINUOUS
100
AcDbLine
 10
5.403761811023623
 20
-4.6598070866141734
 30
0
 11
5.418075078740158
 21
-4.6741203937007869
 31
0
  0
LINE
  5
E37
330
1B
100
AcDbEntity
  8
B.Cu
  6
CONTINUOUS
100
AcDbLine
 10
5.60594094488189
 20
-4.6060807086614171
 30
0
 11
5.605042480314961
 21
-4.6074253149606301
 31
0
  0
LINE
  5
E38
330
1B
100
AcDbEntity
  8
B.Cu
  6
CONTINUOUS
100
AcDbLine
 10
5.605042480314961
 20
-4.6074253149606301
 30
0
 11
5.602088976377953
 21
-4.6145557086614168
 31
0
  0
LINE
  5
E39
330
1B
100
AcDbEntity
  8
B.Cu
  6
CONTINUOUS
100
AcDbLine
 10
5.602088976377953
 20
-4.6145557086614168
 30
0
 11
5.6005832677165355
 21
-4.6221253149606296
 31
0
  0
LINE
  5
E3A
330
1B
100
AcDbEntity
  8
B.Cu
  6
CONTINUOUS
100
AcDbLine
 10
5.6005832677165355
 20
-4.6221253149606296
 30
0
 11
5.6005832677165355
 21
-4.6298431889763778
 31
0
  0
LINE
  5
E3B
330
1B
100
AcDbEntity
  8
B.Cu
  6
CONTINUOUS
100
AcDbLine
 10
5.6005832677165355
 20
-4.6298431889763778
 30
0
 11
5.602088976377953
 21
-4.6374127952755906
 31
0
  0
LINE
  5
E3C
330
1B
100
AcDbEntity
  8
B.Cu
  6
CONTINUOUS
100
AcDbLine
 10
5.602088976377953
 20
-4.6374127952755906
 30
0
 11
5.605042480314961
 21
-4.6445431889763782
 31
0
  0
LINE
  5
E3D
330
1B
100
AcDbEntity
  8
B.Cu
  6
CONTINUOUS
100
AcDbLine
 10
5.605042480314961
 20
-4.6445431889763782
 30
0
 11
5.605940905511812
 21
-4.6458877165354329
 31
0
  0
LINE
  5
E3E
330
1B
100
AcDbEntity
  8
B.Cu
  6
CONTINUOUS
100
AcDbLine
 10
5.605940905511812
 20
-4.6458877165354329
 30
0
 11
5.591627637795276
 21
-4.6602009842519685
 31
0
  0
LINE
  5
E3F
330
1B
100
AcDbEntity
  8
B.Cu
  6
CONTINUOUS
100
AcDbLine
 10
5.591627637795276
 20
-4.6602009842519685
 30
0
 11
5.591627637795276
 21
-4.6602009448818897
 31
0
  0
LINE
  5
E40
330
1B
100
AcDbEntity
  8
B.Cu
  6
CONTINUOUS
100
AcDbLine
 10
5.591627637795276
 20
-4.6602009448818897
 30
0
 11
5.589255354330709
 21
-4.6569357874015749
 31
0
  0
LINE
  5
E41
330
1B
100
AcDbEntity
  8
B.Cu
  6
CONTINUOUS
100
AcDbLine
 10
5.589255354330709
 20
-4.6569357874015749
 30
0
 11
5.589255196850394
 21
-4.6569355511811024
 31
0
  0
LINE
  5
E42
330
1B
100
AcDbEntity
  8
B.Cu
  6
CONTINUOUS
100
AcDbLine
 10
5.589255196850394
 20
-4.6569355511811024
 30
0
 11
5.585035354330709
 21
-4.6486536220472443
 31
0
  0
LINE
  5
E43
330
1B
100
AcDbEntity
  8
B.Cu
  6
CONTINUOUS
100
AcDbLine
 10
5.585035354330709
 20
-4.6486536220472443
 30
0
 11
5.5821627952755914
 21
-4.6398128740157478
 31
0
  0
LINE
  5
E44
330
1B
100
AcDbEntity
  8
B.Cu
  6
CONTINUOUS
100
AcDbLine
 10
5.5821627952755914
 20
-4.6398128740157478
 30
0
 11
5.580708661417323
 21
-4.6306319685039368
 31
0
  0
LINE
  5
E45
330
1B
100
AcDbEntity
  8
B.Cu
  6
CONTINUOUS
100
AcDbLine
 10
5.580708661417323
 20
-4.6306319685039368
 30
0
 11
5.580708661417323
 21
-4.6213364960629919
 31
0
  0
LINE
  5
E46
330
1B
100
AcDbEntity
  8
B.Cu
  6
CONTINUOUS
100
AcDbLine
 10
5.580708661417323
 20
-4.6213364960629919
 30
0
 11
5.5821627952755914
 21
-4.6121555905511809
 31
0
  0
LINE
  5
E47
330
1B
100
AcDbEntity
  8
B.Cu
  6
CONTINUOUS
100
AcDbLine
 10
5.5821627952755914
 20
-4.6121555905511809
 30
0
 11
5.585035354330709
 21
-4.6033148425196853
 31
0
  0
LINE
  5
E48
330
1B
100
AcDbEntity
  8
B.Cu
  6
CONTINUOUS
100
AcDbLine
 10
5.585035354330709
 20
-4.6033148425196853
 30
0
 11
5.589255354330709
 21
-4.5950325984251972
 31
0
  0
LINE
  5
E49
330
1B
100
AcDbEntity
  8
B.Cu
  6
CONTINUOUS
100
AcDbLine
 10
5.589255354330709
 20
-4.5950325984251972
 30
0
 11
5.591627637795276
 21
-4.5917674803149602
 31
0
  0
LINE
  5
E4A
330
1B
100
AcDbEntity
  8
B.Cu
  6
CONTINUOUS
100
AcDbLine
 10
5.591627637795276
 20
-4.5917674803149602
 30
0
 11
5.591627637795276
 21
-4.5917674409448814
 31
0
  0
LINE
  5
E4B
330
1B
100
AcDbEntity
  8
B.Cu
  6
CONTINUOUS
100
AcDbLine
 10
5.591627637795276
 20
-4.5917674409448814
 30
0
 11
5.60594094488189
 21
-4.6060807086614171
 31
0
  0
LINE
  5
E4C
330
1B
100
AcDbEntity
  8
B.Cu
  6
CONTINUOUS
100
AcDbLine
 10
5.350035433070866
 20
-4.6060807086614171
 30
0
 11
5.349136968503937
 21
-4.6074253149606301
 31
0
  0
LINE
  5
E4D
330
1B
100
AcDbEntity
  8
B.Cu
  6
CONTINUOUS
100
AcDbLine
 10
5.349136968503937
 20
-4.6074253149606301
 30
0
 11
5.34618346456693
 21
-4.6145557086614168
 31
0
  0
LINE
  5
E4E
330
1B
100
AcDbEntity
  8
B.Cu
  6
CONTINUOUS
100
AcDbLine
 10
5.34618346456693
 20
-4.6145557086614168
 30
0
 11
5.344677755905512
 21
-4.6221253149606296
 31
0
  0
LINE
  5
E4F
330
1B
100
AcDbEntity
  8
B.Cu
  6
CONTINUOUS
100
AcDbLine
 10
5.344677755905512
 20
-4.6221253149606296
 30
0
 11
5.344677755905512
 21
-4.6298431889763778
 31
0
  0
LINE
  5
E50
330
1B
100
AcDbEntity
  8
B.Cu
  6
CONTINUOUS
100
AcDbLine
 10
5.344677755905512
 20
-4.6298431889763778
 30
0
 11
5.34618346456693
 21
-4.6374127952755906
 31
0
  0
LINE
  5
E51
330
1B
100
AcDbEntity
  8
B.Cu
  6
CONTINUOUS
100
AcDbLine
 10
5.34618346456693
 20
-4.6374127952755906
 30
0
 11
5.349136968503937
 21
-4.6445431889763782
 31
0
  0
LINE
  5
E52
330
1B
100
AcDbEntity
  8
B.Cu
  6
CONTINUOUS
100
AcDbLine
 10
5.349136968503937
 20
-4.6445431889763782
 30
0
 11
5.350035393700788
 21
-4.6458877165354329
 31
0
  0
LINE
  5
E53
330
1B
100
AcDbEntity
  8
B.Cu
  6
CONTINUOUS
100
AcDbLine
 10
5.350035393700788
 20
-4.6458877165354329
 30
0
 11
5.335722125984253
 21
-4.6602009842519685
 31
0
  0
LINE
  5
E54
330
1B
100
AcDbEntity
  8
B.Cu
  6
CONTINUOUS
100
AcDbLine
 10
5.335722125984253
 20
-4.6602009842519685
 30
0
 11
5.335722125984253
 21
-4.6602009448818897
 31
0
  0
LINE
  5
E55
330
1B
100
AcDbEntity
  8
B.Cu
  6
CONTINUOUS
100
AcDbLine
 10
5.335722125984253
 20
-4.6602009448818897
 30
0
 11
5.333349842519685
 21
-4.6569357874015749
 31
0
  0
LINE
  5
E56
330
1B
100
AcDbEntity
  8
B.Cu
  6
CONTINUOUS
100
AcDbLine
 10
5.333349842519685
 20
-4.6569357874015749
 30
0
 11
5.33334968503937
 21
-4.6569355511811024
 31
0
  0
LINE
  5
E57
330
1B
100
AcDbEntity
  8
B.Cu
  6
CONTINUOUS
100
AcDbLine
 10
5.33334968503937
 20
-4.6569355511811024
 30
0
 11
5.329129842519685
 21
-4.6486536220472443
 31
0
  0
LINE
  5
E58
330
1B
100
AcDbEntity
  8
B.Cu
  6
CONTINUOUS
100
AcDbLine
 10
5.329129842519685
 20
-4.6486536220472443
 30
0
 11
5.326257283464567
 21
-4.6398128740157478
 31
0
  0
LINE
  5
E59
330
1B
100
AcDbEntity
  8
B.Cu
  6
CONTINUOUS
100
AcDbLine
 10
5.326257283464567
 20
-4.6398128740157478
 30
0
 11
5.3248031496063
 21
-4.6306319685039368
 31
0
  0
LINE
  5
E5A
330
1B
100
AcDbEntity
  8
B.Cu
  6
CONTINUOUS
100
AcDbLine
 10
5.3248031496063
 20
-4.6306319685039368
 30
0
 11
5.3248031496063
 21
-4.6213364960629919
 31
0
  0
LINE
  5
E5B
330
1B
100
AcDbEntity
  8
B.Cu
  6
CONTINUOUS
100
AcDbLine
 10
5.3248031496063
 20
-4.6213364960629919
 30
0
 11
5.326257283464567
 21
-4.6121555905511809
 31
0
  0
LINE
  5
E5C
330
1B
100
AcDbEntity
  8
B.Cu
  6
CONTINUOUS
100
AcDbLine
 10
5.326257283464567
 20
-4.6121555905511809
 30
0
 11
5.329129842519685
 21
-4.6033148425196853
 31
0
  0
LINE
  5
E5D
330
1B
100
AcDbEntity
  8
B.Cu
  6
CONTINUOUS
100
AcDbLine
 10
5.329129842519685
 20
-4.6033148425196853
 30
0
 11
5.333349842519685
 21
-4.5950325984251972
 31
0
  0
LINE
  5
E5E
330
1B
100
AcDbEntity
  8
B.Cu
  6
CONTINUOUS
100
AcDbLine
 10
5.333349842519685
 20
-4.5950325984251972
 30
0
 11
5.335722125984253
 21
-4.5917674803149602
 31
0
  0
LINE
  5
E5F
330
1B
100
AcDbEntity
  8
B.Cu
  6
CONTINUOUS
100
AcDbLine
 10
5.335722125984253
 20
-4.5917674803149602
 30
0
 11
5.335722125984253
 21
-4.5917674409448814
 31
0
  0
LINE
  5
E60
330
1B
100
AcDbEntity
  8
B.Cu
  6
CONTINUOUS
100
AcDbLine
 10
5.335722125984253
 20
-4.5917674409448814
 30
0
 11
5.350035433070866
 21
-4.6060807086614171
 31
0
  0
LINE
  5
E61
330
1B
100
AcDbEntity
  8
B.Cu
  6
CONTINUOUS
100
AcDbLine
 10
5.653592440944882
 20
-4.5683832283464563
 30
0
 11
5.662433188976379
 21
-4.5712557874015749
 31
0
  0
LINE
  5
E62
330
1B
100
AcDbEntity
  8
B.Cu
  6
CONTINUOUS
100
AcDbLine
 10
5.662433188976379
 20
-4.5712557874015749
 30
0
 11
5.670715354330709
 21
-4.5754757480314963
 31
0
  0
LINE
  5
E63
330
1B
100
AcDbEntity
  8
B.Cu
  6
CONTINUOUS
100
AcDbLine
 10
5.670715354330709
 20
-4.5754757480314963
 30
0
 11
5.673980551181103
 21
-4.577848031496063
 31
0
  0
LINE
  5
E64
330
1B
100
AcDbEntity
  8
B.Cu
  6
CONTINUOUS
100
AcDbLine
 10
5.673980551181103
 20
-4.577848031496063
 30
0
 11
5.659667244094488
 21
-4.5921613385826774
 31
0
  0
LINE
  5
E65
330
1B
100
AcDbEntity
  8
B.Cu
  6
CONTINUOUS
100
AcDbLine
 10
5.659667244094488
 20
-4.5921613385826774
 30
0
 11
5.658322716535434
 21
-4.5912629527559057
 31
0
  0
LINE
  5
E66
330
1B
100
AcDbEntity
  8
B.Cu
  6
CONTINUOUS
100
AcDbLine
 10
5.658322716535434
 20
-4.5912629527559057
 30
0
 11
5.651192322834646
 21
-4.5883094488188974
 31
0
  0
LINE
  5
E67
330
1B
100
AcDbEntity
  8
B.Cu
  6
CONTINUOUS
100
AcDbLine
 10
5.651192322834646
 20
-4.5883094488188974
 30
0
 11
5.643622716535433
 21
-4.5868037401574799
 31
0
  0
LINE
  5
E68
330
1B
100
AcDbEntity
  8
B.Cu
  6
CONTINUOUS
100
AcDbLine
 10
5.643622716535433
 20
-4.5868037401574799
 30
0
 11
5.635904842519685
 21
-4.5868037401574799
 31
0
  0
LINE
  5
E69
330
1B
100
AcDbEntity
  8
B.Cu
  6
CONTINUOUS
100
AcDbLine
 10
5.635904842519685
 20
-4.5868037401574799
 30
0
 11
5.628335236220473
 21
-4.5883094488188974
 31
0
  0
LINE
  5
E6A
330
1B
100
AcDbEntity
  8
B.Cu
  6
CONTINUOUS
100
AcDbLine
 10
5.628335236220473
 20
-4.5883094488188974
 30
0
 11
5.621204842519686
 21
-4.5912629527559057
 31
0
  0
LINE
  5
E6B
330
1B
100
AcDbEntity
  8
B.Cu
  6
CONTINUOUS
100
AcDbLine
 10
5.621204842519686
 20
-4.5912629527559057
 30
0
 11
5.619860354330709
 21
-4.5921612992125986
 31
0
  0
LINE
  5
E6C
330
1B
100
AcDbEntity
  8
B.Cu
  6
CONTINUOUS
100
AcDbLine
 10
5.619860354330709
 20
-4.5921612992125986
 30
0
 11
5.605547047244095
 21
-4.577848031496063
 31
0
  0
LINE
  5
E6D
330
1B
100
AcDbEntity
  8
B.Cu
  6
CONTINUOUS
100
AcDbLine
 10
5.605547047244095
 20
-4.577848031496063
 30
0
 11
5.605547086614174
 21
-4.5778479921259843
 31
0
  0
LINE
  5
E6E
330
1B
100
AcDbEntity
  8
B.Cu
  6
CONTINUOUS
100
AcDbLine
 10
5.605547086614174
 20
-4.5778479921259843
 30
0
 11
5.608812047244095
 21
-4.5754758661417325
 31
0
  0
LINE
  5
E6F
330
1B
100
AcDbEntity
  8
B.Cu
  6
CONTINUOUS
100
AcDbLine
 10
5.608812047244095
 20
-4.5754758661417325
 30
0
 11
5.6170944094488195
 21
-4.5712557874015749
 31
0
  0
LINE
  5
E70
330
1B
100
AcDbEntity
  8
B.Cu
  6
CONTINUOUS
100
AcDbLine
 10
5.6170944094488195
 20
-4.5712557874015749
 30
0
 11
5.625935157480315
 21
-4.5683832283464563
 31
0
  0
LINE
  5
E71
330
1B
100
AcDbEntity
  8
B.Cu
  6
CONTINUOUS
100
AcDbLine
 10
5.625935157480315
 20
-4.5683832283464563
 30
0
 11
5.625935118110236
 21
-4.5683832283464563
 31
0
  0
LINE
  5
E72
330
1B
100
AcDbEntity
  8
B.Cu
  6
CONTINUOUS
100
AcDbLine
 10
5.625935118110236
 20
-4.5683832283464563
 30
0
 11
5.635116062992126
 21
-4.5669291338582676
 31
0
  0
LINE
  5
E73
330
1B
100
AcDbEntity
  8
B.Cu
  6
CONTINUOUS
100
AcDbLine
 10
5.635116062992126
 20
-4.5669291338582676
 30
0
 11
5.644411496062992
 21
-4.5669291338582676
 31
0
  0
LINE
  5
E74
330
1B
100
AcDbEntity
  8
B.Cu
  6
CONTINUOUS
100
AcDbLine
 10
5.644411496062992
 20
-4.5669291338582676
 30
0
 11
5.653592440944882
 21
-4.5683832283464563
 31
0
  0
LINE
  5
E75
330
1B
100
AcDbEntity
  8
B.Cu
  6
CONTINUOUS
100
AcDbLine
 10
5.397686929133859
 20
-4.5683832283464563
 30
0
 11
5.4065276771653545
 21
-4.5712557874015749
 31
0
  0
LINE
  5
E76
330
1B
100
AcDbEntity
  8
B.Cu
  6
CONTINUOUS
100
AcDbLine
 10
5.4065276771653545
 20
-4.5712557874015749
 30
0
 11
5.414809842519685
 21
-4.5754757480314963
 31
0
  0
LINE
  5
E77
330
1B
100
AcDbEntity
  8
B.Cu
  6
CONTINUOUS
100
AcDbLine
 10
5.414809842519685
 20
-4.5754757480314963
 30
0
 11
5.41807503937008
 21
-4.577848031496063
 31
0
  0
LINE
  5
E78
330
1B
100
AcDbEntity
  8
B.Cu
  6
CONTINUOUS
100
AcDbLine
 10
5.41807503937008
 20
-4.577848031496063
 30
0
 11
5.403761732283465
 21
-4.5921613385826774
 31
0
  0
LINE
  5
E79
330
1B
100
AcDbEntity
  8
B.Cu
  6
CONTINUOUS
100
AcDbLine
 10
5.403761732283465
 20
-4.5921613385826774
 30
0
 11
5.40241720472441
 21
-4.5912629527559057
 31
0
  0
LINE
  5
E7A
330
1B
100
AcDbEntity
  8
B.Cu
  6
CONTINUOUS
100
AcDbLine
 10
5.40241720472441
 20
-4.5912629527559057
 30
0
 11
5.395286811023623
 21
-4.5883094488188974
 31
0
  0
LINE
  5
E7B
330
1B
100
AcDbEntity
  8
B.Cu
  6
CONTINUOUS
100
AcDbLine
 10
5.395286811023623
 20
-4.5883094488188974
 30
0
 11
5.38771720472441
 21
-4.5868037401574799
 31
0
  0
LINE
  5
E7C
330
1B
100
AcDbEntity
  8
B.Cu
  6
CONTINUOUS
100
AcDbLine
 10
5.38771720472441
 20
-4.5868037401574799
 30
0
 11
5.379999330708662
 21
-4.5868037401574799
 31
0
  0
LINE
  5
E7D
330
1B
100
AcDbEntity
  8
B.Cu
  6
CONTINUOUS
100
AcDbLine
 10
5.379999330708662
 20
-4.5868037401574799
 30
0
 11
5.372429724409449
 21
-4.5883094488188974
 31
0
  0
LINE
  5
E7E
330
1B
100
AcDbEntity
  8
B.Cu
  6
CONTINUOUS
100
AcDbLine
 10
5.372429724409449
 20
-4.5883094488188974
 30
0
 11
5.365299330708662
 21
-4.5912629527559057
 31
0
  0
LINE
  5
E7F
330
1B
100
AcDbEntity
  8
B.Cu
  6
CONTINUOUS
100
AcDbLine
 10
5.365299330708662
 20
-4.5912629527559057
 30
0
 11
5.363954842519686
 21
-4.5921612992125986
 31
0
  0
LINE
  5
E80
330
1B
100
AcDbEntity
  8
B.Cu
  6
CONTINUOUS
100
AcDbLine
 10
5.363954842519686
 20
-4.5921612992125986
 30
0
 11
5.349641535433071
 21
-4.577848031496063
 31
0
  0
LINE
  5
E81
330
1B
100
AcDbEntity
  8
B.Cu
  6
CONTINUOUS
100
AcDbLine
 10
5.349641535433071
 20
-4.577848031496063
 30
0
 11
5.34964157480315
 21
-4.5778479527559055
 31
0
  0
LINE
  5
E82
330
1B
100
AcDbEntity
  8
B.Cu
  6
CONTINUOUS
100
AcDbLine
 10
5.34964157480315
 20
-4.5778479527559055
 30
0
 11
5.352906535433071
 21
-4.5754758661417325
 31
0
  0
LINE
  5
E83
330
1B
100
AcDbEntity
  8
B.Cu
  6
CONTINUOUS
100
AcDbLine
 10
5.352906535433071
 20
-4.5754758661417325
 30
0
 11
5.3611888976377955
 21
-4.5712557874015749
 31
0
  0
LINE
  5
E84
330
1B
100
AcDbEntity
  8
B.Cu
  6
CONTINUOUS
100
AcDbLine
 10
5.3611888976377955
 20
-4.5712557874015749
 30
0
 11
5.370029645669292
 21
-4.5683832283464563
 31
0
  0
LINE
  5
E85
330
1B
100
AcDbEntity
  8
B.Cu
  6
CONTINUOUS
100
AcDbLine
 10
5.370029645669292
 20
-4.5683832283464563
 30
0
 11
5.370029606299213
 21
-4.5683832283464563
 31
0
  0
LINE
  5
E86
330
1B
100
AcDbEntity
  8
B.Cu
  6
CONTINUOUS
100
AcDbLine
 10
5.370029606299213
 20
-4.5683832283464563
 30
0
 11
5.379210551181103
 21
-4.5669291338582676
 31
0
  0
LINE
  5
E87
330
1B
100
AcDbEntity
  8
B.Cu
  6
CONTINUOUS
100
AcDbLine
 10
5.379210551181103
 20
-4.5669291338582676
 30
0
 11
5.388505984251969
 21
-4.5669291338582676
 31
0
  0
LINE
  5
E88
330
1B
100
AcDbEntity
  8
B.Cu
  6
CONTINUOUS
100
AcDbLine
 10
5.388505984251969
 20
-4.5669291338582676
 30
0
 11
5.397686929133859
 21
-4.5683832283464563
 31
0
  0
LINE
  5
E89
330
1B
100
AcDbEntity
  8
B.Cu
  6
CONTINUOUS
100
AcDbLine
 10
6.177538858267717
 20
-3.8107495669291338
 30
0
 11
6.175465984251969
 21
-3.8121346456692913
 31
0
  0
LINE
  5
E8A
330
1B
100
AcDbEntity
  8
B.Cu
  6
CONTINUOUS
100
AcDbLine
 10
6.175465984251969
 20
-3.8121346456692913
 30
0
 11
6.1754658661417325
 21
-3.8121347244094488
 31
0
  0
LINE
  5
E8B
330
1B
100
AcDbEntity
  8
B.Cu
  6
CONTINUOUS
100
AcDbLine
 10
6.1754658661417325
 20
-3.8121347244094488
 30
0
 11
6.167799527559056
 21
-3.8153101968503935
 31
0
  0
LINE
  5
E8C
330
1B
100
AcDbEntity
  8
B.Cu
  6
CONTINUOUS
100
AcDbLine
 10
6.167799527559056
 20
-3.8153101968503935
 30
0
 11
6.167799291338583
 21
-3.815310275590551
 31
0
  0
LINE
  5
E8D
330
1B
100
AcDbEntity
  8
B.Cu
  6
CONTINUOUS
100
AcDbLine
 10
6.167799291338583
 20
-3.815310275590551
 30
0
 11
6.159660984251969
 21
-3.8169291338582676
 31
0
  0
LINE
  5
E8E
330
1B
100
AcDbEntity
  8
B.Cu
  6
CONTINUOUS
100
AcDbLine
 10
6.159660984251969
 20
-3.8169291338582676
 30
0
 11
6.151362677165355
 21
-3.8169291338582676
 31
0
  0
LINE
  5
E8F
330
1B
100
AcDbEntity
  8
B.Cu
  6
CONTINUOUS
100
AcDbLine
 10
6.151362677165355
 20
-3.8169291338582676
 30
0
 11
6.143224370078741
 21
-3.815310275590551
 31
0
  0
LINE
  5
E90
330
1B
100
AcDbEntity
  8
B.Cu
  6
CONTINUOUS
100
AcDbLine
 10
6.143224370078741
 20
-3.815310275590551
 30
0
 11
6.1432241338582685
 21
-3.8153101968503935
 31
0
  0
LINE
  5
E91
330
1B
100
AcDbEntity
  8
B.Cu
  6
CONTINUOUS
100
AcDbLine
 10
6.1432241338582685
 20
-3.8153101968503935
 30
0
 11
6.135557874015748
 21
-3.8121347637795275
 31
0
  0
LINE
  5
E92
330
1B
100
AcDbEntity
  8
B.Cu
  6
CONTINUOUS
100
AcDbLine
 10
6.135557874015748
 20
-3.8121347637795275
 30
0
 11
6.133484842519685
 21
-3.8107495669291338
 31
0
  0
LINE
  5
E93
330
1B
100
AcDbEntity
  8
B.Cu
  6
CONTINUOUS
100
AcDbLine
 10
6.133484842519685
 20
-3.8107495669291338
 30
0
 11
6.148323543307087
 21
-3.7959108661417322
 31
0
  0
LINE
  5
E94
330
1B
100
AcDbEntity
  8
B.Cu
  6
CONTINUOUS
100
AcDbLine
 10
6.148323543307087
 20
-3.7959108661417322
 30
0
 11
6.152582677165355
 21
-3.7970521259842518
 31
0
  0
LINE
  5
E95
330
1B
100
AcDbEntity
  8
B.Cu
  6
CONTINUOUS
100
AcDbLine
 10
6.152582677165355
 20
-3.7970521259842518
 30
0
 11
6.158440944881891
 21
-3.7970521259842518
 31
0
  0
LINE
  5
E96
330
1B
100
AcDbEntity
  8
B.Cu
  6
CONTINUOUS
100
AcDbLine
 10
6.158440944881891
 20
-3.7970521259842518
 30
0
 11
6.162700157480315
 21
-3.7959108267716535
 31
0
  0
LINE
  5
E97
330
1B
100
AcDbEntity
  8
B.Cu
  6
CONTINUOUS
100
AcDbLine
 10
6.162700157480315
 20
-3.7959108267716535
 30
0
 11
6.177538858267717
 21
-3.8107495669291338
 31
0
  0
LINE
  5
E98
330
1B
100
AcDbEntity
  8
B.Cu
  6
CONTINUOUS
100
AcDbLine
 10
6.384786692913386
 20
-3.5316662204724407
 30
0
 11
6.38478657480315
 21
-3.5316666141732282
 31
0
  0
LINE
  5
E99
330
1B
100
AcDbEntity
  8
B.Cu
  6
CONTINUOUS
100
AcDbLine
 10
6.38478657480315
 20
-3.5316666141732282
 30
0
 11
6.382707795275591
 21
-3.5366853149606299
 31
0
  0
LINE
  5
E9A
330
1B
100
AcDbEntity
  8
B.Cu
  6
CONTINUOUS
100
AcDbLine
 10
6.382707795275591
 20
-3.5366853149606299
 30
0
 11
6.379689488188977
 21
-3.5412025590551179
 31
0
  0
LINE
  5
E9B
330
1B
100
AcDbEntity
  8
B.Cu
  6
CONTINUOUS
100
AcDbLine
 10
6.379689488188977
 20
-3.5412025590551179
 30
0
 11
6.379689448818898
 21
-3.5412025984251967
 31
0
  0
LINE
  5
E9C
330
1B
100
AcDbEntity
  8
B.Cu
  6
CONTINUOUS
100
AcDbLine
 10
6.379689448818898
 20
-3.5412025984251967
 30
0
 11
6.308244212598425
 21
-3.6126477952755907
 31
0
  0
LINE
  5
E9D
330
1B
100
AcDbEntity
  8
B.Cu
  6
CONTINUOUS
100
AcDbLine
 10
6.308244212598425
 20
-3.6126477952755907
 30
0
 11
6.306925905511812
 21
-3.6150620866141732
 31
0
  0
LINE
  5
E9E
330
1B
100
AcDbEntity
  8
B.Cu
  6
CONTINUOUS
100
AcDbLine
 10
6.306925905511812
 20
-3.6150620866141732
 30
0
 11
6.306874448818898
 21
-3.6168635039370076
 31
0
  0
LINE
  5
E9F
330
1B
100
AcDbEntity
  8
B.Cu
  6
CONTINUOUS
100
AcDbLine
 10
6.306874448818898
 20
-3.6168635039370076
 30
0
 11
6.307106299212599
 21
-3.6183272834645668
 31
0
  0
LINE
  5
EA0
330
1B
100
AcDbEntity
  8
B.Cu
  6
CONTINUOUS
100
AcDbLine
 10
6.307106299212599
 20
-3.6183272834645668
 30
0
 11
6.307106299212599
 21
-3.6257671653543304
 31
0
  0
LINE
  5
EA1
330
1B
100
AcDbEntity
  8
B.Cu
  6
CONTINUOUS
100
AcDbLine
 10
6.307106299212599
 20
-3.6257671653543304
 30
0
 11
6.305942559055119
 21
-3.6331148818897638
 31
0
  0
LINE
  5
EA2
330
1B
100
AcDbEntity
  8
B.Cu
  6
CONTINUOUS
100
AcDbLine
 10
6.305942559055119
 20
-3.6331148818897638
 30
0
 11
6.303643543307087
 21
-3.6401903937007871
 31
0
  0
LINE
  5
EA3
330
1B
100
AcDbEntity
  8
B.Cu
  6
CONTINUOUS
100
AcDbLine
 10
6.303643543307087
 20
-3.6401903937007871
 30
0
 11
6.302492913385827
 21
-3.6424485826771651
 31
0
  0
LINE
  5
EA4
330
1B
100
AcDbEntity
  8
B.Cu
  6
CONTINUOUS
100
AcDbLine
 10
6.302492913385827
 20
-3.6424485826771651
 30
0
 11
6.300266141732284
 21
-3.6468188582677166
 31
0
  0
LINE
  5
EA5
330
1B
100
AcDbEntity
  8
B.Cu
  6
CONTINUOUS
100
AcDbLine
 10
6.300266141732284
 20
-3.6468188582677166
 30
0
 11
6.295893307086614
 21
-3.6528375196850393
 31
0
  0
LINE
  5
EA6
330
1B
100
AcDbEntity
  8
B.Cu
  6
CONTINUOUS
100
AcDbLine
 10
6.295893307086614
 20
-3.6528375196850393
 30
0
 11
6.290632795275591
 21
-3.6580980314960629
 31
0
  0
LINE
  5
EA7
330
1B
100
AcDbEntity
  8
B.Cu
  6
CONTINUOUS
100
AcDbLine
 10
6.290632795275591
 20
-3.6580980314960629
 30
0
 11
6.2906326771653545
 21
-3.6580981102362204
 31
0
  0
LINE
  5
EA8
330
1B
100
AcDbEntity
  8
B.Cu
  6
CONTINUOUS
100
AcDbLine
 10
6.2906326771653545
 20
-3.6580981102362204
 30
0
 11
6.285102952755906
 21
-3.6621157086614171
 31
0
  0
LINE
  5
EA9
330
1B
100
AcDbEntity
  8
B.Cu
  6
CONTINUOUS
100
AcDbLine
 10
6.285102952755906
 20
-3.6621157086614171
 30
0
 11
6.2834231889763785
 21
-3.66429405511811
 31
0
  0
LINE
  5
EAA
330
1B
100
AcDbEntity
  8
B.Cu
  6
CONTINUOUS
100
AcDbLine
 10
6.2834231889763785
 20
-3.66429405511811
 30
0
 11
6.283090551181103
 21
-3.6660652362204722
 31
0
  0
LINE
  5
EAB
330
1B
100
AcDbEntity
  8
B.Cu
  6
CONTINUOUS
100
AcDbLine
 10
6.283090551181103
 20
-3.6660652362204722
 30
0
 11
6.283090551181103
 21
-3.7293953543307086
 31
0
  0
LINE
  5
EAC
330
1B
100
AcDbEntity
  8
B.Cu
  6
CONTINUOUS
100
AcDbLine
 10
6.283090551181103
 20
-3.7293953543307086
 30
0
 11
6.283865551181103
 21
-3.7320346850393702
 31
0
  0
LINE
  5
EAD
330
1B
100
AcDbEntity
  8
B.Cu
  6
CONTINUOUS
100
AcDbLine
 10
6.283865551181103
 20
-3.7320346850393702
 30
0
 11
6.284520433070867
 21
-3.7328473622047245
 31
0
  0
LINE
  5
EAE
330
1B
100
AcDbEntity
  8
B.Cu
  6
CONTINUOUS
100
AcDbLine
 10
6.284520433070867
 20
-3.7328473622047245
 30
0
 11
6.285190354330709
 21
-3.7335172440944882
 31
0
  0
LINE
  5
EAF
330
1B
100
AcDbEntity
  8
B.Cu
  6
CONTINUOUS
100
AcDbLine
 10
6.285190354330709
 20
-3.7335172440944882
 30
0
 11
6.285190393700788
 21
-3.7335172834645669
 31
0
  0
LINE
  5
EB0
330
1B
100
AcDbEntity
  8
B.Cu
  6
CONTINUOUS
100
AcDbLine
 10
6.285190393700788
 20
-3.7335172834645669
 30
0
 11
6.289372007874016
 21
-3.7397755511811024
 31
0
  0
LINE
  5
EB1
330
1B
100
AcDbEntity
  8
B.Cu
  6
CONTINUOUS
100
AcDbLine
 10
6.289372007874016
 20
-3.7397755511811024
 30
0
 11
6.292252086614174
 21
-3.746728779527559
 31
0
  0
LINE
  5
EB2
330
1B
100
AcDbEntity
  8
B.Cu
  6
CONTINUOUS
100
AcDbLine
 10
6.292252086614174
 20
-3.746728779527559
 30
0
 11
6.29225220472441
 21
-3.7467291732283465
 31
0
  0
LINE
  5
EB3
330
1B
100
AcDbEntity
  8
B.Cu
  6
CONTINUOUS
100
AcDbLine
 10
6.29225220472441
 20
-3.7467291732283465
 30
0
 11
6.2937204724409455
 21
-3.7541106692913386
 31
0
  0
LINE
  5
EB4
330
1B
100
AcDbEntity
  8
B.Cu
  6
CONTINUOUS
100
AcDbLine
 10
6.2937204724409455
 20
-3.7541106692913386
 30
0
 11
6.2937204724409455
 21
-3.7541107874015749
 31
0
  0
LINE
  5
EB5
330
1B
100
AcDbEntity
  8
B.Cu
  6
CONTINUOUS
100
AcDbLine
 10
6.2937204724409455
 20
-3.7541107874015749
 30
0
 11
6.2937204724409455
 21
-3.7954955118110236
 31
0
  0
LINE
  5
EB6
330
1B
100
AcDbEntity
  8
B.Cu
  6
CONTINUOUS
100
AcDbLine
 10
6.2937204724409455
 20
-3.7954955118110236
 30
0
 11
6.2937204724409455
 21
-3.7954955905511811
 31
0
  0
LINE
  5
EB7
330
1B
100
AcDbEntity
  8
B.Cu
  6
CONTINUOUS
100
AcDbLine
 10
6.2937204724409455
 20
-3.7954955905511811
 30
0
 11
6.293720511811024
 21
-3.7954955905511811
 31
0
  0
LINE
  5
EB8
330
1B
100
AcDbEntity
  8
B.Cu
  6
CONTINUOUS
100
AcDbLine
 10
6.293720511811024
 20
-3.7954955905511811
 30
0
 11
6.29225220472441
 21
-3.8028770866141732
 31
0
  0
LINE
  5
EB9
330
1B
100
AcDbEntity
  8
B.Cu
  6
CONTINUOUS
100
AcDbLine
 10
6.29225220472441
 20
-3.8028770866141732
 30
0
 11
6.292252086614174
 21
-3.8028774803149608
 31
0
  0
LINE
  5
EBA
330
1B
100
AcDbEntity
  8
B.Cu
  6
CONTINUOUS
100
AcDbLine
 10
6.292252086614174
 20
-3.8028774803149608
 30
0
 11
6.289372007874016
 21
-3.8098307086614174
 31
0
  0
LINE
  5
EBB
330
1B
100
AcDbEntity
  8
B.Cu
  6
CONTINUOUS
100
AcDbLine
 10
6.289372007874016
 20
-3.8098307086614174
 30
0
 11
6.285190393700788
 21
-3.8160889763779529
 31
0
  0
LINE
  5
EBC
330
1B
100
AcDbEntity
  8
B.Cu
  6
CONTINUOUS
100
AcDbLine
 10
6.285190393700788
 20
-3.8160889763779529
 30
0
 11
6.279868543307087
 21
-3.8214108267716536
 31
0
  0
LINE
  5
EBD
330
1B
100
AcDbEntity
  8
B.Cu
  6
CONTINUOUS
100
AcDbLine
 10
6.279868543307087
 20
-3.8214108267716536
 30
0
 11
6.273610275590552
 21
-3.8255924409448818
 31
0
  0
LINE
  5
EBE
330
1B
100
AcDbEntity
  8
B.Cu
  6
CONTINUOUS
100
AcDbLine
 10
6.273610275590552
 20
-3.8255924409448818
 30
0
 11
6.266797992125984
 21
-3.8284141338582676
 31
0
  0
LINE
  5
EBF
330
1B
100
AcDbEntity
  8
B.Cu
  6
CONTINUOUS
100
AcDbLine
 10
6.266797992125984
 20
-3.8284141338582676
 30
0
 11
6.2666568503937015
 21
-3.8284725984251966
 31
0
  0
LINE
  5
EC0
330
1B
100
AcDbEntity
  8
B.Cu
  6
CONTINUOUS
100
AcDbLine
 10
6.2666568503937015
 20
-3.8284725984251966
 30
0
 11
6.2666566929133865
 21
-3.8284725984251966
 31
0
  0
LINE
  5
EC1
330
1B
100
AcDbEntity
  8
B.Cu
  6
CONTINUOUS
100
AcDbLine
 10
6.2666566929133865
 20
-3.8284725984251966
 30
0
 11
6.266656653543308
 21
-3.8284726377952754
 31
0
  0
LINE
  5
EC2
330
1B
100
AcDbEntity
  8
B.Cu
  6
CONTINUOUS
100
AcDbLine
 10
6.266656653543308
 20
-3.8284726377952754
 30
0
 11
6.259275157480316
 21
-3.8299409448818897
 31
0
  0
LINE
  5
EC3
330
1B
100
AcDbEntity
  8
B.Cu
  6
CONTINUOUS
100
AcDbLine
 10
6.259275157480316
 20
-3.8299409448818897
 30
0
 11
6.259275039370079
 21
-3.8299409448818897
 31
0
  0
LINE
  5
EC4
330
1B
100
AcDbEntity
  8
B.Cu
  6
CONTINUOUS
100
AcDbLine
 10
6.259275039370079
 20
-3.8299409448818897
 30
0
 11
6.251748503937009
 21
-3.8299409448818897
 31
0
  0
LINE
  5
EC5
330
1B
100
AcDbEntity
  8
B.Cu
  6
CONTINUOUS
100
AcDbLine
 10
6.251748503937009
 20
-3.8299409448818897
 30
0
 11
6.246782322834646
 21
-3.8289530708661417
 31
0
  0
LINE
  5
EC6
330
1B
100
AcDbEntity
  8
B.Cu
  6
CONTINUOUS
100
AcDbLine
 10
6.246782322834646
 20
-3.8289530708661417
 30
0
 11
6.244366771653544
 21
-3.8284725984251966
 31
0
  0
LINE
  5
EC7
330
1B
100
AcDbEntity
  8
B.Cu
  6
CONTINUOUS
100
AcDbLine
 10
6.244366771653544
 20
-3.8284725984251966
 30
0
 11
6.240672047244095
 21
-3.8269422047244093
 31
0
  0
LINE
  5
EC8
330
1B
100
AcDbEntity
  8
B.Cu
  6
CONTINUOUS
100
AcDbLine
 10
6.240672047244095
 20
-3.8269422047244093
 30
0
 11
6.237413385826772
 21
-3.8255924409448818
 31
0
  0
LINE
  5
EC9
330
1B
100
AcDbEntity
  8
B.Cu
  6
CONTINUOUS
100
AcDbLine
 10
6.237413385826772
 20
-3.8255924409448818
 30
0
 11
6.237413346456694
 21
-3.8255924015748031
 31
0
  0
LINE
  5
ECA
330
1B
100
AcDbEntity
  8
B.Cu
  6
CONTINUOUS
100
AcDbLine
 10
6.237413346456694
 20
-3.8255924015748031
 30
0
 11
6.237413228346457
 21
-3.8255923622047243
 31
0
  0
LINE
  5
ECB
330
1B
100
AcDbEntity
  8
B.Cu
  6
CONTINUOUS
100
AcDbLine
 10
6.237413228346457
 20
-3.8255923622047243
 30
0
 11
6.231155196850394
 21
-3.8214109055118111
 31
0
  0
LINE
  5
ECC
330
1B
100
AcDbEntity
  8
B.Cu
  6
CONTINUOUS
100
AcDbLine
 10
6.231155196850394
 20
-3.8214109055118111
 30
0
 11
6.225833188976378
 21
-3.8160888976377954
 31
0
  0
LINE
  5
ECD
330
1B
100
AcDbEntity
  8
B.Cu
  6
CONTINUOUS
100
AcDbLine
 10
6.225833188976378
 20
-3.8160888976377954
 30
0
 11
6.2216517322834655
 21
-3.8098308661417324
 31
0
  0
LINE
  5
ECE
330
1B
100
AcDbEntity
  8
B.Cu
  6
CONTINUOUS
100
AcDbLine
 10
6.2216517322834655
 20
-3.8098308661417324
 30
0
 11
6.218771496062993
 21
-3.8028773228346457
 31
0
  0
LINE
  5
ECF
330
1B
100
AcDbEntity
  8
B.Cu
  6
CONTINUOUS
100
AcDbLine
 10
6.218771496062993
 20
-3.8028773228346457
 30
0
 11
6.2173031496063
 21
-3.7954955118110236
 31
0
  0
LINE
  5
ED0
330
1B
100
AcDbEntity
  8
B.Cu
  6
CONTINUOUS
100
AcDbLine
 10
6.2173031496063
 20
-3.7954955118110236
 30
0
 11
6.2173031496063
 21
-3.7789522834645668
 31
0
  0
LINE
  5
ED1
330
1B
100
AcDbEntity
  8
B.Cu
  6
CONTINUOUS
100
AcDbLine
 10
6.2173031496063
 20
-3.7789522834645668
 30
0
 11
6.2173031496063
 21
-3.7541107874015749
 31
0
  0
LINE
  5
ED2
330
1B
100
AcDbEntity
  8
B.Cu
  6
CONTINUOUS
100
AcDbLine
 10
6.2173031496063
 20
-3.7541107874015749
 30
0
 11
6.2173031496063
 21
-3.7541106692913386
 31
0
  0
LINE
  5
ED3
330
1B
100
AcDbEntity
  8
B.Cu
  6
CONTINUOUS
100
AcDbLine
 10
6.2173031496063
 20
-3.7541106692913386
 30
0
 11
6.218771456692914
 21
-3.7467291732283465
 31
0
  0
LINE
  5
ED4
330
1B
100
AcDbEntity
  8
B.Cu
  6
CONTINUOUS
100
AcDbLine
 10
6.218771456692914
 20
-3.7467291732283465
 30
0
 11
6.218771496062993
 21
-3.7467291338582678
 31
0
  0
LINE
  5
ED5
330
1B
100
AcDbEntity
  8
B.Cu
  6
CONTINUOUS
100
AcDbLine
 10
6.218771496062993
 20
-3.7467291338582678
 30
0
 11
6.218771496062993
 21
-3.7467289763779528
 31
0
  0
LINE
  5
ED6
330
1B
100
AcDbEntity
  8
B.Cu
  6
CONTINUOUS
100
AcDbLine
 10
6.218771496062993
 20
-3.7467289763779528
 30
0
 11
6.2216517322834655
 21
-3.7397754330708661
 31
0
  0
LINE
  5
ED7
330
1B
100
AcDbEntity
  8
B.Cu
  6
CONTINUOUS
100
AcDbLine
 10
6.2216517322834655
 20
-3.7397754330708661
 30
0
 11
6.225833188976378
 21
-3.7335174015748032
 31
0
  0
LINE
  5
ED8
330
1B
100
AcDbEntity
  8
B.Cu
  6
CONTINUOUS
100
AcDbLine
 10
6.225833188976378
 20
-3.7335174015748032
 30
0
 11
6.225833267716536
 21
-3.7335172834645669
 31
0
  0
LINE
  5
ED9
330
1B
100
AcDbEntity
  8
B.Cu
  6
CONTINUOUS
100
AcDbLine
 10
6.225833267716536
 20
-3.7335172834645669
 30
0
 11
6.226503188976379
 21
-3.7328473622047245
 31
0
  0
LINE
  5
EDA
330
1B
100
AcDbEntity
  8
B.Cu
  6
CONTINUOUS
100
AcDbLine
 10
6.226503188976379
 20
-3.7328473622047245
 30
0
 11
6.227821496062993
 21
-3.7304330708661415
 31
0
  0
LINE
  5
EDB
330
1B
100
AcDbEntity
  8
B.Cu
  6
CONTINUOUS
100
AcDbLine
 10
6.227821496062993
 20
-3.7304330708661415
 30
0
 11
6.2279330708661425
 21
-3.7293953543307086
 31
0
  0
LINE
  5
EDC
330
1B
100
AcDbEntity
  8
B.Cu
  6
CONTINUOUS
100
AcDbLine
 10
6.2279330708661425
 20
-3.7293953543307086
 30
0
 11
6.2279330708661425
 21
-3.6590009842519686
 31
0
  0
LINE
  5
EDD
330
1B
100
AcDbEntity
  8
B.Cu
  6
CONTINUOUS
100
AcDbLine
 10
6.2279330708661425
 20
-3.6590009842519686
 30
0
 11
6.2271580708661425
 21
-3.656361653543307
 31
0
  0
LINE
  5
EDE
330
1B
100
AcDbEntity
  8
B.Cu
  6
CONTINUOUS
100
AcDbLine
 10
6.2271580708661425
 20
-3.656361653543307
 30
0
 11
6.226503188976379
 21
-3.6555489763779527
 31
0
  0
LINE
  5
EDF
330
1B
100
AcDbEntity
  8
B.Cu
  6
CONTINUOUS
100
AcDbLine
 10
6.226503188976379
 20
-3.6555489763779527
 30
0
 11
6.223791732283465
 21
-3.6528375196850393
 31
0
  0
LINE
  5
EE0
330
1B
100
AcDbEntity
  8
B.Cu
  6
CONTINUOUS
100
AcDbLine
 10
6.223791732283465
 20
-3.6528375196850393
 30
0
 11
6.219418897637795
 21
-3.6468188582677166
 31
0
  0
LINE
  5
EE1
330
1B
100
AcDbEntity
  8
B.Cu
  6
CONTINUOUS
100
AcDbLine
 10
6.219418897637795
 20
-3.6468188582677166
 30
0
 11
6.216041456692913
 21
-3.6401902362204726
 31
0
  0
LINE
  5
EE2
330
1B
100
AcDbEntity
  8
B.Cu
  6
CONTINUOUS
100
AcDbLine
 10
6.216041456692913
 20
-3.6401902362204726
 30
0
 11
6.21374251968504
 21
-3.6331148818897638
 31
0
  0
LINE
  5
EE3
330
1B
100
AcDbEntity
  8
B.Cu
  6
CONTINUOUS
100
AcDbLine
 10
6.21374251968504
 20
-3.6331148818897638
 30
0
 11
6.212578740157481
 21
-3.6257671653543304
 31
0
  0
LINE
  5
EE4
330
1B
100
AcDbEntity
  8
B.Cu
  6
CONTINUOUS
100
AcDbLine
 10
6.212578740157481
 20
-3.6257671653543304
 30
0
 11
6.212578740157481
 21
-3.6183272834645668
 31
0
  0
LINE
  5
EE5
330
1B
100
AcDbEntity
  8
B.Cu
  6
CONTINUOUS
100
AcDbLine
 10
6.212578740157481
 20
-3.6183272834645668
 30
0
 11
6.21374251968504
 21
-3.6109795669291338
 31
0
  0
LINE
  5
EE6
330
1B
100
AcDbEntity
  8
B.Cu
  6
CONTINUOUS
100
AcDbLine
 10
6.21374251968504
 20
-3.6109795669291338
 30
0
 11
6.214809212598426
 21
-3.6076967322834643
 31
0
  0
LINE
  5
EE7
330
1B
100
AcDbEntity
  8
B.Cu
  6
CONTINUOUS
100
AcDbLine
 10
6.214809212598426
 20
-3.6076967322834643
 30
0
 11
6.216041456692913
 21
-3.6039042519685038
 31
0
  0
LINE
  5
EE8
330
1B
100
AcDbEntity
  8
B.Cu
  6
CONTINUOUS
100
AcDbLine
 10
6.216041456692913
 20
-3.6039042519685038
 30
0
 11
6.216041535433071
 21
-3.6039041338582676
 31
0
  0
LINE
  5
EE9
330
1B
100
AcDbEntity
  8
B.Cu
  6
CONTINUOUS
100
AcDbLine
 10
6.216041535433071
 20
-3.6039041338582676
 30
0
 11
6.216041535433071
 21
-3.6039040551181101
 31
0
  0
LINE
  5
EEA
330
1B
100
AcDbEntity
  8
B.Cu
  6
CONTINUOUS
100
AcDbLine
 10
6.216041535433071
 20
-3.6039040551181101
 30
0
 11
6.217823228346457
 21
-3.6004073622047241
 31
0
  0
LINE
  5
EEB
330
1B
100
AcDbEntity
  8
B.Cu
  6
CONTINUOUS
100
AcDbLine
 10
6.217823228346457
 20
-3.6004073622047241
 30
0
 11
6.219418897637795
 21
-3.5972756299212598
 31
0
  0
LINE
  5
EEC
330
1B
100
AcDbEntity
  8
B.Cu
  6
CONTINUOUS
100
AcDbLine
 10
6.219418897637795
 20
-3.5972756299212598
 30
0
 11
6.223791732283465
 21
-3.5912569685039371
 31
0
  0
LINE
  5
EED
330
1B
100
AcDbEntity
  8
B.Cu
  6
CONTINUOUS
100
AcDbLine
 10
6.223791732283465
 20
-3.5912569685039371
 30
0
 11
6.229052244094489
 21
-3.5859964566929134
 31
0
  0
LINE
  5
EEE
330
1B
100
AcDbEntity
  8
B.Cu
  6
CONTINUOUS
100
AcDbLine
 10
6.229052244094489
 20
-3.5859964566929134
 30
0
 11
6.235070905511812
 21
-3.5816236220472439
 31
0
  0
LINE
  5
EEF
330
1B
100
AcDbEntity
  8
B.Cu
  6
CONTINUOUS
100
AcDbLine
 10
6.235070905511812
 20
-3.5816236220472439
 30
0
 11
6.235081417322835
 21
-3.5816182677165354
 31
0
  0
LINE
  5
EF0
330
1B
100
AcDbEntity
  8
B.Cu
  6
CONTINUOUS
100
AcDbLine
 10
6.235081417322835
 20
-3.5816182677165354
 30
0
 11
6.241699370078741
 21
-3.5782462204724408
 31
0
  0
LINE
  5
EF1
330
1B
100
AcDbEntity
  8
B.Cu
  6
CONTINUOUS
100
AcDbLine
 10
6.241699370078741
 20
-3.5782462204724408
 30
0
 11
6.248774881889764
 21
-3.5759472047244092
 31
0
  0
LINE
  5
EF2
330
1B
100
AcDbEntity
  8
B.Cu
  6
CONTINUOUS
100
AcDbLine
 10
6.248774881889764
 20
-3.5759472047244092
 30
0
 11
6.256122598425197
 21
-3.574783464566929
 31
0
  0
LINE
  5
EF3
330
1B
100
AcDbEntity
  8
B.Cu
  6
CONTINUOUS
100
AcDbLine
 10
6.256122598425197
 20
-3.574783464566929
 30
0
 11
6.256122795275591
 21
-3.574783464566929
 31
0
  0
LINE
  5
EF4
330
1B
100
AcDbEntity
  8
B.Cu
  6
CONTINUOUS
100
AcDbLine
 10
6.256122795275591
 20
-3.574783464566929
 30
0
 11
6.263562244094489
 21
-3.574783464566929
 31
0
  0
LINE
  5
EF5
330
1B
100
AcDbEntity
  8
B.Cu
  6
CONTINUOUS
100
AcDbLine
 10
6.263562244094489
 20
-3.574783464566929
 30
0
 11
6.263562440944883
 21
-3.574783464566929
 31
0
  0
LINE
  5
EF6
330
1B
100
AcDbEntity
  8
B.Cu
  6
CONTINUOUS
100
AcDbLine
 10
6.263562440944883
 20
-3.574783464566929
 30
0
 11
6.26502625984252
 21
-3.5750153149606296
 31
0
  0
LINE
  5
EF7
330
1B
100
AcDbEntity
  8
B.Cu
  6
CONTINUOUS
100
AcDbLine
 10
6.26502625984252
 20
-3.5750153149606296
 30
0
 11
6.267754330708662
 21
-3.5746627952755903
 31
0
  0
LINE
  5
EF8
330
1B
100
AcDbEntity
  8
B.Cu
  6
CONTINUOUS
100
AcDbLine
 10
6.267754330708662
 20
-3.5746627952755903
 30
0
 11
6.269241968503938
 21
-3.5736455511811025
 31
0
  0
LINE
  5
EF9
330
1B
100
AcDbEntity
  8
B.Cu
  6
CONTINUOUS
100
AcDbLine
 10
6.269241968503938
 20
-3.5736455511811025
 30
0
 11
6.329259094488189
 21
-3.5136284251968504
 31
0
  0
LINE
  5
EFA
330
1B
100
AcDbEntity
  8
B.Cu
  6
CONTINUOUS
100
AcDbLine
 10
6.329259094488189
 20
-3.5136284251968504
 30
0
 11
6.3305774015748035
 21
-3.5112141338582674
 31
0
  0
LINE
  5
EFB
330
1B
100
AcDbEntity
  8
B.Cu
  6
CONTINUOUS
100
AcDbLine
 10
6.3305774015748035
 20
-3.5112141338582674
 30
0
 11
6.330688976377953
 21
-3.5101764173228345
 31
0
  0
LINE
  5
EFC
330
1B
100
AcDbEntity
  8
B.Cu
  6
CONTINUOUS
100
AcDbLine
 10
6.330688976377953
 20
-3.5101764173228345
 30
0
 11
6.330688976377953
 21
-3.4211685826771654
 31
0
  0
LINE
  5
EFD
330
1B
100
AcDbEntity
  8
B.Cu
  6
CONTINUOUS
100
AcDbLine
 10
6.330688976377953
 20
-3.4211685826771654
 30
0
 11
6.330688976377953
 21
-3.399272401574803
 31
0
  0
LINE
  5
EFE
330
1B
100
AcDbEntity
  8
B.Cu
  6
CONTINUOUS
100
AcDbLine
 10
6.330688976377953
 20
-3.399272401574803
 30
0
 11
6.329913976377953
 21
-3.3966330708661419
 31
0
  0
LINE
  5
EFF
330
1B
100
AcDbEntity
  8
B.Cu
  6
CONTINUOUS
100
AcDbLine
 10
6.329913976377953
 20
-3.3966330708661419
 30
0
 11
6.329259094488189
 21
-3.3958203937007871
 31
0
  0
LINE
  5
F00
330
1B
100
AcDbEntity
  8
B.Cu
  6
CONTINUOUS
100
AcDbLine
 10
6.329259094488189
 20
-3.3958203937007871
 30
0
 11
6.258105826771654
 21
-3.3246671259842517
 31
0
  0
LINE
  5
F01
330
1B
100
AcDbEntity
  8
B.Cu
  6
CONTINUOUS
100
AcDbLine
 10
6.258105826771654
 20
-3.3246671259842517
 30
0
 11
6.258105748031497
 21
-3.3246670472440942
 31
0
  0
LINE
  5
F02
330
1B
100
AcDbEntity
  8
B.Cu
  6
CONTINUOUS
100
AcDbLine
 10
6.258105748031497
 20
-3.3246670472440942
 30
0
 11
6.255087598425197
 21
-3.3201500393700787
 31
0
  0
LINE
  5
F03
330
1B
100
AcDbEntity
  8
B.Cu
  6
CONTINUOUS
100
AcDbLine
 10
6.255087598425197
 20
-3.3201500393700787
 30
0
 11
6.253008661417323
 21
-3.315131023622047
 31
0
  0
LINE
  5
F04
330
1B
100
AcDbEntity
  8
B.Cu
  6
CONTINUOUS
100
AcDbLine
 10
6.253008661417323
 20
-3.315131023622047
 30
0
 11
6.251948818897638
 21
-3.3098028740157481
 31
0
  0
LINE
  5
F05
330
1B
100
AcDbEntity
  8
B.Cu
  6
CONTINUOUS
100
AcDbLine
 10
6.251948818897638
 20
-3.3098028740157481
 30
0
 11
6.251948818897638
 21
-3.2883661023622048
 31
0
  0
LINE
  5
F06
330
1B
100
AcDbEntity
  8
B.Cu
  6
CONTINUOUS
100
AcDbLine
 10
6.251948818897638
 20
-3.2883661023622048
 30
0
 11
6.251173818897638
 21
-3.2857267716535432
 31
0
  0
LINE
  5
F07
330
1B
100
AcDbEntity
  8
B.Cu
  6
CONTINUOUS
100
AcDbLine
 10
6.251173818897638
 20
-3.2857267716535432
 30
0
 11
6.249094921259843
 21
-3.2839253937007875
 31
0
  0
LINE
  5
F08
330
1B
100
AcDbEntity
  8
B.Cu
  6
CONTINUOUS
100
AcDbLine
 10
6.249094921259843
 20
-3.2839253937007875
 30
0
 11
6.247066929133859
 21
-3.2834842125984252
 31
0
  0
LINE
  5
F09
330
1B
100
AcDbEntity
  8
B.Cu
  6
CONTINUOUS
100
AcDbLine
 10
6.247066929133859
 20
-3.2834842125984252
 30
0
 11
6.238916653543307
 21
-3.2834842125984252
 31
0
  0
LINE
  5
F0A
330
1B
100
AcDbEntity
  8
B.Cu
  6
CONTINUOUS
100
AcDbLine
 10
6.238916653543307
 20
-3.2834842125984252
 30
0
 11
6.238916614173228
 21
-3.2834842125984252
 31
0
  0
LINE
  5
F0B
330
1B
100
AcDbEntity
  8
B.Cu
  6
CONTINUOUS
100
AcDbLine
 10
6.238916614173228
 20
-3.2834842125984252
 30
0
 11
6.235224251968504
 21
-3.2828994488188976
 31
0
  0
LINE
  5
F0C
330
1B
100
AcDbEntity
  8
B.Cu
  6
CONTINUOUS
100
AcDbLine
 10
6.235224251968504
 20
-3.2828994488188976
 30
0
 11
6.230773937007874
 21
-3.2806318897637796
 31
0
  0
LINE
  5
F0D
330
1B
100
AcDbEntity
  8
B.Cu
  6
CONTINUOUS
100
AcDbLine
 10
6.230773937007874
 20
-3.2806318897637796
 30
0
 11
6.227242125984253
 21
-3.2771000787401574
 31
0
  0
LINE
  5
F0E
330
1B
100
AcDbEntity
  8
B.Cu
  6
CONTINUOUS
100
AcDbLine
 10
6.227242125984253
 20
-3.2771000787401574
 30
0
 11
6.224974566929134
 21
-3.2726497637795275
 31
0
  0
LINE
  5
F0F
330
1B
100
AcDbEntity
  8
B.Cu
  6
CONTINUOUS
100
AcDbLine
 10
6.224974566929134
 20
-3.2726497637795275
 30
0
 11
6.224974566929134
 21
-3.27264968503937
 31
0
  0
LINE
  5
F10
330
1B
100
AcDbEntity
  8
B.Cu
  6
CONTINUOUS
100
AcDbLine
 10
6.224974566929134
 20
-3.27264968503937
 30
0
 11
6.224974527559056
 21
-3.2726496456692913
 31
0
  0
LINE
  5
F11
330
1B
100
AcDbEntity
  8
B.Cu
  6
CONTINUOUS
100
AcDbLine
 10
6.224974527559056
 20
-3.2726496456692913
 30
0
 11
6.224389803149607
 21
-3.2689576377952756
 31
0
  0
LINE
  5
F12
330
1B
100
AcDbEntity
  8
B.Cu
  6
CONTINUOUS
100
AcDbLine
 10
6.224389803149607
 20
-3.2689576377952756
 30
0
 11
6.224389763779528
 21
-3.2689574409448818
 31
0
  0
LINE
  5
F13
330
1B
100
AcDbEntity
  8
B.Cu
  6
CONTINUOUS
100
AcDbLine
 10
6.224389763779528
 20
-3.2689574409448818
 30
0
 11
6.224389803149607
 21
-3.1877355118110238
 31
0
  0
LINE
  5
F14
330
1B
100
AcDbEntity
  8
B.Cu
  6
CONTINUOUS
100
AcDbLine
 10
6.224389803149607
 20
-3.1877355118110238
 30
0
 11
6.224974566929134
 21
-3.1840431496062993
 31
0
  0
LINE
  5
F15
330
1B
100
AcDbEntity
  8
B.Cu
  6
CONTINUOUS
100
AcDbLine
 10
6.224974566929134
 20
-3.1840431496062993
 30
0
 11
6.227242125984253
 21
-3.179592834645669
 31
0
  0
LINE
  5
F16
330
1B
100
AcDbEntity
  8
B.Cu
  6
CONTINUOUS
100
AcDbLine
 10
6.227242125984253
 20
-3.179592834645669
 30
0
 11
6.227242283464568
 21
-3.1795926771653544
 31
0
  0
LINE
  5
F17
330
1B
100
AcDbEntity
  8
B.Cu
  6
CONTINUOUS
100
AcDbLine
 10
6.227242283464568
 20
-3.1795926771653544
 30
0
 11
6.2272423228346465
 21
-3.1795925984251969
 31
0
  0
LINE
  5
F18
330
1B
100
AcDbEntity
  8
B.Cu
  6
CONTINUOUS
100
AcDbLine
 10
6.2272423228346465
 20
-3.1795925984251969
 30
0
 11
6.230773740157481
 21
-3.1760611811023622
 31
0
  0
LINE
  5
F19
330
1B
100
AcDbEntity
  8
B.Cu
  6
CONTINUOUS
100
AcDbLine
 10
6.230773740157481
 20
-3.1760611811023622
 30
0
 11
6.230773858267717
 21
-3.1760611023622047
 31
0
  0
LINE
  5
F1A
330
1B
100
AcDbEntity
  8
B.Cu
  6
CONTINUOUS
100
AcDbLine
 10
6.230773858267717
 20
-3.1760611023622047
 30
0
 11
6.230773937007874
 21
-3.1760610236220472
 31
0
  0
LINE
  5
F1B
330
1B
100
AcDbEntity
  8
B.Cu
  6
CONTINUOUS
100
AcDbLine
 10
6.230773937007874
 20
-3.1760610236220472
 30
0
 11
6.2337985433070875
 21
-3.1745198818897635
 31
0
  0
LINE
  5
F1C
330
1B
100
AcDbEntity
  8
B.Cu
  6
CONTINUOUS
100
AcDbLine
 10
6.2337985433070875
 20
-3.1745198818897635
 30
0
 11
6.235224370078741
 21
-3.1737933858267717
 31
0
  0
LINE
  5
F1D
330
1B
100
AcDbEntity
  8
B.Cu
  6
CONTINUOUS
100
AcDbLine
 10
6.235224370078741
 20
-3.1737933858267717
 30
0
 11
6.238916377952757
 21
-3.1732086614173229
 31
0
  0
LINE
  5
F1E
330
1B
100
AcDbEntity
  8
B.Cu
  6
CONTINUOUS
100
AcDbLine
 10
6.238916377952757
 20
-3.1732086614173229
 30
0
 11
6.320138503937009
 21
-3.1732086614173229
 31
0
  0
LINE
  5
F1F
330
1B
100
AcDbEntity
  8
B.Cu
  6
CONTINUOUS
100
AcDbLine
 10
6.320138503937009
 20
-3.1732086614173229
 30
0
 11
6.323326023622048
 21
-3.1737135039370079
 31
0
  0
LINE
  5
F20
330
1B
100
AcDbEntity
  8
B.Cu
  6
CONTINUOUS
100
AcDbLine
 10
6.323326023622048
 20
-3.1737135039370079
 30
0
 11
6.323830866141733
 21
-3.1737934645669292
 31
0
  0
LINE
  5
F21
330
1B
100
AcDbEntity
  8
B.Cu
  6
CONTINUOUS
100
AcDbLine
 10
6.323830866141733
 20
-3.1737934645669292
 30
0
 11
6.328281181102363
 21
-3.1760610236220472
 31
0
  0
LINE
  5
F22
330
1B
100
AcDbEntity
  8
B.Cu
  6
CONTINUOUS
100
AcDbLine
 10
6.328281181102363
 20
-3.1760610236220472
 30
0
 11
6.328281220472442
 21
-3.176061062992126
 31
0
  0
LINE
  5
F23
330
1B
100
AcDbEntity
  8
B.Cu
  6
CONTINUOUS
100
AcDbLine
 10
6.328281220472442
 20
-3.176061062992126
 30
0
 11
6.3282814173228354
 21
-3.1760611811023622
 31
0
  0
LINE
  5
F24
330
1B
100
AcDbEntity
  8
B.Cu
  6
CONTINUOUS
100
AcDbLine
 10
6.3282814173228354
 20
-3.1760611811023622
 30
0
 11
6.33181283464567
 21
-3.1795925984251969
 31
0
  0
LINE
  5
F25
330
1B
100
AcDbEntity
  8
B.Cu
  6
CONTINUOUS
100
AcDbLine
 10
6.33181283464567
 20
-3.1795925984251969
 30
0
 11
6.331812952755906
 21
-3.1795927952755907
 31
0
  0
LINE
  5
F26
330
1B
100
AcDbEntity
  8
B.Cu
  6
CONTINUOUS
100
AcDbLine
 10
6.331812952755906
 20
-3.1795927952755907
 30
0
 11
6.33408062992126
 21
-3.1840432283464568
 31
0
  0
LINE
  5
F27
330
1B
100
AcDbEntity
  8
B.Cu
  6
CONTINUOUS
100
AcDbLine
 10
6.33408062992126
 20
-3.1840432283464568
 30
0
 11
6.334665354330709
 21
-3.1877352362204725
 31
0
  0
LINE
  5
F28
330
1B
100
AcDbEntity
  8
B.Cu
  6
CONTINUOUS
100
AcDbLine
 10
6.334665354330709
 20
-3.1877352362204725
 30
0
 11
6.334665354330709
 21
-3.2689573622047243
 31
0
  0
LINE
  5
F29
330
1B
100
AcDbEntity
  8
B.Cu
  6
CONTINUOUS
100
AcDbLine
 10
6.334665354330709
 20
-3.2689573622047243
 30
0
 11
6.334240472440945
 21
-3.2716400393700789
 31
0
  0
LINE
  5
F2A
330
1B
100
AcDbEntity
  8
B.Cu
  6
CONTINUOUS
100
AcDbLine
 10
6.334240472440945
 20
-3.2716400393700789
 30
0
 11
6.334080551181103
 21
-3.2726497637795275
 31
0
  0
LINE
  5
F2B
330
1B
100
AcDbEntity
  8
B.Cu
  6
CONTINUOUS
100
AcDbLine
 10
6.334080551181103
 20
-3.2726497637795275
 30
0
 11
6.331812992125985
 21
-3.2771000787401574
 31
0
  0
LINE
  5
F2C
330
1B
100
AcDbEntity
  8
B.Cu
  6
CONTINUOUS
100
AcDbLine
 10
6.331812992125985
 20
-3.2771000787401574
 30
0
 11
6.331812913385828
 21
-3.2771001574803149
 31
0
  0
LINE
  5
F2D
330
1B
100
AcDbEntity
  8
B.Cu
  6
CONTINUOUS
100
AcDbLine
 10
6.331812913385828
 20
-3.2771001574803149
 30
0
 11
6.33181283464567
 21
-3.2771002755905512
 31
0
  0
LINE
  5
F2E
330
1B
100
AcDbEntity
  8
B.Cu
  6
CONTINUOUS
100
AcDbLine
 10
6.33181283464567
 20
-3.2771002755905512
 30
0
 11
6.3282814173228354
 21
-3.2806316929133859
 31
0
  0
LINE
  5
F2F
330
1B
100
AcDbEntity
  8
B.Cu
  6
CONTINUOUS
100
AcDbLine
 10
6.3282814173228354
 20
-3.2806316929133859
 30
0
 11
6.328281338582678
 21
-3.2806317322834646
 31
0
  0
LINE
  5
F30
330
1B
100
AcDbEntity
  8
B.Cu
  6
CONTINUOUS
100
AcDbLine
 10
6.328281338582678
 20
-3.2806317322834646
 30
0
 11
6.328281181102363
 21
-3.2806318897637796
 31
0
  0
LINE
  5
F31
330
1B
100
AcDbEntity
  8
B.Cu
  6
CONTINUOUS
100
AcDbLine
 10
6.328281181102363
 20
-3.2806318897637796
 30
0
 11
6.32383094488189
 21
-3.2828994094488189
 31
0
  0
LINE
  5
F32
330
1B
100
AcDbEntity
  8
B.Cu
  6
CONTINUOUS
100
AcDbLine
 10
6.32383094488189
 20
-3.2828994094488189
 30
0
 11
6.323830787401575
 21
-3.2828994881889764
 31
0
  0
LINE
  5
F33
330
1B
100
AcDbEntity
  8
B.Cu
  6
CONTINUOUS
100
AcDbLine
 10
6.323830787401575
 20
-3.2828994881889764
 30
0
 11
6.32013877952756
 21
-3.2834842125984252
 31
0
  0
LINE
  5
F34
330
1B
100
AcDbEntity
  8
B.Cu
  6
CONTINUOUS
100
AcDbLine
 10
6.32013877952756
 20
-3.2834842125984252
 30
0
 11
6.320138543307087
 21
-3.2834842519685039
 31
0
  0
LINE
  5
F35
330
1B
100
AcDbEntity
  8
B.Cu
  6
CONTINUOUS
100
AcDbLine
 10
6.320138543307087
 20
-3.2834842519685039
 30
0
 11
6.311988188976378
 21
-3.2834842125984252
 31
0
  0
LINE
  5
F36
330
1B
100
AcDbEntity
  8
B.Cu
  6
CONTINUOUS
100
AcDbLine
 10
6.311988188976378
 20
-3.2834842125984252
 30
0
 11
6.309348858267717
 21
-3.2842591732283464
 31
0
  0
LINE
  5
F37
330
1B
100
AcDbEntity
  8
B.Cu
  6
CONTINUOUS
100
AcDbLine
 10
6.309348858267717
 20
-3.2842591732283464
 30
0
 11
6.307547480314961
 21
-3.2863380708661416
 31
0
  0
LINE
  5
F38
330
1B
100
AcDbEntity
  8
B.Cu
  6
CONTINUOUS
100
AcDbLine
 10
6.307547480314961
 20
-3.2863380708661416
 30
0
 11
6.307106299212599
 21
-3.2883661023622048
 31
0
  0
LINE
  5
F39
330
1B
100
AcDbEntity
  8
B.Cu
  6
CONTINUOUS
100
AcDbLine
 10
6.307106299212599
 20
-3.2883661023622048
 30
0
 11
6.307106299212599
 21
-3.2936409448818895
 31
0
  0
LINE
  5
F3A
330
1B
100
AcDbEntity
  8
B.Cu
  6
CONTINUOUS
100
AcDbLine
 10
6.307106299212599
 20
-3.2936409448818895
 30
0
 11
6.307881299212599
 21
-3.2962802755905511
 31
0
  0
LINE
  5
F3B
330
1B
100
AcDbEntity
  8
B.Cu
  6
CONTINUOUS
100
AcDbLine
 10
6.307881299212599
 20
-3.2962802755905511
 30
0
 11
6.308536181102363
 21
-3.2970929527559054
 31
0
  0
LINE
  5
F3C
330
1B
100
AcDbEntity
  8
B.Cu
  6
CONTINUOUS
100
AcDbLine
 10
6.308536181102363
 20
-3.2970929527559054
 30
0
 11
6.379689448818898
 21
-3.3682461811023621
 31
0
  0
LINE
  5
F3D
330
1B
100
AcDbEntity
  8
B.Cu
  6
CONTINUOUS
100
AcDbLine
 10
6.379689448818898
 20
-3.3682461811023621
 30
0
 11
6.379689488188977
 21
-3.3682462204724408
 31
0
  0
LINE
  5
F3E
330
1B
100
AcDbEntity
  8
B.Cu
  6
CONTINUOUS
100
AcDbLine
 10
6.379689488188977
 20
-3.3682462204724408
 30
0
 11
6.382707795275591
 21
-3.3727634645669289
 31
0
  0
LINE
  5
F3F
330
1B
100
AcDbEntity
  8
B.Cu
  6
CONTINUOUS
100
AcDbLine
 10
6.382707795275591
 20
-3.3727634645669289
 30
0
 11
6.38478657480315
 21
-3.3777821653543305
 31
0
  0
LINE
  5
F40
330
1B
100
AcDbEntity
  8
B.Cu
  6
CONTINUOUS
100
AcDbLine
 10
6.38478657480315
 20
-3.3777821653543305
 30
0
 11
6.384786692913386
 21
-3.377782559055118
 31
0
  0
LINE
  5
F41
330
1B
100
AcDbEntity
  8
B.Cu
  6
CONTINUOUS
100
AcDbLine
 10
6.384786692913386
 20
-3.377782559055118
 30
0
 11
6.385846456692914
 21
-3.3831103937007874
 31
0
  0
LINE
  5
F42
330
1B
100
AcDbEntity
  8
B.Cu
  6
CONTINUOUS
100
AcDbLine
 10
6.385846456692914
 20
-3.3831103937007874
 30
0
 11
6.385846456692914
 21
-3.3831105118110236
 31
0
  0
LINE
  5
F43
330
1B
100
AcDbEntity
  8
B.Cu
  6
CONTINUOUS
100
AcDbLine
 10
6.385846456692914
 20
-3.3831105118110236
 30
0
 11
6.385846456692914
 21
-3.5209057480314958
 31
0
  0
LINE
  5
F44
330
1B
100
AcDbEntity
  8
B.Cu
  6
CONTINUOUS
100
AcDbLine
 10
6.385846456692914
 20
-3.5209057480314958
 30
0
 11
6.385846456692914
 21
-3.5263383464566926
 31
0
  0
LINE
  5
F45
330
1B
100
AcDbEntity
  8
B.Cu
  6
CONTINUOUS
100
AcDbLine
 10
6.385846456692914
 20
-3.5263383464566926
 30
0
 11
6.385846456692914
 21
-3.5263384251968501
 31
0
  0
LINE
  5
F46
330
1B
100
AcDbEntity
  8
B.Cu
  6
CONTINUOUS
100
AcDbLine
 10
6.385846456692914
 20
-3.5263384251968501
 30
0
 11
6.385846496062992
 21
-3.5263384251968501
 31
0
  0
LINE
  5
F47
330
1B
100
AcDbEntity
  8
B.Cu
  6
CONTINUOUS
100
AcDbLine
 10
6.385846496062992
 20
-3.5263384251968501
 30
0
 11
6.384786692913386
 21
-3.5316662204724407
 31
0
  0
LINE
  5
F48
330
1B
100
AcDbEntity
  8
B.Cu
  6
CONTINUOUS
100
AcDbLine
 10
6.134404133858268
 20
-3.7676148031496064
 30
0
 11
6.13326283464567
 21
-3.7718740157480313
 31
0
  0
LINE
  5
F49
330
1B
100
AcDbEntity
  8
B.Cu
  6
CONTINUOUS
100
AcDbLine
 10
6.13326283464567
 20
-3.7718740157480313
 30
0
 11
6.13326283464567
 21
-3.7777322834645668
 31
0
  0
LINE
  5
F4A
330
1B
100
AcDbEntity
  8
B.Cu
  6
CONTINUOUS
100
AcDbLine
 10
6.13326283464567
 20
-3.7777322834645668
 30
0
 11
6.13440409448819
 21
-3.7819914173228346
 31
0
  0
LINE
  5
F4B
330
1B
100
AcDbEntity
  8
B.Cu
  6
CONTINUOUS
100
AcDbLine
 10
6.13440409448819
 20
-3.7819914173228346
 30
0
 11
6.119565393700788
 21
-3.7968301181102362
 31
0
  0
LINE
  5
F4C
330
1B
100
AcDbEntity
  8
B.Cu
  6
CONTINUOUS
100
AcDbLine
 10
6.119565393700788
 20
-3.7968301181102362
 30
0
 11
6.118180196850394
 21
-3.7947570866141733
 31
0
  0
LINE
  5
F4D
330
1B
100
AcDbEntity
  8
B.Cu
  6
CONTINUOUS
100
AcDbLine
 10
6.118180196850394
 20
-3.7947570866141733
 30
0
 11
6.115004763779528
 21
-3.7870908267716534
 31
0
  0
LINE
  5
F4E
330
1B
100
AcDbEntity
  8
B.Cu
  6
CONTINUOUS
100
AcDbLine
 10
6.115004763779528
 20
-3.7870908267716534
 30
0
 11
6.115004685039371
 21
-3.7870905905511809
 31
0
  0
LINE
  5
F4F
330
1B
100
AcDbEntity
  8
B.Cu
  6
CONTINUOUS
100
AcDbLine
 10
6.115004685039371
 20
-3.7870905905511809
 30
0
 11
6.113385826771654
 21
-3.7789522834645668
 31
0
  0
LINE
  5
F50
330
1B
100
AcDbEntity
  8
B.Cu
  6
CONTINUOUS
100
AcDbLine
 10
6.113385826771654
 20
-3.7789522834645668
 30
0
 11
6.113385826771654
 21
-3.7706539763779525
 31
0
  0
LINE
  5
F51
330
1B
100
AcDbEntity
  8
B.Cu
  6
CONTINUOUS
100
AcDbLine
 10
6.113385826771654
 20
-3.7706539763779525
 30
0
 11
6.115004685039371
 21
-3.7625156692913384
 31
0
  0
LINE
  5
F52
330
1B
100
AcDbEntity
  8
B.Cu
  6
CONTINUOUS
100
AcDbLine
 10
6.115004685039371
 20
-3.7625156692913384
 30
0
 11
6.115004763779528
 21
-3.7625154330708659
 31
0
  0
LINE
  5
F53
330
1B
100
AcDbEntity
  8
B.Cu
  6
CONTINUOUS
100
AcDbLine
 10
6.115004763779528
 20
-3.7625154330708659
 30
0
 11
6.118180236220473
 21
-3.7548490944881889
 31
0
  0
LINE
  5
F54
330
1B
100
AcDbEntity
  8
B.Cu
  6
CONTINUOUS
100
AcDbLine
 10
6.118180236220473
 20
-3.7548490944881889
 30
0
 11
6.118180314960631
 21
-3.7548489763779527
 31
0
  0
LINE
  5
F55
330
1B
100
AcDbEntity
  8
B.Cu
  6
CONTINUOUS
100
AcDbLine
 10
6.118180314960631
 20
-3.7548489763779527
 30
0
 11
6.119565393700788
 21
-3.7527761023622048
 31
0
  0
LINE
  5
F56
330
1B
100
AcDbEntity
  8
B.Cu
  6
CONTINUOUS
100
AcDbLine
 10
6.119565393700788
 20
-3.7527761023622048
 30
0
 11
6.134404133858268
 21
-3.7676148031496064
 31
0
  0
LINE
  5
F57
330
1B
100
AcDbEntity
  8
B.Cu
  6
CONTINUOUS
100
AcDbLine
 10
6.167799291338583
 20
-3.7342959842519683
 30
0
 11
6.167799527559056
 21
-3.7342960629921258
 31
0
  0
LINE
  5
F58
330
1B
100
AcDbEntity
  8
B.Cu
  6
CONTINUOUS
100
AcDbLine
 10
6.167799527559056
 20
-3.7342960629921258
 30
0
 11
6.175465826771654
 21
-3.737471535433071
 31
0
  0
LINE
  5
F59
330
1B
100
AcDbEntity
  8
B.Cu
  6
CONTINUOUS
100
AcDbLine
 10
6.175465826771654
 20
-3.737471535433071
 30
0
 11
6.175466299212599
 21
-3.7374718110236218
 31
0
  0
LINE
  5
F5A
330
1B
100
AcDbEntity
  8
B.Cu
  6
CONTINUOUS
100
AcDbLine
 10
6.175466299212599
 20
-3.7374718110236218
 30
0
 11
6.177538858267717
 21
-3.7388566141732285
 31
0
  0
LINE
  5
F5B
330
1B
100
AcDbEntity
  8
B.Cu
  6
CONTINUOUS
100
AcDbLine
 10
6.177538858267717
 20
-3.7388566141732285
 30
0
 11
6.177538897637795
 21
-3.7388566535433072
 31
0
  0
LINE
  5
F5C
330
1B
100
AcDbEntity
  8
B.Cu
  6
CONTINUOUS
100
AcDbLine
 10
6.177538897637795
 20
-3.7388566535433072
 30
0
 11
6.162700118110236
 21
-3.7536953937007875
 31
0
  0
LINE
  5
F5D
330
1B
100
AcDbEntity
  8
B.Cu
  6
CONTINUOUS
100
AcDbLine
 10
6.162700118110236
 20
-3.7536953937007875
 30
0
 11
6.158440944881891
 21
-3.7525541732283463
 31
0
  0
LINE
  5
F5E
330
1B
100
AcDbEntity
  8
B.Cu
  6
CONTINUOUS
100
AcDbLine
 10
6.158440944881891
 20
-3.7525541732283463
 30
0
 11
6.152582677165355
 21
-3.7525541732283463
 31
0
  0
LINE
  5
F5F
330
1B
100
AcDbEntity
  8
B.Cu
  6
CONTINUOUS
100
AcDbLine
 10
6.152582677165355
 20
-3.7525541732283463
 30
0
 11
6.148323582677166
 21
-3.7536953937007875
 31
0
  0
LINE
  5
F60
330
1B
100
AcDbEntity
  8
B.Cu
  6
CONTINUOUS
100
AcDbLine
 10
6.148323582677166
 20
-3.7536953937007875
 30
0
 11
6.133484842519685
 21
-3.7388566535433072
 31
0
  0
LINE
  5
F61
330
1B
100
AcDbEntity
  8
B.Cu
  6
CONTINUOUS
100
AcDbLine
 10
6.133484842519685
 20
-3.7388566535433072
 30
0
 11
6.133484842519685
 21
-3.7388566141732285
 31
0
  0
LINE
  5
F62
330
1B
100
AcDbEntity
  8
B.Cu
  6
CONTINUOUS
100
AcDbLine
 10
6.133484842519685
 20
-3.7388566141732285
 30
0
 11
6.135557755905512
 21
-3.7374715748031497
 31
0
  0
LINE
  5
F63
330
1B
100
AcDbEntity
  8
B.Cu
  6
CONTINUOUS
100
AcDbLine
 10
6.135557755905512
 20
-3.7374715748031497
 30
0
 11
6.1432241338582685
 21
-3.7342960629921258
 31
0
  0
LINE
  5
F64
330
1B
100
AcDbEntity
  8
B.Cu
  6
CONTINUOUS
100
AcDbLine
 10
6.1432241338582685
 20
-3.7342960629921258
 30
0
 11
6.143224370078741
 21
-3.7342959842519683
 31
0
  0
LINE
  5
F65
330
1B
100
AcDbEntity
  8
B.Cu
  6
CONTINUOUS
100
AcDbLine
 10
6.143224370078741
 20
-3.7342959842519683
 30
0
 11
6.151362677165355
 21
-3.7326771653543305
 31
0
  0
LINE
  5
F66
330
1B
100
AcDbEntity
  8
B.Cu
  6
CONTINUOUS
100
AcDbLine
 10
6.151362677165355
 20
-3.7326771653543305
 30
0
 11
6.159660944881891
 21
-3.7326771653543305
 31
0
  0
LINE
  5
F67
330
1B
100
AcDbEntity
  8
B.Cu
  6
CONTINUOUS
100
AcDbLine
 10
6.159660944881891
 20
-3.7326771653543305
 30
0
 11
6.167799291338583
 21
-3.7342959842519683
 31
0
  0
LINE
  5
F68
330
1B
100
AcDbEntity
  8
B.Cu
  6
CONTINUOUS
100
AcDbLine
 10
6.28842220472441
 20
-3.4676958267716533
 30
0
 11
6.286667322834646
 21
-3.4689708267716535
 31
0
  0
LINE
  5
F69
330
1B
100
AcDbEntity
  8
B.Cu
  6
CONTINUOUS
100
AcDbLine
 10
6.286667322834646
 20
-3.4689708267716535
 30
0
 11
6.279489448818898
 21
-3.4726281496062992
 31
0
  0
LINE
  5
F6A
330
1B
100
AcDbEntity
  8
B.Cu
  6
CONTINUOUS
100
AcDbLine
 10
6.279489448818898
 20
-3.4726281496062992
 30
0
 11
6.271827480314961
 21
-3.4751177165354328
 31
0
  0
LINE
  5
F6B
330
1B
100
AcDbEntity
  8
B.Cu
  6
CONTINUOUS
100
AcDbLine
 10
6.271827480314961
 20
-3.4751177165354328
 30
0
 11
6.263870748031496
 21
-3.4763779527559056
 31
0
  0
LINE
  5
F6C
330
1B
100
AcDbEntity
  8
B.Cu
  6
CONTINUOUS
100
AcDbLine
 10
6.263870748031496
 20
-3.4763779527559056
 30
0
 11
6.2558142913385835
 21
-3.4763779527559056
 31
0
  0
LINE
  5
F6D
330
1B
100
AcDbEntity
  8
B.Cu
  6
CONTINUOUS
100
AcDbLine
 10
6.2558142913385835
 20
-3.4763779527559056
 30
0
 11
6.247857598425197
 21
-3.4751177165354328
 31
0
  0
LINE
  5
F6E
330
1B
100
AcDbEntity
  8
B.Cu
  6
CONTINUOUS
100
AcDbLine
 10
6.247857598425197
 20
-3.4751177165354328
 30
0
 11
6.24019562992126
 21
-3.4726281496062992
 31
0
  0
LINE
  5
F6F
330
1B
100
AcDbEntity
  8
B.Cu
  6
CONTINUOUS
100
AcDbLine
 10
6.24019562992126
 20
-3.4726281496062992
 30
0
 11
6.233017755905513
 21
-3.4689708267716535
 31
0
  0
LINE
  5
F70
330
1B
100
AcDbEntity
  8
B.Cu
  6
CONTINUOUS
100
AcDbLine
 10
6.233017755905513
 20
-3.4689708267716535
 30
0
 11
6.231262952755906
 21
-3.4676958267716533
 31
0
  0
LINE
  5
F71
330
1B
100
AcDbEntity
  8
B.Cu
  6
CONTINUOUS
100
AcDbLine
 10
6.231262952755906
 20
-3.4676958267716533
 30
0
 11
6.245695078740158
 21
-3.4532637007874016
 31
0
  0
LINE
  5
F72
330
1B
100
AcDbEntity
  8
B.Cu
  6
CONTINUOUS
100
AcDbLine
 10
6.245695078740158
 20
-3.4532637007874016
 30
0
 11
6.25069968503937
 21
-3.4553366929133857
 31
0
  0
LINE
  5
F73
330
1B
100
AcDbEntity
  8
B.Cu
  6
CONTINUOUS
100
AcDbLine
 10
6.25069968503937
 20
-3.4553366929133857
 30
0
 11
6.256755354330709
 21
-3.4565412598425196
 31
0
  0
LINE
  5
F74
330
1B
100
AcDbEntity
  8
B.Cu
  6
CONTINUOUS
100
AcDbLine
 10
6.256755354330709
 20
-3.4565412598425196
 30
0
 11
6.262929685039371
 21
-3.4565412598425196
 31
0
  0
LINE
  5
F75
330
1B
100
AcDbEntity
  8
B.Cu
  6
CONTINUOUS
100
AcDbLine
 10
6.262929685039371
 20
-3.4565412598425196
 30
0
 11
6.2689853543307095
 21
-3.4553366929133857
 31
0
  0
LINE
  5
F76
330
1B
100
AcDbEntity
  8
B.Cu
  6
CONTINUOUS
100
AcDbLine
 10
6.2689853543307095
 20
-3.4553366929133857
 30
0
 11
6.273990039370079
 21
-3.4532636614173229
 31
0
  0
LINE
  5
F77
330
1B
100
AcDbEntity
  8
B.Cu
  6
CONTINUOUS
100
AcDbLine
 10
6.273990039370079
 20
-3.4532636614173229
 30
0
 11
6.28842220472441
 21
-3.4676958267716533
 31
0
  0
LINE
  5
F78
330
1B
100
AcDbEntity
  8
B.Cu
  6
CONTINUOUS
100
AcDbLine
 10
6.0915718110236226
 20
-3.4676958267716533
 30
0
 11
6.089816929133859
 21
-3.4689708267716535
 31
0
  0
LINE
  5
F79
330
1B
100
AcDbEntity
  8
B.Cu
  6
CONTINUOUS
100
AcDbLine
 10
6.089816929133859
 20
-3.4689708267716535
 30
0
 11
6.08263905511811
 21
-3.4726281496062992
 31
0
  0
LINE
  5
F7A
330
1B
100
AcDbEntity
  8
B.Cu
  6
CONTINUOUS
100
AcDbLine
 10
6.08263905511811
 20
-3.4726281496062992
 30
0
 11
6.074977086614174
 21
-3.4751177165354328
 31
0
  0
LINE
  5
F7B
330
1B
100
AcDbEntity
  8
B.Cu
  6
CONTINUOUS
100
AcDbLine
 10
6.074977086614174
 20
-3.4751177165354328
 30
0
 11
6.067020354330709
 21
-3.4763779527559056
 31
0
  0
LINE
  5
F7C
330
1B
100
AcDbEntity
  8
B.Cu
  6
CONTINUOUS
100
AcDbLine
 10
6.067020354330709
 20
-3.4763779527559056
 30
0
 11
6.0589638976377955
 21
-3.4763779527559056
 31
0
  0
LINE
  5
F7D
330
1B
100
AcDbEntity
  8
B.Cu
  6
CONTINUOUS
100
AcDbLine
 10
6.0589638976377955
 20
-3.4763779527559056
 30
0
 11
6.05100720472441
 21
-3.4751177165354328
 31
0
  0
LINE
  5
F7E
330
1B
100
AcDbEntity
  8
B.Cu
  6
CONTINUOUS
100
AcDbLine
 10
6.05100720472441
 20
-3.4751177165354328
 30
0
 11
6.043345236220473
 21
-3.4726281496062992
 31
0
  0
LINE
  5
F7F
330
1B
100
AcDbEntity
  8
B.Cu
  6
CONTINUOUS
100
AcDbLine
 10
6.043345236220473
 20
-3.4726281496062992
 30
0
 11
6.036167362204725
 21
-3.4689708267716535
 31
0
  0
LINE
  5
F80
330
1B
100
AcDbEntity
  8
B.Cu
  6
CONTINUOUS
100
AcDbLine
 10
6.036167362204725
 20
-3.4689708267716535
 30
0
 11
6.034412559055118
 21
-3.4676958267716533
 31
0
  0
LINE
  5
F81
330
1B
100
AcDbEntity
  8
B.Cu
  6
CONTINUOUS
100
AcDbLine
 10
6.034412559055118
 20
-3.4676958267716533
 30
0
 11
6.048844685039371
 21
-3.4532637007874016
 31
0
  0
LINE
  5
F82
330
1B
100
AcDbEntity
  8
B.Cu
  6
CONTINUOUS
100
AcDbLine
 10
6.048844685039371
 20
-3.4532637007874016
 30
0
 11
6.053849291338583
 21
-3.4553366929133857
 31
0
  0
LINE
  5
F83
330
1B
100
AcDbEntity
  8
B.Cu
  6
CONTINUOUS
100
AcDbLine
 10
6.053849291338583
 20
-3.4553366929133857
 30
0
 11
6.059904960629922
 21
-3.4565412598425196
 31
0
  0
LINE
  5
F84
330
1B
100
AcDbEntity
  8
B.Cu
  6
CONTINUOUS
100
AcDbLine
 10
6.059904960629922
 20
-3.4565412598425196
 30
0
 11
6.066079291338583
 21
-3.4565412598425196
 31
0
  0
LINE
  5
F85
330
1B
100
AcDbEntity
  8
B.Cu
  6
CONTINUOUS
100
AcDbLine
 10
6.066079291338583
 20
-3.4565412598425196
 30
0
 11
6.0721349606299215
 21
-3.4553366929133857
 31
0
  0
LINE
  5
F86
330
1B
100
AcDbEntity
  8
B.Cu
  6
CONTINUOUS
100
AcDbLine
 10
6.0721349606299215
 20
-3.4553366929133857
 30
0
 11
6.077139645669292
 21
-3.4532636614173229
 31
0
  0
LINE
  5
F87
330
1B
100
AcDbEntity
  8
B.Cu
  6
CONTINUOUS
100
AcDbLine
 10
6.077139645669292
 20
-3.4532636614173229
 30
0
 11
6.0915718110236226
 21
-3.4676958267716533
 31
0
  0
LINE
  5
F88
330
1B
100
AcDbEntity
  8
B.Cu
  6
CONTINUOUS
100
AcDbLine
 10
6.03492531496063
 20
-3.4110492913385828
 30
0
 11
6.0328522834645675
 21
-3.4160540157480312
 31
0
  0
LINE
  5
F89
330
1B
100
AcDbEntity
  8
B.Cu
  6
CONTINUOUS
100
AcDbLine
 10
6.0328522834645675
 20
-3.4160540157480312
 30
0
 11
6.031647716535433
 21
-3.42210968503937
 31
0
  0
LINE
  5
F8A
330
1B
100
AcDbEntity
  8
B.Cu
  6
CONTINUOUS
100
AcDbLine
 10
6.031647716535433
 20
-3.42210968503937
 30
0
 11
6.031647716535433
 21
-3.4282840157480314
 31
0
  0
LINE
  5
F8B
330
1B
100
AcDbEntity
  8
B.Cu
  6
CONTINUOUS
100
AcDbLine
 10
6.031647716535433
 20
-3.4282840157480314
 30
0
 11
6.0328522834645675
 21
-3.4343396850393701
 31
0
  0
LINE
  5
F8C
330
1B
100
AcDbEntity
  8
B.Cu
  6
CONTINUOUS
100
AcDbLine
 10
6.0328522834645675
 20
-3.4343396850393701
 30
0
 11
6.03492531496063
 21
-3.4393442913385828
 31
0
  0
LINE
  5
F8D
330
1B
100
AcDbEntity
  8
B.Cu
  6
CONTINUOUS
100
AcDbLine
 10
6.03492531496063
 20
-3.4393442913385828
 30
0
 11
6.0204931496063
 21
-3.4537764566929132
 31
0
  0
LINE
  5
F8E
330
1B
100
AcDbEntity
  8
B.Cu
  6
CONTINUOUS
100
AcDbLine
 10
6.0204931496063
 20
-3.4537764566929132
 30
0
 11
6.0204931496063
 21
-3.4537764173228345
 31
0
  0
LINE
  5
F8F
330
1B
100
AcDbEntity
  8
B.Cu
  6
CONTINUOUS
100
AcDbLine
 10
6.0204931496063
 20
-3.4537764173228345
 30
0
 11
6.019218149606299
 21
-3.4520216141732281
 31
0
  0
LINE
  5
F90
330
1B
100
AcDbEntity
  8
B.Cu
  6
CONTINUOUS
100
AcDbLine
 10
6.019218149606299
 20
-3.4520216141732281
 30
0
 11
6.015560826771654
 21
-3.4448437401574803
 31
0
  0
LINE
  5
F91
330
1B
100
AcDbEntity
  8
B.Cu
  6
CONTINUOUS
100
AcDbLine
 10
6.015560826771654
 20
-3.4448437401574803
 30
0
 11
6.01307125984252
 21
-3.4371817716535431
 31
0
  0
LINE
  5
F92
330
1B
100
AcDbEntity
  8
B.Cu
  6
CONTINUOUS
100
AcDbLine
 10
6.01307125984252
 20
-3.4371817716535431
 30
0
 11
6.011811023622048
 21
-3.4292250787401573
 31
0
  0
LINE
  5
F93
330
1B
100
AcDbEntity
  8
B.Cu
  6
CONTINUOUS
100
AcDbLine
 10
6.011811023622048
 20
-3.4292250787401573
 30
0
 11
6.011811023622048
 21
-3.4211685826771654
 31
0
  0
LINE
  5
F94
330
1B
100
AcDbEntity
  8
B.Cu
  6
CONTINUOUS
100
AcDbLine
 10
6.011811023622048
 20
-3.4211685826771654
 30
0
 11
6.01307125984252
 21
-3.4132118897637795
 31
0
  0
LINE
  5
F95
330
1B
100
AcDbEntity
  8
B.Cu
  6
CONTINUOUS
100
AcDbLine
 10
6.01307125984252
 20
-3.4132118897637795
 30
0
 11
6.015560826771654
 21
-3.4055499212598423
 31
0
  0
LINE
  5
F96
330
1B
100
AcDbEntity
  8
B.Cu
  6
CONTINUOUS
100
AcDbLine
 10
6.015560826771654
 20
-3.4055499212598423
 30
0
 11
6.019218149606299
 21
-3.3983720472440946
 31
0
  0
LINE
  5
F97
330
1B
100
AcDbEntity
  8
B.Cu
  6
CONTINUOUS
100
AcDbLine
 10
6.019218149606299
 20
-3.3983720472440946
 30
0
 11
6.0204931496063
 21
-3.3966172047244094
 31
0
  0
LINE
  5
F98
330
1B
100
AcDbEntity
  8
B.Cu
  6
CONTINUOUS
100
AcDbLine
 10
6.0204931496063
 20
-3.3966172047244094
 30
0
 11
6.0204931496063
 21
-3.3966171653543307
 31
0
  0
LINE
  5
F99
330
1B
100
AcDbEntity
  8
B.Cu
  6
CONTINUOUS
100
AcDbLine
 10
6.0204931496063
 20
-3.3966171653543307
 30
0
 11
6.03492531496063
 21
-3.4110492913385828
 31
0
  0
LINE
  5
F9A
330
1B
100
AcDbEntity
  8
B.Cu
  6
CONTINUOUS
100
AcDbLine
 10
6.231775708661417
 20
-3.4110492913385828
 30
0
 11
6.2297026771653545
 21
-3.4160540157480312
 31
0
  0
LINE
  5
F9B
330
1B
100
AcDbEntity
  8
B.Cu
  6
CONTINUOUS
100
AcDbLine
 10
6.2297026771653545
 20
-3.4160540157480312
 30
0
 11
6.228498110236221
 21
-3.42210968503937
 31
0
  0
LINE
  5
F9C
330
1B
100
AcDbEntity
  8
B.Cu
  6
CONTINUOUS
100
AcDbLine
 10
6.228498110236221
 20
-3.42210968503937
 30
0
 11
6.228498110236221
 21
-3.4282840157480314
 31
0
  0
LINE
  5
F9D
330
1B
100
AcDbEntity
  8
B.Cu
  6
CONTINUOUS
100
AcDbLine
 10
6.228498110236221
 20
-3.4282840157480314
 30
0
 11
6.2297026771653545
 21
-3.4343396850393701
 31
0
  0
LINE
  5
F9E
330
1B
100
AcDbEntity
  8
B.Cu
  6
CONTINUOUS
100
AcDbLine
 10
6.2297026771653545
 20
-3.4343396850393701
 30
0
 11
6.231775669291339
 21
-3.4393442913385828
 31
0
  0
LINE
  5
F9F
330
1B
100
AcDbEntity
  8
B.Cu
  6
CONTINUOUS
100
AcDbLine
 10
6.231775669291339
 20
-3.4393442913385828
 30
0
 11
6.217343543307087
 21
-3.4537764173228345
 31
0
  0
LINE
  5
FA0
330
1B
100
AcDbEntity
  8
B.Cu
  6
CONTINUOUS
100
AcDbLine
 10
6.217343543307087
 20
-3.4537764173228345
 30
0
 11
6.216068543307087
 21
-3.4520216141732281
 31
0
  0
LINE
  5
FA1
330
1B
100
AcDbEntity
  8
B.Cu
  6
CONTINUOUS
100
AcDbLine
 10
6.216068543307087
 20
-3.4520216141732281
 30
0
 11
6.2124112204724415
 21
-3.4448437401574803
 31
0
  0
LINE
  5
FA2
330
1B
100
AcDbEntity
  8
B.Cu
  6
CONTINUOUS
100
AcDbLine
 10
6.2124112204724415
 20
-3.4448437401574803
 30
0
 11
6.209921653543308
 21
-3.4371817716535431
 31
0
  0
LINE
  5
FA3
330
1B
100
AcDbEntity
  8
B.Cu
  6
CONTINUOUS
100
AcDbLine
 10
6.209921653543308
 20
-3.4371817716535431
 30
0
 11
6.208661417322835
 21
-3.4292250787401573
 31
0
  0
LINE
  5
FA4
330
1B
100
AcDbEntity
  8
B.Cu
  6
CONTINUOUS
100
AcDbLine
 10
6.208661417322835
 20
-3.4292250787401573
 30
0
 11
6.208661417322835
 21
-3.4211685826771654
 31
0
  0
LINE
  5
FA5
330
1B
100
AcDbEntity
  8
B.Cu
  6
CONTINUOUS
100
AcDbLine
 10
6.208661417322835
 20
-3.4211685826771654
 30
0
 11
6.209921653543308
 21
-3.4132118897637795
 31
0
  0
LINE
  5
FA6
330
1B
100
AcDbEntity
  8
B.Cu
  6
CONTINUOUS
100
AcDbLine
 10
6.209921653543308
 20
-3.4132118897637795
 30
0
 11
6.2124112204724415
 21
-3.4055499212598423
 31
0
  0
LINE
  5
FA7
330
1B
100
AcDbEntity
  8
B.Cu
  6
CONTINUOUS
100
AcDbLine
 10
6.2124112204724415
 20
-3.4055499212598423
 30
0
 11
6.216068543307087
 21
-3.3983720472440946
 31
0
  0
LINE
  5
FA8
330
1B
100
AcDbEntity
  8
B.Cu
  6
CONTINUOUS
100
AcDbLine
 10
6.216068543307087
 20
-3.3983720472440946
 30
0
 11
6.217343543307087
 21
-3.3966172047244094
 31
0
  0
LINE
  5
FA9
330
1B
100
AcDbEntity
  8
B.Cu
  6
CONTINUOUS
100
AcDbLine
 10
6.217343543307087
 20
-3.3966172047244094
 30
0
 11
6.217343543307087
 21
-3.3966171653543307
 31
0
  0
LINE
  5
FAA
330
1B
100
AcDbEntity
  8
B.Cu
  6
CONTINUOUS
100
AcDbLine
 10
6.217343543307087
 20
-3.3966171653543307
 30
0
 11
6.231775708661417
 21
-3.4110492913385828
 31
0
  0
LINE
  5
FAB
330
1B
100
AcDbEntity
  8
B.Cu
  6
CONTINUOUS
100
AcDbLine
 10
5.337366417322835
 20
-3.4339629133858267
 30
0
 11
5.33410125984252
 21
-3.4363351968503935
 31
0
  0
LINE
  5
FAC
330
1B
100
AcDbEntity
  8
B.Cu
  6
CONTINUOUS
100
AcDbLine
 10
5.33410125984252
 20
-3.4363351968503935
 30
0
 11
5.325819015748032
 21
-3.4405551968503936
 31
0
  0
LINE
  5
FAD
330
1B
100
AcDbEntity
  8
B.Cu
  6
CONTINUOUS
100
AcDbLine
 10
5.325819015748032
 20
-3.4405551968503936
 30
0
 11
5.316978267716536
 21
-3.4434277559055118
 31
0
  0
LINE
  5
FAE
330
1B
100
AcDbEntity
  8
B.Cu
  6
CONTINUOUS
100
AcDbLine
 10
5.316978267716536
 20
-3.4434277559055118
 30
0
 11
5.316978307086615
 21
-3.4434277559055118
 31
0
  0
LINE
  5
FAF
330
1B
100
AcDbEntity
  8
B.Cu
  6
CONTINUOUS
100
AcDbLine
 10
5.316978307086615
 20
-3.4434277559055118
 30
0
 11
5.307797322834646
 21
-3.4448818897637796
 31
0
  0
LINE
  5
FB0
330
1B
100
AcDbEntity
  8
B.Cu
  6
CONTINUOUS
100
AcDbLine
 10
5.307797322834646
 20
-3.4448818897637796
 30
0
 11
5.29850188976378
 21
-3.4448818897637796
 31
0
  0
LINE
  5
FB1
330
1B
100
AcDbEntity
  8
B.Cu
  6
CONTINUOUS
100
AcDbLine
 10
5.29850188976378
 20
-3.4448818897637796
 30
0
 11
5.289320984251969
 21
-3.4434277559055118
 31
0
  0
LINE
  5
FB2
330
1B
100
AcDbEntity
  8
B.Cu
  6
CONTINUOUS
100
AcDbLine
 10
5.289320984251969
 20
-3.4434277559055118
 30
0
 11
5.280480236220473
 21
-3.4405551968503936
 31
0
  0
LINE
  5
FB3
330
1B
100
AcDbEntity
  8
B.Cu
  6
CONTINUOUS
100
AcDbLine
 10
5.280480236220473
 20
-3.4405551968503936
 30
0
 11
5.272198307086614
 21
-3.4363353543307085
 31
0
  0
LINE
  5
FB4
330
1B
100
AcDbEntity
  8
B.Cu
  6
CONTINUOUS
100
AcDbLine
 10
5.272198307086614
 20
-3.4363353543307085
 30
0
 11
5.272198070866142
 21
-3.4363351968503935
 31
0
  0
LINE
  5
FB5
330
1B
100
AcDbEntity
  8
B.Cu
  6
CONTINUOUS
100
AcDbLine
 10
5.272198070866142
 20
-3.4363351968503935
 30
0
 11
5.268932913385827
 21
-3.4339629133858267
 31
0
  0
LINE
  5
FB6
330
1B
100
AcDbEntity
  8
B.Cu
  6
CONTINUOUS
100
AcDbLine
 10
5.268932913385827
 20
-3.4339629133858267
 30
0
 11
5.268932874015748
 21
-3.4339629133858267
 31
0
  0
LINE
  5
FB7
330
1B
100
AcDbEntity
  8
B.Cu
  6
CONTINUOUS
100
AcDbLine
 10
5.268932874015748
 20
-3.4339629133858267
 30
0
 11
5.283246141732284
 21
-3.4196496456692911
 31
0
  0
LINE
  5
FB8
330
1B
100
AcDbEntity
  8
B.Cu
  6
CONTINUOUS
100
AcDbLine
 10
5.283246141732284
 20
-3.4196496456692911
 30
0
 11
5.284590669291339
 21
-3.4205480708661415
 31
0
  0
LINE
  5
FB9
330
1B
100
AcDbEntity
  8
B.Cu
  6
CONTINUOUS
100
AcDbLine
 10
5.284590669291339
 20
-3.4205480708661415
 30
0
 11
5.291721062992126
 21
-3.4235015748031494
 31
0
  0
LINE
  5
FBA
330
1B
100
AcDbEntity
  8
B.Cu
  6
CONTINUOUS
100
AcDbLine
 10
5.291721062992126
 20
-3.4235015748031494
 30
0
 11
5.299290669291339
 21
-3.4250072834645668
 31
0
  0
LINE
  5
FBB
330
1B
100
AcDbEntity
  8
B.Cu
  6
CONTINUOUS
100
AcDbLine
 10
5.299290669291339
 20
-3.4250072834645668
 30
0
 11
5.307008543307087
 21
-3.4250072834645668
 31
0
  0
LINE
  5
FBC
330
1B
100
AcDbEntity
  8
B.Cu
  6
CONTINUOUS
100
AcDbLine
 10
5.307008543307087
 20
-3.4250072834645668
 30
0
 11
5.3145781496063
 21
-3.4235015748031494
 31
0
  0
LINE
  5
FBD
330
1B
100
AcDbEntity
  8
B.Cu
  6
CONTINUOUS
100
AcDbLine
 10
5.3145781496063
 20
-3.4235015748031494
 30
0
 11
5.321708543307087
 21
-3.4205480708661415
 31
0
  0
LINE
  5
FBE
330
1B
100
AcDbEntity
  8
B.Cu
  6
CONTINUOUS
100
AcDbLine
 10
5.321708543307087
 20
-3.4205480708661415
 30
0
 11
5.3230531496063
 21
-3.4196496062992123
 31
0
  0
LINE
  5
FBF
330
1B
100
AcDbEntity
  8
B.Cu
  6
CONTINUOUS
100
AcDbLine
 10
5.3230531496063
 20
-3.4196496062992123
 30
0
 11
5.337366417322835
 21
-3.4339629133858267
 31
0
  0
LINE
  5
FC0
330
1B
100
AcDbEntity
  8
B.Cu
  6
CONTINUOUS
100
AcDbLine
 10
5.269326771653544
 20
-3.3659232283464564
 30
0
 11
5.268428307086615
 21
-3.367267834645669
 31
0
  0
LINE
  5
FC1
330
1B
100
AcDbEntity
  8
B.Cu
  6
CONTINUOUS
100
AcDbLine
 10
5.268428307086615
 20
-3.367267834645669
 30
0
 11
5.265474803149607
 21
-3.3743982283464566
 31
0
  0
LINE
  5
FC2
330
1B
100
AcDbEntity
  8
B.Cu
  6
CONTINUOUS
100
AcDbLine
 10
5.265474803149607
 20
-3.3743982283464566
 30
0
 11
5.263969094488189
 21
-3.3819678346456694
 31
0
  0
LINE
  5
FC3
330
1B
100
AcDbEntity
  8
B.Cu
  6
CONTINUOUS
100
AcDbLine
 10
5.263969094488189
 20
-3.3819678346456694
 30
0
 11
5.263969094488189
 21
-3.3896857086614172
 31
0
  0
LINE
  5
FC4
330
1B
100
AcDbEntity
  8
B.Cu
  6
CONTINUOUS
100
AcDbLine
 10
5.263969094488189
 20
-3.3896857086614172
 30
0
 11
5.265474803149607
 21
-3.3972553149606299
 31
0
  0
LINE
  5
FC5
330
1B
100
AcDbEntity
  8
B.Cu
  6
CONTINUOUS
100
AcDbLine
 10
5.265474803149607
 20
-3.3972553149606299
 30
0
 11
5.268428307086615
 21
-3.4043857086614171
 31
0
  0
LINE
  5
FC6
330
1B
100
AcDbEntity
  8
B.Cu
  6
CONTINUOUS
100
AcDbLine
 10
5.268428307086615
 20
-3.4043857086614171
 30
0
 11
5.269326732283465
 21
-3.4057302362204722
 31
0
  0
LINE
  5
FC7
330
1B
100
AcDbEntity
  8
B.Cu
  6
CONTINUOUS
100
AcDbLine
 10
5.269326732283465
 20
-3.4057302362204722
 30
0
 11
5.25501346456693
 21
-3.4200435039370078
 31
0
  0
LINE
  5
FC8
330
1B
100
AcDbEntity
  8
B.Cu
  6
CONTINUOUS
100
AcDbLine
 10
5.25501346456693
 20
-3.4200435039370078
 30
0
 11
5.25501346456693
 21
-3.4200434645669291
 31
0
  0
LINE
  5
FC9
330
1B
100
AcDbEntity
  8
B.Cu
  6
CONTINUOUS
100
AcDbLine
 10
5.25501346456693
 20
-3.4200434645669291
 30
0
 11
5.252641181102363
 21
-3.4167783070866142
 31
0
  0
LINE
  5
FCA
330
1B
100
AcDbEntity
  8
B.Cu
  6
CONTINUOUS
100
AcDbLine
 10
5.252641181102363
 20
-3.4167783070866142
 30
0
 11
5.252641023622048
 21
-3.4167780708661417
 31
0
  0
LINE
  5
FCB
330
1B
100
AcDbEntity
  8
B.Cu
  6
CONTINUOUS
100
AcDbLine
 10
5.252641023622048
 20
-3.4167780708661417
 30
0
 11
5.248421181102363
 21
-3.4084961417322832
 31
0
  0
LINE
  5
FCC
330
1B
100
AcDbEntity
  8
B.Cu
  6
CONTINUOUS
100
AcDbLine
 10
5.248421181102363
 20
-3.4084961417322832
 30
0
 11
5.245548622047244
 21
-3.3996553937007872
 31
0
  0
LINE
  5
FCD
330
1B
100
AcDbEntity
  8
B.Cu
  6
CONTINUOUS
100
AcDbLine
 10
5.245548622047244
 20
-3.3996553937007872
 30
0
 11
5.244094488188977
 21
-3.3904744881889761
 31
0
  0
LINE
  5
FCE
330
1B
100
AcDbEntity
  8
B.Cu
  6
CONTINUOUS
100
AcDbLine
 10
5.244094488188977
 20
-3.3904744881889761
 30
0
 11
5.244094488188977
 21
-3.3811790157480313
 31
0
  0
LINE
  5
FCF
330
1B
100
AcDbEntity
  8
B.Cu
  6
CONTINUOUS
100
AcDbLine
 10
5.244094488188977
 20
-3.3811790157480313
 30
0
 11
5.245548622047244
 21
-3.3719981102362202
 31
0
  0
LINE
  5
FD0
330
1B
100
AcDbEntity
  8
B.Cu
  6
CONTINUOUS
100
AcDbLine
 10
5.245548622047244
 20
-3.3719981102362202
 30
0
 11
5.248421181102363
 21
-3.3631573622047242
 31
0
  0
LINE
  5
FD1
330
1B
100
AcDbEntity
  8
B.Cu
  6
CONTINUOUS
100
AcDbLine
 10
5.248421181102363
 20
-3.3631573622047242
 30
0
 11
5.252641181102363
 21
-3.3548751181102361
 31
0
  0
LINE
  5
FD2
330
1B
100
AcDbEntity
  8
B.Cu
  6
CONTINUOUS
100
AcDbLine
 10
5.252641181102363
 20
-3.3548751181102361
 30
0
 11
5.25501346456693
 21
-3.35161
 31
0
  0
LINE
  5
FD3
330
1B
100
AcDbEntity
  8
B.Cu
  6
CONTINUOUS
100
AcDbLine
 10
5.25501346456693
 20
-3.35161
 30
0
 11
5.25501346456693
 21
-3.3516099606299212
 31
0
  0
LINE
  5
FD4
330
1B
100
AcDbEntity
  8
B.Cu
  6
CONTINUOUS
100
AcDbLine
 10
5.25501346456693
 20
-3.3516099606299212
 30
0
 11
5.269326771653544
 21
-3.3659232283464564
 31
0
  0
LINE
  5
FD5
330
1B
100
AcDbEntity
  8
B.Cu
  6
CONTINUOUS
100
AcDbLine
 10
6.271827480314961
 20
-3.3752759448818899
 30
0
 11
6.279489448818898
 21
-3.3777655118110235
 31
0
  0
LINE
  5
FD6
330
1B
100
AcDbEntity
  8
B.Cu
  6
CONTINUOUS
100
AcDbLine
 10
6.279489448818898
 20
-3.3777655118110235
 30
0
 11
6.286667559055118
 21
-3.3814229527559054
 31
0
  0
LINE
  5
FD7
330
1B
100
AcDbEntity
  8
B.Cu
  6
CONTINUOUS
100
AcDbLine
 10
6.286667559055118
 20
-3.3814229527559054
 30
0
 11
6.288422165354331
 21
-3.3826977559055118
 31
0
  0
LINE
  5
FD8
330
1B
100
AcDbEntity
  8
B.Cu
  6
CONTINUOUS
100
AcDbLine
 10
6.288422165354331
 20
-3.3826977559055118
 30
0
 11
6.288422165354331
 21
-3.3826977952755906
 31
0
  0
LINE
  5
FD9
330
1B
100
AcDbEntity
  8
B.Cu
  6
CONTINUOUS
100
AcDbLine
 10
6.288422165354331
 20
-3.3826977952755906
 30
0
 11
6.273989960629922
 21
-3.397129960629921
 31
0
  0
LINE
  5
FDA
330
1B
100
AcDbEntity
  8
B.Cu
  6
CONTINUOUS
100
AcDbLine
 10
6.273989960629922
 20
-3.397129960629921
 30
0
 11
6.2689853543307095
 21
-3.3950570078740157
 31
0
  0
LINE
  5
FDB
330
1B
100
AcDbEntity
  8
B.Cu
  6
CONTINUOUS
100
AcDbLine
 10
6.2689853543307095
 20
-3.3950570078740157
 30
0
 11
6.262929685039371
 21
-3.3938524409448818
 31
0
  0
LINE
  5
FDC
330
1B
100
AcDbEntity
  8
B.Cu
  6
CONTINUOUS
100
AcDbLine
 10
6.262929685039371
 20
-3.3938524409448818
 30
0
 11
6.256755354330709
 21
-3.3938524409448818
 31
0
  0
LINE
  5
FDD
330
1B
100
AcDbEntity
  8
B.Cu
  6
CONTINUOUS
100
AcDbLine
 10
6.256755354330709
 20
-3.3938524409448818
 30
0
 11
6.25069968503937
 21
-3.3950570078740157
 31
0
  0
LINE
  5
FDE
330
1B
100
AcDbEntity
  8
B.Cu
  6
CONTINUOUS
100
AcDbLine
 10
6.25069968503937
 20
-3.3950570078740157
 30
0
 11
6.245695118110237
 21
-3.397129960629921
 31
0
  0
LINE
  5
FDF
330
1B
100
AcDbEntity
  8
B.Cu
  6
CONTINUOUS
100
AcDbLine
 10
6.245695118110237
 20
-3.397129960629921
 30
0
 11
6.2312629133858275
 21
-3.3826977952755906
 31
0
  0
LINE
  5
FE0
330
1B
100
AcDbEntity
  8
B.Cu
  6
CONTINUOUS
100
AcDbLine
 10
6.2312629133858275
 20
-3.3826977952755906
 30
0
 11
6.231262952755906
 21
-3.3826977559055118
 31
0
  0
LINE
  5
FE1
330
1B
100
AcDbEntity
  8
B.Cu
  6
CONTINUOUS
100
AcDbLine
 10
6.231262952755906
 20
-3.3826977559055118
 30
0
 11
6.233017362204725
 21
-3.3814231102362204
 31
0
  0
LINE
  5
FE2
330
1B
100
AcDbEntity
  8
B.Cu
  6
CONTINUOUS
100
AcDbLine
 10
6.233017362204725
 20
-3.3814231102362204
 30
0
 11
6.233017716535434
 21
-3.3814228740157479
 31
0
  0
LINE
  5
FE3
330
1B
100
AcDbEntity
  8
B.Cu
  6
CONTINUOUS
100
AcDbLine
 10
6.233017716535434
 20
-3.3814228740157479
 30
0
 11
6.24019562992126
 21
-3.3777655118110235
 31
0
  0
LINE
  5
FE4
330
1B
100
AcDbEntity
  8
B.Cu
  6
CONTINUOUS
100
AcDbLine
 10
6.24019562992126
 20
-3.3777655118110235
 30
0
 11
6.247857598425197
 21
-3.3752759448818899
 31
0
  0
LINE
  5
FE5
330
1B
100
AcDbEntity
  8
B.Cu
  6
CONTINUOUS
100
AcDbLine
 10
6.247857598425197
 20
-3.3752759448818899
 30
0
 11
6.2558142913385835
 21
-3.3740157480314958
 31
0
  0
LINE
  5
FE6
330
1B
100
AcDbEntity
  8
B.Cu
  6
CONTINUOUS
100
AcDbLine
 10
6.2558142913385835
 20
-3.3740157480314958
 30
0
 11
6.263870748031496
 21
-3.3740157480314958
 31
0
  0
LINE
  5
FE7
330
1B
100
AcDbEntity
  8
B.Cu
  6
CONTINUOUS
100
AcDbLine
 10
6.263870748031496
 20
-3.3740157480314958
 30
0
 11
6.271827480314961
 21
-3.3752759448818899
 31
0
  0
LINE
  5
FE8
330
1B
100
AcDbEntity
  8
B.Cu
  6
CONTINUOUS
100
AcDbLine
 10
6.074977086614174
 20
-3.3752759448818899
 30
0
 11
6.08263905511811
 21
-3.3777655118110235
 31
0
  0
LINE
  5
FE9
330
1B
100
AcDbEntity
  8
B.Cu
  6
CONTINUOUS
100
AcDbLine
 10
6.08263905511811
 20
-3.3777655118110235
 30
0
 11
6.089817165354331
 21
-3.3814229527559054
 31
0
  0
LINE
  5
FEA
330
1B
100
AcDbEntity
  8
B.Cu
  6
CONTINUOUS
100
AcDbLine
 10
6.089817165354331
 20
-3.3814229527559054
 30
0
 11
6.091571771653544
 21
-3.3826977559055118
 31
0
  0
LINE
  5
FEB
330
1B
100
AcDbEntity
  8
B.Cu
  6
CONTINUOUS
100
AcDbLine
 10
6.091571771653544
 20
-3.3826977559055118
 30
0
 11
6.091571771653544
 21
-3.3826977952755906
 31
0
  0
LINE
  5
FEC
330
1B
100
AcDbEntity
  8
B.Cu
  6
CONTINUOUS
100
AcDbLine
 10
6.091571771653544
 20
-3.3826977952755906
 30
0
 11
6.077139566929135
 21
-3.397129960629921
 31
0
  0
LINE
  5
FED
330
1B
100
AcDbEntity
  8
B.Cu
  6
CONTINUOUS
100
AcDbLine
 10
6.077139566929135
 20
-3.397129960629921
 30
0
 11
6.0721349606299215
 21
-3.3950570078740157
 31
0
  0
LINE
  5
FEE
330
1B
100
AcDbEntity
  8
B.Cu
  6
CONTINUOUS
100
AcDbLine
 10
6.0721349606299215
 20
-3.3950570078740157
 30
0
 11
6.066079291338583
 21
-3.3938524409448818
 31
0
  0
LINE
  5
FEF
330
1B
100
AcDbEntity
  8
B.Cu
  6
CONTINUOUS
100
AcDbLine
 10
6.066079291338583
 20
-3.3938524409448818
 30
0
 11
6.059904960629922
 21
-3.3938524409448818
 31
0
  0
LINE
  5
FF0
330
1B
100
AcDbEntity
  8
B.Cu
  6
CONTINUOUS
100
AcDbLine
 10
6.059904960629922
 20
-3.3938524409448818
 30
0
 11
6.053849291338583
 21
-3.3950570078740157
 31
0
  0
LINE
  5
FF1
330
1B
100
AcDbEntity
  8
B.Cu
  6
CONTINUOUS
100
AcDbLine
 10
6.053849291338583
 20
-3.3950570078740157
 30
0
 11
6.04884472440945
 21
-3.397129960629921
 31
0
  0
LINE
  5
FF2
330
1B
100
AcDbEntity
  8
B.Cu
  6
CONTINUOUS
100
AcDbLine
 10
6.04884472440945
 20
-3.397129960629921
 30
0
 11
6.0344125196850396
 21
-3.3826977952755906
 31
0
  0
LINE
  5
FF3
330
1B
100
AcDbEntity
  8
B.Cu
  6
CONTINUOUS
100
AcDbLine
 10
6.0344125196850396
 20
-3.3826977952755906
 30
0
 11
6.034412559055118
 21
-3.3826977559055118
 31
0
  0
LINE
  5
FF4
330
1B
100
AcDbEntity
  8
B.Cu
  6
CONTINUOUS
100
AcDbLine
 10
6.034412559055118
 20
-3.3826977559055118
 30
0
 11
6.036166968503937
 21
-3.3814231102362204
 31
0
  0
LINE
  5
FF5
330
1B
100
AcDbEntity
  8
B.Cu
  6
CONTINUOUS
100
AcDbLine
 10
6.036166968503937
 20
-3.3814231102362204
 30
0
 11
6.036167322834646
 21
-3.3814228740157479
 31
0
  0
LINE
  5
FF6
330
1B
100
AcDbEntity
  8
B.Cu
  6
CONTINUOUS
100
AcDbLine
 10
6.036167322834646
 20
-3.3814228740157479
 30
0
 11
6.043345236220473
 21
-3.3777655118110235
 31
0
  0
LINE
  5
FF7
330
1B
100
AcDbEntity
  8
B.Cu
  6
CONTINUOUS
100
AcDbLine
 10
6.043345236220473
 20
-3.3777655118110235
 30
0
 11
6.05100720472441
 21
-3.3752759448818899
 31
0
  0
LINE
  5
FF8
330
1B
100
AcDbEntity
  8
B.Cu
  6
CONTINUOUS
100
AcDbLine
 10
6.05100720472441
 20
-3.3752759448818899
 30
0
 11
6.0589638976377955
 21
-3.3740157480314958
 31
0
  0
LINE
  5
FF9
330
1B
100
AcDbEntity
  8
B.Cu
  6
CONTINUOUS
100
AcDbLine
 10
6.0589638976377955
 20
-3.3740157480314958
 30
0
 11
6.067020354330709
 21
-3.3740157480314958
 31
0
  0
LINE
  5
FFA
330
1B
100
AcDbEntity
  8
B.Cu
  6
CONTINUOUS
100
AcDbLine
 10
6.067020354330709
 20
-3.3740157480314958
 30
0
 11
6.074977086614174
 21
-3.3752759448818899
 31
0
  0
LINE
  5
FFB
330
1B
100
AcDbEntity
  8
B.Cu
  6
CONTINUOUS
100
AcDbLine
 10
5.316978267716536
 20
-3.3282257480314961
 30
0
 11
5.325819015748032
 21
-3.3310983070866143
 31
0
  0
LINE
  5
FFC
330
1B
100
AcDbEntity
  8
B.Cu
  6
CONTINUOUS
100
AcDbLine
 10
5.325819015748032
 20
-3.3310983070866143
 30
0
 11
5.334101181102363
 21
-3.3353182677165352
 31
0
  0
LINE
  5
FFD
330
1B
100
AcDbEntity
  8
B.Cu
  6
CONTINUOUS
100
AcDbLine
 10
5.334101181102363
 20
-3.3353182677165352
 30
0
 11
5.3373663779527565
 21
-3.3376905511811024
 31
0
  0
LINE
  5
FFE
330
1B
100
AcDbEntity
  8
B.Cu
  6
CONTINUOUS
100
AcDbLine
 10
5.3373663779527565
 20
-3.3376905511811024
 30
0
 11
5.323053070866142
 21
-3.3520038582677163
 31
0
  0
LINE
  5
FFF
330
1B
100
AcDbEntity
  8
B.Cu
  6
CONTINUOUS
100
AcDbLine
 10
5.323053070866142
 20
-3.3520038582677163
 30
0
 11
5.321708543307087
 21
-3.3511054724409446
 31
0
  0
LINE
  5
1000
330
1B
100
AcDbEntity
  8
B.Cu
  6
CONTINUOUS
100
AcDbLine
 10
5.321708543307087
 20
-3.3511054724409446
 30
0
 11
5.3145781496063
 21
-3.3481519685039371
 31
0
  0
LINE
  5
1001
330
1B
100
AcDbEntity
  8
B.Cu
  6
CONTINUOUS
100
AcDbLine
 10
5.3145781496063
 20
-3.3481519685039371
 30
0
 11
5.307008543307087
 21
-3.3466462598425197
 31
0
  0
LINE
  5
1002
330
1B
100
AcDbEntity
  8
B.Cu
  6
CONTINUOUS
100
AcDbLine
 10
5.307008543307087
 20
-3.3466462598425197
 30
0
 11
5.299290669291339
 21
-3.3466462598425197
 31
0
  0
LINE
  5
1003
330
1B
100
AcDbEntity
  8
B.Cu
  6
CONTINUOUS
100
AcDbLine
 10
5.299290669291339
 20
-3.3466462598425197
 30
0
 11
5.291721062992126
 21
-3.3481519685039371
 31
0
  0
LINE
  5
1004
330
1B
100
AcDbEntity
  8
B.Cu
  6
CONTINUOUS
100
AcDbLine
 10
5.291721062992126
 20
-3.3481519685039371
 30
0
 11
5.284590669291339
 21
-3.3511054724409446
 31
0
  0
LINE
  5
1005
330
1B
100
AcDbEntity
  8
B.Cu
  6
CONTINUOUS
100
AcDbLine
 10
5.284590669291339
 20
-3.3511054724409446
 30
0
 11
5.2832461811023625
 21
-3.3520038188976375
 31
0
  0
LINE
  5
1006
330
1B
100
AcDbEntity
  8
B.Cu
  6
CONTINUOUS
100
AcDbLine
 10
5.2832461811023625
 20
-3.3520038188976375
 30
0
 11
5.268932874015748
 21
-3.3376905511811024
 31
0
  0
LINE
  5
1007
330
1B
100
AcDbEntity
  8
B.Cu
  6
CONTINUOUS
100
AcDbLine
 10
5.268932874015748
 20
-3.3376905511811024
 30
0
 11
5.268932913385827
 21
-3.3376904724409449
 31
0
  0
LINE
  5
1008
330
1B
100
AcDbEntity
  8
B.Cu
  6
CONTINUOUS
100
AcDbLine
 10
5.268932913385827
 20
-3.3376904724409449
 30
0
 11
5.272197874015749
 21
-3.3353183858267714
 31
0
  0
LINE
  5
1009
330
1B
100
AcDbEntity
  8
B.Cu
  6
CONTINUOUS
100
AcDbLine
 10
5.272197874015749
 20
-3.3353183858267714
 30
0
 11
5.280480236220473
 21
-3.3310983070866143
 31
0
  0
LINE
  5
100A
330
1B
100
AcDbEntity
  8
B.Cu
  6
CONTINUOUS
100
AcDbLine
 10
5.280480236220473
 20
-3.3310983070866143
 30
0
 11
5.289320984251969
 21
-3.3282257480314961
 31
0
  0
LINE
  5
100B
330
1B
100
AcDbEntity
  8
B.Cu
  6
CONTINUOUS
100
AcDbLine
 10
5.289320984251969
 20
-3.3282257480314961
 30
0
 11
5.28932094488189
 21
-3.3282257480314961
 31
0
  0
LINE
  5
100C
330
1B
100
AcDbEntity
  8
B.Cu
  6
CONTINUOUS
100
AcDbLine
 10
5.28932094488189
 20
-3.3282257480314961
 30
0
 11
5.29850188976378
 21
-3.326771653543307
 31
0
  0
LINE
  5
100D
330
1B
100
AcDbEntity
  8
B.Cu
  6
CONTINUOUS
100
AcDbLine
 10
5.29850188976378
 20
-3.326771653543307
 30
0
 11
5.307797322834646
 21
-3.326771653543307
 31
0
  0
LINE
  5
100E
330
1B
100
AcDbEntity
  8
B.Cu
  6
CONTINUOUS
100
AcDbLine
 10
5.307797322834646
 20
-3.326771653543307
 30
0
 11
5.316978267716536
 21
-3.3282257480314961
 31
0
  0
LINE
  5
100F
330
1B
100
AcDbEntity
  8
B.Cu
  6
CONTINUOUS
100
AcDbLine
 10
6.4763779527559056
 20
-3.2381889763779528
 30
0
 11
6.4763779527559056
 21
-3.2696001574803151
 31
0
  0
LINE
  5
1010
330
1B
100
AcDbEntity
  8
B.Cu
  6
CONTINUOUS
100
AcDbLine
 10
6.4763779527559056
 20
-3.2696001574803151
 30
0
 11
6.476125944881891
 21
-3.2719437795275588
 31
0
  0
LINE
  5
1011
330
1B
100
AcDbEntity
  8
B.Cu
  6
CONTINUOUS
100
AcDbLine
 10
6.476125944881891
 20
-3.2719437795275588
 30
0
 11
6.476125866141733
 21
-3.27194405511811
 31
0
  0
LINE
  5
1012
330
1B
100
AcDbEntity
  8
B.Cu
  6
CONTINUOUS
100
AcDbLine
 10
6.476125866141733
 20
-3.27194405511811
 30
0
 11
6.474147834645669
 21
-3.2772474803149607
 31
0
  0
LINE
  5
1013
330
1B
100
AcDbEntity
  8
B.Cu
  6
CONTINUOUS
100
AcDbLine
 10
6.474147834645669
 20
-3.2772474803149607
 30
0
 11
6.474147677165355
 21
-3.2772477559055115
 31
0
  0
LINE
  5
1014
330
1B
100
AcDbEntity
  8
B.Cu
  6
CONTINUOUS
100
AcDbLine
 10
6.474147677165355
 20
-3.2772477559055115
 30
0
 11
6.470755551181103
 21
-3.2817790157480315
 31
0
  0
LINE
  5
1015
330
1B
100
AcDbEntity
  8
B.Cu
  6
CONTINUOUS
100
AcDbLine
 10
6.470755551181103
 20
-3.2817790157480315
 30
0
 11
6.470755433070867
 21
-3.2817791338582678
 31
0
  0
LINE
  5
1016
330
1B
100
AcDbEntity
  8
B.Cu
  6
CONTINUOUS
100
AcDbLine
 10
6.470755433070867
 20
-3.2817791338582678
 30
0
 11
6.466224173228347
 21
-3.2851712598425196
 31
0
  0
LINE
  5
1017
330
1B
100
AcDbEntity
  8
B.Cu
  6
CONTINUOUS
100
AcDbLine
 10
6.466224173228347
 20
-3.2851712598425196
 30
0
 11
6.4662238976377955
 21
-3.2851714173228346
 31
0
  0
LINE
  5
1018
330
1B
100
AcDbEntity
  8
B.Cu
  6
CONTINUOUS
100
AcDbLine
 10
6.4662238976377955
 20
-3.2851714173228346
 30
0
 11
6.460920472440946
 21
-3.2871494488188975
 31
0
  0
LINE
  5
1019
330
1B
100
AcDbEntity
  8
B.Cu
  6
CONTINUOUS
100
AcDbLine
 10
6.460920472440946
 20
-3.2871494488188975
 30
0
 11
6.460920196850394
 21
-3.287149527559055
 31
0
  0
LINE
  5
101A
330
1B
100
AcDbEntity
  8
B.Cu
  6
CONTINUOUS
100
AcDbLine
 10
6.460920196850394
 20
-3.287149527559055
 30
0
 11
6.45857657480315
 21
-3.2874015354330708
 31
0
  0
LINE
  5
101B
330
1B
100
AcDbEntity
  8
B.Cu
  6
CONTINUOUS
100
AcDbLine
 10
6.45857657480315
 20
-3.2874015354330708
 30
0
 11
6.458575905511811
 21
-3.2874015748031495
 31
0
  0
LINE
  5
101C
330
1B
100
AcDbEntity
  8
B.Cu
  6
CONTINUOUS
100
AcDbLine
 10
6.458575905511811
 20
-3.2874015748031495
 30
0
 11
6.427165354330709
 21
-3.2874015748031495
 31
0
  0
LINE
  5
101D
330
1B
100
AcDbEntity
  8
B.Cu
  6
CONTINUOUS
100
AcDbLine
 10
6.427165354330709
 20
-3.2874015748031495
 30
0
 11
6.427165354330709
 21
-3.2677165354330708
 31
0
  0
LINE
  5
101E
330
1B
100
AcDbEntity
  8
B.Cu
  6
CONTINUOUS
100
AcDbLine
 10
6.427165354330709
 20
-3.2677165354330708
 30
0
 11
6.456692913385827
 21
-3.2677165354330708
 31
0
  0
LINE
  5
101F
330
1B
100
AcDbEntity
  8
B.Cu
  6
CONTINUOUS
100
AcDbLine
 10
6.456692913385827
 20
-3.2677165354330708
 30
0
 11
6.456692913385827
 21
-3.2381889763779528
 31
0
  0
LINE
  5
1020
330
1B
100
AcDbEntity
  8
B.Cu
  6
CONTINUOUS
100
AcDbLine
 10
6.456692913385827
 20
-3.2381889763779528
 30
0
 11
6.4763779527559056
 21
-3.2381889763779528
 31
0
  0
LINE
  5
1021
330
1B
100
AcDbEntity
  8
B.Cu
  6
CONTINUOUS
100
AcDbLine
 10
6.377952755905512
 20
-3.2677165354330708
 30
0
 11
6.4074803149606305
 21
-3.2677165354330708
 31
0
  0
LINE
  5
1022
330
1B
100
AcDbEntity
  8
B.Cu
  6
CONTINUOUS
100
AcDbLine
 10
6.4074803149606305
 20
-3.2677165354330708
 30
0
 11
6.4074803149606305
 21
-3.2874015748031495
 31
0
  0
LINE
  5
1023
330
1B
100
AcDbEntity
  8
B.Cu
  6
CONTINUOUS
100
AcDbLine
 10
6.4074803149606305
 20
-3.2874015748031495
 30
0
 11
6.376069763779528
 21
-3.2874015748031495
 31
0
  0
LINE
  5
1024
330
1B
100
AcDbEntity
  8
B.Cu
  6
CONTINUOUS
100
AcDbLine
 10
6.376069763779528
 20
-3.2874015748031495
 30
0
 11
6.376069133858268
 21
-3.2874015354330708
 31
0
  0
LINE
  5
1025
330
1B
100
AcDbEntity
  8
B.Cu
  6
CONTINUOUS
100
AcDbLine
 10
6.376069133858268
 20
-3.2874015354330708
 30
0
 11
6.373725511811024
 21
-3.287149527559055
 31
0
  0
LINE
  5
1026
330
1B
100
AcDbEntity
  8
B.Cu
  6
CONTINUOUS
100
AcDbLine
 10
6.373725511811024
 20
-3.287149527559055
 30
0
 11
6.373725236220473
 21
-3.2871494488188975
 31
0
  0
LINE
  5
1027
330
1B
100
AcDbEntity
  8
B.Cu
  6
CONTINUOUS
100
AcDbLine
 10
6.373725236220473
 20
-3.2871494488188975
 30
0
 11
6.368421811023622
 21
-3.2851714173228346
 31
0
  0
LINE
  5
1028
330
1B
100
AcDbEntity
  8
B.Cu
  6
CONTINUOUS
100
AcDbLine
 10
6.368421811023622
 20
-3.2851714173228346
 30
0
 11
6.368421535433072
 21
-3.2851712598425196
 31
0
  0
LINE
  5
1029
330
1B
100
AcDbEntity
  8
B.Cu
  6
CONTINUOUS
100
AcDbLine
 10
6.368421535433072
 20
-3.2851712598425196
 30
0
 11
6.363890275590552
 21
-3.2817791338582678
 31
0
  0
LINE
  5
102A
330
1B
100
AcDbEntity
  8
B.Cu
  6
CONTINUOUS
100
AcDbLine
 10
6.363890275590552
 20
-3.2817791338582678
 30
0
 11
6.3638901574803155
 21
-3.2817790157480315
 31
0
  0
LINE
  5
102B
330
1B
100
AcDbEntity
  8
B.Cu
  6
CONTINUOUS
100
AcDbLine
 10
6.3638901574803155
 20
-3.2817790157480315
 30
0
 11
6.360498031496063
 21
-3.2772477559055115
 31
0
  0
LINE
  5
102C
330
1B
100
AcDbEntity
  8
B.Cu
  6
CONTINUOUS
100
AcDbLine
 10
6.360498031496063
 20
-3.2772477559055115
 30
0
 11
6.360497874015748
 21
-3.2772474803149607
 31
0
  0
LINE
  5
102D
330
1B
100
AcDbEntity
  8
B.Cu
  6
CONTINUOUS
100
AcDbLine
 10
6.360497874015748
 20
-3.2772474803149607
 30
0
 11
6.358519842519685
 21
-3.27194405511811
 31
0
  0
LINE
  5
102E
330
1B
100
AcDbEntity
  8
B.Cu
  6
CONTINUOUS
100
AcDbLine
 10
6.358519842519685
 20
-3.27194405511811
 30
0
 11
6.358519763779528
 21
-3.2719437795275588
 31
0
  0
LINE
  5
102F
330
1B
100
AcDbEntity
  8
B.Cu
  6
CONTINUOUS
100
AcDbLine
 10
6.358519763779528
 20
-3.2719437795275588
 30
0
 11
6.358267755905512
 21
-3.2696001574803151
 31
0
  0
LINE
  5
1030
330
1B
100
AcDbEntity
  8
B.Cu
  6
CONTINUOUS
100
AcDbLine
 10
6.358267755905512
 20
-3.2696001574803151
 30
0
 11
6.358267716535433
 21
-3.2695994881889763
 31
0
  0
LINE
  5
1031
330
1B
100
AcDbEntity
  8
B.Cu
  6
CONTINUOUS
100
AcDbLine
 10
6.358267716535433
 20
-3.2695994881889763
 30
0
 11
6.358267716535433
 21
-3.2381889763779528
 31
0
  0
LINE
  5
1032
330
1B
100
AcDbEntity
  8
B.Cu
  6
CONTINUOUS
100
AcDbLine
 10
6.358267716535433
 20
-3.2381889763779528
 30
0
 11
6.377952755905512
 21
-3.2381889763779528
 31
0
  0
LINE
  5
1033
330
1B
100
AcDbEntity
  8
B.Cu
  6
CONTINUOUS
100
AcDbLine
 10
6.377952755905512
 20
-3.2381889763779528
 30
0
 11
6.377952755905512
 21
-3.2677165354330708
 31
0
  0
LINE
  5
1034
330
1B
100
AcDbEntity
  8
B.Cu
  6
CONTINUOUS
100
AcDbLine
 10
6.4074803149606305
 20
-3.188976377952756
 30
0
 11
6.377952755905512
 21
-3.188976377952756
 31
0
  0
LINE
  5
1035
330
1B
100
AcDbEntity
  8
B.Cu
  6
CONTINUOUS
100
AcDbLine
 10
6.377952755905512
 20
-3.188976377952756
 30
0
 11
6.377952755905512
 21
-3.2185039370078741
 31
0
  0
LINE
  5
1036
330
1B
100
AcDbEntity
  8
B.Cu
  6
CONTINUOUS
100
AcDbLine
 10
6.377952755905512
 20
-3.2185039370078741
 30
0
 11
6.358267716535433
 21
-3.2185039370078741
 31
0
  0
LINE
  5
1037
330
1B
100
AcDbEntity
  8
B.Cu
  6
CONTINUOUS
100
AcDbLine
 10
6.358267716535433
 20
-3.2185039370078741
 30
0
 11
6.358267716535433
 21
-3.1870933858267714
 31
0
  0
LINE
  5
1038
330
1B
100
AcDbEntity
  8
B.Cu
  6
CONTINUOUS
100
AcDbLine
 10
6.358267716535433
 20
-3.1870933858267714
 30
0
 11
6.358267755905512
 21
-3.187092716535433
 31
0
  0
LINE
  5
1039
330
1B
100
AcDbEntity
  8
B.Cu
  6
CONTINUOUS
100
AcDbLine
 10
6.358267755905512
 20
-3.187092716535433
 30
0
 11
6.358519763779528
 21
-3.1847490944881889
 31
0
  0
LINE
  5
103A
330
1B
100
AcDbEntity
  8
B.Cu
  6
CONTINUOUS
100
AcDbLine
 10
6.358519763779528
 20
-3.1847490944881889
 30
0
 11
6.358519842519685
 21
-3.1847488188976376
 31
0
  0
LINE
  5
103B
330
1B
100
AcDbEntity
  8
B.Cu
  6
CONTINUOUS
100
AcDbLine
 10
6.358519842519685
 20
-3.1847488188976376
 30
0
 11
6.360497874015748
 21
-3.1794453937007874
 31
0
  0
LINE
  5
103C
330
1B
100
AcDbEntity
  8
B.Cu
  6
CONTINUOUS
100
AcDbLine
 10
6.360497874015748
 20
-3.1794453937007874
 30
0
 11
6.360498031496063
 21
-3.1794451181102361
 31
0
  0
LINE
  5
103D
330
1B
100
AcDbEntity
  8
B.Cu
  6
CONTINUOUS
100
AcDbLine
 10
6.360498031496063
 20
-3.1794451181102361
 30
0
 11
6.3638901574803155
 21
-3.1749138582677165
 31
0
  0
LINE
  5
103E
330
1B
100
AcDbEntity
  8
B.Cu
  6
CONTINUOUS
100
AcDbLine
 10
6.3638901574803155
 20
-3.1749138582677165
 30
0
 11
6.363890275590552
 21
-3.1749137401574803
 31
0
  0
LINE
  5
103F
330
1B
100
AcDbEntity
  8
B.Cu
  6
CONTINUOUS
100
AcDbLine
 10
6.363890275590552
 20
-3.1749137401574803
 30
0
 11
6.368421535433072
 21
-3.1715216141732281
 31
0
  0
LINE
  5
1040
330
1B
100
AcDbEntity
  8
B.Cu
  6
CONTINUOUS
100
AcDbLine
 10
6.368421535433072
 20
-3.1715216141732281
 30
0
 11
6.368421811023622
 21
-3.1715214566929135
 31
0
  0
LINE
  5
1041
330
1B
100
AcDbEntity
  8
B.Cu
  6
CONTINUOUS
100
AcDbLine
 10
6.368421811023622
 20
-3.1715214566929135
 30
0
 11
6.373725236220473
 21
-3.1695434251968502
 31
0
  0
LINE
  5
1042
330
1B
100
AcDbEntity
  8
B.Cu
  6
CONTINUOUS
100
AcDbLine
 10
6.373725236220473
 20
-3.1695434251968502
 30
0
 11
6.373725511811024
 21
-3.1695433464566927
 31
0
  0
LINE
  5
1043
330
1B
100
AcDbEntity
  8
B.Cu
  6
CONTINUOUS
100
AcDbLine
 10
6.373725511811024
 20
-3.1695433464566927
 30
0
 11
6.376069133858268
 21
-3.1692913385826773
 31
0
  0
LINE
  5
1044
330
1B
100
AcDbEntity
  8
B.Cu
  6
CONTINUOUS
100
AcDbLine
 10
6.376069133858268
 20
-3.1692913385826773
 30
0
 11
6.4074803149606305
 21
-3.1692913385826773
 31
0
  0
LINE
  5
1045
330
1B
100
AcDbEntity
  8
B.Cu
  6
CONTINUOUS
100
AcDbLine
 10
6.4074803149606305
 20
-3.1692913385826773
 30
0
 11
6.4074803149606305
 21
-3.188976377952756
 31
0
  0
LINE
  5
1046
330
1B
100
AcDbEntity
  8
B.Cu
  6
CONTINUOUS
100
AcDbLine
 10
6.120866141732284
 20
-3.101968503937008
 30
0
 11
6.120866141732284
 21
-3.1274741732283462
 31
0
  0
LINE
  5
1047
330
1B
100
AcDbEntity
  8
B.Cu
  6
CONTINUOUS
100
AcDbLine
 10
6.120866141732284
 20
-3.1274741732283462
 30
0
 11
6.120614133858268
 21
-3.1298177952755903
 31
0
  0
LINE
  5
1048
330
1B
100
AcDbEntity
  8
B.Cu
  6
CONTINUOUS
100
AcDbLine
 10
6.120614133858268
 20
-3.1298177952755903
 30
0
 11
6.120614055118111
 21
-3.1298180708661416
 31
0
  0
LINE
  5
1049
330
1B
100
AcDbEntity
  8
B.Cu
  6
CONTINUOUS
100
AcDbLine
 10
6.120614055118111
 20
-3.1298180708661416
 30
0
 11
6.118636023622048
 21
-3.1351214960629918
 31
0
  0
LINE
  5
104A
330
1B
100
AcDbEntity
  8
B.Cu
  6
CONTINUOUS
100
AcDbLine
 10
6.118636023622048
 20
-3.1351214960629918
 30
0
 11
6.118635866141733
 21
-3.1351217716535431
 31
0
  0
LINE
  5
104B
330
1B
100
AcDbEntity
  8
B.Cu
  6
CONTINUOUS
100
AcDbLine
 10
6.118635866141733
 20
-3.1351217716535431
 30
0
 11
6.115243740157481
 21
-3.1396530314960631
 31
0
  0
LINE
  5
104C
330
1B
100
AcDbEntity
  8
B.Cu
  6
CONTINUOUS
100
AcDbLine
 10
6.115243740157481
 20
-3.1396530314960631
 30
0
 11
6.115243622047244
 21
-3.1396531496062989
 31
0
  0
LINE
  5
104D
330
1B
100
AcDbEntity
  8
B.Cu
  6
CONTINUOUS
100
AcDbLine
 10
6.115243622047244
 20
-3.1396531496062989
 30
0
 11
6.110712362204725
 21
-3.1430452755905511
 31
0
  0
LINE
  5
104E
330
1B
100
AcDbEntity
  8
B.Cu
  6
CONTINUOUS
100
AcDbLine
 10
6.110712362204725
 20
-3.1430452755905511
 30
0
 11
6.110712086614174
 21
-3.1430454330708661
 31
0
  0
LINE
  5
104F
330
1B
100
AcDbEntity
  8
B.Cu
  6
CONTINUOUS
100
AcDbLine
 10
6.110712086614174
 20
-3.1430454330708661
 30
0
 11
6.105408661417323
 21
-3.1450234645669291
 31
0
  0
LINE
  5
1050
330
1B
100
AcDbEntity
  8
B.Cu
  6
CONTINUOUS
100
AcDbLine
 10
6.105408661417323
 20
-3.1450234645669291
 30
0
 11
6.105408385826772
 21
-3.1450235433070866
 31
0
  0
LINE
  5
1051
330
1B
100
AcDbEntity
  8
B.Cu
  6
CONTINUOUS
100
AcDbLine
 10
6.105408385826772
 20
-3.1450235433070866
 30
0
 11
6.103064763779528
 21
-3.1452755511811024
 31
0
  0
LINE
  5
1052
330
1B
100
AcDbEntity
  8
B.Cu
  6
CONTINUOUS
100
AcDbLine
 10
6.103064763779528
 20
-3.1452755511811024
 30
0
 11
6.1030640944881895
 21
-3.1452755905511811
 31
0
  0
LINE
  5
1053
330
1B
100
AcDbEntity
  8
B.Cu
  6
CONTINUOUS
100
AcDbLine
 10
6.1030640944881895
 20
-3.1452755905511811
 30
0
 11
6.077559055118111
 21
-3.1452755905511811
 31
0
  0
LINE
  5
1054
330
1B
100
AcDbEntity
  8
B.Cu
  6
CONTINUOUS
100
AcDbLine
 10
6.077559055118111
 20
-3.1452755905511811
 30
0
 11
6.077559055118111
 21
-3.1255905511811024
 31
0
  0
LINE
  5
1055
330
1B
100
AcDbEntity
  8
B.Cu
  6
CONTINUOUS
100
AcDbLine
 10
6.077559055118111
 20
-3.1255905511811024
 30
0
 11
6.101181102362205
 21
-3.1255905511811024
 31
0
  0
LINE
  5
1056
330
1B
100
AcDbEntity
  8
B.Cu
  6
CONTINUOUS
100
AcDbLine
 10
6.101181102362205
 20
-3.1255905511811024
 30
0
 11
6.101181102362205
 21
-3.101968503937008
 31
0
  0
LINE
  5
1057
330
1B
100
AcDbEntity
  8
B.Cu
  6
CONTINUOUS
100
AcDbLine
 10
6.101181102362205
 20
-3.101968503937008
 30
0
 11
6.120866141732284
 21
-3.101968503937008
 31
0
  0
LINE
  5
1058
330
1B
100
AcDbEntity
  8
B.Cu
  6
CONTINUOUS
100
AcDbLine
 10
6.626003937007875
 20
-5.0237146062992126
 30
0
 11
6.624743228346457
 21
-5.0316745669291336
 31
0
  0
LINE
  5
1059
330
1B
100
AcDbEntity
  8
B.Cu
  6
CONTINUOUS
100
AcDbLine
 10
6.624743228346457
 20
-5.0316745669291336
 30
0
 11
6.622252716535433
 21
-5.0393394881889764
 31
0
  0
LINE
  5
105A
330
1B
100
AcDbEntity
  8
B.Cu
  6
CONTINUOUS
100
AcDbLine
 10
6.622252716535433
 20
-5.0393394881889764
 30
0
 11
6.618593897637796
 21
-5.0465201968503939
 31
0
  0
LINE
  5
105B
330
1B
100
AcDbEntity
  8
B.Cu
  6
CONTINUOUS
100
AcDbLine
 10
6.618593897637796
 20
-5.0465201968503939
 30
0
 11
6.613857165354331
 21
-5.0530398818897639
 31
0
  0
LINE
  5
105C
330
1B
100
AcDbEntity
  8
B.Cu
  6
CONTINUOUS
100
AcDbLine
 10
6.613857165354331
 20
-5.0530398818897639
 30
0
 11
6.608158031496063
 21
-5.0587390157480314
 31
0
  0
LINE
  5
105D
330
1B
100
AcDbEntity
  8
B.Cu
  6
CONTINUOUS
100
AcDbLine
 10
6.608158031496063
 20
-5.0587390157480314
 30
0
 11
6.602057125984253
 21
-5.0631714960629921
 31
0
  0
LINE
  5
105E
330
1B
100
AcDbEntity
  8
B.Cu
  6
CONTINUOUS
100
AcDbLine
 10
6.602057125984253
 20
-5.0631714960629921
 30
0
 11
6.601638188976378
 21
-5.0634758661417321
 31
0
  0
LINE
  5
105F
330
1B
100
AcDbEntity
  8
B.Cu
  6
CONTINUOUS
100
AcDbLine
 10
6.601638188976378
 20
-5.0634758661417321
 30
0
 11
6.598358700787402
 21
-5.0651468503937007
 31
0
  0
LINE
  5
1060
330
1B
100
AcDbEntity
  8
B.Cu
  6
CONTINUOUS
100
AcDbLine
 10
6.598358700787402
 20
-5.0651468503937007
 30
0
 11
6.594457637795276
 21
-5.0671345669291341
 31
0
  0
LINE
  5
1061
330
1B
100
AcDbEntity
  8
B.Cu
  6
CONTINUOUS
100
AcDbLine
 10
6.594457637795276
 20
-5.0671345669291341
 30
0
 11
6.594457559055119
 21
-5.0671345669291341
 31
0
  0
LINE
  5
1062
330
1B
100
AcDbEntity
  8
B.Cu
  6
CONTINUOUS
100
AcDbLine
 10
6.594457559055119
 20
-5.0671345669291341
 30
0
 11
6.594457440944883
 21
-5.0671346456692916
 31
0
  0
LINE
  5
1063
330
1B
100
AcDbEntity
  8
B.Cu
  6
CONTINUOUS
100
AcDbLine
 10
6.594457440944883
 20
-5.0671346456692916
 30
0
 11
6.5903489370078745
 21
-5.0684695669291333
 31
0
  0
LINE
  5
1064
330
1B
100
AcDbEntity
  8
B.Cu
  6
CONTINUOUS
100
AcDbLine
 10
6.5903489370078745
 20
-5.0684695669291333
 30
0
 11
6.586792716535434
 21
-5.0696250787401578
 31
0
  0
LINE
  5
1065
330
1B
100
AcDbEntity
  8
B.Cu
  6
CONTINUOUS
100
AcDbLine
 10
6.586792716535434
 20
-5.0696250787401578
 30
0
 11
6.582812716535433
 21
-5.0702554330708658
 31
0
  0
LINE
  5
1066
330
1B
100
AcDbEntity
  8
B.Cu
  6
CONTINUOUS
100
AcDbLine
 10
6.582812716535433
 20
-5.0702554330708658
 30
0
 11
6.578832755905513
 21
-5.0708858267716534
 31
0
  0
LINE
  5
1067
330
1B
100
AcDbEntity
  8
B.Cu
  6
CONTINUOUS
100
AcDbLine
 10
6.578832755905513
 20
-5.0708858267716534
 30
0
 11
6.578832716535434
 21
-5.0708858267716534
 31
0
  0
LINE
  5
1068
330
1B
100
AcDbEntity
  8
B.Cu
  6
CONTINUOUS
100
AcDbLine
 10
6.578832716535434
 20
-5.0708858267716534
 30
0
 11
6.570773582677166
 21
-5.0708858267716534
 31
0
  0
LINE
  5
1069
330
1B
100
AcDbEntity
  8
B.Cu
  6
CONTINUOUS
100
AcDbLine
 10
6.570773582677166
 20
-5.0708858267716534
 30
0
 11
6.570773543307087
 21
-5.0708858267716534
 31
0
  0
LINE
  5
106A
330
1B
100
AcDbEntity
  8
B.Cu
  6
CONTINUOUS
100
AcDbLine
 10
6.570773543307087
 20
-5.0708858267716534
 30
0
 11
6.562813622047244
 21
-5.0696250787401578
 31
0
  0
LINE
  5
106B
330
1B
100
AcDbEntity
  8
B.Cu
  6
CONTINUOUS
100
AcDbLine
 10
6.562813622047244
 20
-5.0696250787401578
 30
0
 11
6.555148858267717
 21
-5.0671346456692916
 31
0
  0
LINE
  5
106C
330
1B
100
AcDbEntity
  8
B.Cu
  6
CONTINUOUS
100
AcDbLine
 10
6.555148858267717
 20
-5.0671346456692916
 30
0
 11
6.547968110236221
 21
-5.0634758661417321
 31
0
  0
LINE
  5
106D
330
1B
100
AcDbEntity
  8
B.Cu
  6
CONTINUOUS
100
AcDbLine
 10
6.547968110236221
 20
-5.0634758661417321
 30
0
 11
6.544307480314961
 21
-5.0608162204724412
 31
0
  0
LINE
  5
106E
330
1B
100
AcDbEntity
  8
B.Cu
  6
CONTINUOUS
100
AcDbLine
 10
6.544307480314961
 20
-5.0608162204724412
 30
0
 11
6.541448307086615
 21
-5.0587390157480314
 31
0
  0
LINE
  5
106F
330
1B
100
AcDbEntity
  8
B.Cu
  6
CONTINUOUS
100
AcDbLine
 10
6.541448307086615
 20
-5.0587390157480314
 30
0
 11
6.541448228346457
 21
-5.0587388976377952
 31
0
  0
LINE
  5
1070
330
1B
100
AcDbEntity
  8
B.Cu
  6
CONTINUOUS
100
AcDbLine
 10
6.541448228346457
 20
-5.0587388976377952
 30
0
 11
6.541448070866142
 21
-5.0587388188976377
 31
0
  0
LINE
  5
1071
330
1B
100
AcDbEntity
  8
B.Cu
  6
CONTINUOUS
100
AcDbLine
 10
6.541448070866142
 20
-5.0587388188976377
 30
0
 11
6.535749370078741
 21
-5.0530401181102365
 31
0
  0
LINE
  5
1072
330
1B
100
AcDbEntity
  8
B.Cu
  6
CONTINUOUS
100
AcDbLine
 10
6.535749370078741
 20
-5.0530401181102365
 30
0
 11
6.5357492913385835
 21
-5.0530399606299214
 31
0
  0
LINE
  5
1073
330
1B
100
AcDbEntity
  8
B.Cu
  6
CONTINUOUS
100
AcDbLine
 10
6.5357492913385835
 20
-5.0530399606299214
 30
0
 11
6.535749173228347
 21
-5.0530398818897639
 31
0
  0
LINE
  5
1074
330
1B
100
AcDbEntity
  8
B.Cu
  6
CONTINUOUS
100
AcDbLine
 10
6.535749173228347
 20
-5.0530398818897639
 30
0
 11
6.5336719685039375
 21
-5.0501807086614168
 31
0
  0
LINE
  5
1075
330
1B
100
AcDbEntity
  8
B.Cu
  6
CONTINUOUS
100
AcDbLine
 10
6.5336719685039375
 20
-5.0501807086614168
 30
0
 11
6.531012322834646
 21
-5.0465200787401576
 31
0
  0
LINE
  5
1076
330
1B
100
AcDbEntity
  8
B.Cu
  6
CONTINUOUS
100
AcDbLine
 10
6.531012322834646
 20
-5.0465200787401576
 30
0
 11
6.527353543307087
 21
-5.0393393307086614
 31
0
  0
LINE
  5
1077
330
1B
100
AcDbEntity
  8
B.Cu
  6
CONTINUOUS
100
AcDbLine
 10
6.527353543307087
 20
-5.0393393307086614
 30
0
 11
6.524863110236221
 21
-5.0316745669291336
 31
0
  0
LINE
  5
1078
330
1B
100
AcDbEntity
  8
B.Cu
  6
CONTINUOUS
100
AcDbLine
 10
6.524863110236221
 20
-5.0316745669291336
 30
0
 11
6.523602362204725
 21
-5.0237146456692914
 31
0
  0
LINE
  5
1079
330
1B
100
AcDbEntity
  8
B.Cu
  6
CONTINUOUS
100
AcDbLine
 10
6.523602362204725
 20
-5.0237146456692914
 30
0
 11
6.523602362204725
 21
-5.015655433070866
 31
0
  0
LINE
  5
107A
330
1B
100
AcDbEntity
  8
B.Cu
  6
CONTINUOUS
100
AcDbLine
 10
6.523602362204725
 20
-5.015655433070866
 30
0
 11
6.524863110236221
 21
-5.0076955118110238
 31
0
  0
LINE
  5
107B
330
1B
100
AcDbEntity
  8
B.Cu
  6
CONTINUOUS
100
AcDbLine
 10
6.524863110236221
 20
-5.0076955118110238
 30
0
 11
6.527353543307087
 21
-5.0000307480314961
 31
0
  0
LINE
  5
107C
330
1B
100
AcDbEntity
  8
B.Cu
  6
CONTINUOUS
100
AcDbLine
 10
6.527353543307087
 20
-5.0000307480314961
 30
0
 11
6.527353622047245
 21
-5.0000306299212598
 31
0
  0
LINE
  5
107D
330
1B
100
AcDbEntity
  8
B.Cu
  6
CONTINUOUS
100
AcDbLine
 10
6.527353622047245
 20
-5.0000306299212598
 30
0
 11
6.527353622047245
 21
-5.0000305511811023
 31
0
  0
LINE
  5
107E
330
1B
100
AcDbEntity
  8
B.Cu
  6
CONTINUOUS
100
AcDbLine
 10
6.527353622047245
 20
-5.0000305511811023
 30
0
 11
6.528680984251969
 21
-4.9974254724409448
 31
0
  0
LINE
  5
107F
330
1B
100
AcDbEntity
  8
B.Cu
  6
CONTINUOUS
100
AcDbLine
 10
6.528680984251969
 20
-4.9974254724409448
 30
0
 11
6.531012322834646
 21
-4.9928499999999998
 31
0
  0
LINE
  5
1080
330
1B
100
AcDbEntity
  8
B.Cu
  6
CONTINUOUS
100
AcDbLine
 10
6.531012322834646
 20
-4.9928499999999998
 30
0
 11
6.531316692913387
 21
-4.992431062992126
 31
0
  0
LINE
  5
1081
330
1B
100
AcDbEntity
  8
B.Cu
  6
CONTINUOUS
100
AcDbLine
 10
6.531316692913387
 20
-4.992431062992126
 30
0
 11
6.535749173228347
 21
-4.9863301574803147
 31
0
  0
LINE
  5
1082
330
1B
100
AcDbEntity
  8
B.Cu
  6
CONTINUOUS
100
AcDbLine
 10
6.535749173228347
 20
-4.9863301574803147
 30
0
 11
6.541448307086615
 21
-4.9806310236220472
 31
0
  0
LINE
  5
1083
330
1B
100
AcDbEntity
  8
B.Cu
  6
CONTINUOUS
100
AcDbLine
 10
6.541448307086615
 20
-4.9806310236220472
 30
0
 11
6.547967992125985
 21
-4.9758942913385829
 31
0
  0
LINE
  5
1084
330
1B
100
AcDbEntity
  8
B.Cu
  6
CONTINUOUS
100
AcDbLine
 10
6.547967992125985
 20
-4.9758942913385829
 30
0
 11
6.5479680314960635
 21
-4.9758942519685041
 31
0
  0
LINE
  5
1085
330
1B
100
AcDbEntity
  8
B.Cu
  6
CONTINUOUS
100
AcDbLine
 10
6.5479680314960635
 20
-4.9758942519685041
 30
0
 11
6.547968110236221
 21
-4.9758942125984253
 31
0
  0
LINE
  5
1086
330
1B
100
AcDbEntity
  8
B.Cu
  6
CONTINUOUS
100
AcDbLine
 10
6.547968110236221
 20
-4.9758942125984253
 30
0
 11
6.550210511811024
 21
-4.9747516141732282
 31
0
  0
LINE
  5
1087
330
1B
100
AcDbEntity
  8
B.Cu
  6
CONTINUOUS
100
AcDbLine
 10
6.550210511811024
 20
-4.9747516141732282
 30
0
 11
6.555148700787402
 21
-4.9722354724409445
 31
0
  0
LINE
  5
1088
330
1B
100
AcDbEntity
  8
B.Cu
  6
CONTINUOUS
100
AcDbLine
 10
6.555148700787402
 20
-4.9722354724409445
 30
0
 11
6.562813622047244
 21
-4.9697449606299209
 31
0
  0
LINE
  5
1089
330
1B
100
AcDbEntity
  8
B.Cu
  6
CONTINUOUS
100
AcDbLine
 10
6.562813622047244
 20
-4.9697449606299209
 30
0
 11
6.569685236220473
 21
-4.968656614173228
 31
0
  0
LINE
  5
108A
330
1B
100
AcDbEntity
  8
B.Cu
  6
CONTINUOUS
100
AcDbLine
 10
6.569685236220473
 20
-4.968656614173228
 30
0
 11
6.570773543307087
 21
-4.968484251968504
 31
0
  0
LINE
  5
108B
330
1B
100
AcDbEntity
  8
B.Cu
  6
CONTINUOUS
100
AcDbLine
 10
6.570773543307087
 20
-4.968484251968504
 30
0
 11
6.578832755905513
 21
-4.968484251968504
 31
0
  0
LINE
  5
108C
330
1B
100
AcDbEntity
  8
B.Cu
  6
CONTINUOUS
100
AcDbLine
 10
6.578832755905513
 20
-4.968484251968504
 30
0
 11
6.579790196850394
 21
-4.9686358661417325
 31
0
  0
LINE
  5
108D
330
1B
100
AcDbEntity
  8
B.Cu
  6
CONTINUOUS
100
AcDbLine
 10
6.579790196850394
 20
-4.9686358661417325
 30
0
 11
6.586792716535434
 21
-4.9697449606299209
 31
0
  0
LINE
  5
108E
330
1B
100
AcDbEntity
  8
B.Cu
  6
CONTINUOUS
100
AcDbLine
 10
6.586792716535434
 20
-4.9697449606299209
 30
0
 11
6.594457637795276
 21
-4.9722354724409445
 31
0
  0
LINE
  5
108F
330
1B
100
AcDbEntity
  8
B.Cu
  6
CONTINUOUS
100
AcDbLine
 10
6.594457637795276
 20
-4.9722354724409445
 30
0
 11
6.601638346456693
 21
-4.9758942913385829
 31
0
  0
LINE
  5
1090
330
1B
100
AcDbEntity
  8
B.Cu
  6
CONTINUOUS
100
AcDbLine
 10
6.601638346456693
 20
-4.9758942913385829
 30
0
 11
6.608158031496063
 21
-4.9806310236220472
 31
0
  0
LINE
  5
1091
330
1B
100
AcDbEntity
  8
B.Cu
  6
CONTINUOUS
100
AcDbLine
 10
6.608158031496063
 20
-4.9806310236220472
 30
0
 11
6.613857165354331
 21
-4.9863301574803147
 31
0
  0
LINE
  5
1092
330
1B
100
AcDbEntity
  8
B.Cu
  6
CONTINUOUS
100
AcDbLine
 10
6.613857165354331
 20
-4.9863301574803147
 30
0
 11
6.618593897637796
 21
-4.9928498425196848
 31
0
  0
LINE
  5
1093
330
1B
100
AcDbEntity
  8
B.Cu
  6
CONTINUOUS
100
AcDbLine
 10
6.618593897637796
 20
-4.9928498425196848
 30
0
 11
6.622252716535433
 21
-5.0000305511811023
 31
0
  0
LINE
  5
1094
330
1B
100
AcDbEntity
  8
B.Cu
  6
CONTINUOUS
100
AcDbLine
 10
6.622252716535433
 20
-5.0000305511811023
 30
0
 11
6.624743228346457
 21
-5.007695472440945
 31
0
  0
LINE
  5
1095
330
1B
100
AcDbEntity
  8
B.Cu
  6
CONTINUOUS
100
AcDbLine
 10
6.624743228346457
 20
-5.007695472440945
 30
0
 11
6.626003937007875
 21
-5.015655433070866
 31
0
  0
LINE
  5
1096
330
1B
100
AcDbEntity
  8
B.Cu
  6
CONTINUOUS
100
AcDbLine
 10
6.626003937007875
 20
-5.015655433070866
 30
0
 11
6.626003937007875
 21
-5.0237146062992126
 31
0
  0
LINE
  5
1097
330
1B
100
AcDbEntity
  8
B.Cu
  6
CONTINUOUS
100
AcDbLine
 10
5.28742125984252
 20
-5.0237146062992126
 30
0
 11
5.286160551181103
 21
-5.0316745669291336
 31
0
  0
LINE
  5
1098
330
1B
100
AcDbEntity
  8
B.Cu
  6
CONTINUOUS
100
AcDbLine
 10
5.286160551181103
 20
-5.0316745669291336
 30
0
 11
5.2836700393700795
 21
-5.0393394881889764
 31
0
  0
LINE
  5
1099
330
1B
100
AcDbEntity
  8
B.Cu
  6
CONTINUOUS
100
AcDbLine
 10
5.2836700393700795
 20
-5.0393394881889764
 30
0
 11
5.280011220472441
 21
-5.0465201968503939
 31
0
  0
LINE
  5
109A
330
1B
100
AcDbEntity
  8
B.Cu
  6
CONTINUOUS
100
AcDbLine
 10
5.280011220472441
 20
-5.0465201968503939
 30
0
 11
5.275274488188977
 21
-5.0530398818897639
 31
0
  0
LINE
  5
109B
330
1B
100
AcDbEntity
  8
B.Cu
  6
CONTINUOUS
100
AcDbLine
 10
5.275274488188977
 20
-5.0530398818897639
 30
0
 11
5.269575354330709
 21
-5.0587390157480314
 31
0
  0
LINE
  5
109C
330
1B
100
AcDbEntity
  8
B.Cu
  6
CONTINUOUS
100
AcDbLine
 10
5.269575354330709
 20
-5.0587390157480314
 30
0
 11
5.263474448818898
 21
-5.0631714960629921
 31
0
  0
LINE
  5
109D
330
1B
100
AcDbEntity
  8
B.Cu
  6
CONTINUOUS
100
AcDbLine
 10
5.263474448818898
 20
-5.0631714960629921
 30
0
 11
5.263055511811024
 21
-5.0634758661417321
 31
0
  0
LINE
  5
109E
330
1B
100
AcDbEntity
  8
B.Cu
  6
CONTINUOUS
100
AcDbLine
 10
5.263055511811024
 20
-5.0634758661417321
 30
0
 11
5.259776023622048
 21
-5.0651468503937007
 31
0
  0
LINE
  5
109F
330
1B
100
AcDbEntity
  8
B.Cu
  6
CONTINUOUS
100
AcDbLine
 10
5.259776023622048
 20
-5.0651468503937007
 30
0
 11
5.255874960629922
 21
-5.0671345669291341
 31
0
  0
LINE
  5
10A0
330
1B
100
AcDbEntity
  8
B.Cu
  6
CONTINUOUS
100
AcDbLine
 10
5.255874960629922
 20
-5.0671345669291341
 30
0
 11
5.255874881889764
 21
-5.0671345669291341
 31
0
  0
LINE
  5
10A1
330
1B
100
AcDbEntity
  8
B.Cu
  6
CONTINUOUS
100
AcDbLine
 10
5.255874881889764
 20
-5.0671345669291341
 30
0
 11
5.255874763779528
 21
-5.0671346456692916
 31
0
  0
LINE
  5
10A2
330
1B
100
AcDbEntity
  8
B.Cu
  6
CONTINUOUS
100
AcDbLine
 10
5.255874763779528
 20
-5.0671346456692916
 30
0
 11
5.25176625984252
 21
-5.0684695669291333
 31
0
  0
LINE
  5
10A3
330
1B
100
AcDbEntity
  8
B.Cu
  6
CONTINUOUS
100
AcDbLine
 10
5.25176625984252
 20
-5.0684695669291333
 30
0
 11
5.248210039370079
 21
-5.0696250787401578
 31
0
  0
LINE
  5
10A4
330
1B
100
AcDbEntity
  8
B.Cu
  6
CONTINUOUS
100
AcDbLine
 10
5.248210039370079
 20
-5.0696250787401578
 30
0
 11
5.24423003937008
 21
-5.0702554330708658
 31
0
  0
LINE
  5
10A5
330
1B
100
AcDbEntity
  8
B.Cu
  6
CONTINUOUS
100
AcDbLine
 10
5.24423003937008
 20
-5.0702554330708658
 30
0
 11
5.240250078740158
 21
-5.0708858267716534
 31
0
  0
LINE
  5
10A6
330
1B
100
AcDbEntity
  8
B.Cu
  6
CONTINUOUS
100
AcDbLine
 10
5.240250078740158
 20
-5.0708858267716534
 30
0
 11
5.240250039370079
 21
-5.0708858267716534
 31
0
  0
LINE
  5
10A7
330
1B
100
AcDbEntity
  8
B.Cu
  6
CONTINUOUS
100
AcDbLine
 10
5.240250039370079
 20
-5.0708858267716534
 30
0
 11
5.232190905511811
 21
-5.0708858267716534
 31
0
  0
LINE
  5
10A8
330
1B
100
AcDbEntity
  8
B.Cu
  6
CONTINUOUS
100
AcDbLine
 10
5.232190905511811
 20
-5.0708858267716534
 30
0
 11
5.232190866141733
 21
-5.0708858267716534
 31
0
  0
LINE
  5
10A9
330
1B
100
AcDbEntity
  8
B.Cu
  6
CONTINUOUS
100
AcDbLine
 10
5.232190866141733
 20
-5.0708858267716534
 30
0
 11
5.22423094488189
 21
-5.0696250787401578
 31
0
  0
LINE
  5
10AA
330
1B
100
AcDbEntity
  8
B.Cu
  6
CONTINUOUS
100
AcDbLine
 10
5.22423094488189
 20
-5.0696250787401578
 30
0
 11
5.216566181102363
 21
-5.0671346456692916
 31
0
  0
LINE
  5
10AB
330
1B
100
AcDbEntity
  8
B.Cu
  6
CONTINUOUS
100
AcDbLine
 10
5.216566181102363
 20
-5.0671346456692916
 30
0
 11
5.209385433070866
 21
-5.0634758661417321
 31
0
  0
LINE
  5
10AC
330
1B
100
AcDbEntity
  8
B.Cu
  6
CONTINUOUS
100
AcDbLine
 10
5.209385433070866
 20
-5.0634758661417321
 30
0
 11
5.205724803149606
 21
-5.0608162204724412
 31
0
  0
LINE
  5
10AD
330
1B
100
AcDbEntity
  8
B.Cu
  6
CONTINUOUS
100
AcDbLine
 10
5.205724803149606
 20
-5.0608162204724412
 30
0
 11
5.20286562992126
 21
-5.0587390157480314
 31
0
  0
LINE
  5
10AE
330
1B
100
AcDbEntity
  8
B.Cu
  6
CONTINUOUS
100
AcDbLine
 10
5.20286562992126
 20
-5.0587390157480314
 30
0
 11
5.202865551181103
 21
-5.0587388976377952
 31
0
  0
LINE
  5
10AF
330
1B
100
AcDbEntity
  8
B.Cu
  6
CONTINUOUS
100
AcDbLine
 10
5.202865551181103
 20
-5.0587388976377952
 30
0
 11
5.202865393700788
 21
-5.0587388188976377
 31
0
  0
LINE
  5
10B0
330
1B
100
AcDbEntity
  8
B.Cu
  6
CONTINUOUS
100
AcDbLine
 10
5.202865393700788
 20
-5.0587388188976377
 30
0
 11
5.197166692913386
 21
-5.0530401181102365
 31
0
  0
LINE
  5
10B1
330
1B
100
AcDbEntity
  8
B.Cu
  6
CONTINUOUS
100
AcDbLine
 10
5.197166692913386
 20
-5.0530401181102365
 30
0
 11
5.197166614173229
 21
-5.0530399606299214
 31
0
  0
LINE
  5
10B2
330
1B
100
AcDbEntity
  8
B.Cu
  6
CONTINUOUS
100
AcDbLine
 10
5.197166614173229
 20
-5.0530399606299214
 30
0
 11
5.197166496062993
 21
-5.0530398818897639
 31
0
  0
LINE
  5
10B3
330
1B
100
AcDbEntity
  8
B.Cu
  6
CONTINUOUS
100
AcDbLine
 10
5.197166496062993
 20
-5.0530398818897639
 30
0
 11
5.195089291338583
 21
-5.0501807086614168
 31
0
  0
LINE
  5
10B4
330
1B
100
AcDbEntity
  8
B.Cu
  6
CONTINUOUS
100
AcDbLine
 10
5.195089291338583
 20
-5.0501807086614168
 30
0
 11
5.192429645669292
 21
-5.0465200787401576
 31
0
  0
LINE
  5
10B5
330
1B
100
AcDbEntity
  8
B.Cu
  6
CONTINUOUS
100
AcDbLine
 10
5.192429645669292
 20
-5.0465200787401576
 30
0
 11
5.188770866141732
 21
-5.0393393307086614
 31
0
  0
LINE
  5
10B6
330
1B
100
AcDbEntity
  8
B.Cu
  6
CONTINUOUS
100
AcDbLine
 10
5.188770866141732
 20
-5.0393393307086614
 30
0
 11
5.186280433070866
 21
-5.0316745669291336
 31
0
  0
LINE
  5
10B7
330
1B
100
AcDbEntity
  8
B.Cu
  6
CONTINUOUS
100
AcDbLine
 10
5.186280433070866
 20
-5.0316745669291336
 30
0
 11
5.185019685039371
 21
-5.0237146456692914
 31
0
  0
LINE
  5
10B8
330
1B
100
AcDbEntity
  8
B.Cu
  6
CONTINUOUS
100
AcDbLine
 10
5.185019685039371
 20
-5.0237146456692914
 30
0
 11
5.185019685039371
 21
-5.015655433070866
 31
0
  0
LINE
  5
10B9
330
1B
100
AcDbEntity
  8
B.Cu
  6
CONTINUOUS
100
AcDbLine
 10
5.185019685039371
 20
-5.015655433070866
 30
0
 11
5.186280433070866
 21
-5.0076955118110238
 31
0
  0
LINE
  5
10BA
330
1B
100
AcDbEntity
  8
B.Cu
  6
CONTINUOUS
100
AcDbLine
 10
5.186280433070866
 20
-5.0076955118110238
 30
0
 11
5.188770866141732
 21
-5.0000307480314961
 31
0
  0
LINE
  5
10BB
330
1B
100
AcDbEntity
  8
B.Cu
  6
CONTINUOUS
100
AcDbLine
 10
5.188770866141732
 20
-5.0000307480314961
 30
0
 11
5.18877094488189
 21
-5.0000306299212598
 31
0
  0
LINE
  5
10BC
330
1B
100
AcDbEntity
  8
B.Cu
  6
CONTINUOUS
100
AcDbLine
 10
5.18877094488189
 20
-5.0000306299212598
 30
0
 11
5.18877094488189
 21
-5.0000305511811023
 31
0
  0
LINE
  5
10BD
330
1B
100
AcDbEntity
  8
B.Cu
  6
CONTINUOUS
100
AcDbLine
 10
5.18877094488189
 20
-5.0000305511811023
 30
0
 11
5.190098307086615
 21
-4.9974254724409448
 31
0
  0
LINE
  5
10BE
330
1B
100
AcDbEntity
  8
B.Cu
  6
CONTINUOUS
100
AcDbLine
 10
5.190098307086615
 20
-4.9974254724409448
 30
0
 11
5.192429645669292
 21
-4.9928499999999998
 31
0
  0
LINE
  5
10BF
330
1B
100
AcDbEntity
  8
B.Cu
  6
CONTINUOUS
100
AcDbLine
 10
5.192429645669292
 20
-4.9928499999999998
 30
0
 11
5.192734015748032
 21
-4.992431062992126
 31
0
  0
LINE
  5
10C0
330
1B
100
AcDbEntity
  8
B.Cu
  6
CONTINUOUS
100
AcDbLine
 10
5.192734015748032
 20
-4.992431062992126
 30
0
 11
5.197166496062993
 21
-4.9863301574803147
 31
0
  0
LINE
  5
10C1
330
1B
100
AcDbEntity
  8
B.Cu
  6
CONTINUOUS
100
AcDbLine
 10
5.197166496062993
 20
-4.9863301574803147
 30
0
 11
5.20286562992126
 21
-4.9806310236220472
 31
0
  0
LINE
  5
10C2
330
1B
100
AcDbEntity
  8
B.Cu
  6
CONTINUOUS
100
AcDbLine
 10
5.20286562992126
 20
-4.9806310236220472
 30
0
 11
5.20938531496063
 21
-4.9758942913385829
 31
0
  0
LINE
  5
10C3
330
1B
100
AcDbEntity
  8
B.Cu
  6
CONTINUOUS
100
AcDbLine
 10
5.20938531496063
 20
-4.9758942913385829
 30
0
 11
5.209385354330709
 21
-4.9758942519685041
 31
0
  0
LINE
  5
10C4
330
1B
100
AcDbEntity
  8
B.Cu
  6
CONTINUOUS
100
AcDbLine
 10
5.209385354330709
 20
-4.9758942519685041
 30
0
 11
5.209385433070866
 21
-4.9758942125984253
 31
0
  0
LINE
  5
10C5
330
1B
100
AcDbEntity
  8
B.Cu
  6
CONTINUOUS
100
AcDbLine
 10
5.209385433070866
 20
-4.9758942125984253
 30
0
 11
5.21162783464567
 21
-4.9747516141732282
 31
0
  0
LINE
  5
10C6
330
1B
100
AcDbEntity
  8
B.Cu
  6
CONTINUOUS
100
AcDbLine
 10
5.21162783464567
 20
-4.9747516141732282
 30
0
 11
5.216566023622048
 21
-4.9722354724409445
 31
0
  0
LINE
  5
10C7
330
1B
100
AcDbEntity
  8
B.Cu
  6
CONTINUOUS
100
AcDbLine
 10
5.216566023622048
 20
-4.9722354724409445
 30
0
 11
5.22423094488189
 21
-4.9697449606299209
 31
0
  0
LINE
  5
10C8
330
1B
100
AcDbEntity
  8
B.Cu
  6
CONTINUOUS
100
AcDbLine
 10
5.22423094488189
 20
-4.9697449606299209
 30
0
 11
5.231102559055119
 21
-4.968656614173228
 31
0
  0
LINE
  5
10C9
330
1B
100
AcDbEntity
  8
B.Cu
  6
CONTINUOUS
100
AcDbLine
 10
5.231102559055119
 20
-4.968656614173228
 30
0
 11
5.232190866141733
 21
-4.968484251968504
 31
0
  0
LINE
  5
10CA
330
1B
100
AcDbEntity
  8
B.Cu
  6
CONTINUOUS
100
AcDbLine
 10
5.232190866141733
 20
-4.968484251968504
 30
0
 11
5.240250078740158
 21
-4.968484251968504
 31
0
  0
LINE
  5
10CB
330
1B
100
AcDbEntity
  8
B.Cu
  6
CONTINUOUS
100
AcDbLine
 10
5.240250078740158
 20
-4.968484251968504
 30
0
 11
5.24120751968504
 21
-4.9686358661417325
 31
0
  0
LINE
  5
10CC
330
1B
100
AcDbEntity
  8
B.Cu
  6
CONTINUOUS
100
AcDbLine
 10
5.24120751968504
 20
-4.9686358661417325
 30
0
 11
5.248210039370079
 21
-4.9697449606299209
 31
0
  0
LINE
  5
10CD
330
1B
100
AcDbEntity
  8
B.Cu
  6
CONTINUOUS
100
AcDbLine
 10
5.248210039370079
 20
-4.9697449606299209
 30
0
 11
5.255874960629922
 21
-4.9722354724409445
 31
0
  0
LINE
  5
10CE
330
1B
100
AcDbEntity
  8
B.Cu
  6
CONTINUOUS
100
AcDbLine
 10
5.255874960629922
 20
-4.9722354724409445
 30
0
 11
5.263055669291339
 21
-4.9758942913385829
 31
0
  0
LINE
  5
10CF
330
1B
100
AcDbEntity
  8
B.Cu
  6
CONTINUOUS
100
AcDbLine
 10
5.263055669291339
 20
-4.9758942913385829
 30
0
 11
5.269575354330709
 21
-4.9806310236220472
 31
0
  0
LINE
  5
10D0
330
1B
100
AcDbEntity
  8
B.Cu
  6
CONTINUOUS
100
AcDbLine
 10
5.269575354330709
 20
-4.9806310236220472
 30
0
 11
5.275274488188977
 21
-4.9863301574803147
 31
0
  0
LINE
  5
10D1
330
1B
100
AcDbEntity
  8
B.Cu
  6
CONTINUOUS
100
AcDbLine
 10
5.275274488188977
 20
-4.9863301574803147
 30
0
 11
5.280011220472441
 21
-4.9928498425196848
 31
0
  0
LINE
  5
10D2
330
1B
100
AcDbEntity
  8
B.Cu
  6
CONTINUOUS
100
AcDbLine
 10
5.280011220472441
 20
-4.9928498425196848
 30
0
 11
5.2836700393700795
 21
-5.0000305511811023
 31
0
  0
LINE
  5
10D3
330
1B
100
AcDbEntity
  8
B.Cu
  6
CONTINUOUS
100
AcDbLine
 10
5.2836700393700795
 20
-5.0000305511811023
 30
0
 11
5.286160551181103
 21
-5.007695472440945
 31
0
  0
LINE
  5
10D4
330
1B
100
AcDbEntity
  8
B.Cu
  6
CONTINUOUS
100
AcDbLine
 10
5.286160551181103
 20
-5.007695472440945
 30
0
 11
5.28742125984252
 21
-5.015655433070866
 31
0
  0
LINE
  5
10D5
330
1B
100
AcDbEntity
  8
B.Cu
  6
CONTINUOUS
100
AcDbLine
 10
5.28742125984252
 20
-5.015655433070866
 30
0
 11
5.28742125984252
 21
-5.0237146062992126
 31
0
  0
LINE
  5
10D6
330
1B
100
AcDbEntity
  8
B.Cu
  6
CONTINUOUS
100
AcDbLine
 10
5.698818897637795
 20
-4.6306319685039368
 30
0
 11
5.697364803149607
 21
-4.6398128740157478
 31
0
  0
LINE
  5
10D7
330
1B
100
AcDbEntity
  8
B.Cu
  6
CONTINUOUS
100
AcDbLine
 10
5.697364803149607
 20
-4.6398128740157478
 30
0
 11
5.694492244094489
 21
-4.6486536220472443
 31
0
  0
LINE
  5
10D8
330
1B
100
AcDbEntity
  8
B.Cu
  6
CONTINUOUS
100
AcDbLine
 10
5.694492244094489
 20
-4.6486536220472443
 30
0
 11
5.690272165354331
 21
-4.6569359842519686
 31
0
  0
LINE
  5
10D9
330
1B
100
AcDbEntity
  8
B.Cu
  6
CONTINUOUS
100
AcDbLine
 10
5.690272165354331
 20
-4.6569359842519686
 30
0
 11
5.687900078740158
 21
-4.6602009448818897
 31
0
  0
LINE
  5
10DA
330
1B
100
AcDbEntity
  8
B.Cu
  6
CONTINUOUS
100
AcDbLine
 10
5.687900078740158
 20
-4.6602009448818897
 30
0
 11
5.687900000000001
 21
-4.6602009842519685
 31
0
  0
LINE
  5
10DB
330
1B
100
AcDbEntity
  8
B.Cu
  6
CONTINUOUS
100
AcDbLine
 10
5.687900000000001
 20
-4.6602009842519685
 30
0
 11
5.673586732283465
 21
-4.6458876771653541
 31
0
  0
LINE
  5
10DC
330
1B
100
AcDbEntity
  8
B.Cu
  6
CONTINUOUS
100
AcDbLine
 10
5.673586732283465
 20
-4.6458876771653541
 30
0
 11
5.674485078740158
 21
-4.6445431889763782
 31
0
  0
LINE
  5
10DD
330
1B
100
AcDbEntity
  8
B.Cu
  6
CONTINUOUS
100
AcDbLine
 10
5.674485078740158
 20
-4.6445431889763782
 30
0
 11
5.677438582677166
 21
-4.6374127952755906
 31
0
  0
LINE
  5
10DE
330
1B
100
AcDbEntity
  8
B.Cu
  6
CONTINUOUS
100
AcDbLine
 10
5.677438582677166
 20
-4.6374127952755906
 30
0
 11
5.678944291338583
 21
-4.6298431889763778
 31
0
  0
LINE
  5
10DF
330
1B
100
AcDbEntity
  8
B.Cu
  6
CONTINUOUS
100
AcDbLine
 10
5.678944291338583
 20
-4.6298431889763778
 30
0
 11
5.678944291338583
 21
-4.6221253149606296
 31
0
  0
LINE
  5
10E0
330
1B
100
AcDbEntity
  8
B.Cu
  6
CONTINUOUS
100
AcDbLine
 10
5.678944291338583
 20
-4.6221253149606296
 30
0
 11
5.677438582677166
 21
-4.6145557086614168
 31
0
  0
LINE
  5
10E1
330
1B
100
AcDbEntity
  8
B.Cu
  6
CONTINUOUS
100
AcDbLine
 10
5.677438582677166
 20
-4.6145557086614168
 30
0
 11
5.674485078740158
 21
-4.6074253149606301
 31
0
  0
LINE
  5
10E2
330
1B
100
AcDbEntity
  8
B.Cu
  6
CONTINUOUS
100
AcDbLine
 10
5.674485078740158
 20
-4.6074253149606301
 30
0
 11
5.6735866929133865
 21
-4.6060807874015746
 31
0
  0
LINE
  5
10E3
330
1B
100
AcDbEntity
  8
B.Cu
  6
CONTINUOUS
100
AcDbLine
 10
5.6735866929133865
 20
-4.6060807874015746
 30
0
 11
5.687900000000001
 21
-4.5917674803149602
 31
0
  0
LINE
  5
10E4
330
1B
100
AcDbEntity
  8
B.Cu
  6
CONTINUOUS
100
AcDbLine
 10
5.687900000000001
 20
-4.5917674803149602
 30
0
 11
5.690272283464568
 21
-4.5950326771653538
 31
0
  0
LINE
  5
10E5
330
1B
100
AcDbEntity
  8
B.Cu
  6
CONTINUOUS
100
AcDbLine
 10
5.690272283464568
 20
-4.5950326771653538
 30
0
 11
5.694492244094489
 21
-4.6033148425196853
 31
0
  0
LINE
  5
10E6
330
1B
100
AcDbEntity
  8
B.Cu
  6
CONTINUOUS
100
AcDbLine
 10
5.694492244094489
 20
-4.6033148425196853
 30
0
 11
5.697364803149607
 21
-4.6121555905511809
 31
0
  0
LINE
  5
10E7
330
1B
100
AcDbEntity
  8
B.Cu
  6
CONTINUOUS
100
AcDbLine
 10
5.697364803149607
 20
-4.6121555905511809
 30
0
 11
5.698818897637795
 21
-4.6213364960629919
 31
0
  0
LINE
  5
10E8
330
1B
100
AcDbEntity
  8
B.Cu
  6
CONTINUOUS
100
AcDbLine
 10
5.698818897637795
 20
-4.6213364960629919
 30
0
 11
5.698818897637795
 21
-4.6306319685039368
 31
0
  0
LINE
  5
10E9
330
1B
100
AcDbEntity
  8
B.Cu
  6
CONTINUOUS
100
AcDbLine
 10
5.442913385826772
 20
-4.6306319685039368
 30
0
 11
5.4414592913385835
 21
-4.6398128740157478
 31
0
  0
LINE
  5
10EA
330
1B
100
AcDbEntity
  8
B.Cu
  6
CONTINUOUS
100
AcDbLine
 10
5.4414592913385835
 20
-4.6398128740157478
 30
0
 11
5.438586732283465
 21
-4.6486536220472443
 31
0
  0
LINE
  5
10EB
330
1B
100
AcDbEntity
  8
B.Cu
  6
CONTINUOUS
100
AcDbLine
 10
5.438586732283465
 20
-4.6486536220472443
 30
0
 11
5.434366653543307
 21
-4.6569359842519686
 31
0
  0
LINE
  5
10EC
330
1B
100
AcDbEntity
  8
B.Cu
  6
CONTINUOUS
100
AcDbLine
 10
5.434366653543307
 20
-4.6569359842519686
 30
0
 11
5.431994566929134
 21
-4.6602009448818897
 31
0
  0
LINE
  5
10ED
330
1B
100
AcDbEntity
  8
B.Cu
  6
CONTINUOUS
100
AcDbLine
 10
5.431994566929134
 20
-4.6602009448818897
 30
0
 11
5.431994488188977
 21
-4.6602009842519685
 31
0
  0
LINE
  5
10EE
330
1B
100
AcDbEntity
  8
B.Cu
  6
CONTINUOUS
100
AcDbLine
 10
5.431994488188977
 20
-4.6602009842519685
 30
0
 11
5.417681220472441
 21
-4.6458876771653541
 31
0
  0
LINE
  5
10EF
330
1B
100
AcDbEntity
  8
B.Cu
  6
CONTINUOUS
100
AcDbLine
 10
5.417681220472441
 20
-4.6458876771653541
 30
0
 11
5.418579566929134
 21
-4.6445431889763782
 31
0
  0
LINE
  5
10F0
330
1B
100
AcDbEntity
  8
B.Cu
  6
CONTINUOUS
100
AcDbLine
 10
5.418579566929134
 20
-4.6445431889763782
 30
0
 11
5.4215330708661424
 21
-4.6374127952755906
 31
0
  0
LINE
  5
10F1
330
1B
100
AcDbEntity
  8
B.Cu
  6
CONTINUOUS
100
AcDbLine
 10
5.4215330708661424
 20
-4.6374127952755906
 30
0
 11
5.42303877952756
 21
-4.6298431889763778
 31
0
  0
LINE
  5
10F2
330
1B
100
AcDbEntity
  8
B.Cu
  6
CONTINUOUS
100
AcDbLine
 10
5.42303877952756
 20
-4.6298431889763778
 30
0
 11
5.42303877952756
 21
-4.6221253149606296
 31
0
  0
LINE
  5
10F3
330
1B
100
AcDbEntity
  8
B.Cu
  6
CONTINUOUS
100
AcDbLine
 10
5.42303877952756
 20
-4.6221253149606296
 30
0
 11
5.4215330708661424
 21
-4.6145557086614168
 31
0
  0
LINE
  5
10F4
330
1B
100
AcDbEntity
  8
B.Cu
  6
CONTINUOUS
100
AcDbLine
 10
5.4215330708661424
 20
-4.6145557086614168
 30
0
 11
5.418579566929134
 21
-4.6074253149606301
 31
0
  0
LINE
  5
10F5
330
1B
100
AcDbEntity
  8
B.Cu
  6
CONTINUOUS
100
AcDbLine
 10
5.418579566929134
 20
-4.6074253149606301
 30
0
 11
5.417681181102362
 21
-4.6060807874015746
 31
0
  0
LINE
  5
10F6
330
1B
100
AcDbEntity
  8
B.Cu
  6
CONTINUOUS
100
AcDbLine
 10
5.417681181102362
 20
-4.6060807874015746
 30
0
 11
5.431994488188977
 21
-4.5917674803149602
 31
0
  0
LINE
  5
10F7
330
1B
100
AcDbEntity
  8
B.Cu
  6
CONTINUOUS
100
AcDbLine
 10
5.431994488188977
 20
-4.5917674803149602
 30
0
 11
5.4343667716535435
 21
-4.5950326771653538
 31
0
  0
LINE
  5
10F8
330
1B
100
AcDbEntity
  8
B.Cu
  6
CONTINUOUS
100
AcDbLine
 10
5.4343667716535435
 20
-4.5950326771653538
 30
0
 11
5.438586732283465
 21
-4.6033148425196853
 31
0
  0
LINE
  5
10F9
330
1B
100
AcDbEntity
  8
B.Cu
  6
CONTINUOUS
100
AcDbLine
 10
5.438586732283465
 20
-4.6033148425196853
 30
0
 11
5.4414592913385835
 21
-4.6121555905511809
 31
0
  0
LINE
  5
10FA
330
1B
100
AcDbEntity
  8
B.Cu
  6
CONTINUOUS
100
AcDbLine
 10
5.4414592913385835
 20
-4.6121555905511809
 30
0
 11
5.442913385826772
 21
-4.6213364960629919
 31
0
  0
LINE
  5
10FB
330
1B
100
AcDbEntity
  8
B.Cu
  6
CONTINUOUS
100
AcDbLine
 10
5.442913385826772
 20
-4.6213364960629919
 30
0
 11
5.442913385826772
 21
-4.6306319685039368
 31
0
  0
LINE
  5
10FC
330
1B
100
AcDbEntity
  8
B.Cu
  6
CONTINUOUS
100
AcDbLine
 10
6.196018976377953
 20
-3.7870905905511809
 30
0
 11
6.196018897637796
 21
-3.7870908267716534
 31
0
  0
LINE
  5
10FD
330
1B
100
AcDbEntity
  8
B.Cu
  6
CONTINUOUS
100
AcDbLine
 10
6.196018897637796
 20
-3.7870908267716534
 30
0
 11
6.192843385826772
 21
-3.7947572047244096
 31
0
  0
LINE
  5
10FE
330
1B
100
AcDbEntity
  8
B.Cu
  6
CONTINUOUS
100
AcDbLine
 10
6.192843385826772
 20
-3.7947572047244096
 30
0
 11
6.191458307086615
 21
-3.7968301181102362
 31
0
  0
LINE
  5
10FF
330
1B
100
AcDbEntity
  8
B.Cu
  6
CONTINUOUS
100
AcDbLine
 10
6.191458307086615
 20
-3.7968301181102362
 30
0
 11
6.176619566929134
 21
-3.7819913779527559
 31
0
  0
LINE
  5
1100
330
1B
100
AcDbEntity
  8
B.Cu
  6
CONTINUOUS
100
AcDbLine
 10
6.176619566929134
 20
-3.7819913779527559
 30
0
 11
6.177760787401575
 21
-3.7777322834645668
 31
0
  0
LINE
  5
1101
330
1B
100
AcDbEntity
  8
B.Cu
  6
CONTINUOUS
100
AcDbLine
 10
6.177760787401575
 20
-3.7777322834645668
 30
0
 11
6.177760787401575
 21
-3.7718740157480313
 31
0
  0
LINE
  5
1102
330
1B
100
AcDbEntity
  8
B.Cu
  6
CONTINUOUS
100
AcDbLine
 10
6.177760787401575
 20
-3.7718740157480313
 30
0
 11
6.176619527559056
 21
-3.7676148425196851
 31
0
  0
LINE
  5
1103
330
1B
100
AcDbEntity
  8
B.Cu
  6
CONTINUOUS
100
AcDbLine
 10
6.176619527559056
 20
-3.7676148425196851
 30
0
 11
6.191458307086615
 21
-3.7527760629921261
 31
0
  0
LINE
  5
1104
330
1B
100
AcDbEntity
  8
B.Cu
  6
CONTINUOUS
100
AcDbLine
 10
6.191458307086615
 20
-3.7527760629921261
 30
0
 11
6.1914583464566935
 21
-3.7527761023622048
 31
0
  0
LINE
  5
1105
330
1B
100
AcDbEntity
  8
B.Cu
  6
CONTINUOUS
100
AcDbLine
 10
6.1914583464566935
 20
-3.7527761023622048
 30
0
 11
6.1928431496063
 21
-3.7548486614173227
 31
0
  0
LINE
  5
1106
330
1B
100
AcDbEntity
  8
B.Cu
  6
CONTINUOUS
100
AcDbLine
 10
6.1928431496063
 20
-3.7548486614173227
 30
0
 11
6.192843425196851
 21
-3.7548491338582677
 31
0
  0
LINE
  5
1107
330
1B
100
AcDbEntity
  8
B.Cu
  6
CONTINUOUS
100
AcDbLine
 10
6.192843425196851
 20
-3.7548491338582677
 30
0
 11
6.196018897637796
 21
-3.7625154330708659
 31
0
  0
LINE
  5
1108
330
1B
100
AcDbEntity
  8
B.Cu
  6
CONTINUOUS
100
AcDbLine
 10
6.196018897637796
 20
-3.7625154330708659
 30
0
 11
6.196018976377953
 21
-3.7625156692913384
 31
0
  0
LINE
  5
1109
330
1B
100
AcDbEntity
  8
B.Cu
  6
CONTINUOUS
100
AcDbLine
 10
6.196018976377953
 20
-3.7625156692913384
 30
0
 11
6.197637795275591
 21
-3.7706539763779525
 31
0
  0
LINE
  5
110A
330
1B
100
AcDbEntity
  8
B.Cu
  6
CONTINUOUS
100
AcDbLine
 10
6.197637795275591
 20
-3.7706539763779525
 30
0
 11
6.197637795275591
 21
-3.7789522834645668
 31
0
  0
LINE
  5
110B
330
1B
100
AcDbEntity
  8
B.Cu
  6
CONTINUOUS
100
AcDbLine
 10
6.197637795275591
 20
-3.7789522834645668
 30
0
 11
6.19763783464567
 21
-3.7789522834645668
 31
0
  0
LINE
  5
110C
330
1B
100
AcDbEntity
  8
B.Cu
  6
CONTINUOUS
100
AcDbLine
 10
6.19763783464567
 20
-3.7789522834645668
 30
0
 11
6.196018976377953
 21
-3.7870905905511809
 31
0
  0
LINE
  5
110D
330
1B
100
AcDbEntity
  8
B.Cu
  6
CONTINUOUS
100
AcDbLine
 10
6.311023622047244
 20
-3.4292250787401573
 30
0
 11
6.309763425196851
 21
-3.4371817716535431
 31
0
  0
LINE
  5
110E
330
1B
100
AcDbEntity
  8
B.Cu
  6
CONTINUOUS
100
AcDbLine
 10
6.309763425196851
 20
-3.4371817716535431
 30
0
 11
6.307273858267717
 21
-3.4448437401574803
 31
0
  0
LINE
  5
110F
330
1B
100
AcDbEntity
  8
B.Cu
  6
CONTINUOUS
100
AcDbLine
 10
6.307273858267717
 20
-3.4448437401574803
 30
0
 11
6.303616496062992
 21
-3.4520216535433068
 31
0
  0
LINE
  5
1110
330
1B
100
AcDbEntity
  8
B.Cu
  6
CONTINUOUS
100
AcDbLine
 10
6.303616496062992
 20
-3.4520216535433068
 30
0
 11
6.30361625984252
 21
-3.4520220078740156
 31
0
  0
LINE
  5
1111
330
1B
100
AcDbEntity
  8
B.Cu
  6
CONTINUOUS
100
AcDbLine
 10
6.30361625984252
 20
-3.4520220078740156
 30
0
 11
6.302341614173229
 21
-3.4537764173228345
 31
0
  0
LINE
  5
1112
330
1B
100
AcDbEntity
  8
B.Cu
  6
CONTINUOUS
100
AcDbLine
 10
6.302341614173229
 20
-3.4537764173228345
 30
0
 11
6.30234157480315
 21
-3.4537764566929132
 31
0
  0
LINE
  5
1113
330
1B
100
AcDbEntity
  8
B.Cu
  6
CONTINUOUS
100
AcDbLine
 10
6.30234157480315
 20
-3.4537764566929132
 30
0
 11
6.28790940944882
 21
-3.439344251968504
 31
0
  0
LINE
  5
1114
330
1B
100
AcDbEntity
  8
B.Cu
  6
CONTINUOUS
100
AcDbLine
 10
6.28790940944882
 20
-3.439344251968504
 30
0
 11
6.289982362204725
 21
-3.4343396850393701
 31
0
  0
LINE
  5
1115
330
1B
100
AcDbEntity
  8
B.Cu
  6
CONTINUOUS
100
AcDbLine
 10
6.289982362204725
 20
-3.4343396850393701
 30
0
 11
6.2911869291338585
 21
-3.4282840157480314
 31
0
  0
LINE
  5
1116
330
1B
100
AcDbEntity
  8
B.Cu
  6
CONTINUOUS
100
AcDbLine
 10
6.2911869291338585
 20
-3.4282840157480314
 30
0
 11
6.2911869291338585
 21
-3.42210968503937
 31
0
  0
LINE
  5
1117
330
1B
100
AcDbEntity
  8
B.Cu
  6
CONTINUOUS
100
AcDbLine
 10
6.2911869291338585
 20
-3.42210968503937
 30
0
 11
6.289982362204725
 21
-3.4160540157480312
 31
0
  0
LINE
  5
1118
330
1B
100
AcDbEntity
  8
B.Cu
  6
CONTINUOUS
100
AcDbLine
 10
6.289982362204725
 20
-3.4160540157480312
 30
0
 11
6.28790940944882
 21
-3.4110493700787399
 31
0
  0
LINE
  5
1119
330
1B
100
AcDbEntity
  8
B.Cu
  6
CONTINUOUS
100
AcDbLine
 10
6.28790940944882
 20
-3.4110493700787399
 30
0
 11
6.30234157480315
 21
-3.3966172047244094
 31
0
  0
LINE
  5
111A
330
1B
100
AcDbEntity
  8
B.Cu
  6
CONTINUOUS
100
AcDbLine
 10
6.30234157480315
 20
-3.3966172047244094
 30
0
 11
6.302341614173229
 21
-3.3966172047244094
 31
0
  0
LINE
  5
111B
330
1B
100
AcDbEntity
  8
B.Cu
  6
CONTINUOUS
100
AcDbLine
 10
6.302341614173229
 20
-3.3966172047244094
 30
0
 11
6.303616417322835
 21
-3.3983718110236221
 31
0
  0
LINE
  5
111C
330
1B
100
AcDbEntity
  8
B.Cu
  6
CONTINUOUS
100
AcDbLine
 10
6.303616417322835
 20
-3.3983718110236221
 30
0
 11
6.307273858267717
 21
-3.4055499212598423
 31
0
  0
LINE
  5
111D
330
1B
100
AcDbEntity
  8
B.Cu
  6
CONTINUOUS
100
AcDbLine
 10
6.307273858267717
 20
-3.4055499212598423
 30
0
 11
6.309763425196851
 21
-3.4132118897637795
 31
0
  0
LINE
  5
111E
330
1B
100
AcDbEntity
  8
B.Cu
  6
CONTINUOUS
100
AcDbLine
 10
6.309763425196851
 20
-3.4132118897637795
 30
0
 11
6.311023622047244
 21
-3.4211685826771654
 31
0
  0
LINE
  5
111F
330
1B
100
AcDbEntity
  8
B.Cu
  6
CONTINUOUS
100
AcDbLine
 10
6.311023622047244
 20
-3.4211685826771654
 30
0
 11
6.311023622047244
 21
-3.4292250787401573
 31
0
  0
LINE
  5
1120
330
1B
100
AcDbEntity
  8
B.Cu
  6
CONTINUOUS
100
AcDbLine
 10
6.114173228346457
 20
-3.4292250787401573
 30
0
 11
6.112913031496063
 21
-3.4371817716535431
 31
0
  0
LINE
  5
1121
330
1B
100
AcDbEntity
  8
B.Cu
  6
CONTINUOUS
100
AcDbLine
 10
6.112913031496063
 20
-3.4371817716535431
 30
0
 11
6.11042346456693
 21
-3.4448437401574803
 31
0
  0
LINE
  5
1122
330
1B
100
AcDbEntity
  8
B.Cu
  6
CONTINUOUS
100
AcDbLine
 10
6.11042346456693
 20
-3.4448437401574803
 30
0
 11
6.106766102362205
 21
-3.4520216535433068
 31
0
  0
LINE
  5
1123
330
1B
100
AcDbEntity
  8
B.Cu
  6
CONTINUOUS
100
AcDbLine
 10
6.106766102362205
 20
-3.4520216535433068
 30
0
 11
6.106765866141733
 21
-3.4520220078740156
 31
0
  0
LINE
  5
1124
330
1B
100
AcDbEntity
  8
B.Cu
  6
CONTINUOUS
100
AcDbLine
 10
6.106765866141733
 20
-3.4520220078740156
 30
0
 11
6.105491220472441
 21
-3.4537764173228345
 31
0
  0
LINE
  5
1125
330
1B
100
AcDbEntity
  8
B.Cu
  6
CONTINUOUS
100
AcDbLine
 10
6.105491220472441
 20
-3.4537764173228345
 30
0
 11
6.105491181102363
 21
-3.4537764566929132
 31
0
  0
LINE
  5
1126
330
1B
100
AcDbEntity
  8
B.Cu
  6
CONTINUOUS
100
AcDbLine
 10
6.105491181102363
 20
-3.4537764566929132
 30
0
 11
6.091059015748032
 21
-3.439344251968504
 31
0
  0
LINE
  5
1127
330
1B
100
AcDbEntity
  8
B.Cu
  6
CONTINUOUS
100
AcDbLine
 10
6.091059015748032
 20
-3.439344251968504
 30
0
 11
6.093131968503937
 21
-3.4343396850393701
 31
0
  0
LINE
  5
1128
330
1B
100
AcDbEntity
  8
B.Cu
  6
CONTINUOUS
100
AcDbLine
 10
6.093131968503937
 20
-3.4343396850393701
 30
0
 11
6.094336535433071
 21
-3.4282840157480314
 31
0
  0
LINE
  5
1129
330
1B
100
AcDbEntity
  8
B.Cu
  6
CONTINUOUS
100
AcDbLine
 10
6.094336535433071
 20
-3.4282840157480314
 30
0
 11
6.094336535433071
 21
-3.42210968503937
 31
0
  0
LINE
  5
112A
330
1B
100
AcDbEntity
  8
B.Cu
  6
CONTINUOUS
100
AcDbLine
 10
6.094336535433071
 20
-3.42210968503937
 30
0
 11
6.093131968503937
 21
-3.4160540157480312
 31
0
  0
LINE
  5
112B
330
1B
100
AcDbEntity
  8
B.Cu
  6
CONTINUOUS
100
AcDbLine
 10
6.093131968503937
 20
-3.4160540157480312
 30
0
 11
6.091059015748032
 21
-3.4110493700787399
 31
0
  0
LINE
  5
112C
330
1B
100
AcDbEntity
  8
B.Cu
  6
CONTINUOUS
100
AcDbLine
 10
6.091059015748032
 20
-3.4110493700787399
 30
0
 11
6.105491181102363
 21
-3.3966172047244094
 31
0
  0
LINE
  5
112D
330
1B
100
AcDbEntity
  8
B.Cu
  6
CONTINUOUS
100
AcDbLine
 10
6.105491181102363
 20
-3.3966172047244094
 30
0
 11
6.105491220472441
 21
-3.3966172047244094
 31
0
  0
LINE
  5
112E
330
1B
100
AcDbEntity
  8
B.Cu
  6
CONTINUOUS
100
AcDbLine
 10
6.105491220472441
 20
-3.3966172047244094
 30
0
 11
6.106766023622048
 21
-3.3983718110236221
 31
0
  0
LINE
  5
112F
330
1B
100
AcDbEntity
  8
B.Cu
  6
CONTINUOUS
100
AcDbLine
 10
6.106766023622048
 20
-3.3983718110236221
 30
0
 11
6.11042346456693
 21
-3.4055499212598423
 31
0
  0
LINE
  5
1130
330
1B
100
AcDbEntity
  8
B.Cu
  6
CONTINUOUS
100
AcDbLine
 10
6.11042346456693
 20
-3.4055499212598423
 30
0
 11
6.112913031496063
 21
-3.4132118897637795
 31
0
  0
LINE
  5
1131
330
1B
100
AcDbEntity
  8
B.Cu
  6
CONTINUOUS
100
AcDbLine
 10
6.112913031496063
 20
-3.4132118897637795
 30
0
 11
6.114173228346457
 21
-3.4211685826771654
 31
0
  0
LINE
  5
1132
330
1B
100
AcDbEntity
  8
B.Cu
  6
CONTINUOUS
100
AcDbLine
 10
6.114173228346457
 20
-3.4211685826771654
 30
0
 11
6.114173228346457
 21
-3.4292250787401573
 31
0
  0
LINE
  5
1133
330
1B
100
AcDbEntity
  8
B.Cu
  6
CONTINUOUS
100
AcDbLine
 10
5.362204724409449
 20
-3.3904744881889761
 30
0
 11
5.36075062992126
 21
-3.3996553937007872
 31
0
  0
LINE
  5
1134
330
1B
100
AcDbEntity
  8
B.Cu
  6
CONTINUOUS
100
AcDbLine
 10
5.36075062992126
 20
-3.3996553937007872
 30
0
 11
5.357878070866143
 21
-3.4084961417322832
 31
0
  0
LINE
  5
1135
330
1B
100
AcDbEntity
  8
B.Cu
  6
CONTINUOUS
100
AcDbLine
 10
5.357878070866143
 20
-3.4084961417322832
 30
0
 11
5.353657992125985
 21
-3.416778503937008
 31
0
  0
LINE
  5
1136
330
1B
100
AcDbEntity
  8
B.Cu
  6
CONTINUOUS
100
AcDbLine
 10
5.353657992125985
 20
-3.416778503937008
 30
0
 11
5.351285905511811
 21
-3.4200434645669291
 31
0
  0
LINE
  5
1137
330
1B
100
AcDbEntity
  8
B.Cu
  6
CONTINUOUS
100
AcDbLine
 10
5.351285905511811
 20
-3.4200434645669291
 30
0
 11
5.351285826771654
 21
-3.4200435039370078
 31
0
  0
LINE
  5
1138
330
1B
100
AcDbEntity
  8
B.Cu
  6
CONTINUOUS
100
AcDbLine
 10
5.351285826771654
 20
-3.4200435039370078
 30
0
 11
5.336972559055119
 21
-3.4057301968503935
 31
0
  0
LINE
  5
1139
330
1B
100
AcDbEntity
  8
B.Cu
  6
CONTINUOUS
100
AcDbLine
 10
5.336972559055119
 20
-3.4057301968503935
 30
0
 11
5.337870905511812
 21
-3.4043857086614171
 31
0
  0
LINE
  5
113A
330
1B
100
AcDbEntity
  8
B.Cu
  6
CONTINUOUS
100
AcDbLine
 10
5.337870905511812
 20
-3.4043857086614171
 30
0
 11
5.340824409448819
 21
-3.3972553149606299
 31
0
  0
LINE
  5
113B
330
1B
100
AcDbEntity
  8
B.Cu
  6
CONTINUOUS
100
AcDbLine
 10
5.340824409448819
 20
-3.3972553149606299
 30
0
 11
5.342330118110237
 21
-3.3896857086614172
 31
0
  0
LINE
  5
113C
330
1B
100
AcDbEntity
  8
B.Cu
  6
CONTINUOUS
100
AcDbLine
 10
5.342330118110237
 20
-3.3896857086614172
 30
0
 11
5.342330118110237
 21
-3.3819678346456694
 31
0
  0
LINE
  5
113D
330
1B
100
AcDbEntity
  8
B.Cu
  6
CONTINUOUS
100
AcDbLine
 10
5.342330118110237
 20
-3.3819678346456694
 30
0
 11
5.340824409448819
 21
-3.3743982283464566
 31
0
  0
LINE
  5
113E
330
1B
100
AcDbEntity
  8
B.Cu
  6
CONTINUOUS
100
AcDbLine
 10
5.340824409448819
 20
-3.3743982283464566
 30
0
 11
5.337870905511812
 21
-3.367267834645669
 31
0
  0
LINE
  5
113F
330
1B
100
AcDbEntity
  8
B.Cu
  6
CONTINUOUS
100
AcDbLine
 10
5.337870905511812
 20
-3.367267834645669
 30
0
 11
5.33697251968504
 21
-3.3659233070866139
 31
0
  0
LINE
  5
1140
330
1B
100
AcDbEntity
  8
B.Cu
  6
CONTINUOUS
100
AcDbLine
 10
5.33697251968504
 20
-3.3659233070866139
 30
0
 11
5.351285826771654
 21
-3.35161
 31
0
  0
LINE
  5
1141
330
1B
100
AcDbEntity
  8
B.Cu
  6
CONTINUOUS
100
AcDbLine
 10
5.351285826771654
 20
-3.35161
 30
0
 11
5.353658110236221
 21
-3.3548751968503936
 31
0
  0
LINE
  5
1142
330
1B
100
AcDbEntity
  8
B.Cu
  6
CONTINUOUS
100
AcDbLine
 10
5.353658110236221
 20
-3.3548751968503936
 30
0
 11
5.357878070866143
 21
-3.3631573622047242
 31
0
  0
LINE
  5
1143
330
1B
100
AcDbEntity
  8
B.Cu
  6
CONTINUOUS
100
AcDbLine
 10
5.357878070866143
 20
-3.3631573622047242
 30
0
 11
5.36075062992126
 21
-3.3719981102362202
 31
0
  0
LINE
  5
1144
330
1B
100
AcDbEntity
  8
B.Cu
  6
CONTINUOUS
100
AcDbLine
 10
5.36075062992126
 20
-3.3719981102362202
 30
0
 11
5.362204724409449
 21
-3.3811790157480313
 31
0
  0
LINE
  5
1145
330
1B
100
AcDbEntity
  8
B.Cu
  6
CONTINUOUS
100
AcDbLine
 10
5.362204724409449
 20
-3.3811790157480313
 30
0
 11
5.362204724409449
 21
-3.3904744881889761
 31
0
  0
LINE
  5
1146
330
1B
100
AcDbEntity
  8
B.Cu
  6
CONTINUOUS
100
AcDbLine
 10
6.4763779527559056
 20
-3.2185039370078741
 30
0
 11
6.456692913385827
 21
-3.2185039370078741
 31
0
  0
LINE
  5
1147
330
1B
100
AcDbEntity
  8
B.Cu
  6
CONTINUOUS
100
AcDbLine
 10
6.456692913385827
 20
-3.2185039370078741
 30
0
 11
6.456692913385827
 21
-3.188976377952756
 31
0
  0
LINE
  5
1148
330
1B
100
AcDbEntity
  8
B.Cu
  6
CONTINUOUS
100
AcDbLine
 10
6.456692913385827
 20
-3.188976377952756
 30
0
 11
6.427165354330709
 21
-3.188976377952756
 31
0
  0
LINE
  5
1149
330
1B
100
AcDbEntity
  8
B.Cu
  6
CONTINUOUS
100
AcDbLine
 10
6.427165354330709
 20
-3.188976377952756
 30
0
 11
6.427165354330709
 21
-3.1692913385826773
 31
0
  0
LINE
  5
114A
330
1B
100
AcDbEntity
  8
B.Cu
  6
CONTINUOUS
100
AcDbLine
 10
6.427165354330709
 20
-3.1692913385826773
 30
0
 11
6.45857657480315
 21
-3.1692913385826773
 31
0
  0
LINE
  5
114B
330
1B
100
AcDbEntity
  8
B.Cu
  6
CONTINUOUS
100
AcDbLine
 10
6.45857657480315
 20
-3.1692913385826773
 30
0
 11
6.460920196850394
 21
-3.1695433464566927
 31
0
  0
LINE
  5
114C
330
1B
100
AcDbEntity
  8
B.Cu
  6
CONTINUOUS
100
AcDbLine
 10
6.460920196850394
 20
-3.1695433464566927
 30
0
 11
6.460920472440946
 21
-3.1695434251968502
 31
0
  0
LINE
  5
114D
330
1B
100
AcDbEntity
  8
B.Cu
  6
CONTINUOUS
100
AcDbLine
 10
6.460920472440946
 20
-3.1695434251968502
 30
0
 11
6.4662238976377955
 21
-3.1715214566929135
 31
0
  0
LINE
  5
114E
330
1B
100
AcDbEntity
  8
B.Cu
  6
CONTINUOUS
100
AcDbLine
 10
6.4662238976377955
 20
-3.1715214566929135
 30
0
 11
6.466224173228347
 21
-3.1715216141732281
 31
0
  0
LINE
  5
114F
330
1B
100
AcDbEntity
  8
B.Cu
  6
CONTINUOUS
100
AcDbLine
 10
6.466224173228347
 20
-3.1715216141732281
 30
0
 11
6.470755433070867
 21
-3.1749137401574803
 31
0
  0
LINE
  5
1150
330
1B
100
AcDbEntity
  8
B.Cu
  6
CONTINUOUS
100
AcDbLine
 10
6.470755433070867
 20
-3.1749137401574803
 30
0
 11
6.470755551181103
 21
-3.1749138582677165
 31
0
  0
LINE
  5
1151
330
1B
100
AcDbEntity
  8
B.Cu
  6
CONTINUOUS
100
AcDbLine
 10
6.470755551181103
 20
-3.1749138582677165
 30
0
 11
6.474147677165355
 21
-3.1794451181102361
 31
0
  0
LINE
  5
1152
330
1B
100
AcDbEntity
  8
B.Cu
  6
CONTINUOUS
100
AcDbLine
 10
6.474147677165355
 20
-3.1794451181102361
 30
0
 11
6.474147834645669
 21
-3.1794453937007874
 31
0
  0
LINE
  5
1153
330
1B
100
AcDbEntity
  8
B.Cu
  6
CONTINUOUS
100
AcDbLine
 10
6.474147834645669
 20
-3.1794453937007874
 30
0
 11
6.476125866141733
 21
-3.1847488188976376
 31
0
  0
LINE
  5
1154
330
1B
100
AcDbEntity
  8
B.Cu
  6
CONTINUOUS
100
AcDbLine
 10
6.476125866141733
 20
-3.1847488188976376
 30
0
 11
6.476125944881891
 21
-3.1847490944881889
 31
0
  0
LINE
  5
1155
330
1B
100
AcDbEntity
  8
B.Cu
  6
CONTINUOUS
100
AcDbLine
 10
6.476125944881891
 20
-3.1847490944881889
 30
0
 11
6.4763779527559056
 21
-3.187092716535433
 31
0
  0
LINE
  5
1156
330
1B
100
AcDbEntity
  8
B.Cu
  6
CONTINUOUS
100
AcDbLine
 10
6.4763779527559056
 20
-3.187092716535433
 30
0
 11
6.4763779527559056
 21
-3.2185039370078741
 31
0
  0
LINE
  5
1157
330
1B
100
AcDbEntity
  8
B.Cu
  6
CONTINUOUS
100
AcDbLine
 10
6.626003937007875
 20
-2.8977303543307085
 30
0
 11
6.624743228346457
 21
-2.9056903149606299
 31
0
  0
LINE
  5
1158
330
1B
100
AcDbEntity
  8
B.Cu
  6
CONTINUOUS
100
AcDbLine
 10
6.624743228346457
 20
-2.9056903149606299
 30
0
 11
6.622252716535433
 21
-2.9133552362204722
 31
0
  0
LINE
  5
1159
330
1B
100
AcDbEntity
  8
B.Cu
  6
CONTINUOUS
100
AcDbLine
 10
6.622252716535433
 20
-2.9133552362204722
 30
0
 11
6.618593897637796
 21
-2.9205359448818897
 31
0
  0
LINE
  5
115A
330
1B
100
AcDbEntity
  8
B.Cu
  6
CONTINUOUS
100
AcDbLine
 10
6.618593897637796
 20
-2.9205359448818897
 30
0
 11
6.613857165354331
 21
-2.9270556299212598
 31
0
  0
LINE
  5
115B
330
1B
100
AcDbEntity
  8
B.Cu
  6
CONTINUOUS
100
AcDbLine
 10
6.613857165354331
 20
-2.9270556299212598
 30
0
 11
6.608158031496063
 21
-2.9327547637795277
 31
0
  0
LINE
  5
115C
330
1B
100
AcDbEntity
  8
B.Cu
  6
CONTINUOUS
100
AcDbLine
 10
6.608158031496063
 20
-2.9327547637795277
 30
0
 11
6.602057125984253
 21
-2.9371872440944879
 31
0
  0
LINE
  5
115D
330
1B
100
AcDbEntity
  8
B.Cu
  6
CONTINUOUS
100
AcDbLine
 10
6.602057125984253
 20
-2.9371872440944879
 30
0
 11
6.601638188976378
 21
-2.9374916141732283
 31
0
  0
LINE
  5
115E
330
1B
100
AcDbEntity
  8
B.Cu
  6
CONTINUOUS
100
AcDbLine
 10
6.601638188976378
 20
-2.9374916141732283
 30
0
 11
6.597062716535434
 21
-2.9398229527559057
 31
0
  0
LINE
  5
115F
330
1B
100
AcDbEntity
  8
B.Cu
  6
CONTINUOUS
100
AcDbLine
 10
6.597062716535434
 20
-2.9398229527559057
 30
0
 11
6.594457637795276
 21
-2.94115031496063
 31
0
  0
LINE
  5
1160
330
1B
100
AcDbEntity
  8
B.Cu
  6
CONTINUOUS
100
AcDbLine
 10
6.594457637795276
 20
-2.94115031496063
 30
0
 11
6.594457559055119
 21
-2.94115031496063
 31
0
  0
LINE
  5
1161
330
1B
100
AcDbEntity
  8
B.Cu
  6
CONTINUOUS
100
AcDbLine
 10
6.594457559055119
 20
-2.94115031496063
 30
0
 11
6.594457440944883
 21
-2.9411503937007875
 31
0
  0
LINE
  5
1162
330
1B
100
AcDbEntity
  8
B.Cu
  6
CONTINUOUS
100
AcDbLine
 10
6.594457440944883
 20
-2.9411503937007875
 30
0
 11
6.590829645669292
 21
-2.9423291338582676
 31
0
  0
LINE
  5
1163
330
1B
100
AcDbEntity
  8
B.Cu
  6
CONTINUOUS
100
AcDbLine
 10
6.590829645669292
 20
-2.9423291338582676
 30
0
 11
6.586792716535434
 21
-2.9436408267716536
 31
0
  0
LINE
  5
1164
330
1B
100
AcDbEntity
  8
B.Cu
  6
CONTINUOUS
100
AcDbLine
 10
6.586792716535434
 20
-2.9436408267716536
 30
0
 11
6.583856338582677
 21
-2.9441059055118108
 31
0
  0
LINE
  5
1165
330
1B
100
AcDbEntity
  8
B.Cu
  6
CONTINUOUS
100
AcDbLine
 10
6.583856338582677
 20
-2.9441059055118108
 30
0
 11
6.578832755905513
 21
-2.9449015748031497
 31
0
  0
LINE
  5
1166
330
1B
100
AcDbEntity
  8
B.Cu
  6
CONTINUOUS
100
AcDbLine
 10
6.578832755905513
 20
-2.9449015748031497
 30
0
 11
6.578832716535434
 21
-2.9449015748031497
 31
0
  0
LINE
  5
1167
330
1B
100
AcDbEntity
  8
B.Cu
  6
CONTINUOUS
100
AcDbLine
 10
6.578832716535434
 20
-2.9449015748031497
 30
0
 11
6.570773582677166
 21
-2.9449015748031497
 31
0
  0
LINE
  5
1168
330
1B
100
AcDbEntity
  8
B.Cu
  6
CONTINUOUS
100
AcDbLine
 10
6.570773582677166
 20
-2.9449015748031497
 30
0
 11
6.570773543307087
 21
-2.9449015748031497
 31
0
  0
LINE
  5
1169
330
1B
100
AcDbEntity
  8
B.Cu
  6
CONTINUOUS
100
AcDbLine
 10
6.570773543307087
 20
-2.9449015748031497
 30
0
 11
6.562813622047244
 21
-2.9436408267716536
 31
0
  0
LINE
  5
116A
330
1B
100
AcDbEntity
  8
B.Cu
  6
CONTINUOUS
100
AcDbLine
 10
6.562813622047244
 20
-2.9436408267716536
 30
0
 11
6.555148858267717
 21
-2.9411503937007875
 31
0
  0
LINE
  5
116B
330
1B
100
AcDbEntity
  8
B.Cu
  6
CONTINUOUS
100
AcDbLine
 10
6.555148858267717
 20
-2.9411503937007875
 30
0
 11
6.547968110236221
 21
-2.9374916141732283
 31
0
  0
LINE
  5
116C
330
1B
100
AcDbEntity
  8
B.Cu
  6
CONTINUOUS
100
AcDbLine
 10
6.547968110236221
 20
-2.9374916141732283
 30
0
 11
6.544307480314961
 21
-2.934831968503937
 31
0
  0
LINE
  5
116D
330
1B
100
AcDbEntity
  8
B.Cu
  6
CONTINUOUS
100
AcDbLine
 10
6.544307480314961
 20
-2.934831968503937
 30
0
 11
6.541448307086615
 21
-2.9327547637795277
 31
0
  0
LINE
  5
116E
330
1B
100
AcDbEntity
  8
B.Cu
  6
CONTINUOUS
100
AcDbLine
 10
6.541448307086615
 20
-2.9327547637795277
 30
0
 11
6.541448228346457
 21
-2.9327546456692914
 31
0
  0
LINE
  5
116F
330
1B
100
AcDbEntity
  8
B.Cu
  6
CONTINUOUS
100
AcDbLine
 10
6.541448228346457
 20
-2.9327546456692914
 30
0
 11
6.541448070866142
 21
-2.9327545669291339
 31
0
  0
LINE
  5
1170
330
1B
100
AcDbEntity
  8
B.Cu
  6
CONTINUOUS
100
AcDbLine
 10
6.541448070866142
 20
-2.9327545669291339
 30
0
 11
6.535749370078741
 21
-2.9270558661417323
 31
0
  0
LINE
  5
1171
330
1B
100
AcDbEntity
  8
B.Cu
  6
CONTINUOUS
100
AcDbLine
 10
6.535749370078741
 20
-2.9270558661417323
 30
0
 11
6.5357492913385835
 21
-2.9270557086614173
 31
0
  0
LINE
  5
1172
330
1B
100
AcDbEntity
  8
B.Cu
  6
CONTINUOUS
100
AcDbLine
 10
6.5357492913385835
 20
-2.9270557086614173
 30
0
 11
6.535749173228347
 21
-2.9270556299212598
 31
0
  0
LINE
  5
1173
330
1B
100
AcDbEntity
  8
B.Cu
  6
CONTINUOUS
100
AcDbLine
 10
6.535749173228347
 20
-2.9270556299212598
 30
0
 11
6.532916732283465
 21
-2.9231570472440946
 31
0
  0
LINE
  5
1174
330
1B
100
AcDbEntity
  8
B.Cu
  6
CONTINUOUS
100
AcDbLine
 10
6.532916732283465
 20
-2.9231570472440946
 30
0
 11
6.531012322834646
 21
-2.9205358267716535
 31
0
  0
LINE
  5
1175
330
1B
100
AcDbEntity
  8
B.Cu
  6
CONTINUOUS
100
AcDbLine
 10
6.531012322834646
 20
-2.9205358267716535
 30
0
 11
6.527353543307087
 21
-2.9133550787401572
 31
0
  0
LINE
  5
1176
330
1B
100
AcDbEntity
  8
B.Cu
  6
CONTINUOUS
100
AcDbLine
 10
6.527353543307087
 20
-2.9133550787401572
 30
0
 11
6.524863110236221
 21
-2.9056903149606299
 31
0
  0
LINE
  5
1177
330
1B
100
AcDbEntity
  8
B.Cu
  6
CONTINUOUS
100
AcDbLine
 10
6.524863110236221
 20
-2.9056903149606299
 30
0
 11
6.523602362204725
 21
-2.8977303937007872
 31
0
  0
LINE
  5
1178
330
1B
100
AcDbEntity
  8
B.Cu
  6
CONTINUOUS
100
AcDbLine
 10
6.523602362204725
 20
-2.8977303937007872
 30
0
 11
6.523602362204725
 21
-2.8896711811023623
 31
0
  0
LINE
  5
1179
330
1B
100
AcDbEntity
  8
B.Cu
  6
CONTINUOUS
100
AcDbLine
 10
6.523602362204725
 20
-2.8896711811023623
 30
0
 11
6.524863110236221
 21
-2.8817112204724409
 31
0
  0
LINE
  5
117A
330
1B
100
AcDbEntity
  8
B.Cu
  6
CONTINUOUS
100
AcDbLine
 10
6.524863110236221
 20
-2.8817112204724409
 30
0
 11
6.527353622047245
 21
-2.8740462992125986
 31
0
  0
LINE
  5
117B
330
1B
100
AcDbEntity
  8
B.Cu
  6
CONTINUOUS
100
AcDbLine
 10
6.527353622047245
 20
-2.8740462992125986
 30
0
 11
6.529338503937009
 21
-2.8701508267716536
 31
0
  0
LINE
  5
117C
330
1B
100
AcDbEntity
  8
B.Cu
  6
CONTINUOUS
100
AcDbLine
 10
6.529338503937009
 20
-2.8701508267716536
 30
0
 11
6.531012322834646
 21
-2.8668657480314961
 31
0
  0
LINE
  5
117D
330
1B
100
AcDbEntity
  8
B.Cu
  6
CONTINUOUS
100
AcDbLine
 10
6.531012322834646
 20
-2.8668657480314961
 30
0
 11
6.531552637795276
 21
-2.8661220472440943
 31
0
  0
LINE
  5
117E
330
1B
100
AcDbEntity
  8
B.Cu
  6
CONTINUOUS
100
AcDbLine
 10
6.531552637795276
 20
-2.8661220472440943
 30
0
 11
6.535749173228347
 21
-2.860345905511811
 31
0
  0
LINE
  5
117F
330
1B
100
AcDbEntity
  8
B.Cu
  6
CONTINUOUS
100
AcDbLine
 10
6.535749173228347
 20
-2.860345905511811
 30
0
 11
6.541448307086615
 21
-2.8546467716535431
 31
0
  0
LINE
  5
1180
330
1B
100
AcDbEntity
  8
B.Cu
  6
CONTINUOUS
100
AcDbLine
 10
6.541448307086615
 20
-2.8546467716535431
 30
0
 11
6.547967992125985
 21
-2.8499100393700787
 31
0
  0
LINE
  5
1181
330
1B
100
AcDbEntity
  8
B.Cu
  6
CONTINUOUS
100
AcDbLine
 10
6.547967992125985
 20
-2.8499100393700787
 30
0
 11
6.5479680314960635
 21
-2.8499099999999999
 31
0
  0
LINE
  5
1182
330
1B
100
AcDbEntity
  8
B.Cu
  6
CONTINUOUS
100
AcDbLine
 10
6.5479680314960635
 20
-2.8499099999999999
 30
0
 11
6.547968110236221
 21
-2.8499099606299212
 31
0
  0
LINE
  5
1183
330
1B
100
AcDbEntity
  8
B.Cu
  6
CONTINUOUS
100
AcDbLine
 10
6.547968110236221
 20
-2.8499099606299212
 30
0
 11
6.550210511811024
 21
-2.8487673622047245
 31
0
  0
LINE
  5
1184
330
1B
100
AcDbEntity
  8
B.Cu
  6
CONTINUOUS
100
AcDbLine
 10
6.550210511811024
 20
-2.8487673622047245
 30
0
 11
6.555148700787402
 21
-2.8462512204724408
 31
0
  0
LINE
  5
1185
330
1B
100
AcDbEntity
  8
B.Cu
  6
CONTINUOUS
100
AcDbLine
 10
6.555148700787402
 20
-2.8462512204724408
 30
0
 11
6.562813622047244
 21
-2.8437607086614172
 31
0
  0
LINE
  5
1186
330
1B
100
AcDbEntity
  8
B.Cu
  6
CONTINUOUS
100
AcDbLine
 10
6.562813622047244
 20
-2.8437607086614172
 30
0
 11
6.569685236220473
 21
-2.8426723622047243
 31
0
  0
LINE
  5
1187
330
1B
100
AcDbEntity
  8
B.Cu
  6
CONTINUOUS
100
AcDbLine
 10
6.569685236220473
 20
-2.8426723622047243
 30
0
 11
6.570773543307087
 21
-2.8424999999999998
 31
0
  0
LINE
  5
1188
330
1B
100
AcDbEntity
  8
B.Cu
  6
CONTINUOUS
100
AcDbLine
 10
6.570773543307087
 20
-2.8424999999999998
 30
0
 11
6.578832755905513
 21
-2.8424999999999998
 31
0
  0
LINE
  5
1189
330
1B
100
AcDbEntity
  8
B.Cu
  6
CONTINUOUS
100
AcDbLine
 10
6.578832755905513
 20
-2.8424999999999998
 30
0
 11
6.579790196850394
 21
-2.8426516141732283
 31
0
  0
LINE
  5
118A
330
1B
100
AcDbEntity
  8
B.Cu
  6
CONTINUOUS
100
AcDbLine
 10
6.579790196850394
 20
-2.8426516141732283
 30
0
 11
6.586792716535434
 21
-2.8437607086614172
 31
0
  0
LINE
  5
118B
330
1B
100
AcDbEntity
  8
B.Cu
  6
CONTINUOUS
100
AcDbLine
 10
6.586792716535434
 20
-2.8437607086614172
 30
0
 11
6.594457637795276
 21
-2.8462512204724408
 31
0
  0
LINE
  5
118C
330
1B
100
AcDbEntity
  8
B.Cu
  6
CONTINUOUS
100
AcDbLine
 10
6.594457637795276
 20
-2.8462512204724408
 30
0
 11
6.601638346456693
 21
-2.8499100393700787
 31
0
  0
LINE
  5
118D
330
1B
100
AcDbEntity
  8
B.Cu
  6
CONTINUOUS
100
AcDbLine
 10
6.601638346456693
 20
-2.8499100393700787
 30
0
 11
6.608158031496063
 21
-2.8546467716535431
 31
0
  0
LINE
  5
118E
330
1B
100
AcDbEntity
  8
B.Cu
  6
CONTINUOUS
100
AcDbLine
 10
6.608158031496063
 20
-2.8546467716535431
 30
0
 11
6.613857165354331
 21
-2.860345905511811
 31
0
  0
LINE
  5
118F
330
1B
100
AcDbEntity
  8
B.Cu
  6
CONTINUOUS
100
AcDbLine
 10
6.613857165354331
 20
-2.860345905511811
 30
0
 11
6.618593897637796
 21
-2.8668655905511811
 31
0
  0
LINE
  5
1190
330
1B
100
AcDbEntity
  8
B.Cu
  6
CONTINUOUS
100
AcDbLine
 10
6.618593897637796
 20
-2.8668655905511811
 30
0
 11
6.622252716535433
 21
-2.8740462992125986
 31
0
  0
LINE
  5
1191
330
1B
100
AcDbEntity
  8
B.Cu
  6
CONTINUOUS
100
AcDbLine
 10
6.622252716535433
 20
-2.8740462992125986
 30
0
 11
6.624743228346457
 21
-2.8817112204724409
 31
0
  0
LINE
  5
1192
330
1B
100
AcDbEntity
  8
B.Cu
  6
CONTINUOUS
100
AcDbLine
 10
6.624743228346457
 20
-2.8817112204724409
 30
0
 11
6.626003937007875
 21
-2.8896711811023623
 31
0
  0
LINE
  5
1193
330
1B
100
AcDbEntity
  8
B.Cu
  6
CONTINUOUS
100
AcDbLine
 10
6.626003937007875
 20
-2.8896711811023623
 30
0
 11
6.626003937007875
 21
-2.8977303543307085
 31
0
  0
LINE
  5
1194
330
1B
100
AcDbEntity
  8
B.Cu
  6
CONTINUOUS
100
AcDbLine
 10
5.28742125984252
 20
-2.8977303543307085
 30
0
 11
5.286160551181103
 21
-2.9056903149606299
 31
0
  0
LINE
  5
1195
330
1B
100
AcDbEntity
  8
B.Cu
  6
CONTINUOUS
100
AcDbLine
 10
5.286160551181103
 20
-2.9056903149606299
 30
0
 11
5.2836700393700795
 21
-2.9133552362204722
 31
0
  0
LINE
  5
1196
330
1B
100
AcDbEntity
  8
B.Cu
  6
CONTINUOUS
100
AcDbLine
 10
5.2836700393700795
 20
-2.9133552362204722
 30
0
 11
5.280011220472441
 21
-2.9205359448818897
 31
0
  0
LINE
  5
1197
330
1B
100
AcDbEntity
  8
B.Cu
  6
CONTINUOUS
100
AcDbLine
 10
5.280011220472441
 20
-2.9205359448818897
 30
0
 11
5.275274488188977
 21
-2.9270556299212598
 31
0
  0
LINE
  5
1198
330
1B
100
AcDbEntity
  8
B.Cu
  6
CONTINUOUS
100
AcDbLine
 10
5.275274488188977
 20
-2.9270556299212598
 30
0
 11
5.269575354330709
 21
-2.9327547637795277
 31
0
  0
LINE
  5
1199
330
1B
100
AcDbEntity
  8
B.Cu
  6
CONTINUOUS
100
AcDbLine
 10
5.269575354330709
 20
-2.9327547637795277
 30
0
 11
5.263474448818898
 21
-2.9371872440944879
 31
0
  0
LINE
  5
119A
330
1B
100
AcDbEntity
  8
B.Cu
  6
CONTINUOUS
100
AcDbLine
 10
5.263474448818898
 20
-2.9371872440944879
 30
0
 11
5.263055511811024
 21
-2.9374916141732283
 31
0
  0
LINE
  5
119B
330
1B
100
AcDbEntity
  8
B.Cu
  6
CONTINUOUS
100
AcDbLine
 10
5.263055511811024
 20
-2.9374916141732283
 30
0
 11
5.258480039370079
 21
-2.9398229527559057
 31
0
  0
LINE
  5
119C
330
1B
100
AcDbEntity
  8
B.Cu
  6
CONTINUOUS
100
AcDbLine
 10
5.258480039370079
 20
-2.9398229527559057
 30
0
 11
5.255874960629922
 21
-2.94115031496063
 31
0
  0
LINE
  5
119D
330
1B
100
AcDbEntity
  8
B.Cu
  6
CONTINUOUS
100
AcDbLine
 10
5.255874960629922
 20
-2.94115031496063
 30
0
 11
5.255874881889764
 21
-2.94115031496063
 31
0
  0
LINE
  5
119E
330
1B
100
AcDbEntity
  8
B.Cu
  6
CONTINUOUS
100
AcDbLine
 10
5.255874881889764
 20
-2.94115031496063
 30
0
 11
5.255874763779528
 21
-2.9411503937007875
 31
0
  0
LINE
  5
119F
330
1B
100
AcDbEntity
  8
B.Cu
  6
CONTINUOUS
100
AcDbLine
 10
5.255874763779528
 20
-2.9411503937007875
 30
0
 11
5.252246968503938
 21
-2.9423291338582676
 31
0
  0
LINE
  5
11A0
330
1B
100
AcDbEntity
  8
B.Cu
  6
CONTINUOUS
100
AcDbLine
 10
5.252246968503938
 20
-2.9423291338582676
 30
0
 11
5.248210039370079
 21
-2.9436408267716536
 31
0
  0
LINE
  5
11A1
330
1B
100
AcDbEntity
  8
B.Cu
  6
CONTINUOUS
100
AcDbLine
 10
5.248210039370079
 20
-2.9436408267716536
 30
0
 11
5.245273661417324
 21
-2.9441059055118108
 31
0
  0
LINE
  5
11A2
330
1B
100
AcDbEntity
  8
B.Cu
  6
CONTINUOUS
100
AcDbLine
 10
5.245273661417324
 20
-2.9441059055118108
 30
0
 11
5.240250078740158
 21
-2.9449015748031497
 31
0
  0
LINE
  5
11A3
330
1B
100
AcDbEntity
  8
B.Cu
  6
CONTINUOUS
100
AcDbLine
 10
5.240250078740158
 20
-2.9449015748031497
 30
0
 11
5.240250039370079
 21
-2.9449015748031497
 31
0
  0
LINE
  5
11A4
330
1B
100
AcDbEntity
  8
B.Cu
  6
CONTINUOUS
100
AcDbLine
 10
5.240250039370079
 20
-2.9449015748031497
 30
0
 11
5.232190905511811
 21
-2.9449015748031497
 31
0
  0
LINE
  5
11A5
330
1B
100
AcDbEntity
  8
B.Cu
  6
CONTINUOUS
100
AcDbLine
 10
5.232190905511811
 20
-2.9449015748031497
 30
0
 11
5.232190866141733
 21
-2.9449015748031497
 31
0
  0
LINE
  5
11A6
330
1B
100
AcDbEntity
  8
B.Cu
  6
CONTINUOUS
100
AcDbLine
 10
5.232190866141733
 20
-2.9449015748031497
 30
0
 11
5.22423094488189
 21
-2.9436408267716536
 31
0
  0
LINE
  5
11A7
330
1B
100
AcDbEntity
  8
B.Cu
  6
CONTINUOUS
100
AcDbLine
 10
5.22423094488189
 20
-2.9436408267716536
 30
0
 11
5.216566181102363
 21
-2.9411503937007875
 31
0
  0
LINE
  5
11A8
330
1B
100
AcDbEntity
  8
B.Cu
  6
CONTINUOUS
100
AcDbLine
 10
5.216566181102363
 20
-2.9411503937007875
 30
0
 11
5.209385433070866
 21
-2.9374916141732283
 31
0
  0
LINE
  5
11A9
330
1B
100
AcDbEntity
  8
B.Cu
  6
CONTINUOUS
100
AcDbLine
 10
5.209385433070866
 20
-2.9374916141732283
 30
0
 11
5.205724803149606
 21
-2.934831968503937
 31
0
  0
LINE
  5
11AA
330
1B
100
AcDbEntity
  8
B.Cu
  6
CONTINUOUS
100
AcDbLine
 10
5.205724803149606
 20
-2.934831968503937
 30
0
 11
5.20286562992126
 21
-2.9327547637795277
 31
0
  0
LINE
  5
11AB
330
1B
100
AcDbEntity
  8
B.Cu
  6
CONTINUOUS
100
AcDbLine
 10
5.20286562992126
 20
-2.9327547637795277
 30
0
 11
5.202865551181103
 21
-2.9327546456692914
 31
0
  0
LINE
  5
11AC
330
1B
100
AcDbEntity
  8
B.Cu
  6
CONTINUOUS
100
AcDbLine
 10
5.202865551181103
 20
-2.9327546456692914
 30
0
 11
5.202865393700788
 21
-2.9327545669291339
 31
0
  0
LINE
  5
11AD
330
1B
100
AcDbEntity
  8
B.Cu
  6
CONTINUOUS
100
AcDbLine
 10
5.202865393700788
 20
-2.9327545669291339
 30
0
 11
5.197166692913386
 21
-2.9270558661417323
 31
0
  0
LINE
  5
11AE
330
1B
100
AcDbEntity
  8
B.Cu
  6
CONTINUOUS
100
AcDbLine
 10
5.197166692913386
 20
-2.9270558661417323
 30
0
 11
5.197166614173229
 21
-2.9270557086614173
 31
0
  0
LINE
  5
11AF
330
1B
100
AcDbEntity
  8
B.Cu
  6
CONTINUOUS
100
AcDbLine
 10
5.197166614173229
 20
-2.9270557086614173
 30
0
 11
5.197166496062993
 21
-2.9270556299212598
 31
0
  0
LINE
  5
11B0
330
1B
100
AcDbEntity
  8
B.Cu
  6
CONTINUOUS
100
AcDbLine
 10
5.197166496062993
 20
-2.9270556299212598
 30
0
 11
5.1943340551181105
 21
-2.9231570472440946
 31
0
  0
LINE
  5
11B1
330
1B
100
AcDbEntity
  8
B.Cu
  6
CONTINUOUS
100
AcDbLine
 10
5.1943340551181105
 20
-2.9231570472440946
 30
0
 11
5.192429645669292
 21
-2.9205358267716535
 31
0
  0
LINE
  5
11B2
330
1B
100
AcDbEntity
  8
B.Cu
  6
CONTINUOUS
100
AcDbLine
 10
5.192429645669292
 20
-2.9205358267716535
 30
0
 11
5.188770866141732
 21
-2.9133550787401572
 31
0
  0
LINE
  5
11B3
330
1B
100
AcDbEntity
  8
B.Cu
  6
CONTINUOUS
100
AcDbLine
 10
5.188770866141732
 20
-2.9133550787401572
 30
0
 11
5.186280433070866
 21
-2.9056903149606299
 31
0
  0
LINE
  5
11B4
330
1B
100
AcDbEntity
  8
B.Cu
  6
CONTINUOUS
100
AcDbLine
 10
5.186280433070866
 20
-2.9056903149606299
 30
0
 11
5.185019685039371
 21
-2.8977303937007872
 31
0
  0
LINE
  5
11B5
330
1B
100
AcDbEntity
  8
B.Cu
  6
CONTINUOUS
100
AcDbLine
 10
5.185019685039371
 20
-2.8977303937007872
 30
0
 11
5.185019685039371
 21
-2.8896711811023623
 31
0
  0
LINE
  5
11B6
330
1B
100
AcDbEntity
  8
B.Cu
  6
CONTINUOUS
100
AcDbLine
 10
5.185019685039371
 20
-2.8896711811023623
 30
0
 11
5.186280433070866
 21
-2.8817112204724409
 31
0
  0
LINE
  5
11B7
330
1B
100
AcDbEntity
  8
B.Cu
  6
CONTINUOUS
100
AcDbLine
 10
5.186280433070866
 20
-2.8817112204724409
 30
0
 11
5.18877094488189
 21
-2.8740462992125986
 31
0
  0
LINE
  5
11B8
330
1B
100
AcDbEntity
  8
B.Cu
  6
CONTINUOUS
100
AcDbLine
 10
5.18877094488189
 20
-2.8740462992125986
 30
0
 11
5.190755826771654
 21
-2.8701508267716536
 31
0
  0
LINE
  5
11B9
330
1B
100
AcDbEntity
  8
B.Cu
  6
CONTINUOUS
100
AcDbLine
 10
5.190755826771654
 20
-2.8701508267716536
 30
0
 11
5.192429645669292
 21
-2.8668657480314961
 31
0
  0
LINE
  5
11BA
330
1B
100
AcDbEntity
  8
B.Cu
  6
CONTINUOUS
100
AcDbLine
 10
5.192429645669292
 20
-2.8668657480314961
 30
0
 11
5.192969960629922
 21
-2.8661220472440943
 31
0
  0
LINE
  5
11BB
330
1B
100
AcDbEntity
  8
B.Cu
  6
CONTINUOUS
100
AcDbLine
 10
5.192969960629922
 20
-2.8661220472440943
 30
0
 11
5.197166496062993
 21
-2.860345905511811
 31
0
  0
LINE
  5
11BC
330
1B
100
AcDbEntity
  8
B.Cu
  6
CONTINUOUS
100
AcDbLine
 10
5.197166496062993
 20
-2.860345905511811
 30
0
 11
5.20286562992126
 21
-2.8546467716535431
 31
0
  0
LINE
  5
11BD
330
1B
100
AcDbEntity
  8
B.Cu
  6
CONTINUOUS
100
AcDbLine
 10
5.20286562992126
 20
-2.8546467716535431
 30
0
 11
5.20938531496063
 21
-2.8499100393700787
 31
0
  0
LINE
  5
11BE
330
1B
100
AcDbEntity
  8
B.Cu
  6
CONTINUOUS
100
AcDbLine
 10
5.20938531496063
 20
-2.8499100393700787
 30
0
 11
5.209385354330709
 21
-2.8499099999999999
 31
0
  0
LINE
  5
11BF
330
1B
100
AcDbEntity
  8
B.Cu
  6
CONTINUOUS
100
AcDbLine
 10
5.209385354330709
 20
-2.8499099999999999
 30
0
 11
5.209385433070866
 21
-2.8499099606299212
 31
0
  0
LINE
  5
11C0
330
1B
100
AcDbEntity
  8
B.Cu
  6
CONTINUOUS
100
AcDbLine
 10
5.209385433070866
 20
-2.8499099606299212
 30
0
 11
5.21162783464567
 21
-2.8487673622047245
 31
0
  0
LINE
  5
11C1
330
1B
100
AcDbEntity
  8
B.Cu
  6
CONTINUOUS
100
AcDbLine
 10
5.21162783464567
 20
-2.8487673622047245
 30
0
 11
5.216566023622048
 21
-2.8462512204724408
 31
0
  0
LINE
  5
11C2
330
1B
100
AcDbEntity
  8
B.Cu
  6
CONTINUOUS
100
AcDbLine
 10
5.216566023622048
 20
-2.8462512204724408
 30
0
 11
5.22423094488189
 21
-2.8437607086614172
 31
0
  0
LINE
  5
11C3
330
1B
100
AcDbEntity
  8
B.Cu
  6
CONTINUOUS
100
AcDbLine
 10
5.22423094488189
 20
-2.8437607086614172
 30
0
 11
5.231102559055119
 21
-2.8426723622047243
 31
0
  0
LINE
  5
11C4
330
1B
100
AcDbEntity
  8
B.Cu
  6
CONTINUOUS
100
AcDbLine
 10
5.231102559055119
 20
-2.8426723622047243
 30
0
 11
5.232190866141733
 21
-2.8424999999999998
 31
0
  0
LINE
  5
11C5
330
1B
100
AcDbEntity
  8
B.Cu
  6
CONTINUOUS
100
AcDbLine
 10
5.232190866141733
 20
-2.8424999999999998
 30
0
 11
5.240250078740158
 21
-2.8424999999999998
 31
0
  0
LINE
  5
11C6
330
1B
100
AcDbEntity
  8
B.Cu
  6
CONTINUOUS
100
AcDbLine
 10
5.240250078740158
 20
-2.8424999999999998
 30
0
 11
5.24120751968504
 21
-2.8426516141732283
 31
0
  0
LINE
  5
11C7
330
1B
100
AcDbEntity
  8
B.Cu
  6
CONTINUOUS
100
AcDbLine
 10
5.24120751968504
 20
-2.8426516141732283
 30
0
 11
5.248210039370079
 21
-2.8437607086614172
 31
0
  0
LINE
  5
11C8
330
1B
100
AcDbEntity
  8
B.Cu
  6
CONTINUOUS
100
AcDbLine
 10
5.248210039370079
 20
-2.8437607086614172
 30
0
 11
5.255874960629922
 21
-2.8462512204724408
 31
0
  0
LINE
  5
11C9
330
1B
100
AcDbEntity
  8
B.Cu
  6
CONTINUOUS
100
AcDbLine
 10
5.255874960629922
 20
-2.8462512204724408
 30
0
 11
5.263055669291339
 21
-2.8499100393700787
 31
0
  0
LINE
  5
11CA
330
1B
100
AcDbEntity
  8
B.Cu
  6
CONTINUOUS
100
AcDbLine
 10
5.263055669291339
 20
-2.8499100393700787
 30
0
 11
5.269575354330709
 21
-2.8546467716535431
 31
0
  0
LINE
  5
11CB
330
1B
100
AcDbEntity
  8
B.Cu
  6
CONTINUOUS
100
AcDbLine
 10
5.269575354330709
 20
-2.8546467716535431
 30
0
 11
5.275274488188977
 21
-2.860345905511811
 31
0
  0
LINE
  5
11CC
330
1B
100
AcDbEntity
  8
B.Cu
  6
CONTINUOUS
100
AcDbLine
 10
5.275274488188977
 20
-2.860345905511811
 30
0
 11
5.280011220472441
 21
-2.8668655905511811
 31
0
  0
LINE
  5
11CD
330
1B
100
AcDbEntity
  8
B.Cu
  6
CONTINUOUS
100
AcDbLine
 10
5.280011220472441
 20
-2.8668655905511811
 30
0
 11
5.2836700393700795
 21
-2.8740462992125986
 31
0
  0
LINE
  5
11CE
330
1B
100
AcDbEntity
  8
B.Cu
  6
CONTINUOUS
100
AcDbLine
 10
5.2836700393700795
 20
-2.8740462992125986
 30
0
 11
5.286160551181103
 21
-2.8817112204724409
 31
0
  0
LINE
  5
11CF
330
1B
100
AcDbEntity
  8
B.Cu
  6
CONTINUOUS
100
AcDbLine
 10
5.286160551181103
 20
-2.8817112204724409
 30
0
 11
5.28742125984252
 21
-2.8896711811023623
 31
0
  0
LINE
  5
11D0
330
1B
100
AcDbEntity
  8
B.Cu
  6
CONTINUOUS
100
AcDbLine
 10
5.28742125984252
 20
-2.8896711811023623
 30
0
 11
5.28742125984252
 21
-2.8977303543307085
 31
0
  0
ENDSEC
  0
SECTION
  2
OBJECTS
  0
DICTIONARY
  5
21
330
0
100
AcDbDictionary
281
1
  3
ACAD_GROUP
350
11D1
  3
ACAD_LAYOUT
350
22
  3
ACAD_PLOTSTYLENAME
350
11
  0
DICTIONARY
  5
11D1
330
21
100
AcDbDictionary
281
1
  0
ACDBDICTIONARYWDFLT
  5
11
330
21
100
AcDbDictionary
281
1
  3
Normal
350
10
100
AcDbDictionaryWithDefault
340
10
  0
ACDBPLACEHOLDER
  5
10
330
11
  0
DICTIONARY
  5
22
330
21
100
AcDbDictionary
281
1
  3
Model
350
1E
  3
Layout1
350
1F
  3
Layout2
350
20
  0
LAYOUT
  5
1E
330
22
100
AcDbPlotSettings
  1

  2
none_device
  4
A3
  6

 40
0.0
 41
0.0
 42
0.0
 43
0.0
 44
420.0
 45
297.0
 46
0.0
 47
0.0
 48
0.0
 49
0.0
140
0.0
141
0.0
142
1.0
143
1.0
 70
1024
 72
1
 73
0
 74
5
  7

 75
16
 76
0
 77
2
 78
300
147
1.0
148
0.0
149
0.0
100
AcDbLayout
  1
Model
 70
1
 71
0
 10
0.0
 20
0.0
 11
420.0
 21
297.0
 12
0.0
 22
0.0
 32
0.0
 14
1e+20
 24
1e+20
 34
1e+20
 15
-1e+20
 25
-1e+20
 35
-1e+20
146
0.0
 13
0.0
 23
0.0
 33
0.0
 16
1.0
 26
0.0
 36
0.0
 17
0.0
 27
1.0
 37
0.0
 76
0
330
1B
  0
LAYOUT
  5
1F
330
22
100
AcDbPlotSettings
  1

  2
none_device
  4
A3
  6

 40
0.0
 41
0.0
 42
0.0
 43
0.0
 44
420.0
 45
297.0
 46
0.0
 47
0.0
 48
0.0
 49
0.0
140
0.0
141
0.0
142
1.0
143
1.0
 70
0
 72
1
 73
0
 74
5
  7

 75
16
 76
0
 77
2
 78
300
147
1.0
148
0.0
149
0.0
100
AcDbLayout
  1
Layout1
 70
1
 71
1
 10
0.0
 20
0.0
 11
420.0
 21
297.0
 12
0.0
 22
0.0
 32
0.0
 14
1e+20
 24
1e+20
 34
1e+20
 15
-1e+20
 25
-1e+20
 35
-1e+20
146
0.0
 13
0.0
 23
0.0
 33
0.0
 16
1.0
 26
0.0
 36
0.0
 17
0.0
 27
1.0
 37
0.0
 76
0
330
1C
  0
LAYOUT
  5
20
330
22
100
AcDbPlotSettings
  1

  2
none_device
  4
A3
  6

 40
0.0
 41
0.0
 42
0.0
 43
0.0
 44
420.0
 45
297.0
 46
0.0
 47
0.0
 48
0.0
 49
0.0
140
0.0
141
0.0
142
1.0
143
1.0
 70
0
 72
1
 73
0
 74
5
  7

 75
16
 76
0
 77
2
 78
300
147
1.0
148
0.0
149
0.0
100
AcDbLayout
  1
Layout2
 70
1
 71
2
 10
0.0
 20
0.0
 11
420.0
 21
297.0
 12
0.0
 22
0.0
 32
0.0
 14
1e+20
 24
1e+20
 34
1e+20
 15
-1e+20
 25
-1e+20
 35
-1e+20
146
0.0
 13
0.0
 23
0.0
 33
0.0
 16
1.0
 26
0.0
 36
0.0
 17
0.0
 27
1.0
 37
0.0
 76
0
330
1D
  0
ENDSEC
  0
EOF
