  0
SECTION
  2
HEADER
  9
$ACADVER
  1
AC1018
  9
$HANDSEED
  5
FFFFFFFF
  9
$ANGBASE
  50
0.0
  9
$ANGDIR
  70
1
  9
$MEASUREMENT
  70
1
  9
$INSUNITS
  70
4
  0
ENDSEC
  0
SECTION
  2
TABLES
  0
TABLE
  2
APPID
  5
1
330
0
100
AcDbSymbolTable
 70
1
  0
APPID
  5
2
330
1
100
AcDbSymbolTableRecord
100
AcDbRegAppTableRecord
  2
ACAD
 70
0
  0
ENDTAB
  0
TABLE
  2
LTYPE
  5
3
330
0
100
AcDbSymbolTable
 70
6
  0
LTYPE
  5
4
330
3
100
AcDbSymbolTableRecord
100
AcDbLinetypeTableRecord
  2
ByBlock
 70
0
  3

 72
65
 73
0
 40
0
  0
LTYPE
  5
5
330
3
100
AcDbSymbolTableRecord
100
AcDbLinetypeTableRecord
  2
ByLayer
 70
0
  3

 72
65
 73
0
 40
0
  0
LTYPE
  5
6
330
3
100
AcDbSymbolTableRecord
100
AcDbLinetypeTableRecord
  2
CONTINUOUS
 70
0
  3
Solid line
 72
65
 73
0
 40
0
  0
LTYPE
  5
7
330
3
100
AcDbSymbolTableRecord
100
AcDbLinetypeTableRecord
  2
DASHDOT
 70
0
  3
Dash Dot ____ _ ____ _
 72
65
 73
4
 40
2
 49
1.25
 74
0
 49
-0.25
 74
0
 49
0.25
 74
0
 49
-0.25
 74
0
  0
LTYPE
  5
8
330
3
100
AcDbSymbolTableRecord
100
AcDbLinetypeTableRecord
  2
DASHED
 70
0
  3
Dashed __ __ __ __ __
 72
65
 73
2
 40
0.75
 49
0.5
 74
0
 49
-0.25
 74
0
  0
LTYPE
  5
9
330
3
100
AcDbSymbolTableRecord
100
AcDbLinetypeTableRecord
  2
DOTTED
 70
0
  3
Dotted .  .  .  .
 72
65
 73
2
 40
0.2
 49
0.0
 74
0
 49
-0.2
 74
0
  0
ENDTAB
  0
TABLE
  2
STYLE
  5
A
330
0
100
AcDbSymbolTable
 70
4
  0
STYLE
  5
B
330
A
100
AcDbSymbolTableRecord
100
AcDbTextStyleTableRecord
  2
KICAD
 70
0
 40
0
 41
1
 42
1
 50
0
 71
0
  3
isocp.shx
  0
STYLE
  5
C
330
A
100
AcDbSymbolTableRecord
100
AcDbTextStyleTableRecord
  2
KICADB
 70
0
 40
0
 41
1
 42
1
 50
0
 71
0
  3
isocp.shx
  0
STYLE
  5
D
330
A
100
AcDbSymbolTableRecord
100
AcDbTextStyleTableRecord
  2
KICADI
 70
0
 40
0
 41
1
 42
1
 50
15
 71
0
  3
isocp.shx
  0
STYLE
  5
E
330
A
100
AcDbSymbolTableRecord
100
AcDbTextStyleTableRecord
  2
KICADBI
 70
0
 40
0
 41
1
 42
1
 50
15
 71
0
  3
isocp.shx
  0
ENDTAB
  0
TABLE
  2
LAYER
  5
F
330
0
100
AcDbSymbolTable
 70
2
  0
LAYER
  5
12
330
F
100
AcDbSymbolTableRecord
100
AcDbLayerTableRecord
  2
0
 70
0
 62
7
  6
CONTINUOUS
390
10
  0
LAYER
  5
13
330
F
100
AcDbSymbolTableRecord
100
AcDbLayerTableRecord
  2
B.Cu
 70
0
 62
153
420
5078980
  6
CONTINUOUS
390
10
  0
ENDTAB
  0
TABLE
  2
VPORT
  5
14
330
0
100
AcDbSymbolTable
 70
0
  0
ENDTAB
  0
TABLE
  2
VIEW
  5
15
330
0
100
AcDbSymbolTable
 70
0
  0
ENDTAB
  0
TABLE
  2
UCS
  5
16
330
0
100
AcDbSymbolTable
 70
0
  0
ENDTAB
  0
TABLE
  2
DIMSTYLE
  5
17
330
0
100
AcDbSymbolTable
 70
1
100
AcDbDimStyleTable
 71
0
  0
DIMSTYLE
105
18
330
17
100
AcDbSymbolTableRecord
100
AcDbDimStyleTableRecord
  2
Standard
 70
0
  0
ENDTAB
  0
TABLE
  2
BLOCK_RECORD
  5
19
330
0
100
AcDbSymbolTable
 70
3
  0
BLOCK_RECORD
  5
1A
330
19
100
AcDbSymbolTableRecord
100
AcDbBlockTableRecord
  2
*Model_Space
340
1D
 70
0
280
1
281
0
  0
BLOCK_RECORD
  5
1B
330
19
100
AcDbSymbolTableRecord
100
AcDbBlockTableRecord
  2
*Paper_Space
340
1E
 70
0
280
1
281
0
  0
BLOCK_RECORD
  5
1C
330
19
100
AcDbSymbolTableRecord
100
AcDbBlockTableRecord
  2
*Paper_Space0
340
1F
 70
0
280
1
281
0
  0
ENDTAB
  0
ENDSEC
  0
SECTION
  2
BLOCKS
  0
BLOCK
  5
23
330
1A
100
AcDbEntity
  8
0
100
AcDbBlockBegin
  2
*Model_Space
 70
0
 10
0.0
 20
0.0
 30
0.0
  3
*Model_Space
  1

  0
ENDBLK
  5
22
330
1A
100
AcDbEntity
  8
0
100
AcDbBlockEnd
  0
BLOCK
  5
25
330
1B
100
AcDbEntity
 67
1
  8
0
100
AcDbBlockBegin
  2
*Paper_Space
 70
0
 10
0.0
 20
0.0
 30
0.0
  3
*Paper_Space
  1

  0
ENDBLK
  5
24
330
1B
100
AcDbEntity
 67
1
  8
0
100
AcDbBlockEnd
  0
BLOCK
  5
27
330
1C
100
AcDbEntity
 67
1
  8
0
100
AcDbBlockBegin
  2
*Paper_Space0
 70
0
 10
0.0
 20
0.0
 30
0.0
  3
*Paper_Space0
  1

  0
ENDBLK
  5
26
330
1C
100
AcDbEntity
 67
1
  8
0
100
AcDbBlockEnd
  0
ENDSEC
  0
SECTION
  2
ENTITIES
  0
LINE
  5
28
330
1A
100
AcDbEntity
  8
B.Cu
  6
CONTINUOUS
100
AcDbLine
 10
154.0281300000000044
 20
-110.5933890000000019
 30
0
 11
154.1569939999999974
 21
-110.6677889999999991
 31
0
  0
LINE
  5
29
330
1A
100
AcDbEntity
  8
B.Cu
  6
CONTINUOUS
100
AcDbLine
 10
154.1569939999999974
 20
-110.6677889999999991
 30
0
 11
154.2622109999999793
 21
-110.7730059999999952
 31
0
  0
LINE
  5
2A
330
1A
100
AcDbEntity
  8
B.Cu
  6
CONTINUOUS
100
AcDbLine
 10
154.2622109999999793
 20
-110.7730059999999952
 30
0
 11
154.3366110000000049
 21
-110.9018699999999882
 31
0
  0
LINE
  5
2B
330
1A
100
AcDbEntity
  8
B.Cu
  6
CONTINUOUS
100
AcDbLine
 10
154.3366110000000049
 20
-110.9018699999999882
 30
0
 11
154.3751239999999996
 21
-111.0455999999999932
 31
0
  0
LINE
  5
2C
330
1A
100
AcDbEntity
  8
B.Cu
  6
CONTINUOUS
100
AcDbLine
 10
154.3751239999999996
 20
-111.0455999999999932
 30
0
 11
154.3751239999999996
 21
-111.1944000000000017
 31
0
  0
LINE
  5
2D
330
1A
100
AcDbEntity
  8
B.Cu
  6
CONTINUOUS
100
AcDbLine
 10
154.3751239999999996
 20
-111.1944000000000017
 30
0
 11
154.3366110000000049
 21
-111.3381299999999925
 31
0
  0
LINE
  5
2E
330
1A
100
AcDbEntity
  8
B.Cu
  6
CONTINUOUS
100
AcDbLine
 10
154.3366110000000049
 20
-111.3381299999999925
 30
0
 11
154.2622109999999793
 21
-111.4669939999999997
 31
0
  0
LINE
  5
2F
330
1A
100
AcDbEntity
  8
B.Cu
  6
CONTINUOUS
100
AcDbLine
 10
154.2622109999999793
 20
-111.4669939999999997
 30
0
 11
154.1569939999999974
 21
-111.5722109999999958
 31
0
  0
LINE
  5
30
330
1A
100
AcDbEntity
  8
B.Cu
  6
CONTINUOUS
100
AcDbLine
 10
154.1569939999999974
 20
-111.5722109999999958
 30
0
 11
154.1099999999999852
 21
-111.5993429999999904
 31
0
  0
LINE
  5
31
330
1A
100
AcDbEntity
  8
B.Cu
  6
CONTINUOUS
100
AcDbLine
 10
154.1099999999999852
 20
-111.5993429999999904
 30
0
 11
154.1099999999999852
 21
-118.9357359999999915
 31
0
  0
LINE
  5
32
330
1A
100
AcDbEntity
  8
B.Cu
  6
CONTINUOUS
100
AcDbLine
 10
154.1099999999999852
 20
-118.9357359999999915
 30
0
 11
156.2883180000000038
 21
-121.1140539999999959
 31
0
  0
LINE
  5
33
330
1A
100
AcDbEntity
  8
B.Cu
  6
CONTINUOUS
100
AcDbLine
 10
156.2883180000000038
 20
-121.1140539999999959
 30
0
 11
156.4597149999999885
 21
-121.043059999999997
 31
0
  0
LINE
  5
34
330
1A
100
AcDbEntity
  8
B.Cu
  6
CONTINUOUS
100
AcDbLine
 10
156.4597149999999885
 20
-121.043059999999997
 30
0
 11
156.6519830000000013
 21
-121.0048149999999936
 31
0
  0
LINE
  5
35
330
1A
100
AcDbEntity
  8
B.Cu
  6
CONTINUOUS
100
AcDbLine
 10
156.6519830000000013
 20
-121.0048149999999936
 30
0
 11
156.8480169999999987
 21
-121.0048149999999936
 31
0
  0
LINE
  5
36
330
1A
100
AcDbEntity
  8
B.Cu
  6
CONTINUOUS
100
AcDbLine
 10
156.8480169999999987
 20
-121.0048149999999936
 30
0
 11
157.040284999999983
 21
-121.043059999999997
 31
0
  0
LINE
  5
37
330
1A
100
AcDbEntity
  8
B.Cu
  6
CONTINUOUS
100
AcDbLine
 10
157.040284999999983
 20
-121.043059999999997
 30
0
 11
157.2213969999999961
 21
-121.1180789999999945
 31
0
  0
LINE
  5
38
330
1A
100
AcDbEntity
  8
B.Cu
  6
CONTINUOUS
100
AcDbLine
 10
157.2213969999999961
 20
-121.1180789999999945
 30
0
 11
157.3843929999999887
 21
-121.2269900000000007
 31
0
  0
LINE
  5
39
330
1A
100
AcDbEntity
  8
B.Cu
  6
CONTINUOUS
100
AcDbLine
 10
157.3843929999999887
 20
-121.2269900000000007
 30
0
 11
157.5230099999999993
 21
-121.3656069999999971
 31
0
  0
LINE
  5
3A
330
1A
100
AcDbEntity
  8
B.Cu
  6
CONTINUOUS
100
AcDbLine
 10
157.5230099999999993
 20
-121.3656069999999971
 30
0
 11
157.6319210000000055
 21
-121.5286029999999897
 31
0
  0
LINE
  5
3B
330
1A
100
AcDbEntity
  8
B.Cu
  6
CONTINUOUS
100
AcDbLine
 10
157.6319210000000055
 20
-121.5286029999999897
 30
0
 11
157.7029159999999877
 21
-121.6999999999999886
 31
0
  0
LINE
  5
3C
330
1A
100
AcDbEntity
  8
B.Cu
  6
CONTINUOUS
100
AcDbLine
 10
157.7029159999999877
 20
-121.6999999999999886
 30
0
 11
162.2970839999999839
 21
-121.6999999999999886
 31
0
  0
LINE
  5
3D
330
1A
100
AcDbEntity
  8
B.Cu
  6
CONTINUOUS
100
AcDbLine
 10
162.2970839999999839
 20
-121.6999999999999886
 30
0
 11
162.3680789999999945
 21
-121.5286029999999897
 31
0
  0
LINE
  5
3E
330
1A
100
AcDbEntity
  8
B.Cu
  6
CONTINUOUS
100
AcDbLine
 10
162.3680789999999945
 20
-121.5286029999999897
 30
0
 11
162.4769900000000007
 21
-121.3656069999999971
 31
0
  0
LINE
  5
3F
330
1A
100
AcDbEntity
  8
B.Cu
  6
CONTINUOUS
100
AcDbLine
 10
162.4769900000000007
 20
-121.3656069999999971
 30
0
 11
162.6156069999999829
 21
-121.2269900000000007
 31
0
  0
LINE
  5
40
330
1A
100
AcDbEntity
  8
B.Cu
  6
CONTINUOUS
100
AcDbLine
 10
162.6156069999999829
 20
-121.2269900000000007
 30
0
 11
162.7786030000000039
 21
-121.1180789999999945
 31
0
  0
LINE
  5
41
330
1A
100
AcDbEntity
  8
B.Cu
  6
CONTINUOUS
100
AcDbLine
 10
162.7786030000000039
 20
-121.1180789999999945
 30
0
 11
162.9597149999999885
 21
-121.043059999999997
 31
0
  0
LINE
  5
42
330
1A
100
AcDbEntity
  8
B.Cu
  6
CONTINUOUS
100
AcDbLine
 10
162.9597149999999885
 20
-121.043059999999997
 30
0
 11
163.1519830000000013
 21
-121.0048149999999936
 31
0
  0
LINE
  5
43
330
1A
100
AcDbEntity
  8
B.Cu
  6
CONTINUOUS
100
AcDbLine
 10
163.1519830000000013
 20
-121.0048149999999936
 30
0
 11
163.3480169999999987
 21
-121.0048149999999936
 31
0
  0
LINE
  5
44
330
1A
100
AcDbEntity
  8
B.Cu
  6
CONTINUOUS
100
AcDbLine
 10
163.3480169999999987
 20
-121.0048149999999936
 30
0
 11
163.540284999999983
 21
-121.043059999999997
 31
0
  0
LINE
  5
45
330
1A
100
AcDbEntity
  8
B.Cu
  6
CONTINUOUS
100
AcDbLine
 10
163.540284999999983
 20
-121.043059999999997
 30
0
 11
163.7213969999999961
 21
-121.1180789999999945
 31
0
  0
LINE
  5
46
330
1A
100
AcDbEntity
  8
B.Cu
  6
CONTINUOUS
100
AcDbLine
 10
163.7213969999999961
 20
-121.1180789999999945
 30
0
 11
163.8843929999999887
 21
-121.2269900000000007
 31
0
  0
LINE
  5
47
330
1A
100
AcDbEntity
  8
B.Cu
  6
CONTINUOUS
100
AcDbLine
 10
163.8843929999999887
 20
-121.2269900000000007
 30
0
 11
164.0230099999999993
 21
-121.3656069999999971
 31
0
  0
LINE
  5
48
330
1A
100
AcDbEntity
  8
B.Cu
  6
CONTINUOUS
100
AcDbLine
 10
164.0230099999999993
 20
-121.3656069999999971
 30
0
 11
164.1319210000000055
 21
-121.5286029999999897
 31
0
  0
LINE
  5
49
330
1A
100
AcDbEntity
  8
B.Cu
  6
CONTINUOUS
100
AcDbLine
 10
164.1319210000000055
 20
-121.5286029999999897
 30
0
 11
164.206940000000003
 21
-121.7097149999999885
 31
0
  0
LINE
  5
4A
330
1A
100
AcDbEntity
  8
B.Cu
  6
CONTINUOUS
100
AcDbLine
 10
164.206940000000003
 20
-121.7097149999999885
 30
0
 11
164.2451849999999922
 21
-121.9019830000000013
 31
0
  0
LINE
  5
4B
330
1A
100
AcDbEntity
  8
B.Cu
  6
CONTINUOUS
100
AcDbLine
 10
164.2451849999999922
 20
-121.9019830000000013
 30
0
 11
164.2451849999999922
 21
-122.0980169999999987
 31
0
  0
LINE
  5
4C
330
1A
100
AcDbEntity
  8
B.Cu
  6
CONTINUOUS
100
AcDbLine
 10
164.2451849999999922
 20
-122.0980169999999987
 30
0
 11
164.206940000000003
 21
-122.2902849999999972
 31
0
  0
LINE
  5
4D
330
1A
100
AcDbEntity
  8
B.Cu
  6
CONTINUOUS
100
AcDbLine
 10
164.206940000000003
 20
-122.2902849999999972
 30
0
 11
164.1319210000000055
 21
-122.4713969999999961
 31
0
  0
LINE
  5
4E
330
1A
100
AcDbEntity
  8
B.Cu
  6
CONTINUOUS
100
AcDbLine
 10
164.1319210000000055
 20
-122.4713969999999961
 30
0
 11
164.0230099999999993
 21
-122.6343929999999887
 31
0
  0
LINE
  5
4F
330
1A
100
AcDbEntity
  8
B.Cu
  6
CONTINUOUS
100
AcDbLine
 10
164.0230099999999993
 20
-122.6343929999999887
 30
0
 11
163.8843929999999887
 21
-122.7730099999999993
 31
0
  0
LINE
  5
50
330
1A
100
AcDbEntity
  8
B.Cu
  6
CONTINUOUS
100
AcDbLine
 10
163.8843929999999887
 20
-122.7730099999999993
 30
0
 11
163.7213969999999961
 21
-122.8819209999999913
 31
0
  0
LINE
  5
51
330
1A
100
AcDbEntity
  8
B.Cu
  6
CONTINUOUS
100
AcDbLine
 10
163.7213969999999961
 20
-122.8819209999999913
 30
0
 11
163.540284999999983
 21
-122.9569399999999888
 31
0
  0
LINE
  5
52
330
1A
100
AcDbEntity
  8
B.Cu
  6
CONTINUOUS
100
AcDbLine
 10
163.540284999999983
 20
-122.9569399999999888
 30
0
 11
163.3480169999999987
 21
-122.9951849999999922
 31
0
  0
LINE
  5
53
330
1A
100
AcDbEntity
  8
B.Cu
  6
CONTINUOUS
100
AcDbLine
 10
163.3480169999999987
 20
-122.9951849999999922
 30
0
 11
163.1519830000000013
 21
-122.9951849999999922
 31
0
  0
LINE
  5
54
330
1A
100
AcDbEntity
  8
B.Cu
  6
CONTINUOUS
100
AcDbLine
 10
163.1519830000000013
 20
-122.9951849999999922
 30
0
 11
162.9597149999999885
 21
-122.9569399999999888
 31
0
  0
LINE
  5
55
330
1A
100
AcDbEntity
  8
B.Cu
  6
CONTINUOUS
100
AcDbLine
 10
162.9597149999999885
 20
-122.9569399999999888
 30
0
 11
162.7786030000000039
 21
-122.8819209999999913
 31
0
  0
LINE
  5
56
330
1A
100
AcDbEntity
  8
B.Cu
  6
CONTINUOUS
100
AcDbLine
 10
162.7786030000000039
 20
-122.8819209999999913
 30
0
 11
162.6156069999999829
 21
-122.7730099999999993
 31
0
  0
LINE
  5
57
330
1A
100
AcDbEntity
  8
B.Cu
  6
CONTINUOUS
100
AcDbLine
 10
162.6156069999999829
 20
-122.7730099999999993
 30
0
 11
162.4769900000000007
 21
-122.6343929999999887
 31
0
  0
LINE
  5
58
330
1A
100
AcDbEntity
  8
B.Cu
  6
CONTINUOUS
100
AcDbLine
 10
162.4769900000000007
 20
-122.6343929999999887
 30
0
 11
162.3680789999999945
 21
-122.4713969999999961
 31
0
  0
LINE
  5
59
330
1A
100
AcDbEntity
  8
B.Cu
  6
CONTINUOUS
100
AcDbLine
 10
162.3680789999999945
 20
-122.4713969999999961
 30
0
 11
162.2970839999999839
 21
-122.2999999999999972
 31
0
  0
LINE
  5
5A
330
1A
100
AcDbEntity
  8
B.Cu
  6
CONTINUOUS
100
AcDbLine
 10
162.2970839999999839
 20
-122.2999999999999972
 30
0
 11
157.7029159999999877
 21
-122.2999999999999972
 31
0
  0
LINE
  5
5B
330
1A
100
AcDbEntity
  8
B.Cu
  6
CONTINUOUS
100
AcDbLine
 10
157.7029159999999877
 20
-122.2999999999999972
 30
0
 11
157.6319210000000055
 21
-122.4713969999999961
 31
0
  0
LINE
  5
5C
330
1A
100
AcDbEntity
  8
B.Cu
  6
CONTINUOUS
100
AcDbLine
 10
157.6319210000000055
 20
-122.4713969999999961
 30
0
 11
157.5230099999999993
 21
-122.6343929999999887
 31
0
  0
LINE
  5
5D
330
1A
100
AcDbEntity
  8
B.Cu
  6
CONTINUOUS
100
AcDbLine
 10
157.5230099999999993
 20
-122.6343929999999887
 30
0
 11
157.3843929999999887
 21
-122.7730099999999993
 31
0
  0
LINE
  5
5E
330
1A
100
AcDbEntity
  8
B.Cu
  6
CONTINUOUS
100
AcDbLine
 10
157.3843929999999887
 20
-122.7730099999999993
 30
0
 11
157.2213969999999961
 21
-122.8819209999999913
 31
0
  0
LINE
  5
5F
330
1A
100
AcDbEntity
  8
B.Cu
  6
CONTINUOUS
100
AcDbLine
 10
157.2213969999999961
 20
-122.8819209999999913
 30
0
 11
157.040284999999983
 21
-122.9569399999999888
 31
0
  0
LINE
  5
60
330
1A
100
AcDbEntity
  8
B.Cu
  6
CONTINUOUS
100
AcDbLine
 10
157.040284999999983
 20
-122.9569399999999888
 30
0
 11
156.8480169999999987
 21
-122.9951849999999922
 31
0
  0
LINE
  5
61
330
1A
100
AcDbEntity
  8
B.Cu
  6
CONTINUOUS
100
AcDbLine
 10
156.8480169999999987
 20
-122.9951849999999922
 30
0
 11
156.6519830000000013
 21
-122.9951849999999922
 31
0
  0
LINE
  5
62
330
1A
100
AcDbEntity
  8
B.Cu
  6
CONTINUOUS
100
AcDbLine
 10
156.6519830000000013
 20
-122.9951849999999922
 30
0
 11
156.4597149999999885
 21
-122.9569399999999888
 31
0
  0
LINE
  5
63
330
1A
100
AcDbEntity
  8
B.Cu
  6
CONTINUOUS
100
AcDbLine
 10
156.4597149999999885
 20
-122.9569399999999888
 30
0
 11
156.2786030000000039
 21
-122.8819209999999913
 31
0
  0
LINE
  5
64
330
1A
100
AcDbEntity
  8
B.Cu
  6
CONTINUOUS
100
AcDbLine
 10
156.2786030000000039
 20
-122.8819209999999913
 30
0
 11
156.1156069999999829
 21
-122.7730099999999993
 31
0
  0
LINE
  5
65
330
1A
100
AcDbEntity
  8
B.Cu
  6
CONTINUOUS
100
AcDbLine
 10
156.1156069999999829
 20
-122.7730099999999993
 30
0
 11
155.9769900000000007
 21
-122.6343929999999887
 31
0
  0
LINE
  5
66
330
1A
100
AcDbEntity
  8
B.Cu
  6
CONTINUOUS
100
AcDbLine
 10
155.9769900000000007
 20
-122.6343929999999887
 30
0
 11
155.8680789999999945
 21
-122.4713969999999961
 31
0
  0
LINE
  5
67
330
1A
100
AcDbEntity
  8
B.Cu
  6
CONTINUOUS
100
AcDbLine
 10
155.8680789999999945
 20
-122.4713969999999961
 30
0
 11
155.793059999999997
 21
-122.2902849999999972
 31
0
  0
LINE
  5
68
330
1A
100
AcDbEntity
  8
B.Cu
  6
CONTINUOUS
100
AcDbLine
 10
155.793059999999997
 20
-122.2902849999999972
 30
0
 11
155.7548149999999794
 21
-122.0980169999999987
 31
0
  0
LINE
  5
69
330
1A
100
AcDbEntity
  8
B.Cu
  6
CONTINUOUS
100
AcDbLine
 10
155.7548149999999794
 20
-122.0980169999999987
 30
0
 11
155.7548149999999794
 21
-121.9019830000000013
 31
0
  0
LINE
  5
6A
330
1A
100
AcDbEntity
  8
B.Cu
  6
CONTINUOUS
100
AcDbLine
 10
155.7548149999999794
 20
-121.9019830000000013
 30
0
 11
155.793059999999997
 21
-121.7097149999999885
 31
0
  0
LINE
  5
6B
330
1A
100
AcDbEntity
  8
B.Cu
  6
CONTINUOUS
100
AcDbLine
 10
155.793059999999997
 20
-121.7097149999999885
 30
0
 11
155.8640539999999817
 21
-121.5383179999999896
 31
0
  0
LINE
  5
6C
330
1A
100
AcDbEntity
  8
B.Cu
  6
CONTINUOUS
100
AcDbLine
 10
155.8640539999999817
 20
-121.5383179999999896
 30
0
 11
153.5978680000000054
 21
-119.2721319999999992
 31
0
  0
LINE
  5
6D
330
1A
100
AcDbEntity
  8
B.Cu
  6
CONTINUOUS
100
AcDbLine
 10
153.5978680000000054
 20
-119.2721319999999992
 30
0
 11
153.5719939999999895
 21
-119.2426279999999963
 31
0
  0
LINE
  5
6E
330
1A
100
AcDbEntity
  8
B.Cu
  6
CONTINUOUS
100
AcDbLine
 10
153.5719939999999895
 20
-119.2426279999999963
 30
0
 11
153.5328360000000032
 21
-119.1748049999999921
 31
0
  0
LINE
  5
6F
330
1A
100
AcDbEntity
  8
B.Cu
  6
CONTINUOUS
100
AcDbLine
 10
153.5328360000000032
 20
-119.1748049999999921
 30
0
 11
153.51256699999999
 21
-119.0991579999999885
 31
0
  0
LINE
  5
70
330
1A
100
AcDbEntity
  8
B.Cu
  6
CONTINUOUS
100
AcDbLine
 10
153.51256699999999
 20
-119.0991579999999885
 30
0
 11
153.5099999999999909
 21
-119.0599999999999881
 31
0
  0
LINE
  5
71
330
1A
100
AcDbEntity
  8
B.Cu
  6
CONTINUOUS
100
AcDbLine
 10
153.5099999999999909
 20
-119.0599999999999881
 30
0
 11
153.5099999999999909
 21
-111.5993429999999904
 31
0
  0
LINE
  5
72
330
1A
100
AcDbEntity
  8
B.Cu
  6
CONTINUOUS
100
AcDbLine
 10
153.5099999999999909
 20
-111.5993429999999904
 30
0
 11
153.4630060000000071
 21
-111.5722109999999958
 31
0
  0
LINE
  5
73
330
1A
100
AcDbEntity
  8
B.Cu
  6
CONTINUOUS
100
AcDbLine
 10
153.4630060000000071
 20
-111.5722109999999958
 30
0
 11
153.3577889999999968
 21
-111.4669939999999997
 31
0
  0
LINE
  5
74
330
1A
100
AcDbEntity
  8
B.Cu
  6
CONTINUOUS
100
AcDbLine
 10
153.3577889999999968
 20
-111.4669939999999997
 30
0
 11
153.2833889999999997
 21
-111.3381299999999925
 31
0
  0
LINE
  5
75
330
1A
100
AcDbEntity
  8
B.Cu
  6
CONTINUOUS
100
AcDbLine
 10
153.2833889999999997
 20
-111.3381299999999925
 30
0
 11
153.244876000000005
 21
-111.1944000000000017
 31
0
  0
LINE
  5
76
330
1A
100
AcDbEntity
  8
B.Cu
  6
CONTINUOUS
100
AcDbLine
 10
153.244876000000005
 20
-111.1944000000000017
 30
0
 11
153.244876000000005
 21
-111.0455999999999932
 31
0
  0
LINE
  5
77
330
1A
100
AcDbEntity
  8
B.Cu
  6
CONTINUOUS
100
AcDbLine
 10
153.244876000000005
 20
-111.0455999999999932
 30
0
 11
153.2833889999999997
 21
-110.9018699999999882
 31
0
  0
LINE
  5
78
330
1A
100
AcDbEntity
  8
B.Cu
  6
CONTINUOUS
100
AcDbLine
 10
153.2833889999999997
 20
-110.9018699999999882
 30
0
 11
153.3577889999999968
 21
-110.7730059999999952
 31
0
  0
LINE
  5
79
330
1A
100
AcDbEntity
  8
B.Cu
  6
CONTINUOUS
100
AcDbLine
 10
153.3577889999999968
 20
-110.7730059999999952
 30
0
 11
153.4630060000000071
 21
-110.6677889999999991
 31
0
  0
LINE
  5
7A
330
1A
100
AcDbEntity
  8
B.Cu
  6
CONTINUOUS
100
AcDbLine
 10
153.4630060000000071
 20
-110.6677889999999991
 30
0
 11
153.5918700000000001
 21
-110.5933890000000019
 31
0
  0
LINE
  5
7B
330
1A
100
AcDbEntity
  8
B.Cu
  6
CONTINUOUS
100
AcDbLine
 10
153.5918700000000001
 20
-110.5933890000000019
 30
0
 11
153.7356000000000051
 21
-110.554875999999993
 31
0
  0
LINE
  5
7C
330
1A
100
AcDbEntity
  8
B.Cu
  6
CONTINUOUS
100
AcDbLine
 10
153.7356000000000051
 20
-110.554875999999993
 30
0
 11
153.8843999999999994
 21
-110.554875999999993
 31
0
  0
LINE
  5
7D
330
1A
100
AcDbEntity
  8
B.Cu
  6
CONTINUOUS
100
AcDbLine
 10
153.8843999999999994
 20
-110.554875999999993
 30
0
 11
154.0281300000000044
 21
-110.5933890000000019
 31
0
  0
LINE
  5
7E
330
1A
100
AcDbEntity
  8
B.Cu
  6
CONTINUOUS
100
AcDbLine
 10
147.5391579999999863
 20
-73.2025670000000019
 30
0
 11
147.6148049999999898
 21
-73.2228360000000009
 31
0
  0
LINE
  5
7F
330
1A
100
AcDbEntity
  8
B.Cu
  6
CONTINUOUS
100
AcDbLine
 10
147.6148049999999898
 20
-73.2228360000000009
 30
0
 11
147.682627999999994
 21
-73.2619940000000014
 31
0
  0
LINE
  5
80
330
1A
100
AcDbEntity
  8
B.Cu
  6
CONTINUOUS
100
AcDbLine
 10
147.682627999999994
 20
-73.2619940000000014
 30
0
 11
147.7121319999999969
 21
-73.2878680000000031
 31
0
  0
LINE
  5
81
330
1A
100
AcDbEntity
  8
B.Cu
  6
CONTINUOUS
100
AcDbLine
 10
147.7121319999999969
 20
-73.2878680000000031
 30
0
 11
148.6321319999999844
 21
-74.2078679999999906
 31
0
  0
LINE
  5
82
330
1A
100
AcDbEntity
  8
B.Cu
  6
CONTINUOUS
100
AcDbLine
 10
148.6321319999999844
 20
-74.2078679999999906
 30
0
 11
148.6579969999999946
 21
-74.237363000000002
 31
0
  0
LINE
  5
83
330
1A
100
AcDbEntity
  8
B.Cu
  6
CONTINUOUS
100
AcDbLine
 10
148.6579969999999946
 20
-74.237363000000002
 30
0
 11
148.6580060000000003
 21
-74.2373719999999935
 31
0
  0
LINE
  5
84
330
1A
100
AcDbEntity
  8
B.Cu
  6
CONTINUOUS
100
AcDbLine
 10
148.6580060000000003
 20
-74.2373719999999935
 30
0
 11
148.6971639999999866
 21
-74.3051949999999977
 31
0
  0
LINE
  5
85
330
1A
100
AcDbEntity
  8
B.Cu
  6
CONTINUOUS
100
AcDbLine
 10
148.6971639999999866
 20
-74.3051949999999977
 30
0
 11
148.7174329999999998
 21
-74.3808420000000012
 31
0
  0
LINE
  5
86
330
1A
100
AcDbEntity
  8
B.Cu
  6
CONTINUOUS
100
AcDbLine
 10
148.7174329999999998
 20
-74.3808420000000012
 30
0
 11
148.7199999999999989
 21
-74.4200000000000017
 31
0
  0
LINE
  5
87
330
1A
100
AcDbEntity
  8
B.Cu
  6
CONTINUOUS
100
AcDbLine
 10
148.7199999999999989
 20
-74.4200000000000017
 30
0
 11
148.7199999999999989
 21
-75.2086609999999922
 31
0
  0
LINE
  5
88
330
1A
100
AcDbEntity
  8
B.Cu
  6
CONTINUOUS
100
AcDbLine
 10
148.7199999999999989
 20
-75.2086609999999922
 30
0
 11
148.8206869999999924
 21
-75.2503669999999971
 31
0
  0
LINE
  5
89
330
1A
100
AcDbEntity
  8
B.Cu
  6
CONTINUOUS
100
AcDbLine
 10
148.8206869999999924
 20
-75.2503669999999971
 30
0
 11
148.9592339999999808
 21
-75.3429409999999962
 31
0
  0
LINE
  5
8A
330
1A
100
AcDbEntity
  8
B.Cu
  6
CONTINUOUS
100
AcDbLine
 10
148.9592339999999808
 20
-75.3429409999999962
 30
0
 11
149.0770589999999913
 21
-75.4607659999999925
 31
0
  0
LINE
  5
8B
330
1A
100
AcDbEntity
  8
B.Cu
  6
CONTINUOUS
100
AcDbLine
 10
149.0770589999999913
 20
-75.4607659999999925
 30
0
 11
149.1696330000000046
 21
-75.5993129999999951
 31
0
  0
LINE
  5
8C
330
1A
100
AcDbEntity
  8
B.Cu
  6
CONTINUOUS
100
AcDbLine
 10
149.1696330000000046
 20
-75.5993129999999951
 30
0
 11
149.2333989999999915
 21
-75.7532580000000024
 31
0
  0
LINE
  5
8D
330
1A
100
AcDbEntity
  8
B.Cu
  6
CONTINUOUS
100
AcDbLine
 10
149.2333989999999915
 20
-75.7532580000000024
 30
0
 11
149.2659069999999986
 21
-75.9166850000000011
 31
0
  0
LINE
  5
8E
330
1A
100
AcDbEntity
  8
B.Cu
  6
CONTINUOUS
100
AcDbLine
 10
149.2659069999999986
 20
-75.9166850000000011
 30
0
 11
149.2659069999999986
 21
-76.0833149999999989
 31
0
  0
LINE
  5
8F
330
1A
100
AcDbEntity
  8
B.Cu
  6
CONTINUOUS
100
AcDbLine
 10
149.2659069999999986
 20
-76.0833149999999989
 30
0
 11
149.2333989999999915
 21
-76.2467419999999976
 31
0
  0
LINE
  5
90
330
1A
100
AcDbEntity
  8
B.Cu
  6
CONTINUOUS
100
AcDbLine
 10
149.2333989999999915
 20
-76.2467419999999976
 30
0
 11
149.1696330000000046
 21
-76.4006869999999907
 31
0
  0
LINE
  5
91
330
1A
100
AcDbEntity
  8
B.Cu
  6
CONTINUOUS
100
AcDbLine
 10
149.1696330000000046
 20
-76.4006869999999907
 30
0
 11
149.0770589999999913
 21
-76.5392339999999933
 31
0
  0
LINE
  5
92
330
1A
100
AcDbEntity
  8
B.Cu
  6
CONTINUOUS
100
AcDbLine
 10
149.0770589999999913
 20
-76.5392339999999933
 30
0
 11
148.9592339999999808
 21
-76.6570589999999896
 31
0
  0
LINE
  5
93
330
1A
100
AcDbEntity
  8
B.Cu
  6
CONTINUOUS
100
AcDbLine
 10
148.9592339999999808
 20
-76.6570589999999896
 30
0
 11
148.8206869999999924
 21
-76.7496330000000029
 31
0
  0
LINE
  5
94
330
1A
100
AcDbEntity
  8
B.Cu
  6
CONTINUOUS
100
AcDbLine
 10
148.8206869999999924
 20
-76.7496330000000029
 30
0
 11
148.6667419999999993
 21
-76.8133989999999898
 31
0
  0
LINE
  5
95
330
1A
100
AcDbEntity
  8
B.Cu
  6
CONTINUOUS
100
AcDbLine
 10
148.6667419999999993
 20
-76.8133989999999898
 30
0
 11
148.5033149999999864
 21
-76.8459069999999969
 31
0
  0
LINE
  5
96
330
1A
100
AcDbEntity
  8
B.Cu
  6
CONTINUOUS
100
AcDbLine
 10
148.5033149999999864
 20
-76.8459069999999969
 30
0
 11
148.3366849999999886
 21
-76.8459069999999969
 31
0
  0
LINE
  5
97
330
1A
100
AcDbEntity
  8
B.Cu
  6
CONTINUOUS
100
AcDbLine
 10
148.3366849999999886
 20
-76.8459069999999969
 30
0
 11
148.1732580000000041
 21
-76.8133989999999898
 31
0
  0
LINE
  5
98
330
1A
100
AcDbEntity
  8
B.Cu
  6
CONTINUOUS
100
AcDbLine
 10
148.1732580000000041
 20
-76.8133989999999898
 30
0
 11
148.0193129999999826
 21
-76.7496330000000029
 31
0
  0
LINE
  5
99
330
1A
100
AcDbEntity
  8
B.Cu
  6
CONTINUOUS
100
AcDbLine
 10
148.0193129999999826
 20
-76.7496330000000029
 30
0
 11
147.8807659999999942
 21
-76.6570589999999896
 31
0
  0
LINE
  5
9A
330
1A
100
AcDbEntity
  8
B.Cu
  6
CONTINUOUS
100
AcDbLine
 10
147.8807659999999942
 20
-76.6570589999999896
 30
0
 11
147.7629409999999837
 21
-76.5392339999999933
 31
0
  0
LINE
  5
9B
330
1A
100
AcDbEntity
  8
B.Cu
  6
CONTINUOUS
100
AcDbLine
 10
147.7629409999999837
 20
-76.5392339999999933
 30
0
 11
147.6703669999999988
 21
-76.4006869999999907
 31
0
  0
LINE
  5
9C
330
1A
100
AcDbEntity
  8
B.Cu
  6
CONTINUOUS
100
AcDbLine
 10
147.6703669999999988
 20
-76.4006869999999907
 30
0
 11
147.6066009999999835
 21
-76.2467419999999976
 31
0
  0
LINE
  5
9D
330
1A
100
AcDbEntity
  8
B.Cu
  6
CONTINUOUS
100
AcDbLine
 10
147.6066009999999835
 20
-76.2467419999999976
 30
0
 11
147.5740930000000048
 21
-76.0833149999999989
 31
0
  0
LINE
  5
9E
330
1A
100
AcDbEntity
  8
B.Cu
  6
CONTINUOUS
100
AcDbLine
 10
147.5740930000000048
 20
-76.0833149999999989
 30
0
 11
147.5740930000000048
 21
-75.9166850000000011
 31
0
  0
LINE
  5
9F
330
1A
100
AcDbEntity
  8
B.Cu
  6
CONTINUOUS
100
AcDbLine
 10
147.5740930000000048
 20
-75.9166850000000011
 30
0
 11
147.6066009999999835
 21
-75.7532580000000024
 31
0
  0
LINE
  5
A0
330
1A
100
AcDbEntity
  8
B.Cu
  6
CONTINUOUS
100
AcDbLine
 10
147.6066009999999835
 20
-75.7532580000000024
 30
0
 11
147.6703669999999988
 21
-75.5993129999999951
 31
0
  0
LINE
  5
A1
330
1A
100
AcDbEntity
  8
B.Cu
  6
CONTINUOUS
100
AcDbLine
 10
147.6703669999999988
 20
-75.5993129999999951
 30
0
 11
147.7629409999999837
 21
-75.4607659999999925
 31
0
  0
LINE
  5
A2
330
1A
100
AcDbEntity
  8
B.Cu
  6
CONTINUOUS
100
AcDbLine
 10
147.7629409999999837
 20
-75.4607659999999925
 30
0
 11
147.8807659999999942
 21
-75.3429409999999962
 31
0
  0
LINE
  5
A3
330
1A
100
AcDbEntity
  8
B.Cu
  6
CONTINUOUS
100
AcDbLine
 10
147.8807659999999942
 20
-75.3429409999999962
 30
0
 11
148.0193129999999826
 21
-75.2503669999999971
 31
0
  0
LINE
  5
A4
330
1A
100
AcDbEntity
  8
B.Cu
  6
CONTINUOUS
100
AcDbLine
 10
148.0193129999999826
 20
-75.2503669999999971
 30
0
 11
148.1200000000000045
 21
-75.2086609999999922
 31
0
  0
LINE
  5
A5
330
1A
100
AcDbEntity
  8
B.Cu
  6
CONTINUOUS
100
AcDbLine
 10
148.1200000000000045
 20
-75.2086609999999922
 30
0
 11
148.1200000000000045
 21
-74.5442639999999983
 31
0
  0
LINE
  5
A6
330
1A
100
AcDbEntity
  8
B.Cu
  6
CONTINUOUS
100
AcDbLine
 10
148.1200000000000045
 20
-74.5442639999999983
 30
0
 11
147.3757359999999892
 21
-73.7999999999999972
 31
0
  0
LINE
  5
A7
330
1A
100
AcDbEntity
  8
B.Cu
  6
CONTINUOUS
100
AcDbLine
 10
147.3757359999999892
 20
-73.7999999999999972
 30
0
 11
140.1242639999999824
 21
-73.7999999999999972
 31
0
  0
LINE
  5
A8
330
1A
100
AcDbEntity
  8
B.Cu
  6
CONTINUOUS
100
AcDbLine
 10
140.1242639999999824
 20
-73.7999999999999972
 30
0
 11
134.2999999999999829
 21
-79.6242639999999966
 31
0
  0
LINE
  5
A9
330
1A
100
AcDbEntity
  8
B.Cu
  6
CONTINUOUS
100
AcDbLine
 10
134.2999999999999829
 20
-79.6242639999999966
 30
0
 11
134.2999999999999829
 21
-84.3757359999999892
 31
0
  0
LINE
  5
AA
330
1A
100
AcDbEntity
  8
B.Cu
  6
CONTINUOUS
100
AcDbLine
 10
134.2999999999999829
 20
-84.3757359999999892
 30
0
 11
136.7121319999999969
 21
-86.7878680000000031
 31
0
  0
LINE
  5
AB
330
1A
100
AcDbEntity
  8
B.Cu
  6
CONTINUOUS
100
AcDbLine
 10
136.7121319999999969
 20
-86.7878680000000031
 30
0
 11
136.7380059999999844
 21
-86.8173719999999918
 31
0
  0
LINE
  5
AC
330
1A
100
AcDbEntity
  8
B.Cu
  6
CONTINUOUS
100
AcDbLine
 10
136.7380059999999844
 20
-86.8173719999999918
 30
0
 11
136.7771639999999991
 21
-86.885194999999996
 31
0
  0
LINE
  5
AD
330
1A
100
AcDbEntity
  8
B.Cu
  6
CONTINUOUS
100
AcDbLine
 10
136.7771639999999991
 20
-86.885194999999996
 30
0
 11
136.7974329999999838
 21
-86.9608419999999995
 31
0
  0
LINE
  5
AE
330
1A
100
AcDbEntity
  8
B.Cu
  6
CONTINUOUS
100
AcDbLine
 10
136.7974329999999838
 20
-86.9608419999999995
 30
0
 11
136.7999999999999829
 21
-87.
 31
0
  0
LINE
  5
AF
330
1A
100
AcDbEntity
  8
B.Cu
  6
CONTINUOUS
100
AcDbLine
 10
136.7999999999999829
 20
-87.
 30
0
 11
136.7999999999999829
 21
-112.3757359999999892
 31
0
  0
LINE
  5
B0
330
1A
100
AcDbEntity
  8
B.Cu
  6
CONTINUOUS
100
AcDbLine
 10
136.7999999999999829
 20
-112.3757359999999892
 30
0
 11
138.1242639999999824
 21
-113.6999999999999886
 31
0
  0
LINE
  5
B1
330
1A
100
AcDbEntity
  8
B.Cu
  6
CONTINUOUS
100
AcDbLine
 10
138.1242639999999824
 20
-113.6999999999999886
 30
0
 11
142.3757359999999892
 21
-113.6999999999999886
 31
0
  0
LINE
  5
B2
330
1A
100
AcDbEntity
  8
B.Cu
  6
CONTINUOUS
100
AcDbLine
 10
142.3757359999999892
 20
-113.6999999999999886
 30
0
 11
143.3499999999999943
 21
-112.7257359999999977
 31
0
  0
LINE
  5
B3
330
1A
100
AcDbEntity
  8
B.Cu
  6
CONTINUOUS
100
AcDbLine
 10
143.3499999999999943
 20
-112.7257359999999977
 30
0
 11
143.3499999999999943
 21
-111.5993429999999904
 31
0
  0
LINE
  5
B4
330
1A
100
AcDbEntity
  8
B.Cu
  6
CONTINUOUS
100
AcDbLine
 10
143.3499999999999943
 20
-111.5993429999999904
 30
0
 11
143.3030059999999821
 21
-111.5722109999999958
 31
0
  0
LINE
  5
B5
330
1A
100
AcDbEntity
  8
B.Cu
  6
CONTINUOUS
100
AcDbLine
 10
143.3030059999999821
 20
-111.5722109999999958
 30
0
 11
143.1977890000000002
 21
-111.4669939999999997
 31
0
  0
LINE
  5
B6
330
1A
100
AcDbEntity
  8
B.Cu
  6
CONTINUOUS
100
AcDbLine
 10
143.1977890000000002
 20
-111.4669939999999997
 30
0
 11
143.1233890000000031
 21
-111.3381299999999925
 31
0
  0
LINE
  5
B7
330
1A
100
AcDbEntity
  8
B.Cu
  6
CONTINUOUS
100
AcDbLine
 10
143.1233890000000031
 20
-111.3381299999999925
 30
0
 11
143.08487599999998
 21
-111.1944000000000017
 31
0
  0
LINE
  5
B8
330
1A
100
AcDbEntity
  8
B.Cu
  6
CONTINUOUS
100
AcDbLine
 10
143.08487599999998
 20
-111.1944000000000017
 30
0
 11
143.08487599999998
 21
-111.0455999999999932
 31
0
  0
LINE
  5
B9
330
1A
100
AcDbEntity
  8
B.Cu
  6
CONTINUOUS
100
AcDbLine
 10
143.08487599999998
 20
-111.0455999999999932
 30
0
 11
143.1233890000000031
 21
-110.9018699999999882
 31
0
  0
LINE
  5
BA
330
1A
100
AcDbEntity
  8
B.Cu
  6
CONTINUOUS
100
AcDbLine
 10
143.1233890000000031
 20
-110.9018699999999882
 30
0
 11
143.1977890000000002
 21
-110.7730059999999952
 31
0
  0
LINE
  5
BB
330
1A
100
AcDbEntity
  8
B.Cu
  6
CONTINUOUS
100
AcDbLine
 10
143.1977890000000002
 20
-110.7730059999999952
 30
0
 11
143.3030059999999821
 21
-110.6677889999999991
 31
0
  0
LINE
  5
BC
330
1A
100
AcDbEntity
  8
B.Cu
  6
CONTINUOUS
100
AcDbLine
 10
143.3030059999999821
 20
-110.6677889999999991
 30
0
 11
143.4318700000000035
 21
-110.5933890000000019
 31
0
  0
LINE
  5
BD
330
1A
100
AcDbEntity
  8
B.Cu
  6
CONTINUOUS
100
AcDbLine
 10
143.4318700000000035
 20
-110.5933890000000019
 30
0
 11
143.5755999999999801
 21
-110.554875999999993
 31
0
  0
LINE
  5
BE
330
1A
100
AcDbEntity
  8
B.Cu
  6
CONTINUOUS
100
AcDbLine
 10
143.5755999999999801
 20
-110.554875999999993
 30
0
 11
143.7244000000000028
 21
-110.554875999999993
 31
0
  0
LINE
  5
BF
330
1A
100
AcDbEntity
  8
B.Cu
  6
CONTINUOUS
100
AcDbLine
 10
143.7244000000000028
 20
-110.554875999999993
 30
0
 11
143.8681299999999794
 21
-110.5933890000000019
 31
0
  0
LINE
  5
C0
330
1A
100
AcDbEntity
  8
B.Cu
  6
CONTINUOUS
100
AcDbLine
 10
143.8681299999999794
 20
-110.5933890000000019
 30
0
 11
143.9969940000000008
 21
-110.6677889999999991
 31
0
  0
LINE
  5
C1
330
1A
100
AcDbEntity
  8
B.Cu
  6
CONTINUOUS
100
AcDbLine
 10
143.9969940000000008
 20
-110.6677889999999991
 30
0
 11
144.1022109999999827
 21
-110.7730059999999952
 31
0
  0
LINE
  5
C2
330
1A
100
AcDbEntity
  8
B.Cu
  6
CONTINUOUS
100
AcDbLine
 10
144.1022109999999827
 20
-110.7730059999999952
 30
0
 11
144.1766109999999799
 21
-110.9018699999999882
 31
0
  0
LINE
  5
C3
330
1A
100
AcDbEntity
  8
B.Cu
  6
CONTINUOUS
100
AcDbLine
 10
144.1766109999999799
 20
-110.9018699999999882
 30
0
 11
144.215124000000003
 21
-111.0455999999999932
 31
0
  0
LINE
  5
C4
330
1A
100
AcDbEntity
  8
B.Cu
  6
CONTINUOUS
100
AcDbLine
 10
144.215124000000003
 20
-111.0455999999999932
 30
0
 11
144.215124000000003
 21
-111.1944000000000017
 31
0
  0
LINE
  5
C5
330
1A
100
AcDbEntity
  8
B.Cu
  6
CONTINUOUS
100
AcDbLine
 10
144.215124000000003
 20
-111.1944000000000017
 30
0
 11
144.1766109999999799
 21
-111.3381299999999925
 31
0
  0
LINE
  5
C6
330
1A
100
AcDbEntity
  8
B.Cu
  6
CONTINUOUS
100
AcDbLine
 10
144.1766109999999799
 20
-111.3381299999999925
 30
0
 11
144.1022109999999827
 21
-111.4669939999999997
 31
0
  0
LINE
  5
C7
330
1A
100
AcDbEntity
  8
B.Cu
  6
CONTINUOUS
100
AcDbLine
 10
144.1022109999999827
 20
-111.4669939999999997
 30
0
 11
143.9969940000000008
 21
-111.5722109999999958
 31
0
  0
LINE
  5
C8
330
1A
100
AcDbEntity
  8
B.Cu
  6
CONTINUOUS
100
AcDbLine
 10
143.9969940000000008
 20
-111.5722109999999958
 30
0
 11
143.9499999999999886
 21
-111.5993429999999904
 31
0
  0
LINE
  5
C9
330
1A
100
AcDbEntity
  8
B.Cu
  6
CONTINUOUS
100
AcDbLine
 10
143.9499999999999886
 20
-111.5993429999999904
 30
0
 11
143.9499999999999886
 21
-112.8499999999999943
 31
0
  0
LINE
  5
CA
330
1A
100
AcDbEntity
  8
B.Cu
  6
CONTINUOUS
100
AcDbLine
 10
143.9499999999999886
 20
-112.8499999999999943
 30
0
 11
143.9474329999999895
 21
-112.8891579999999948
 31
0
  0
LINE
  5
CB
330
1A
100
AcDbEntity
  8
B.Cu
  6
CONTINUOUS
100
AcDbLine
 10
143.9474329999999895
 20
-112.8891579999999948
 30
0
 11
143.9271640000000048
 21
-112.9648049999999984
 31
0
  0
LINE
  5
CC
330
1A
100
AcDbEntity
  8
B.Cu
  6
CONTINUOUS
100
AcDbLine
 10
143.9271640000000048
 20
-112.9648049999999984
 30
0
 11
143.8880059999999901
 21
-113.0326279999999883
 31
0
  0
LINE
  5
CD
330
1A
100
AcDbEntity
  8
B.Cu
  6
CONTINUOUS
100
AcDbLine
 10
143.8880059999999901
 20
-113.0326279999999883
 30
0
 11
143.8621320000000026
 21
-113.0621319999999912
 31
0
  0
LINE
  5
CE
330
1A
100
AcDbEntity
  8
B.Cu
  6
CONTINUOUS
100
AcDbLine
 10
143.8621320000000026
 20
-113.0621319999999912
 30
0
 11
142.7121319999999969
 21
-114.2121319999999969
 31
0
  0
LINE
  5
CF
330
1A
100
AcDbEntity
  8
B.Cu
  6
CONTINUOUS
100
AcDbLine
 10
142.7121319999999969
 20
-114.2121319999999969
 30
0
 11
142.682627999999994
 21
-114.2380059999999986
 31
0
  0
LINE
  5
D0
330
1A
100
AcDbEntity
  8
B.Cu
  6
CONTINUOUS
100
AcDbLine
 10
142.682627999999994
 20
-114.2380059999999986
 30
0
 11
142.6148049999999898
 21
-114.2771639999999991
 31
0
  0
LINE
  5
D1
330
1A
100
AcDbEntity
  8
B.Cu
  6
CONTINUOUS
100
AcDbLine
 10
142.6148049999999898
 20
-114.2771639999999991
 30
0
 11
142.5391579999999863
 21
-114.2974329999999981
 31
0
  0
LINE
  5
D2
330
1A
100
AcDbEntity
  8
B.Cu
  6
CONTINUOUS
100
AcDbLine
 10
142.5391579999999863
 20
-114.2974329999999981
 30
0
 11
142.5
 21
-114.2999999999999972
 31
0
  0
LINE
  5
D3
330
1A
100
AcDbEntity
  8
B.Cu
  6
CONTINUOUS
100
AcDbLine
 10
142.5
 20
-114.2999999999999972
 30
0
 11
138.
 21
-114.2999999999999972
 31
0
  0
LINE
  5
D4
330
1A
100
AcDbEntity
  8
B.Cu
  6
CONTINUOUS
100
AcDbLine
 10
138.
 20
-114.2999999999999972
 30
0
 11
137.9608419999999853
 21
-114.2974329999999981
 31
0
  0
LINE
  5
D5
330
1A
100
AcDbEntity
  8
B.Cu
  6
CONTINUOUS
100
AcDbLine
 10
137.9608419999999853
 20
-114.2974329999999981
 30
0
 11
137.8851949999999817
 21
-114.2771639999999991
 31
0
  0
LINE
  5
D6
330
1A
100
AcDbEntity
  8
B.Cu
  6
CONTINUOUS
100
AcDbLine
 10
137.8851949999999817
 20
-114.2771639999999991
 30
0
 11
137.817372000000006
 21
-114.2380059999999986
 31
0
  0
LINE
  5
D7
330
1A
100
AcDbEntity
  8
B.Cu
  6
CONTINUOUS
100
AcDbLine
 10
137.817372000000006
 20
-114.2380059999999986
 30
0
 11
137.7878680000000031
 21
-114.2121319999999969
 31
0
  0
LINE
  5
D8
330
1A
100
AcDbEntity
  8
B.Cu
  6
CONTINUOUS
100
AcDbLine
 10
137.7878680000000031
 20
-114.2121319999999969
 30
0
 11
136.2878680000000031
 21
-112.7121319999999969
 31
0
  0
LINE
  5
D9
330
1A
100
AcDbEntity
  8
B.Cu
  6
CONTINUOUS
100
AcDbLine
 10
136.2878680000000031
 20
-112.7121319999999969
 30
0
 11
136.2619939999999872
 21
-112.682627999999994
 31
0
  0
LINE
  5
DA
330
1A
100
AcDbEntity
  8
B.Cu
  6
CONTINUOUS
100
AcDbLine
 10
136.2619939999999872
 20
-112.682627999999994
 30
0
 11
136.2228360000000009
 21
-112.6148049999999898
 31
0
  0
LINE
  5
DB
330
1A
100
AcDbEntity
  8
B.Cu
  6
CONTINUOUS
100
AcDbLine
 10
136.2228360000000009
 20
-112.6148049999999898
 30
0
 11
136.2025669999999877
 21
-112.5391580000000005
 31
0
  0
LINE
  5
DC
330
1A
100
AcDbEntity
  8
B.Cu
  6
CONTINUOUS
100
AcDbLine
 10
136.2025669999999877
 20
-112.5391580000000005
 30
0
 11
136.1999999999999886
 21
-112.5
 31
0
  0
LINE
  5
DD
330
1A
100
AcDbEntity
  8
B.Cu
  6
CONTINUOUS
100
AcDbLine
 10
136.1999999999999886
 20
-112.5
 30
0
 11
136.1999999999999886
 21
-87.1242639999999966
 31
0
  0
LINE
  5
DE
330
1A
100
AcDbEntity
  8
B.Cu
  6
CONTINUOUS
100
AcDbLine
 10
136.1999999999999886
 20
-87.1242639999999966
 30
0
 11
133.7878680000000031
 21
-84.7121319999999969
 31
0
  0
LINE
  5
DF
330
1A
100
AcDbEntity
  8
B.Cu
  6
CONTINUOUS
100
AcDbLine
 10
133.7878680000000031
 20
-84.7121319999999969
 30
0
 11
133.7619939999999872
 21
-84.682627999999994
 31
0
  0
LINE
  5
E0
330
1A
100
AcDbEntity
  8
B.Cu
  6
CONTINUOUS
100
AcDbLine
 10
133.7619939999999872
 20
-84.682627999999994
 30
0
 11
133.7228360000000009
 21
-84.6148049999999898
 31
0
  0
LINE
  5
E1
330
1A
100
AcDbEntity
  8
B.Cu
  6
CONTINUOUS
100
AcDbLine
 10
133.7228360000000009
 20
-84.6148049999999898
 30
0
 11
133.7025669999999877
 21
-84.5391580000000005
 31
0
  0
LINE
  5
E2
330
1A
100
AcDbEntity
  8
B.Cu
  6
CONTINUOUS
100
AcDbLine
 10
133.7025669999999877
 20
-84.5391580000000005
 30
0
 11
133.6999999999999886
 21
-84.5
 31
0
  0
LINE
  5
E3
330
1A
100
AcDbEntity
  8
B.Cu
  6
CONTINUOUS
100
AcDbLine
 10
133.6999999999999886
 20
-84.5
 30
0
 11
133.6999999999999886
 21
-79.5
 31
0
  0
LINE
  5
E4
330
1A
100
AcDbEntity
  8
B.Cu
  6
CONTINUOUS
100
AcDbLine
 10
133.6999999999999886
 20
-79.5
 30
0
 11
133.7025669999999877
 21
-79.4608419999999995
 31
0
  0
LINE
  5
E5
330
1A
100
AcDbEntity
  8
B.Cu
  6
CONTINUOUS
100
AcDbLine
 10
133.7025669999999877
 20
-79.4608419999999995
 30
0
 11
133.7228360000000009
 21
-79.385194999999996
 31
0
  0
LINE
  5
E6
330
1A
100
AcDbEntity
  8
B.Cu
  6
CONTINUOUS
100
AcDbLine
 10
133.7228360000000009
 20
-79.385194999999996
 30
0
 11
133.7619939999999872
 21
-79.3173719999999918
 31
0
  0
LINE
  5
E7
330
1A
100
AcDbEntity
  8
B.Cu
  6
CONTINUOUS
100
AcDbLine
 10
133.7619939999999872
 20
-79.3173719999999918
 30
0
 11
133.7878680000000031
 21
-79.2878680000000031
 31
0
  0
LINE
  5
E8
330
1A
100
AcDbEntity
  8
B.Cu
  6
CONTINUOUS
100
AcDbLine
 10
133.7878680000000031
 20
-79.2878680000000031
 30
0
 11
139.7878680000000031
 21
-73.2878680000000031
 31
0
  0
LINE
  5
E9
330
1A
100
AcDbEntity
  8
B.Cu
  6
CONTINUOUS
100
AcDbLine
 10
139.7878680000000031
 20
-73.2878680000000031
 30
0
 11
139.817372000000006
 21
-73.2619940000000014
 31
0
  0
LINE
  5
EA
330
1A
100
AcDbEntity
  8
B.Cu
  6
CONTINUOUS
100
AcDbLine
 10
139.817372000000006
 20
-73.2619940000000014
 30
0
 11
139.8851949999999817
 21
-73.2228360000000009
 31
0
  0
LINE
  5
EB
330
1A
100
AcDbEntity
  8
B.Cu
  6
CONTINUOUS
100
AcDbLine
 10
139.8851949999999817
 20
-73.2228360000000009
 30
0
 11
139.9608419999999853
 21
-73.2025670000000019
 31
0
  0
LINE
  5
EC
330
1A
100
AcDbEntity
  8
B.Cu
  6
CONTINUOUS
100
AcDbLine
 10
139.9608419999999853
 20
-73.2025670000000019
 30
0
 11
140.
 21
-73.2000000000000028
 31
0
  0
LINE
  5
ED
330
1A
100
AcDbEntity
  8
B.Cu
  6
CONTINUOUS
100
AcDbLine
 10
140.
 20
-73.2000000000000028
 30
0
 11
147.5
 21
-73.2000000000000028
 31
0
  0
LINE
  5
EE
330
1A
100
AcDbEntity
  8
B.Cu
  6
CONTINUOUS
100
AcDbLine
 10
147.5
 20
-73.2000000000000028
 30
0
 11
147.5391579999999863
 21
-73.2025670000000019
 31
0
  0
LINE
  5
EF
330
1A
100
AcDbEntity
  8
B.Cu
  6
CONTINUOUS
100
AcDbLine
 10
156.5391579999999863
 20
-73.2025670000000019
 30
0
 11
156.6148049999999898
 21
-73.2228360000000009
 31
0
  0
LINE
  5
F0
330
1A
100
AcDbEntity
  8
B.Cu
  6
CONTINUOUS
100
AcDbLine
 10
156.6148049999999898
 20
-73.2228360000000009
 30
0
 11
156.682627999999994
 21
-73.2619940000000014
 31
0
  0
LINE
  5
F1
330
1A
100
AcDbEntity
  8
B.Cu
  6
CONTINUOUS
100
AcDbLine
 10
156.682627999999994
 20
-73.2619940000000014
 30
0
 11
156.7121319999999969
 21
-73.2878680000000031
 31
0
  0
LINE
  5
F2
330
1A
100
AcDbEntity
  8
B.Cu
  6
CONTINUOUS
100
AcDbLine
 10
156.7121319999999969
 20
-73.2878680000000031
 30
0
 11
162.7121319999999969
 21
-79.2878680000000031
 31
0
  0
LINE
  5
F3
330
1A
100
AcDbEntity
  8
B.Cu
  6
CONTINUOUS
100
AcDbLine
 10
162.7121319999999969
 20
-79.2878680000000031
 30
0
 11
162.7380059999999844
 21
-79.3173719999999918
 31
0
  0
LINE
  5
F4
330
1A
100
AcDbEntity
  8
B.Cu
  6
CONTINUOUS
100
AcDbLine
 10
162.7380059999999844
 20
-79.3173719999999918
 30
0
 11
162.7771639999999991
 21
-79.385194999999996
 31
0
  0
LINE
  5
F5
330
1A
100
AcDbEntity
  8
B.Cu
  6
CONTINUOUS
100
AcDbLine
 10
162.7771639999999991
 20
-79.385194999999996
 30
0
 11
162.7974329999999838
 21
-79.4608419999999995
 31
0
  0
LINE
  5
F6
330
1A
100
AcDbEntity
  8
B.Cu
  6
CONTINUOUS
100
AcDbLine
 10
162.7974329999999838
 20
-79.4608419999999995
 30
0
 11
162.7999999999999829
 21
-79.5
 31
0
  0
LINE
  5
F7
330
1A
100
AcDbEntity
  8
B.Cu
  6
CONTINUOUS
100
AcDbLine
 10
162.7999999999999829
 20
-79.5
 30
0
 11
162.7999999999999829
 21
-111.
 31
0
  0
LINE
  5
F8
330
1A
100
AcDbEntity
  8
B.Cu
  6
CONTINUOUS
100
AcDbLine
 10
162.7999999999999829
 20
-111.
 30
0
 11
162.7974329999999838
 21
-111.0391580000000005
 31
0
  0
LINE
  5
F9
330
1A
100
AcDbEntity
  8
B.Cu
  6
CONTINUOUS
100
AcDbLine
 10
162.7974329999999838
 20
-111.0391580000000005
 30
0
 11
162.7771639999999991
 21
-111.1148049999999898
 31
0
  0
LINE
  5
FA
330
1A
100
AcDbEntity
  8
B.Cu
  6
CONTINUOUS
100
AcDbLine
 10
162.7771639999999991
 20
-111.1148049999999898
 30
0
 11
162.7380059999999844
 21
-111.182627999999994
 31
0
  0
LINE
  5
FB
330
1A
100
AcDbEntity
  8
B.Cu
  6
CONTINUOUS
100
AcDbLine
 10
162.7380059999999844
 20
-111.182627999999994
 30
0
 11
162.7121319999999969
 21
-111.2121319999999969
 31
0
  0
LINE
  5
FC
330
1A
100
AcDbEntity
  8
B.Cu
  6
CONTINUOUS
100
AcDbLine
 10
162.7121319999999969
 20
-111.2121319999999969
 30
0
 11
160.7121319999999969
 21
-113.2121319999999969
 31
0
  0
LINE
  5
FD
330
1A
100
AcDbEntity
  8
B.Cu
  6
CONTINUOUS
100
AcDbLine
 10
160.7121319999999969
 20
-113.2121319999999969
 30
0
 11
160.682627999999994
 21
-113.2380059999999986
 31
0
  0
LINE
  5
FE
330
1A
100
AcDbEntity
  8
B.Cu
  6
CONTINUOUS
100
AcDbLine
 10
160.682627999999994
 20
-113.2380059999999986
 30
0
 11
160.6148049999999898
 21
-113.2771639999999991
 31
0
  0
LINE
  5
FF
330
1A
100
AcDbEntity
  8
B.Cu
  6
CONTINUOUS
100
AcDbLine
 10
160.6148049999999898
 20
-113.2771639999999991
 30
0
 11
160.5391579999999863
 21
-113.2974329999999981
 31
0
  0
LINE
  5
100
330
1A
100
AcDbEntity
  8
B.Cu
  6
CONTINUOUS
100
AcDbLine
 10
160.5391579999999863
 20
-113.2974329999999981
 30
0
 11
160.5
 21
-113.2999999999999972
 31
0
  0
LINE
  5
101
330
1A
100
AcDbEntity
  8
B.Cu
  6
CONTINUOUS
100
AcDbLine
 10
160.5
 20
-113.2999999999999972
 30
0
 11
156.4339479999999867
 21
-113.2999999999999972
 31
0
  0
LINE
  5
102
330
1A
100
AcDbEntity
  8
B.Cu
  6
CONTINUOUS
100
AcDbLine
 10
156.4339479999999867
 20
-113.2999999999999972
 30
0
 11
156.3947900000000004
 21
-113.2974329999999981
 31
0
  0
LINE
  5
103
330
1A
100
AcDbEntity
  8
B.Cu
  6
CONTINUOUS
100
AcDbLine
 10
156.3947900000000004
 20
-113.2974329999999981
 30
0
 11
156.3191429999999968
 21
-113.2771639999999991
 31
0
  0
LINE
  5
104
330
1A
100
AcDbEntity
  8
B.Cu
  6
CONTINUOUS
100
AcDbLine
 10
156.3191429999999968
 20
-113.2771639999999991
 30
0
 11
156.2513199999999927
 21
-113.2380059999999986
 31
0
  0
LINE
  5
105
330
1A
100
AcDbEntity
  8
B.Cu
  6
CONTINUOUS
100
AcDbLine
 10
156.2513199999999927
 20
-113.2380059999999986
 30
0
 11
156.1959420000000023
 21
-113.182627999999994
 31
0
  0
LINE
  5
106
330
1A
100
AcDbEntity
  8
B.Cu
  6
CONTINUOUS
100
AcDbLine
 10
156.1959420000000023
 20
-113.182627999999994
 30
0
 11
156.1567839999999876
 21
-113.1148049999999898
 31
0
  0
LINE
  5
107
330
1A
100
AcDbEntity
  8
B.Cu
  6
CONTINUOUS
100
AcDbLine
 10
156.1567839999999876
 20
-113.1148049999999898
 30
0
 11
156.1365150000000028
 21
-113.0391580000000005
 31
0
  0
LINE
  5
108
330
1A
100
AcDbEntity
  8
B.Cu
  6
CONTINUOUS
100
AcDbLine
 10
156.1365150000000028
 20
-113.0391580000000005
 30
0
 11
156.1365150000000028
 21
-112.98540899999999
 31
0
  0
LINE
  5
109
330
1A
100
AcDbEntity
  8
B.Cu
  6
CONTINUOUS
100
AcDbLine
 10
156.1365150000000028
 20
-112.98540899999999
 30
0
 11
154.9385790000000043
 21
-111.7874729999999914
 31
0
  0
LINE
  5
10A
330
1A
100
AcDbEntity
  8
B.Cu
  6
CONTINUOUS
100
AcDbLine
 10
154.9385790000000043
 20
-111.7874729999999914
 30
0
 11
154.9137059999999906
 21
-111.757165999999998
 31
0
  0
LINE
  5
10B
330
1A
100
AcDbEntity
  8
B.Cu
  6
CONTINUOUS
100
AcDbLine
 10
154.9137059999999906
 20
-111.757165999999998
 30
0
 11
154.8838429999999846
 21
-111.6850699999999961
 31
0
  0
LINE
  5
10C
330
1A
100
AcDbEntity
  8
B.Cu
  6
CONTINUOUS
100
AcDbLine
 10
154.8838429999999846
 20
-111.6850699999999961
 30
0
 11
154.8799999999999955
 21
-111.6460519999999974
 31
0
  0
LINE
  5
10D
330
1A
100
AcDbEntity
  8
B.Cu
  6
CONTINUOUS
100
AcDbLine
 10
154.8799999999999955
 20
-111.6460519999999974
 30
0
 11
154.8799999999999955
 21
-108.6406339999999915
 31
0
  0
LINE
  5
10E
330
1A
100
AcDbEntity
  8
B.Cu
  6
CONTINUOUS
100
AcDbLine
 10
154.8799999999999955
 20
-108.6406339999999915
 30
0
 11
154.8419939999999997
 21
-108.6026279999999957
 31
0
  0
LINE
  5
10F
330
1A
100
AcDbEntity
  8
B.Cu
  6
CONTINUOUS
100
AcDbLine
 10
154.8419939999999997
 20
-108.6026279999999957
 30
0
 11
154.802835999999985
 21
-108.5348049999999915
 31
0
  0
LINE
  5
110
330
1A
100
AcDbEntity
  8
B.Cu
  6
CONTINUOUS
100
AcDbLine
 10
154.802835999999985
 20
-108.5348049999999915
 30
0
 11
154.7825670000000002
 21
-108.4591580000000022
 31
0
  0
LINE
  5
111
330
1A
100
AcDbEntity
  8
B.Cu
  6
CONTINUOUS
100
AcDbLine
 10
154.7825670000000002
 20
-108.4591580000000022
 30
0
 11
154.7800000000000011
 21
-108.4200000000000017
 31
0
  0
LINE
  5
112
330
1A
100
AcDbEntity
  8
B.Cu
  6
CONTINUOUS
100
AcDbLine
 10
154.7800000000000011
 20
-108.4200000000000017
 30
0
 11
154.7800000000000011
 21
-98.7042639999999949
 31
0
  0
LINE
  5
113
330
1A
100
AcDbEntity
  8
B.Cu
  6
CONTINUOUS
100
AcDbLine
 10
154.7800000000000011
 20
-98.7042639999999949
 30
0
 11
153.5978680000000054
 21
-97.5221319999999992
 31
0
  0
LINE
  5
114
330
1A
100
AcDbEntity
  8
B.Cu
  6
CONTINUOUS
100
AcDbLine
 10
153.5978680000000054
 20
-97.5221319999999992
 30
0
 11
153.5719939999999895
 21
-97.4926279999999963
 31
0
  0
LINE
  5
115
330
1A
100
AcDbEntity
  8
B.Cu
  6
CONTINUOUS
100
AcDbLine
 10
153.5719939999999895
 20
-97.4926279999999963
 30
0
 11
153.5328360000000032
 21
-97.4248049999999921
 31
0
  0
LINE
  5
116
330
1A
100
AcDbEntity
  8
B.Cu
  6
CONTINUOUS
100
AcDbLine
 10
153.5328360000000032
 20
-97.4248049999999921
 30
0
 11
153.51256699999999
 21
-97.3491579999999885
 31
0
  0
LINE
  5
117
330
1A
100
AcDbEntity
  8
B.Cu
  6
CONTINUOUS
100
AcDbLine
 10
153.51256699999999
 20
-97.3491579999999885
 30
0
 11
153.5099999999999909
 21
-97.3100000000000023
 31
0
  0
LINE
  5
118
330
1A
100
AcDbEntity
  8
B.Cu
  6
CONTINUOUS
100
AcDbLine
 10
153.5099999999999909
 20
-97.3100000000000023
 30
0
 11
153.5099999999999909
 21
-96.3593429999999955
 31
0
  0
LINE
  5
119
330
1A
100
AcDbEntity
  8
B.Cu
  6
CONTINUOUS
100
AcDbLine
 10
153.5099999999999909
 20
-96.3593429999999955
 30
0
 11
153.4630060000000071
 21
-96.3322110000000009
 31
0
  0
LINE
  5
11A
330
1A
100
AcDbEntity
  8
B.Cu
  6
CONTINUOUS
100
AcDbLine
 10
153.4630060000000071
 20
-96.3322110000000009
 30
0
 11
153.3577889999999968
 21
-96.2269939999999906
 31
0
  0
LINE
  5
11B
330
1A
100
AcDbEntity
  8
B.Cu
  6
CONTINUOUS
100
AcDbLine
 10
153.3577889999999968
 20
-96.2269939999999906
 30
0
 11
153.2833889999999997
 21
-96.0981299999999976
 31
0
  0
LINE
  5
11C
330
1A
100
AcDbEntity
  8
B.Cu
  6
CONTINUOUS
100
AcDbLine
 10
153.2833889999999997
 20
-96.0981299999999976
 30
0
 11
153.244876000000005
 21
-95.9543999999999926
 31
0
  0
LINE
  5
11D
330
1A
100
AcDbEntity
  8
B.Cu
  6
CONTINUOUS
100
AcDbLine
 10
153.244876000000005
 20
-95.9543999999999926
 30
0
 11
153.244876000000005
 21
-95.8055999999999983
 31
0
  0
LINE
  5
11E
330
1A
100
AcDbEntity
  8
B.Cu
  6
CONTINUOUS
100
AcDbLine
 10
153.244876000000005
 20
-95.8055999999999983
 30
0
 11
153.2833889999999997
 21
-95.6618699999999933
 31
0
  0
LINE
  5
11F
330
1A
100
AcDbEntity
  8
B.Cu
  6
CONTINUOUS
100
AcDbLine
 10
153.2833889999999997
 20
-95.6618699999999933
 30
0
 11
153.3577889999999968
 21
-95.5330060000000003
 31
0
  0
LINE
  5
120
330
1A
100
AcDbEntity
  8
B.Cu
  6
CONTINUOUS
100
AcDbLine
 10
153.3577889999999968
 20
-95.5330060000000003
 30
0
 11
153.4630060000000071
 21
-95.42778899999999
 31
0
  0
LINE
  5
121
330
1A
100
AcDbEntity
  8
B.Cu
  6
CONTINUOUS
100
AcDbLine
 10
153.4630060000000071
 20
-95.42778899999999
 30
0
 11
153.5918700000000001
 21
-95.3533889999999928
 31
0
  0
LINE
  5
122
330
1A
100
AcDbEntity
  8
B.Cu
  6
CONTINUOUS
100
AcDbLine
 10
153.5918700000000001
 20
-95.3533889999999928
 30
0
 11
153.7356000000000051
 21
-95.3148759999999982
 31
0
  0
LINE
  5
123
330
1A
100
AcDbEntity
  8
B.Cu
  6
CONTINUOUS
100
AcDbLine
 10
153.7356000000000051
 20
-95.3148759999999982
 30
0
 11
153.8843999999999994
 21
-95.3148759999999982
 31
0
  0
LINE
  5
124
330
1A
100
AcDbEntity
  8
B.Cu
  6
CONTINUOUS
100
AcDbLine
 10
153.8843999999999994
 20
-95.3148759999999982
 30
0
 11
154.0281300000000044
 21
-95.3533889999999928
 31
0
  0
LINE
  5
125
330
1A
100
AcDbEntity
  8
B.Cu
  6
CONTINUOUS
100
AcDbLine
 10
154.0281300000000044
 20
-95.3533889999999928
 30
0
 11
154.1569939999999974
 21
-95.42778899999999
 31
0
  0
LINE
  5
126
330
1A
100
AcDbEntity
  8
B.Cu
  6
CONTINUOUS
100
AcDbLine
 10
154.1569939999999974
 20
-95.42778899999999
 30
0
 11
154.2622109999999793
 21
-95.5330060000000003
 31
0
  0
LINE
  5
127
330
1A
100
AcDbEntity
  8
B.Cu
  6
CONTINUOUS
100
AcDbLine
 10
154.2622109999999793
 20
-95.5330060000000003
 30
0
 11
154.3366110000000049
 21
-95.6618699999999933
 31
0
  0
LINE
  5
128
330
1A
100
AcDbEntity
  8
B.Cu
  6
CONTINUOUS
100
AcDbLine
 10
154.3366110000000049
 20
-95.6618699999999933
 30
0
 11
154.3751239999999996
 21
-95.8055999999999983
 31
0
  0
LINE
  5
129
330
1A
100
AcDbEntity
  8
B.Cu
  6
CONTINUOUS
100
AcDbLine
 10
154.3751239999999996
 20
-95.8055999999999983
 30
0
 11
154.3751239999999996
 21
-95.9543999999999926
 31
0
  0
LINE
  5
12A
330
1A
100
AcDbEntity
  8
B.Cu
  6
CONTINUOUS
100
AcDbLine
 10
154.3751239999999996
 20
-95.9543999999999926
 30
0
 11
154.3366110000000049
 21
-96.0981299999999976
 31
0
  0
LINE
  5
12B
330
1A
100
AcDbEntity
  8
B.Cu
  6
CONTINUOUS
100
AcDbLine
 10
154.3366110000000049
 20
-96.0981299999999976
 30
0
 11
154.2622109999999793
 21
-96.2269939999999906
 31
0
  0
LINE
  5
12C
330
1A
100
AcDbEntity
  8
B.Cu
  6
CONTINUOUS
100
AcDbLine
 10
154.2622109999999793
 20
-96.2269939999999906
 30
0
 11
154.1569939999999974
 21
-96.3322110000000009
 31
0
  0
LINE
  5
12D
330
1A
100
AcDbEntity
  8
B.Cu
  6
CONTINUOUS
100
AcDbLine
 10
154.1569939999999974
 20
-96.3322110000000009
 30
0
 11
154.1099999999999852
 21
-96.3593429999999955
 31
0
  0
LINE
  5
12E
330
1A
100
AcDbEntity
  8
B.Cu
  6
CONTINUOUS
100
AcDbLine
 10
154.1099999999999852
 20
-96.3593429999999955
 30
0
 11
154.1099999999999852
 21
-97.1857359999999915
 31
0
  0
LINE
  5
12F
330
1A
100
AcDbEntity
  8
B.Cu
  6
CONTINUOUS
100
AcDbLine
 10
154.1099999999999852
 20
-97.1857359999999915
 30
0
 11
155.292131999999981
 21
-98.3678680000000014
 31
0
  0
LINE
  5
130
330
1A
100
AcDbEntity
  8
B.Cu
  6
CONTINUOUS
100
AcDbLine
 10
155.292131999999981
 20
-98.3678680000000014
 30
0
 11
155.3180059999999969
 21
-98.3973719999999901
 31
0
  0
LINE
  5
131
330
1A
100
AcDbEntity
  8
B.Cu
  6
CONTINUOUS
100
AcDbLine
 10
155.3180059999999969
 20
-98.3973719999999901
 30
0
 11
155.3571639999999832
 21
-98.4651949999999943
 31
0
  0
LINE
  5
132
330
1A
100
AcDbEntity
  8
B.Cu
  6
CONTINUOUS
100
AcDbLine
 10
155.3571639999999832
 20
-98.4651949999999943
 30
0
 11
155.3774329999999964
 21
-98.5408419999999978
 31
0
  0
LINE
  5
133
330
1A
100
AcDbEntity
  8
B.Cu
  6
CONTINUOUS
100
AcDbLine
 10
155.3774329999999964
 20
-98.5408419999999978
 30
0
 11
155.3799999999999955
 21
-98.5799999999999983
 31
0
  0
LINE
  5
134
330
1A
100
AcDbEntity
  8
B.Cu
  6
CONTINUOUS
100
AcDbLine
 10
155.3799999999999955
 20
-98.5799999999999983
 30
0
 11
155.3799999999999955
 21
-108.4200000000000017
 31
0
  0
LINE
  5
135
330
1A
100
AcDbEntity
  8
B.Cu
  6
CONTINUOUS
100
AcDbLine
 10
155.3799999999999955
 20
-108.4200000000000017
 30
0
 11
155.3774329999999964
 21
-108.4591580000000022
 31
0
  0
LINE
  5
136
330
1A
100
AcDbEntity
  8
B.Cu
  6
CONTINUOUS
100
AcDbLine
 10
155.3774329999999964
 20
-108.4591580000000022
 30
0
 11
155.3571639999999832
 21
-108.5348049999999915
 31
0
  0
LINE
  5
137
330
1A
100
AcDbEntity
  8
B.Cu
  6
CONTINUOUS
100
AcDbLine
 10
155.3571639999999832
 20
-108.5348049999999915
 30
0
 11
155.3180059999999969
 21
-108.6026279999999957
 31
0
  0
LINE
  5
138
330
1A
100
AcDbEntity
  8
B.Cu
  6
CONTINUOUS
100
AcDbLine
 10
155.3180059999999969
 20
-108.6026279999999957
 30
0
 11
155.2800000000000011
 21
-108.6406339999999915
 31
0
  0
LINE
  5
139
330
1A
100
AcDbEntity
  8
B.Cu
  6
CONTINUOUS
100
AcDbLine
 10
155.2800000000000011
 20
-108.6406339999999915
 30
0
 11
155.2800000000000011
 21
-111.5632090000000005
 31
0
  0
LINE
  5
13A
330
1A
100
AcDbEntity
  8
B.Cu
  6
CONTINUOUS
100
AcDbLine
 10
155.2800000000000011
 20
-111.5632090000000005
 30
0
 11
156.4178459999999973
 21
-112.7010549999999967
 31
0
  0
LINE
  5
13B
330
1A
100
AcDbEntity
  8
B.Cu
  6
CONTINUOUS
100
AcDbLine
 10
156.4178459999999973
 20
-112.7010549999999967
 30
0
 11
156.4339479999999867
 21
-112.6999999999999886
 31
0
  0
LINE
  5
13C
330
1A
100
AcDbEntity
  8
B.Cu
  6
CONTINUOUS
100
AcDbLine
 10
156.4339479999999867
 20
-112.6999999999999886
 30
0
 11
160.3757359999999892
 21
-112.6999999999999886
 31
0
  0
LINE
  5
13D
330
1A
100
AcDbEntity
  8
B.Cu
  6
CONTINUOUS
100
AcDbLine
 10
160.3757359999999892
 20
-112.6999999999999886
 30
0
 11
162.1999999999999886
 21
-110.8757359999999892
 31
0
  0
LINE
  5
13E
330
1A
100
AcDbEntity
  8
B.Cu
  6
CONTINUOUS
100
AcDbLine
 10
162.1999999999999886
 20
-110.8757359999999892
 30
0
 11
162.1999999999999886
 21
-79.6242639999999966
 31
0
  0
LINE
  5
13F
330
1A
100
AcDbEntity
  8
B.Cu
  6
CONTINUOUS
100
AcDbLine
 10
162.1999999999999886
 20
-79.6242639999999966
 30
0
 11
156.3757359999999892
 21
-73.7999999999999972
 31
0
  0
LINE
  5
140
330
1A
100
AcDbEntity
  8
B.Cu
  6
CONTINUOUS
100
AcDbLine
 10
156.3757359999999892
 20
-73.7999999999999972
 30
0
 11
152.1642640000000029
 21
-73.7999999999999972
 31
0
  0
LINE
  5
141
330
1A
100
AcDbEntity
  8
B.Cu
  6
CONTINUOUS
100
AcDbLine
 10
152.1642640000000029
 20
-73.7999999999999972
 30
0
 11
151.2599999999999909
 21
-74.7042639999999949
 31
0
  0
LINE
  5
142
330
1A
100
AcDbEntity
  8
B.Cu
  6
CONTINUOUS
100
AcDbLine
 10
151.2599999999999909
 20
-74.7042639999999949
 30
0
 11
151.2599999999999909
 21
-75.2086609999999922
 31
0
  0
LINE
  5
143
330
1A
100
AcDbEntity
  8
B.Cu
  6
CONTINUOUS
100
AcDbLine
 10
151.2599999999999909
 20
-75.2086609999999922
 30
0
 11
151.3606869999999844
 21
-75.2503669999999971
 31
0
  0
LINE
  5
144
330
1A
100
AcDbEntity
  8
B.Cu
  6
CONTINUOUS
100
AcDbLine
 10
151.3606869999999844
 20
-75.2503669999999971
 30
0
 11
151.4992340000000013
 21
-75.3429409999999962
 31
0
  0
LINE
  5
145
330
1A
100
AcDbEntity
  8
B.Cu
  6
CONTINUOUS
100
AcDbLine
 10
151.4992340000000013
 20
-75.3429409999999962
 30
0
 11
151.6170589999999834
 21
-75.4607659999999925
 31
0
  0
LINE
  5
146
330
1A
100
AcDbEntity
  8
B.Cu
  6
CONTINUOUS
100
AcDbLine
 10
151.6170589999999834
 20
-75.4607659999999925
 30
0
 11
151.7096329999999966
 21
-75.5993129999999951
 31
0
  0
LINE
  5
147
330
1A
100
AcDbEntity
  8
B.Cu
  6
CONTINUOUS
100
AcDbLine
 10
151.7096329999999966
 20
-75.5993129999999951
 30
0
 11
151.7733989999999835
 21
-75.7532580000000024
 31
0
  0
LINE
  5
148
330
1A
100
AcDbEntity
  8
B.Cu
  6
CONTINUOUS
100
AcDbLine
 10
151.7733989999999835
 20
-75.7532580000000024
 30
0
 11
151.8059069999999906
 21
-75.9166850000000011
 31
0
  0
LINE
  5
149
330
1A
100
AcDbEntity
  8
B.Cu
  6
CONTINUOUS
100
AcDbLine
 10
151.8059069999999906
 20
-75.9166850000000011
 30
0
 11
151.8059069999999906
 21
-76.0833149999999989
 31
0
  0
LINE
  5
14A
330
1A
100
AcDbEntity
  8
B.Cu
  6
CONTINUOUS
100
AcDbLine
 10
151.8059069999999906
 20
-76.0833149999999989
 30
0
 11
151.7733989999999835
 21
-76.2467419999999976
 31
0
  0
LINE
  5
14B
330
1A
100
AcDbEntity
  8
B.Cu
  6
CONTINUOUS
100
AcDbLine
 10
151.7733989999999835
 20
-76.2467419999999976
 30
0
 11
151.7096329999999966
 21
-76.4006869999999907
 31
0
  0
LINE
  5
14C
330
1A
100
AcDbEntity
  8
B.Cu
  6
CONTINUOUS
100
AcDbLine
 10
151.7096329999999966
 20
-76.4006869999999907
 30
0
 11
151.6170589999999834
 21
-76.5392339999999933
 31
0
  0
LINE
  5
14D
330
1A
100
AcDbEntity
  8
B.Cu
  6
CONTINUOUS
100
AcDbLine
 10
151.6170589999999834
 20
-76.5392339999999933
 30
0
 11
151.4992340000000013
 21
-76.6570589999999896
 31
0
  0
LINE
  5
14E
330
1A
100
AcDbEntity
  8
B.Cu
  6
CONTINUOUS
100
AcDbLine
 10
151.4992340000000013
 20
-76.6570589999999896
 30
0
 11
151.3606869999999844
 21
-76.7496330000000029
 31
0
  0
LINE
  5
14F
330
1A
100
AcDbEntity
  8
B.Cu
  6
CONTINUOUS
100
AcDbLine
 10
151.3606869999999844
 20
-76.7496330000000029
 30
0
 11
151.2067419999999913
 21
-76.8133989999999898
 31
0
  0
LINE
  5
150
330
1A
100
AcDbEntity
  8
B.Cu
  6
CONTINUOUS
100
AcDbLine
 10
151.2067419999999913
 20
-76.8133989999999898
 30
0
 11
151.0433150000000069
 21
-76.8459069999999969
 31
0
  0
LINE
  5
151
330
1A
100
AcDbEntity
  8
B.Cu
  6
CONTINUOUS
100
AcDbLine
 10
151.0433150000000069
 20
-76.8459069999999969
 30
0
 11
150.8766849999999806
 21
-76.8459069999999969
 31
0
  0
LINE
  5
152
330
1A
100
AcDbEntity
  8
B.Cu
  6
CONTINUOUS
100
AcDbLine
 10
150.8766849999999806
 20
-76.8459069999999969
 30
0
 11
150.7132579999999962
 21
-76.8133989999999898
 31
0
  0
LINE
  5
153
330
1A
100
AcDbEntity
  8
B.Cu
  6
CONTINUOUS
100
AcDbLine
 10
150.7132579999999962
 20
-76.8133989999999898
 30
0
 11
150.5593130000000031
 21
-76.7496330000000029
 31
0
  0
LINE
  5
154
330
1A
100
AcDbEntity
  8
B.Cu
  6
CONTINUOUS
100
AcDbLine
 10
150.5593130000000031
 20
-76.7496330000000029
 30
0
 11
150.4207659999999862
 21
-76.6570589999999896
 31
0
  0
LINE
  5
155
330
1A
100
AcDbEntity
  8
B.Cu
  6
CONTINUOUS
100
AcDbLine
 10
150.4207659999999862
 20
-76.6570589999999896
 30
0
 11
150.3029410000000041
 21
-76.5392339999999933
 31
0
  0
LINE
  5
156
330
1A
100
AcDbEntity
  8
B.Cu
  6
CONTINUOUS
100
AcDbLine
 10
150.3029410000000041
 20
-76.5392339999999933
 30
0
 11
150.2103669999999909
 21
-76.4006869999999907
 31
0
  0
LINE
  5
157
330
1A
100
AcDbEntity
  8
B.Cu
  6
CONTINUOUS
100
AcDbLine
 10
150.2103669999999909
 20
-76.4006869999999907
 30
0
 11
150.146601000000004
 21
-76.2467419999999976
 31
0
  0
LINE
  5
158
330
1A
100
AcDbEntity
  8
B.Cu
  6
CONTINUOUS
100
AcDbLine
 10
150.146601000000004
 20
-76.2467419999999976
 30
0
 11
150.1140929999999969
 21
-76.0833149999999989
 31
0
  0
LINE
  5
159
330
1A
100
AcDbEntity
  8
B.Cu
  6
CONTINUOUS
100
AcDbLine
 10
150.1140929999999969
 20
-76.0833149999999989
 30
0
 11
150.1140929999999969
 21
-75.9166850000000011
 31
0
  0
LINE
  5
15A
330
1A
100
AcDbEntity
  8
B.Cu
  6
CONTINUOUS
100
AcDbLine
 10
150.1140929999999969
 20
-75.9166850000000011
 30
0
 11
150.146601000000004
 21
-75.7532580000000024
 31
0
  0
LINE
  5
15B
330
1A
100
AcDbEntity
  8
B.Cu
  6
CONTINUOUS
100
AcDbLine
 10
150.146601000000004
 20
-75.7532580000000024
 30
0
 11
150.2103669999999909
 21
-75.5993129999999951
 31
0
  0
LINE
  5
15C
330
1A
100
AcDbEntity
  8
B.Cu
  6
CONTINUOUS
100
AcDbLine
 10
150.2103669999999909
 20
-75.5993129999999951
 30
0
 11
150.3029410000000041
 21
-75.4607659999999925
 31
0
  0
LINE
  5
15D
330
1A
100
AcDbEntity
  8
B.Cu
  6
CONTINUOUS
100
AcDbLine
 10
150.3029410000000041
 20
-75.4607659999999925
 30
0
 11
150.4207659999999862
 21
-75.3429409999999962
 31
0
  0
LINE
  5
15E
330
1A
100
AcDbEntity
  8
B.Cu
  6
CONTINUOUS
100
AcDbLine
 10
150.4207659999999862
 20
-75.3429409999999962
 30
0
 11
150.5593130000000031
 21
-75.2503669999999971
 31
0
  0
LINE
  5
15F
330
1A
100
AcDbEntity
  8
B.Cu
  6
CONTINUOUS
100
AcDbLine
 10
150.5593130000000031
 20
-75.2503669999999971
 30
0
 11
150.6599999999999966
 21
-75.2086609999999922
 31
0
  0
LINE
  5
160
330
1A
100
AcDbEntity
  8
B.Cu
  6
CONTINUOUS
100
AcDbLine
 10
150.6599999999999966
 20
-75.2086609999999922
 30
0
 11
150.6599999999999966
 21
-74.5799999999999983
 31
0
  0
LINE
  5
161
330
1A
100
AcDbEntity
  8
B.Cu
  6
CONTINUOUS
100
AcDbLine
 10
150.6599999999999966
 20
-74.5799999999999983
 30
0
 11
150.6625669999999957
 21
-74.5408419999999978
 31
0
  0
LINE
  5
162
330
1A
100
AcDbEntity
  8
B.Cu
  6
CONTINUOUS
100
AcDbLine
 10
150.6625669999999957
 20
-74.5408419999999978
 30
0
 11
150.6828359999999805
 21
-74.4651949999999943
 31
0
  0
LINE
  5
163
330
1A
100
AcDbEntity
  8
B.Cu
  6
CONTINUOUS
100
AcDbLine
 10
150.6828359999999805
 20
-74.4651949999999943
 30
0
 11
150.7219939999999951
 21
-74.3973719999999901
 31
0
  0
LINE
  5
164
330
1A
100
AcDbEntity
  8
B.Cu
  6
CONTINUOUS
100
AcDbLine
 10
150.7219939999999951
 20
-74.3973719999999901
 30
0
 11
150.7478679999999827
 21
-74.3678680000000014
 31
0
  0
LINE
  5
165
330
1A
100
AcDbEntity
  8
B.Cu
  6
CONTINUOUS
100
AcDbLine
 10
150.7478679999999827
 20
-74.3678680000000014
 30
0
 11
151.8278679999999952
 21
-73.2878680000000031
 31
0
  0
LINE
  5
166
330
1A
100
AcDbEntity
  8
B.Cu
  6
CONTINUOUS
100
AcDbLine
 10
151.8278679999999952
 20
-73.2878680000000031
 30
0
 11
151.857371999999998
 21
-73.2619940000000014
 31
0
  0
LINE
  5
167
330
1A
100
AcDbEntity
  8
B.Cu
  6
CONTINUOUS
100
AcDbLine
 10
151.857371999999998
 20
-73.2619940000000014
 30
0
 11
151.9251950000000022
 21
-73.2228360000000009
 31
0
  0
LINE
  5
168
330
1A
100
AcDbEntity
  8
B.Cu
  6
CONTINUOUS
100
AcDbLine
 10
151.9251950000000022
 20
-73.2228360000000009
 30
0
 11
152.0008420000000058
 21
-73.2025670000000019
 31
0
  0
LINE
  5
169
330
1A
100
AcDbEntity
  8
B.Cu
  6
CONTINUOUS
100
AcDbLine
 10
152.0008420000000058
 20
-73.2025670000000019
 30
0
 11
152.039999999999992
 21
-73.2000000000000028
 31
0
  0
LINE
  5
16A
330
1A
100
AcDbEntity
  8
B.Cu
  6
CONTINUOUS
100
AcDbLine
 10
152.039999999999992
 20
-73.2000000000000028
 30
0
 11
156.5
 21
-73.2000000000000028
 31
0
  0
LINE
  5
16B
330
1A
100
AcDbEntity
  8
B.Cu
  6
CONTINUOUS
100
AcDbLine
 10
156.5
 20
-73.2000000000000028
 30
0
 11
156.5391579999999863
 21
-73.2025670000000019
 31
0
  0
LINE
  5
16C
330
1A
100
AcDbEntity
  8
B.Cu
  6
CONTINUOUS
100
AcDbLine
 10
148.6667419999999993
 20
-77.7266010000000023
 30
0
 11
148.8206869999999924
 21
-77.7903670000000034
 31
0
  0
LINE
  5
16D
330
1A
100
AcDbEntity
  8
B.Cu
  6
CONTINUOUS
100
AcDbLine
 10
148.8206869999999924
 20
-77.7903670000000034
 30
0
 11
148.9592339999999808
 21
-77.8829410000000024
 31
0
  0
LINE
  5
16E
330
1A
100
AcDbEntity
  8
B.Cu
  6
CONTINUOUS
100
AcDbLine
 10
148.9592339999999808
 20
-77.8829410000000024
 30
0
 11
149.0770589999999913
 21
-78.0007659999999987
 31
0
  0
LINE
  5
16F
330
1A
100
AcDbEntity
  8
B.Cu
  6
CONTINUOUS
100
AcDbLine
 10
149.0770589999999913
 20
-78.0007659999999987
 30
0
 11
149.1696330000000046
 21
-78.1393130000000014
 31
0
  0
LINE
  5
170
330
1A
100
AcDbEntity
  8
B.Cu
  6
CONTINUOUS
100
AcDbLine
 10
149.1696330000000046
 20
-78.1393130000000014
 30
0
 11
149.2333989999999915
 21
-78.2932579999999945
 31
0
  0
LINE
  5
171
330
1A
100
AcDbEntity
  8
B.Cu
  6
CONTINUOUS
100
AcDbLine
 10
149.2333989999999915
 20
-78.2932579999999945
 30
0
 11
149.2659069999999986
 21
-78.4566849999999931
 31
0
  0
LINE
  5
172
330
1A
100
AcDbEntity
  8
B.Cu
  6
CONTINUOUS
100
AcDbLine
 10
149.2659069999999986
 20
-78.4566849999999931
 30
0
 11
149.2659069999999986
 21
-78.623314999999991
 31
0
  0
LINE
  5
173
330
1A
100
AcDbEntity
  8
B.Cu
  6
CONTINUOUS
100
AcDbLine
 10
149.2659069999999986
 20
-78.623314999999991
 30
0
 11
149.2333989999999915
 21
-78.7867419999999896
 31
0
  0
LINE
  5
174
330
1A
100
AcDbEntity
  8
B.Cu
  6
CONTINUOUS
100
AcDbLine
 10
149.2333989999999915
 20
-78.7867419999999896
 30
0
 11
149.1696330000000046
 21
-78.9406869999999969
 31
0
  0
LINE
  5
175
330
1A
100
AcDbEntity
  8
B.Cu
  6
CONTINUOUS
100
AcDbLine
 10
149.1696330000000046
 20
-78.9406869999999969
 30
0
 11
149.0770589999999913
 21
-79.0792339999999996
 31
0
  0
LINE
  5
176
330
1A
100
AcDbEntity
  8
B.Cu
  6
CONTINUOUS
100
AcDbLine
 10
149.0770589999999913
 20
-79.0792339999999996
 30
0
 11
148.9592339999999808
 21
-79.1970589999999959
 31
0
  0
LINE
  5
177
330
1A
100
AcDbEntity
  8
B.Cu
  6
CONTINUOUS
100
AcDbLine
 10
148.9592339999999808
 20
-79.1970589999999959
 30
0
 11
148.8206869999999924
 21
-79.2896329999999949
 31
0
  0
LINE
  5
178
330
1A
100
AcDbEntity
  8
B.Cu
  6
CONTINUOUS
100
AcDbLine
 10
148.8206869999999924
 20
-79.2896329999999949
 30
0
 11
148.7999999999999829
 21
-79.2982009999999917
 31
0
  0
LINE
  5
179
330
1A
100
AcDbEntity
  8
B.Cu
  6
CONTINUOUS
100
AcDbLine
 10
148.7999999999999829
 20
-79.2982009999999917
 30
0
 11
148.7999999999999829
 21
-80.8757360000000034
 31
0
  0
LINE
  5
17A
330
1A
100
AcDbEntity
  8
B.Cu
  6
CONTINUOUS
100
AcDbLine
 10
148.7999999999999829
 20
-80.8757360000000034
 30
0
 11
150.2121319999999969
 21
-82.2878680000000031
 31
0
  0
LINE
  5
17B
330
1A
100
AcDbEntity
  8
B.Cu
  6
CONTINUOUS
100
AcDbLine
 10
150.2121319999999969
 20
-82.2878680000000031
 30
0
 11
150.2380059999999844
 21
-82.3173719999999918
 31
0
  0
LINE
  5
17C
330
1A
100
AcDbEntity
  8
B.Cu
  6
CONTINUOUS
100
AcDbLine
 10
150.2380059999999844
 20
-82.3173719999999918
 30
0
 11
150.2771639999999991
 21
-82.385194999999996
 31
0
  0
LINE
  5
17D
330
1A
100
AcDbEntity
  8
B.Cu
  6
CONTINUOUS
100
AcDbLine
 10
150.2771639999999991
 20
-82.385194999999996
 30
0
 11
150.2974329999999838
 21
-82.4608419999999995
 31
0
  0
LINE
  5
17E
330
1A
100
AcDbEntity
  8
B.Cu
  6
CONTINUOUS
100
AcDbLine
 10
150.2974329999999838
 20
-82.4608419999999995
 30
0
 11
150.2999999999999829
 21
-82.5
 31
0
  0
LINE
  5
17F
330
1A
100
AcDbEntity
  8
B.Cu
  6
CONTINUOUS
100
AcDbLine
 10
150.2999999999999829
 20
-82.5
 30
0
 11
150.2999999999999829
 21
-94.3539480000000026
 31
0
  0
LINE
  5
180
330
1A
100
AcDbEntity
  8
B.Cu
  6
CONTINUOUS
100
AcDbLine
 10
150.2999999999999829
 20
-94.3539480000000026
 30
0
 11
150.2974329999999838
 21
-94.3931059999999889
 31
0
  0
LINE
  5
181
330
1A
100
AcDbEntity
  8
B.Cu
  6
CONTINUOUS
100
AcDbLine
 10
150.2974329999999838
 20
-94.3931059999999889
 30
0
 11
150.2771639999999991
 21
-94.4687529999999924
 31
0
  0
LINE
  5
182
330
1A
100
AcDbEntity
  8
B.Cu
  6
CONTINUOUS
100
AcDbLine
 10
150.2771639999999991
 20
-94.4687529999999924
 30
0
 11
150.2380059999999844
 21
-94.5365759999999966
 31
0
  0
LINE
  5
183
330
1A
100
AcDbEntity
  8
B.Cu
  6
CONTINUOUS
100
AcDbLine
 10
150.2380059999999844
 20
-94.5365759999999966
 30
0
 11
150.1999999999999886
 21
-94.5745819999999924
 31
0
  0
LINE
  5
184
330
1A
100
AcDbEntity
  8
B.Cu
  6
CONTINUOUS
100
AcDbLine
 10
150.1999999999999886
 20
-94.5745819999999924
 30
0
 11
150.1999999999999886
 21
-97.1854179999999985
 31
0
  0
LINE
  5
185
330
1A
100
AcDbEntity
  8
B.Cu
  6
CONTINUOUS
100
AcDbLine
 10
150.1999999999999886
 20
-97.1854179999999985
 30
0
 11
150.2380059999999844
 21
-97.2234239999999943
 31
0
  0
LINE
  5
186
330
1A
100
AcDbEntity
  8
B.Cu
  6
CONTINUOUS
100
AcDbLine
 10
150.2380059999999844
 20
-97.2234239999999943
 30
0
 11
150.2771639999999991
 21
-97.2912469999999985
 31
0
  0
LINE
  5
187
330
1A
100
AcDbEntity
  8
B.Cu
  6
CONTINUOUS
100
AcDbLine
 10
150.2771639999999991
 20
-97.2912469999999985
 30
0
 11
150.2974329999999838
 21
-97.3668940000000021
 31
0
  0
LINE
  5
188
330
1A
100
AcDbEntity
  8
B.Cu
  6
CONTINUOUS
100
AcDbLine
 10
150.2974329999999838
 20
-97.3668940000000021
 30
0
 11
150.2999999999999829
 21
-97.4060520000000025
 31
0
  0
LINE
  5
189
330
1A
100
AcDbEntity
  8
B.Cu
  6
CONTINUOUS
100
AcDbLine
 10
150.2999999999999829
 20
-97.4060520000000025
 30
0
 11
150.2999999999999829
 21
-100.
 31
0
  0
LINE
  5
18A
330
1A
100
AcDbEntity
  8
B.Cu
  6
CONTINUOUS
100
AcDbLine
 10
150.2999999999999829
 20
-100.
 30
0
 11
150.2974329999999838
 21
-100.0391580000000005
 31
0
  0
LINE
  5
18B
330
1A
100
AcDbEntity
  8
B.Cu
  6
CONTINUOUS
100
AcDbLine
 10
150.2974329999999838
 20
-100.0391580000000005
 30
0
 11
150.2771639999999991
 21
-100.1148049999999898
 31
0
  0
LINE
  5
18C
330
1A
100
AcDbEntity
  8
B.Cu
  6
CONTINUOUS
100
AcDbLine
 10
150.2771639999999991
 20
-100.1148049999999898
 30
0
 11
150.2380059999999844
 21
-100.182627999999994
 31
0
  0
LINE
  5
18D
330
1A
100
AcDbEntity
  8
B.Cu
  6
CONTINUOUS
100
AcDbLine
 10
150.2380059999999844
 20
-100.182627999999994
 30
0
 11
150.2121319999999969
 21
-100.2121319999999969
 31
0
  0
LINE
  5
18E
330
1A
100
AcDbEntity
  8
B.Cu
  6
CONTINUOUS
100
AcDbLine
 10
150.2121319999999969
 20
-100.2121319999999969
 30
0
 11
141.4099999999999966
 21
-109.0142639999999972
 31
0
  0
LINE
  5
18F
330
1A
100
AcDbEntity
  8
B.Cu
  6
CONTINUOUS
100
AcDbLine
 10
141.4099999999999966
 20
-109.0142639999999972
 30
0
 11
141.4099999999999966
 21
-110.6406559999999928
 31
0
  0
LINE
  5
190
330
1A
100
AcDbEntity
  8
B.Cu
  6
CONTINUOUS
100
AcDbLine
 10
141.4099999999999966
 20
-110.6406559999999928
 30
0
 11
141.4569939999999804
 21
-110.6677889999999991
 31
0
  0
LINE
  5
191
330
1A
100
AcDbEntity
  8
B.Cu
  6
CONTINUOUS
100
AcDbLine
 10
141.4569939999999804
 20
-110.6677889999999991
 30
0
 11
141.5622109999999907
 21
-110.7730059999999952
 31
0
  0
LINE
  5
192
330
1A
100
AcDbEntity
  8
B.Cu
  6
CONTINUOUS
100
AcDbLine
 10
141.5622109999999907
 20
-110.7730059999999952
 30
0
 11
141.6366109999999878
 21
-110.9018699999999882
 31
0
  0
LINE
  5
193
330
1A
100
AcDbEntity
  8
B.Cu
  6
CONTINUOUS
100
AcDbLine
 10
141.6366109999999878
 20
-110.9018699999999882
 30
0
 11
141.6751239999999825
 21
-111.0455999999999932
 31
0
  0
LINE
  5
194
330
1A
100
AcDbEntity
  8
B.Cu
  6
CONTINUOUS
100
AcDbLine
 10
141.6751239999999825
 20
-111.0455999999999932
 30
0
 11
141.6751239999999825
 21
-111.1944000000000017
 31
0
  0
LINE
  5
195
330
1A
100
AcDbEntity
  8
B.Cu
  6
CONTINUOUS
100
AcDbLine
 10
141.6751239999999825
 20
-111.1944000000000017
 30
0
 11
141.6366109999999878
 21
-111.3381299999999925
 31
0
  0
LINE
  5
196
330
1A
100
AcDbEntity
  8
B.Cu
  6
CONTINUOUS
100
AcDbLine
 10
141.6366109999999878
 20
-111.3381299999999925
 30
0
 11
141.5622109999999907
 21
-111.4669939999999997
 31
0
  0
LINE
  5
197
330
1A
100
AcDbEntity
  8
B.Cu
  6
CONTINUOUS
100
AcDbLine
 10
141.5622109999999907
 20
-111.4669939999999997
 30
0
 11
141.4569939999999804
 21
-111.5722109999999958
 31
0
  0
LINE
  5
198
330
1A
100
AcDbEntity
  8
B.Cu
  6
CONTINUOUS
100
AcDbLine
 10
141.4569939999999804
 20
-111.5722109999999958
 30
0
 11
141.3281299999999874
 21
-111.6466109999999929
 31
0
  0
LINE
  5
199
330
1A
100
AcDbEntity
  8
B.Cu
  6
CONTINUOUS
100
AcDbLine
 10
141.3281299999999874
 20
-111.6466109999999929
 30
0
 11
141.1843999999999824
 21
-111.6851240000000018
 31
0
  0
LINE
  5
19A
330
1A
100
AcDbEntity
  8
B.Cu
  6
CONTINUOUS
100
AcDbLine
 10
141.1843999999999824
 20
-111.6851240000000018
 30
0
 11
141.0355999999999881
 21
-111.6851240000000018
 31
0
  0
LINE
  5
19B
330
1A
100
AcDbEntity
  8
B.Cu
  6
CONTINUOUS
100
AcDbLine
 10
141.0355999999999881
 20
-111.6851240000000018
 30
0
 11
140.8918699999999831
 21
-111.6466109999999929
 31
0
  0
LINE
  5
19C
330
1A
100
AcDbEntity
  8
B.Cu
  6
CONTINUOUS
100
AcDbLine
 10
140.8918699999999831
 20
-111.6466109999999929
 30
0
 11
140.7630059999999901
 21
-111.5722109999999958
 31
0
  0
LINE
  5
19D
330
1A
100
AcDbEntity
  8
B.Cu
  6
CONTINUOUS
100
AcDbLine
 10
140.7630059999999901
 20
-111.5722109999999958
 30
0
 11
140.6577889999999798
 21
-111.4669939999999997
 31
0
  0
LINE
  5
19E
330
1A
100
AcDbEntity
  8
B.Cu
  6
CONTINUOUS
100
AcDbLine
 10
140.6577889999999798
 20
-111.4669939999999997
 30
0
 11
140.5833889999999826
 21
-111.3381299999999925
 31
0
  0
LINE
  5
19F
330
1A
100
AcDbEntity
  8
B.Cu
  6
CONTINUOUS
100
AcDbLine
 10
140.5833889999999826
 20
-111.3381299999999925
 30
0
 11
140.5448759999999879
 21
-111.1944000000000017
 31
0
  0
LINE
  5
1A0
330
1A
100
AcDbEntity
  8
B.Cu
  6
CONTINUOUS
100
AcDbLine
 10
140.5448759999999879
 20
-111.1944000000000017
 30
0
 11
140.5448759999999879
 21
-111.0455999999999932
 31
0
  0
LINE
  5
1A1
330
1A
100
AcDbEntity
  8
B.Cu
  6
CONTINUOUS
100
AcDbLine
 10
140.5448759999999879
 20
-111.0455999999999932
 30
0
 11
140.5833889999999826
 21
-110.9018699999999882
 31
0
  0
LINE
  5
1A2
330
1A
100
AcDbEntity
  8
B.Cu
  6
CONTINUOUS
100
AcDbLine
 10
140.5833889999999826
 20
-110.9018699999999882
 30
0
 11
140.6577889999999798
 21
-110.7730059999999952
 31
0
  0
LINE
  5
1A3
330
1A
100
AcDbEntity
  8
B.Cu
  6
CONTINUOUS
100
AcDbLine
 10
140.6577889999999798
 20
-110.7730059999999952
 30
0
 11
140.7630059999999901
 21
-110.6677889999999991
 31
0
  0
LINE
  5
1A4
330
1A
100
AcDbEntity
  8
B.Cu
  6
CONTINUOUS
100
AcDbLine
 10
140.7630059999999901
 20
-110.6677889999999991
 30
0
 11
140.8100000000000023
 21
-110.6406559999999928
 31
0
  0
LINE
  5
1A5
330
1A
100
AcDbEntity
  8
B.Cu
  6
CONTINUOUS
100
AcDbLine
 10
140.8100000000000023
 20
-110.6406559999999928
 30
0
 11
140.8100000000000023
 21
-108.8900000000000006
 31
0
  0
LINE
  5
1A6
330
1A
100
AcDbEntity
  8
B.Cu
  6
CONTINUOUS
100
AcDbLine
 10
140.8100000000000023
 20
-108.8900000000000006
 30
0
 11
140.8125670000000014
 21
-108.8508420000000001
 31
0
  0
LINE
  5
1A7
330
1A
100
AcDbEntity
  8
B.Cu
  6
CONTINUOUS
100
AcDbLine
 10
140.8125670000000014
 20
-108.8508420000000001
 30
0
 11
140.8328359999999861
 21
-108.7751949999999965
 31
0
  0
LINE
  5
1A8
330
1A
100
AcDbEntity
  8
B.Cu
  6
CONTINUOUS
100
AcDbLine
 10
140.8328359999999861
 20
-108.7751949999999965
 30
0
 11
140.8719940000000008
 21
-108.7073719999999923
 31
0
  0
LINE
  5
1A9
330
1A
100
AcDbEntity
  8
B.Cu
  6
CONTINUOUS
100
AcDbLine
 10
140.8719940000000008
 20
-108.7073719999999923
 30
0
 11
140.8978679999999883
 21
-108.6778679999999895
 31
0
  0
LINE
  5
1AA
330
1A
100
AcDbEntity
  8
B.Cu
  6
CONTINUOUS
100
AcDbLine
 10
140.8978679999999883
 20
-108.6778679999999895
 30
0
 11
149.6999999999999886
 21
-99.8757359999999892
 31
0
  0
LINE
  5
1AB
330
1A
100
AcDbEntity
  8
B.Cu
  6
CONTINUOUS
100
AcDbLine
 10
149.6999999999999886
 20
-99.8757359999999892
 30
0
 11
149.6999999999999886
 21
-97.4060520000000025
 31
0
  0
LINE
  5
1AC
330
1A
100
AcDbEntity
  8
B.Cu
  6
CONTINUOUS
100
AcDbLine
 10
149.6999999999999886
 20
-97.4060520000000025
 30
0
 11
149.7025669999999877
 21
-97.3668940000000021
 31
0
  0
LINE
  5
1AD
330
1A
100
AcDbEntity
  8
B.Cu
  6
CONTINUOUS
100
AcDbLine
 10
149.7025669999999877
 20
-97.3668940000000021
 30
0
 11
149.7228360000000009
 21
-97.2912469999999985
 31
0
  0
LINE
  5
1AE
330
1A
100
AcDbEntity
  8
B.Cu
  6
CONTINUOUS
100
AcDbLine
 10
149.7228360000000009
 20
-97.2912469999999985
 30
0
 11
149.7619939999999872
 21
-97.2234239999999943
 31
0
  0
LINE
  5
1AF
330
1A
100
AcDbEntity
  8
B.Cu
  6
CONTINUOUS
100
AcDbLine
 10
149.7619939999999872
 20
-97.2234239999999943
 30
0
 11
149.7999999999999829
 21
-97.1854179999999985
 31
0
  0
LINE
  5
1B0
330
1A
100
AcDbEntity
  8
B.Cu
  6
CONTINUOUS
100
AcDbLine
 10
149.7999999999999829
 20
-97.1854179999999985
 30
0
 11
149.7999999999999829
 21
-94.5745819999999924
 31
0
  0
LINE
  5
1B1
330
1A
100
AcDbEntity
  8
B.Cu
  6
CONTINUOUS
100
AcDbLine
 10
149.7999999999999829
 20
-94.5745819999999924
 30
0
 11
149.7619939999999872
 21
-94.5365759999999966
 31
0
  0
LINE
  5
1B2
330
1A
100
AcDbEntity
  8
B.Cu
  6
CONTINUOUS
100
AcDbLine
 10
149.7619939999999872
 20
-94.5365759999999966
 30
0
 11
149.7228360000000009
 21
-94.4687529999999924
 31
0
  0
LINE
  5
1B3
330
1A
100
AcDbEntity
  8
B.Cu
  6
CONTINUOUS
100
AcDbLine
 10
149.7228360000000009
 20
-94.4687529999999924
 30
0
 11
149.7025669999999877
 21
-94.3931059999999889
 31
0
  0
LINE
  5
1B4
330
1A
100
AcDbEntity
  8
B.Cu
  6
CONTINUOUS
100
AcDbLine
 10
149.7025669999999877
 20
-94.3931059999999889
 30
0
 11
149.6999999999999886
 21
-94.3539480000000026
 31
0
  0
LINE
  5
1B5
330
1A
100
AcDbEntity
  8
B.Cu
  6
CONTINUOUS
100
AcDbLine
 10
149.6999999999999886
 20
-94.3539480000000026
 30
0
 11
149.6999999999999886
 21
-82.6242639999999966
 31
0
  0
LINE
  5
1B6
330
1A
100
AcDbEntity
  8
B.Cu
  6
CONTINUOUS
100
AcDbLine
 10
149.6999999999999886
 20
-82.6242639999999966
 30
0
 11
148.2878680000000031
 21
-81.2121319999999969
 31
0
  0
LINE
  5
1B7
330
1A
100
AcDbEntity
  8
B.Cu
  6
CONTINUOUS
100
AcDbLine
 10
148.2878680000000031
 20
-81.2121319999999969
 30
0
 11
148.2619939999999872
 21
-81.182627999999994
 31
0
  0
LINE
  5
1B8
330
1A
100
AcDbEntity
  8
B.Cu
  6
CONTINUOUS
100
AcDbLine
 10
148.2619939999999872
 20
-81.182627999999994
 30
0
 11
148.2228360000000009
 21
-81.1148049999999898
 31
0
  0
LINE
  5
1B9
330
1A
100
AcDbEntity
  8
B.Cu
  6
CONTINUOUS
100
AcDbLine
 10
148.2228360000000009
 20
-81.1148049999999898
 30
0
 11
148.2025669999999877
 21
-81.0391580000000005
 31
0
  0
LINE
  5
1BA
330
1A
100
AcDbEntity
  8
B.Cu
  6
CONTINUOUS
100
AcDbLine
 10
148.2025669999999877
 20
-81.0391580000000005
 30
0
 11
148.1999999999999886
 21
-81.
 31
0
  0
LINE
  5
1BB
330
1A
100
AcDbEntity
  8
B.Cu
  6
CONTINUOUS
100
AcDbLine
 10
148.1999999999999886
 20
-81.
 30
0
 11
148.1999999999999886
 21
-79.3587179999999961
 31
0
  0
LINE
  5
1BC
330
1A
100
AcDbEntity
  8
B.Cu
  6
CONTINUOUS
100
AcDbLine
 10
148.1999999999999886
 20
-79.3587179999999961
 30
0
 11
148.1732580000000041
 21
-79.353398999999996
 31
0
  0
LINE
  5
1BD
330
1A
100
AcDbEntity
  8
B.Cu
  6
CONTINUOUS
100
AcDbLine
 10
148.1732580000000041
 20
-79.353398999999996
 30
0
 11
148.0193129999999826
 21
-79.2896329999999949
 31
0
  0
LINE
  5
1BE
330
1A
100
AcDbEntity
  8
B.Cu
  6
CONTINUOUS
100
AcDbLine
 10
148.0193129999999826
 20
-79.2896329999999949
 30
0
 11
147.8807659999999942
 21
-79.1970589999999959
 31
0
  0
LINE
  5
1BF
330
1A
100
AcDbEntity
  8
B.Cu
  6
CONTINUOUS
100
AcDbLine
 10
147.8807659999999942
 20
-79.1970589999999959
 30
0
 11
147.7629409999999837
 21
-79.0792339999999996
 31
0
  0
LINE
  5
1C0
330
1A
100
AcDbEntity
  8
B.Cu
  6
CONTINUOUS
100
AcDbLine
 10
147.7629409999999837
 20
-79.0792339999999996
 30
0
 11
147.6703669999999988
 21
-78.9406869999999969
 31
0
  0
LINE
  5
1C1
330
1A
100
AcDbEntity
  8
B.Cu
  6
CONTINUOUS
100
AcDbLine
 10
147.6703669999999988
 20
-78.9406869999999969
 30
0
 11
147.6066009999999835
 21
-78.7867419999999896
 31
0
  0
LINE
  5
1C2
330
1A
100
AcDbEntity
  8
B.Cu
  6
CONTINUOUS
100
AcDbLine
 10
147.6066009999999835
 20
-78.7867419999999896
 30
0
 11
147.5740930000000048
 21
-78.623314999999991
 31
0
  0
LINE
  5
1C3
330
1A
100
AcDbEntity
  8
B.Cu
  6
CONTINUOUS
100
AcDbLine
 10
147.5740930000000048
 20
-78.623314999999991
 30
0
 11
147.5740930000000048
 21
-78.4566849999999931
 31
0
  0
LINE
  5
1C4
330
1A
100
AcDbEntity
  8
B.Cu
  6
CONTINUOUS
100
AcDbLine
 10
147.5740930000000048
 20
-78.4566849999999931
 30
0
 11
147.6066009999999835
 21
-78.2932579999999945
 31
0
  0
LINE
  5
1C5
330
1A
100
AcDbEntity
  8
B.Cu
  6
CONTINUOUS
100
AcDbLine
 10
147.6066009999999835
 20
-78.2932579999999945
 30
0
 11
147.6703669999999988
 21
-78.1393130000000014
 31
0
  0
LINE
  5
1C6
330
1A
100
AcDbEntity
  8
B.Cu
  6
CONTINUOUS
100
AcDbLine
 10
147.6703669999999988
 20
-78.1393130000000014
 30
0
 11
147.7629409999999837
 21
-78.0007659999999987
 31
0
  0
LINE
  5
1C7
330
1A
100
AcDbEntity
  8
B.Cu
  6
CONTINUOUS
100
AcDbLine
 10
147.7629409999999837
 20
-78.0007659999999987
 30
0
 11
147.8807659999999942
 21
-77.8829410000000024
 31
0
  0
LINE
  5
1C8
330
1A
100
AcDbEntity
  8
B.Cu
  6
CONTINUOUS
100
AcDbLine
 10
147.8807659999999942
 20
-77.8829410000000024
 30
0
 11
148.0193129999999826
 21
-77.7903670000000034
 31
0
  0
LINE
  5
1C9
330
1A
100
AcDbEntity
  8
B.Cu
  6
CONTINUOUS
100
AcDbLine
 10
148.0193129999999826
 20
-77.7903670000000034
 30
0
 11
148.1732580000000041
 21
-77.7266010000000023
 31
0
  0
LINE
  5
1CA
330
1A
100
AcDbEntity
  8
B.Cu
  6
CONTINUOUS
100
AcDbLine
 10
148.1732580000000041
 20
-77.7266010000000023
 30
0
 11
148.3366849999999886
 21
-77.6940929999999952
 31
0
  0
LINE
  5
1CB
330
1A
100
AcDbEntity
  8
B.Cu
  6
CONTINUOUS
100
AcDbLine
 10
148.3366849999999886
 20
-77.6940929999999952
 30
0
 11
148.5033149999999864
 21
-77.6940929999999952
 31
0
  0
LINE
  5
1CC
330
1A
100
AcDbEntity
  8
B.Cu
  6
CONTINUOUS
100
AcDbLine
 10
148.5033149999999864
 20
-77.6940929999999952
 30
0
 11
148.6667419999999993
 21
-77.7266010000000023
 31
0
  0
LINE
  5
1CD
330
1A
100
AcDbEntity
  8
B.Cu
  6
CONTINUOUS
100
AcDbLine
 10
151.2067419999999913
 20
-77.7266010000000023
 30
0
 11
151.3606869999999844
 21
-77.7903670000000034
 31
0
  0
LINE
  5
1CE
330
1A
100
AcDbEntity
  8
B.Cu
  6
CONTINUOUS
100
AcDbLine
 10
151.3606869999999844
 20
-77.7903670000000034
 30
0
 11
151.4992340000000013
 21
-77.8829410000000024
 31
0
  0
LINE
  5
1CF
330
1A
100
AcDbEntity
  8
B.Cu
  6
CONTINUOUS
100
AcDbLine
 10
151.4992340000000013
 20
-77.8829410000000024
 30
0
 11
151.6170589999999834
 21
-78.0007659999999987
 31
0
  0
LINE
  5
1D0
330
1A
100
AcDbEntity
  8
B.Cu
  6
CONTINUOUS
100
AcDbLine
 10
151.6170589999999834
 20
-78.0007659999999987
 30
0
 11
151.7096329999999966
 21
-78.1393130000000014
 31
0
  0
LINE
  5
1D1
330
1A
100
AcDbEntity
  8
B.Cu
  6
CONTINUOUS
100
AcDbLine
 10
151.7096329999999966
 20
-78.1393130000000014
 30
0
 11
151.7733989999999835
 21
-78.2932579999999945
 31
0
  0
LINE
  5
1D2
330
1A
100
AcDbEntity
  8
B.Cu
  6
CONTINUOUS
100
AcDbLine
 10
151.7733989999999835
 20
-78.2932579999999945
 30
0
 11
151.8059069999999906
 21
-78.4566849999999931
 31
0
  0
LINE
  5
1D3
330
1A
100
AcDbEntity
  8
B.Cu
  6
CONTINUOUS
100
AcDbLine
 10
151.8059069999999906
 20
-78.4566849999999931
 30
0
 11
151.8059069999999906
 21
-78.623314999999991
 31
0
  0
LINE
  5
1D4
330
1A
100
AcDbEntity
  8
B.Cu
  6
CONTINUOUS
100
AcDbLine
 10
151.8059069999999906
 20
-78.623314999999991
 30
0
 11
151.7733989999999835
 21
-78.7867419999999896
 31
0
  0
LINE
  5
1D5
330
1A
100
AcDbEntity
  8
B.Cu
  6
CONTINUOUS
100
AcDbLine
 10
151.7733989999999835
 20
-78.7867419999999896
 30
0
 11
151.7096329999999966
 21
-78.9406869999999969
 31
0
  0
LINE
  5
1D6
330
1A
100
AcDbEntity
  8
B.Cu
  6
CONTINUOUS
100
AcDbLine
 10
151.7096329999999966
 20
-78.9406869999999969
 30
0
 11
151.6170589999999834
 21
-79.0792339999999996
 31
0
  0
LINE
  5
1D7
330
1A
100
AcDbEntity
  8
B.Cu
  6
CONTINUOUS
100
AcDbLine
 10
151.6170589999999834
 20
-79.0792339999999996
 30
0
 11
151.4992340000000013
 21
-79.1970589999999959
 31
0
  0
LINE
  5
1D8
330
1A
100
AcDbEntity
  8
B.Cu
  6
CONTINUOUS
100
AcDbLine
 10
151.4992340000000013
 20
-79.1970589999999959
 30
0
 11
151.3606869999999844
 21
-79.2896329999999949
 31
0
  0
LINE
  5
1D9
330
1A
100
AcDbEntity
  8
B.Cu
  6
CONTINUOUS
100
AcDbLine
 10
151.3606869999999844
 20
-79.2896329999999949
 30
0
 11
151.2999999999999829
 21
-79.3147699999999958
 31
0
  0
LINE
  5
1DA
330
1A
100
AcDbEntity
  8
B.Cu
  6
CONTINUOUS
100
AcDbLine
 10
151.2999999999999829
 20
-79.3147699999999958
 30
0
 11
151.2999999999999829
 21
-80.8757360000000034
 31
0
  0
LINE
  5
1DB
330
1A
100
AcDbEntity
  8
B.Cu
  6
CONTINUOUS
100
AcDbLine
 10
151.2999999999999829
 20
-80.8757360000000034
 30
0
 11
152.7121319999999969
 21
-82.2878680000000031
 31
0
  0
LINE
  5
1DC
330
1A
100
AcDbEntity
  8
B.Cu
  6
CONTINUOUS
100
AcDbLine
 10
152.7121319999999969
 20
-82.2878680000000031
 30
0
 11
152.7380059999999844
 21
-82.3173719999999918
 31
0
  0
LINE
  5
1DD
330
1A
100
AcDbEntity
  8
B.Cu
  6
CONTINUOUS
100
AcDbLine
 10
152.7380059999999844
 20
-82.3173719999999918
 30
0
 11
152.7771639999999991
 21
-82.385194999999996
 31
0
  0
LINE
  5
1DE
330
1A
100
AcDbEntity
  8
B.Cu
  6
CONTINUOUS
100
AcDbLine
 10
152.7771639999999991
 20
-82.385194999999996
 30
0
 11
152.7974329999999838
 21
-82.4608419999999995
 31
0
  0
LINE
  5
1DF
330
1A
100
AcDbEntity
  8
B.Cu
  6
CONTINUOUS
100
AcDbLine
 10
152.7974329999999838
 20
-82.4608419999999995
 30
0
 11
152.7999999999999829
 21
-82.5
 31
0
  0
LINE
  5
1E0
330
1A
100
AcDbEntity
  8
B.Cu
  6
CONTINUOUS
100
AcDbLine
 10
152.7999999999999829
 20
-82.5
 30
0
 11
152.7999999999999829
 21
-94.3139479999999963
 31
0
  0
LINE
  5
1E1
330
1A
100
AcDbEntity
  8
B.Cu
  6
CONTINUOUS
100
AcDbLine
 10
152.7999999999999829
 20
-94.3139479999999963
 30
0
 11
152.7974329999999838
 21
-94.3531059999999968
 31
0
  0
LINE
  5
1E2
330
1A
100
AcDbEntity
  8
B.Cu
  6
CONTINUOUS
100
AcDbLine
 10
152.7974329999999838
 20
-94.3531059999999968
 30
0
 11
152.7771639999999991
 21
-94.4287530000000004
 31
0
  0
LINE
  5
1E3
330
1A
100
AcDbEntity
  8
B.Cu
  6
CONTINUOUS
100
AcDbLine
 10
152.7771639999999991
 20
-94.4287530000000004
 30
0
 11
152.7380059999999844
 21
-94.4965759999999904
 31
0
  0
LINE
  5
1E4
330
1A
100
AcDbEntity
  8
B.Cu
  6
CONTINUOUS
100
AcDbLine
 10
152.7380059999999844
 20
-94.4965759999999904
 30
0
 11
152.6999999999999886
 21
-94.5345820000000003
 31
0
  0
LINE
  5
1E5
330
1A
100
AcDbEntity
  8
B.Cu
  6
CONTINUOUS
100
AcDbLine
 10
152.6999999999999886
 20
-94.5345820000000003
 30
0
 11
152.6999999999999886
 21
-97.2254179999999906
 31
0
  0
LINE
  5
1E6
330
1A
100
AcDbEntity
  8
B.Cu
  6
CONTINUOUS
100
AcDbLine
 10
152.6999999999999886
 20
-97.2254179999999906
 30
0
 11
152.7380059999999844
 21
-97.2634240000000005
 31
0
  0
LINE
  5
1E7
330
1A
100
AcDbEntity
  8
B.Cu
  6
CONTINUOUS
100
AcDbLine
 10
152.7380059999999844
 20
-97.2634240000000005
 30
0
 11
152.7771639999999991
 21
-97.3312469999999905
 31
0
  0
LINE
  5
1E8
330
1A
100
AcDbEntity
  8
B.Cu
  6
CONTINUOUS
100
AcDbLine
 10
152.7771639999999991
 20
-97.3312469999999905
 30
0
 11
152.7974329999999838
 21
-97.4068939999999941
 31
0
  0
LINE
  5
1E9
330
1A
100
AcDbEntity
  8
B.Cu
  6
CONTINUOUS
100
AcDbLine
 10
152.7974329999999838
 20
-97.4068939999999941
 30
0
 11
152.7999999999999829
 21
-97.4460519999999946
 31
0
  0
LINE
  5
1EA
330
1A
100
AcDbEntity
  8
B.Cu
  6
CONTINUOUS
100
AcDbLine
 10
152.7999999999999829
 20
-97.4460519999999946
 30
0
 11
152.7999999999999829
 21
-102.1400000000000006
 31
0
  0
LINE
  5
1EB
330
1A
100
AcDbEntity
  8
B.Cu
  6
CONTINUOUS
100
AcDbLine
 10
152.7999999999999829
 20
-102.1400000000000006
 30
0
 11
152.7974329999999838
 21
-102.179158000000001
 31
0
  0
LINE
  5
1EC
330
1A
100
AcDbEntity
  8
B.Cu
  6
CONTINUOUS
100
AcDbLine
 10
152.7974329999999838
 20
-102.179158000000001
 30
0
 11
152.7771639999999991
 21
-102.2548049999999904
 31
0
  0
LINE
  5
1ED
330
1A
100
AcDbEntity
  8
B.Cu
  6
CONTINUOUS
100
AcDbLine
 10
152.7771639999999991
 20
-102.2548049999999904
 30
0
 11
152.7380059999999844
 21
-102.3226279999999946
 31
0
  0
LINE
  5
1EE
330
1A
100
AcDbEntity
  8
B.Cu
  6
CONTINUOUS
100
AcDbLine
 10
152.7380059999999844
 20
-102.3226279999999946
 30
0
 11
152.7121319999999969
 21
-102.3521319999999974
 31
0
  0
LINE
  5
1EF
330
1A
100
AcDbEntity
  8
B.Cu
  6
CONTINUOUS
100
AcDbLine
 10
152.7121319999999969
 20
-102.3521319999999974
 30
0
 11
146.4899999999999807
 21
-108.5742639999999994
 31
0
  0
LINE
  5
1F0
330
1A
100
AcDbEntity
  8
B.Cu
  6
CONTINUOUS
100
AcDbLine
 10
146.4899999999999807
 20
-108.5742639999999994
 30
0
 11
146.4899999999999807
 21
-110.6406559999999928
 31
0
  0
LINE
  5
1F1
330
1A
100
AcDbEntity
  8
B.Cu
  6
CONTINUOUS
100
AcDbLine
 10
146.4899999999999807
 20
-110.6406559999999928
 30
0
 11
146.5369939999999929
 21
-110.6677889999999991
 31
0
  0
LINE
  5
1F2
330
1A
100
AcDbEntity
  8
B.Cu
  6
CONTINUOUS
100
AcDbLine
 10
146.5369939999999929
 20
-110.6677889999999991
 30
0
 11
146.6422110000000032
 21
-110.7730059999999952
 31
0
  0
LINE
  5
1F3
330
1A
100
AcDbEntity
  8
B.Cu
  6
CONTINUOUS
100
AcDbLine
 10
146.6422110000000032
 20
-110.7730059999999952
 30
0
 11
146.7166110000000003
 21
-110.9018699999999882
 31
0
  0
LINE
  5
1F4
330
1A
100
AcDbEntity
  8
B.Cu
  6
CONTINUOUS
100
AcDbLine
 10
146.7166110000000003
 20
-110.9018699999999882
 30
0
 11
146.755123999999995
 21
-111.0455999999999932
 31
0
  0
LINE
  5
1F5
330
1A
100
AcDbEntity
  8
B.Cu
  6
CONTINUOUS
100
AcDbLine
 10
146.755123999999995
 20
-111.0455999999999932
 30
0
 11
146.755123999999995
 21
-111.1944000000000017
 31
0
  0
LINE
  5
1F6
330
1A
100
AcDbEntity
  8
B.Cu
  6
CONTINUOUS
100
AcDbLine
 10
146.755123999999995
 20
-111.1944000000000017
 30
0
 11
146.7166110000000003
 21
-111.3381299999999925
 31
0
  0
LINE
  5
1F7
330
1A
100
AcDbEntity
  8
B.Cu
  6
CONTINUOUS
100
AcDbLine
 10
146.7166110000000003
 20
-111.3381299999999925
 30
0
 11
146.6422110000000032
 21
-111.4669939999999997
 31
0
  0
LINE
  5
1F8
330
1A
100
AcDbEntity
  8
B.Cu
  6
CONTINUOUS
100
AcDbLine
 10
146.6422110000000032
 20
-111.4669939999999997
 30
0
 11
146.5369939999999929
 21
-111.5722109999999958
 31
0
  0
LINE
  5
1F9
330
1A
100
AcDbEntity
  8
B.Cu
  6
CONTINUOUS
100
AcDbLine
 10
146.5369939999999929
 20
-111.5722109999999958
 30
0
 11
146.4081299999999999
 21
-111.6466109999999929
 31
0
  0
LINE
  5
1FA
330
1A
100
AcDbEntity
  8
B.Cu
  6
CONTINUOUS
100
AcDbLine
 10
146.4081299999999999
 20
-111.6466109999999929
 30
0
 11
146.2643999999999949
 21
-111.6851240000000018
 31
0
  0
LINE
  5
1FB
330
1A
100
AcDbEntity
  8
B.Cu
  6
CONTINUOUS
100
AcDbLine
 10
146.2643999999999949
 20
-111.6851240000000018
 30
0
 11
146.1156000000000006
 21
-111.6851240000000018
 31
0
  0
LINE
  5
1FC
330
1A
100
AcDbEntity
  8
B.Cu
  6
CONTINUOUS
100
AcDbLine
 10
146.1156000000000006
 20
-111.6851240000000018
 30
0
 11
145.9718699999999956
 21
-111.6466109999999929
 31
0
  0
LINE
  5
1FD
330
1A
100
AcDbEntity
  8
B.Cu
  6
CONTINUOUS
100
AcDbLine
 10
145.9718699999999956
 20
-111.6466109999999929
 30
0
 11
145.8430060000000026
 21
-111.5722109999999958
 31
0
  0
LINE
  5
1FE
330
1A
100
AcDbEntity
  8
B.Cu
  6
CONTINUOUS
100
AcDbLine
 10
145.8430060000000026
 20
-111.5722109999999958
 30
0
 11
145.7377889999999923
 21
-111.4669939999999997
 31
0
  0
LINE
  5
1FF
330
1A
100
AcDbEntity
  8
B.Cu
  6
CONTINUOUS
100
AcDbLine
 10
145.7377889999999923
 20
-111.4669939999999997
 30
0
 11
145.6633889999999951
 21
-111.3381299999999925
 31
0
  0
LINE
  5
200
330
1A
100
AcDbEntity
  8
B.Cu
  6
CONTINUOUS
100
AcDbLine
 10
145.6633889999999951
 20
-111.3381299999999925
 30
0
 11
145.6248760000000004
 21
-111.1944000000000017
 31
0
  0
LINE
  5
201
330
1A
100
AcDbEntity
  8
B.Cu
  6
CONTINUOUS
100
AcDbLine
 10
145.6248760000000004
 20
-111.1944000000000017
 30
0
 11
145.6248760000000004
 21
-111.0455999999999932
 31
0
  0
LINE
  5
202
330
1A
100
AcDbEntity
  8
B.Cu
  6
CONTINUOUS
100
AcDbLine
 10
145.6248760000000004
 20
-111.0455999999999932
 30
0
 11
145.6633889999999951
 21
-110.9018699999999882
 31
0
  0
LINE
  5
203
330
1A
100
AcDbEntity
  8
B.Cu
  6
CONTINUOUS
100
AcDbLine
 10
145.6633889999999951
 20
-110.9018699999999882
 30
0
 11
145.7377889999999923
 21
-110.7730059999999952
 31
0
  0
LINE
  5
204
330
1A
100
AcDbEntity
  8
B.Cu
  6
CONTINUOUS
100
AcDbLine
 10
145.7377889999999923
 20
-110.7730059999999952
 30
0
 11
145.8430060000000026
 21
-110.6677889999999991
 31
0
  0
LINE
  5
205
330
1A
100
AcDbEntity
  8
B.Cu
  6
CONTINUOUS
100
AcDbLine
 10
145.8430060000000026
 20
-110.6677889999999991
 30
0
 11
145.8899999999999864
 21
-110.6406559999999928
 31
0
  0
LINE
  5
206
330
1A
100
AcDbEntity
  8
B.Cu
  6
CONTINUOUS
100
AcDbLine
 10
145.8899999999999864
 20
-110.6406559999999928
 30
0
 11
145.8899999999999864
 21
-108.4499999999999886
 31
0
  0
LINE
  5
207
330
1A
100
AcDbEntity
  8
B.Cu
  6
CONTINUOUS
100
AcDbLine
 10
145.8899999999999864
 20
-108.4499999999999886
 30
0
 11
145.8925669999999855
 21
-108.4108419999999882
 31
0
  0
LINE
  5
208
330
1A
100
AcDbEntity
  8
B.Cu
  6
CONTINUOUS
100
AcDbLine
 10
145.8925669999999855
 20
-108.4108419999999882
 30
0
 11
145.9128359999999986
 21
-108.3351949999999988
 31
0
  0
LINE
  5
209
330
1A
100
AcDbEntity
  8
B.Cu
  6
CONTINUOUS
100
AcDbLine
 10
145.9128359999999986
 20
-108.3351949999999988
 30
0
 11
145.9519939999999849
 21
-108.2673719999999946
 31
0
  0
LINE
  5
20A
330
1A
100
AcDbEntity
  8
B.Cu
  6
CONTINUOUS
100
AcDbLine
 10
145.9519939999999849
 20
-108.2673719999999946
 30
0
 11
145.9778680000000008
 21
-108.2378679999999918
 31
0
  0
LINE
  5
20B
330
1A
100
AcDbEntity
  8
B.Cu
  6
CONTINUOUS
100
AcDbLine
 10
145.9778680000000008
 20
-108.2378679999999918
 30
0
 11
152.1999999999999886
 21
-102.0157359999999898
 31
0
  0
LINE
  5
20C
330
1A
100
AcDbEntity
  8
B.Cu
  6
CONTINUOUS
100
AcDbLine
 10
152.1999999999999886
 20
-102.0157359999999898
 30
0
 11
152.1999999999999886
 21
-97.4460519999999946
 31
0
  0
LINE
  5
20D
330
1A
100
AcDbEntity
  8
B.Cu
  6
CONTINUOUS
100
AcDbLine
 10
152.1999999999999886
 20
-97.4460519999999946
 30
0
 11
152.2025669999999877
 21
-97.4068939999999941
 31
0
  0
LINE
  5
20E
330
1A
100
AcDbEntity
  8
B.Cu
  6
CONTINUOUS
100
AcDbLine
 10
152.2025669999999877
 20
-97.4068939999999941
 30
0
 11
152.2228360000000009
 21
-97.3312469999999905
 31
0
  0
LINE
  5
20F
330
1A
100
AcDbEntity
  8
B.Cu
  6
CONTINUOUS
100
AcDbLine
 10
152.2228360000000009
 20
-97.3312469999999905
 30
0
 11
152.2619939999999872
 21
-97.2634240000000005
 31
0
  0
LINE
  5
210
330
1A
100
AcDbEntity
  8
B.Cu
  6
CONTINUOUS
100
AcDbLine
 10
152.2619939999999872
 20
-97.2634240000000005
 30
0
 11
152.2999999999999829
 21
-97.2254179999999906
 31
0
  0
LINE
  5
211
330
1A
100
AcDbEntity
  8
B.Cu
  6
CONTINUOUS
100
AcDbLine
 10
152.2999999999999829
 20
-97.2254179999999906
 30
0
 11
152.2999999999999829
 21
-94.5345820000000003
 31
0
  0
LINE
  5
212
330
1A
100
AcDbEntity
  8
B.Cu
  6
CONTINUOUS
100
AcDbLine
 10
152.2999999999999829
 20
-94.5345820000000003
 30
0
 11
152.2619939999999872
 21
-94.4965759999999904
 31
0
  0
LINE
  5
213
330
1A
100
AcDbEntity
  8
B.Cu
  6
CONTINUOUS
100
AcDbLine
 10
152.2619939999999872
 20
-94.4965759999999904
 30
0
 11
152.2228360000000009
 21
-94.4287530000000004
 31
0
  0
LINE
  5
214
330
1A
100
AcDbEntity
  8
B.Cu
  6
CONTINUOUS
100
AcDbLine
 10
152.2228360000000009
 20
-94.4287530000000004
 30
0
 11
152.2025669999999877
 21
-94.3531059999999968
 31
0
  0
LINE
  5
215
330
1A
100
AcDbEntity
  8
B.Cu
  6
CONTINUOUS
100
AcDbLine
 10
152.2025669999999877
 20
-94.3531059999999968
 30
0
 11
152.1999999999999886
 21
-94.3139479999999963
 31
0
  0
LINE
  5
216
330
1A
100
AcDbEntity
  8
B.Cu
  6
CONTINUOUS
100
AcDbLine
 10
152.1999999999999886
 20
-94.3139479999999963
 30
0
 11
152.1999999999999886
 21
-82.6242639999999966
 31
0
  0
LINE
  5
217
330
1A
100
AcDbEntity
  8
B.Cu
  6
CONTINUOUS
100
AcDbLine
 10
152.1999999999999886
 20
-82.6242639999999966
 30
0
 11
150.7878680000000031
 21
-81.2121319999999969
 31
0
  0
LINE
  5
218
330
1A
100
AcDbEntity
  8
B.Cu
  6
CONTINUOUS
100
AcDbLine
 10
150.7878680000000031
 20
-81.2121319999999969
 30
0
 11
150.7619939999999872
 21
-81.182627999999994
 31
0
  0
LINE
  5
219
330
1A
100
AcDbEntity
  8
B.Cu
  6
CONTINUOUS
100
AcDbLine
 10
150.7619939999999872
 20
-81.182627999999994
 30
0
 11
150.7228360000000009
 21
-81.1148049999999898
 31
0
  0
LINE
  5
21A
330
1A
100
AcDbEntity
  8
B.Cu
  6
CONTINUOUS
100
AcDbLine
 10
150.7228360000000009
 20
-81.1148049999999898
 30
0
 11
150.7025669999999877
 21
-81.0391580000000005
 31
0
  0
LINE
  5
21B
330
1A
100
AcDbEntity
  8
B.Cu
  6
CONTINUOUS
100
AcDbLine
 10
150.7025669999999877
 20
-81.0391580000000005
 30
0
 11
150.6999999999999886
 21
-81.
 31
0
  0
LINE
  5
21C
330
1A
100
AcDbEntity
  8
B.Cu
  6
CONTINUOUS
100
AcDbLine
 10
150.6999999999999886
 20
-81.
 30
0
 11
150.6999999999999886
 21
-79.3479069999999922
 31
0
  0
LINE
  5
21D
330
1A
100
AcDbEntity
  8
B.Cu
  6
CONTINUOUS
100
AcDbLine
 10
150.6999999999999886
 20
-79.3479069999999922
 30
0
 11
150.5593130000000031
 21
-79.2896329999999949
 31
0
  0
LINE
  5
21E
330
1A
100
AcDbEntity
  8
B.Cu
  6
CONTINUOUS
100
AcDbLine
 10
150.5593130000000031
 20
-79.2896329999999949
 30
0
 11
150.4207659999999862
 21
-79.1970589999999959
 31
0
  0
LINE
  5
21F
330
1A
100
AcDbEntity
  8
B.Cu
  6
CONTINUOUS
100
AcDbLine
 10
150.4207659999999862
 20
-79.1970589999999959
 30
0
 11
150.3029410000000041
 21
-79.0792339999999996
 31
0
  0
LINE
  5
220
330
1A
100
AcDbEntity
  8
B.Cu
  6
CONTINUOUS
100
AcDbLine
 10
150.3029410000000041
 20
-79.0792339999999996
 30
0
 11
150.2103669999999909
 21
-78.9406869999999969
 31
0
  0
LINE
  5
221
330
1A
100
AcDbEntity
  8
B.Cu
  6
CONTINUOUS
100
AcDbLine
 10
150.2103669999999909
 20
-78.9406869999999969
 30
0
 11
150.146601000000004
 21
-78.7867419999999896
 31
0
  0
LINE
  5
222
330
1A
100
AcDbEntity
  8
B.Cu
  6
CONTINUOUS
100
AcDbLine
 10
150.146601000000004
 20
-78.7867419999999896
 30
0
 11
150.1140929999999969
 21
-78.623314999999991
 31
0
  0
LINE
  5
223
330
1A
100
AcDbEntity
  8
B.Cu
  6
CONTINUOUS
100
AcDbLine
 10
150.1140929999999969
 20
-78.623314999999991
 30
0
 11
150.1140929999999969
 21
-78.4566849999999931
 31
0
  0
LINE
  5
224
330
1A
100
AcDbEntity
  8
B.Cu
  6
CONTINUOUS
100
AcDbLine
 10
150.1140929999999969
 20
-78.4566849999999931
 30
0
 11
150.146601000000004
 21
-78.2932579999999945
 31
0
  0
LINE
  5
225
330
1A
100
AcDbEntity
  8
B.Cu
  6
CONTINUOUS
100
AcDbLine
 10
150.146601000000004
 20
-78.2932579999999945
 30
0
 11
150.2103669999999909
 21
-78.1393130000000014
 31
0
  0
LINE
  5
226
330
1A
100
AcDbEntity
  8
B.Cu
  6
CONTINUOUS
100
AcDbLine
 10
150.2103669999999909
 20
-78.1393130000000014
 30
0
 11
150.3029410000000041
 21
-78.0007659999999987
 31
0
  0
LINE
  5
227
330
1A
100
AcDbEntity
  8
B.Cu
  6
CONTINUOUS
100
AcDbLine
 10
150.3029410000000041
 20
-78.0007659999999987
 30
0
 11
150.4207659999999862
 21
-77.8829410000000024
 31
0
  0
LINE
  5
228
330
1A
100
AcDbEntity
  8
B.Cu
  6
CONTINUOUS
100
AcDbLine
 10
150.4207659999999862
 20
-77.8829410000000024
 30
0
 11
150.5593130000000031
 21
-77.7903670000000034
 31
0
  0
LINE
  5
229
330
1A
100
AcDbEntity
  8
B.Cu
  6
CONTINUOUS
100
AcDbLine
 10
150.5593130000000031
 20
-77.7903670000000034
 30
0
 11
150.7132579999999962
 21
-77.7266010000000023
 31
0
  0
LINE
  5
22A
330
1A
100
AcDbEntity
  8
B.Cu
  6
CONTINUOUS
100
AcDbLine
 10
150.7132579999999962
 20
-77.7266010000000023
 30
0
 11
150.8766849999999806
 21
-77.6940929999999952
 31
0
  0
LINE
  5
22B
330
1A
100
AcDbEntity
  8
B.Cu
  6
CONTINUOUS
100
AcDbLine
 10
150.8766849999999806
 20
-77.6940929999999952
 30
0
 11
151.0433150000000069
 21
-77.6940929999999952
 31
0
  0
LINE
  5
22C
330
1A
100
AcDbEntity
  8
B.Cu
  6
CONTINUOUS
100
AcDbLine
 10
151.0433150000000069
 20
-77.6940929999999952
 30
0
 11
151.2067419999999913
 21
-77.7266010000000023
 31
0
  0
LINE
  5
22D
330
1A
100
AcDbEntity
  8
B.Cu
  6
CONTINUOUS
100
AcDbLine
 10
158.6999999999999886
 20
-87.
 30
0
 11
158.
 21
-87.
 31
0
  0
LINE
  5
22E
330
1A
100
AcDbEntity
  8
B.Cu
  6
CONTINUOUS
100
AcDbLine
 10
158.
 20
-87.
 30
0
 11
158.
 21
-88.075735999999992
 31
0
  0
LINE
  5
22F
330
1A
100
AcDbEntity
  8
B.Cu
  6
CONTINUOUS
100
AcDbLine
 10
158.
 20
-88.075735999999992
 30
0
 11
161.2121319999999969
 21
-91.2878679999999889
 31
0
  0
LINE
  5
230
330
1A
100
AcDbEntity
  8
B.Cu
  6
CONTINUOUS
100
AcDbLine
 10
161.2121319999999969
 20
-91.2878679999999889
 30
0
 11
161.2380059999999844
 21
-91.3173719999999918
 31
0
  0
LINE
  5
231
330
1A
100
AcDbEntity
  8
B.Cu
  6
CONTINUOUS
100
AcDbLine
 10
161.2380059999999844
 20
-91.3173719999999918
 30
0
 11
161.2771639999999991
 21
-91.385194999999996
 31
0
  0
LINE
  5
232
330
1A
100
AcDbEntity
  8
B.Cu
  6
CONTINUOUS
100
AcDbLine
 10
161.2771639999999991
 20
-91.385194999999996
 30
0
 11
161.2974329999999838
 21
-91.4608419999999995
 31
0
  0
LINE
  5
233
330
1A
100
AcDbEntity
  8
B.Cu
  6
CONTINUOUS
100
AcDbLine
 10
161.2974329999999838
 20
-91.4608419999999995
 30
0
 11
161.2999999999999829
 21
-91.5
 31
0
  0
LINE
  5
234
330
1A
100
AcDbEntity
  8
B.Cu
  6
CONTINUOUS
100
AcDbLine
 10
161.2999999999999829
 20
-91.5
 30
0
 11
161.2999999999999829
 21
-98.
 31
0
  0
LINE
  5
235
330
1A
100
AcDbEntity
  8
B.Cu
  6
CONTINUOUS
100
AcDbLine
 10
161.2999999999999829
 20
-98.
 30
0
 11
161.2974329999999838
 21
-98.0391580000000005
 31
0
  0
LINE
  5
236
330
1A
100
AcDbEntity
  8
B.Cu
  6
CONTINUOUS
100
AcDbLine
 10
161.2974329999999838
 20
-98.0391580000000005
 30
0
 11
161.2771639999999991
 21
-98.1148049999999898
 31
0
  0
LINE
  5
237
330
1A
100
AcDbEntity
  8
B.Cu
  6
CONTINUOUS
100
AcDbLine
 10
161.2771639999999991
 20
-98.1148049999999898
 30
0
 11
161.2380059999999844
 21
-98.182627999999994
 31
0
  0
LINE
  5
238
330
1A
100
AcDbEntity
  8
B.Cu
  6
CONTINUOUS
100
AcDbLine
 10
161.2380059999999844
 20
-98.182627999999994
 30
0
 11
161.2121319999999969
 21
-98.2121319999999969
 31
0
  0
LINE
  5
239
330
1A
100
AcDbEntity
  8
B.Cu
  6
CONTINUOUS
100
AcDbLine
 10
161.2121319999999969
 20
-98.2121319999999969
 30
0
 11
156.6500000000000057
 21
-102.7742640000000023
 31
0
  0
LINE
  5
23A
330
1A
100
AcDbEntity
  8
B.Cu
  6
CONTINUOUS
100
AcDbLine
 10
156.6500000000000057
 20
-102.7742640000000023
 30
0
 11
156.6500000000000057
 21
-110.6406559999999928
 31
0
  0
LINE
  5
23B
330
1A
100
AcDbEntity
  8
B.Cu
  6
CONTINUOUS
100
AcDbLine
 10
156.6500000000000057
 20
-110.6406559999999928
 30
0
 11
156.6969939999999895
 21
-110.6677889999999991
 31
0
  0
LINE
  5
23C
330
1A
100
AcDbEntity
  8
B.Cu
  6
CONTINUOUS
100
AcDbLine
 10
156.6969939999999895
 20
-110.6677889999999991
 30
0
 11
156.8022109999999998
 21
-110.7730059999999952
 31
0
  0
LINE
  5
23D
330
1A
100
AcDbEntity
  8
B.Cu
  6
CONTINUOUS
100
AcDbLine
 10
156.8022109999999998
 20
-110.7730059999999952
 30
0
 11
156.8766109999999969
 21
-110.9018699999999882
 31
0
  0
LINE
  5
23E
330
1A
100
AcDbEntity
  8
B.Cu
  6
CONTINUOUS
100
AcDbLine
 10
156.8766109999999969
 20
-110.9018699999999882
 30
0
 11
156.9151239999999916
 21
-111.0455999999999932
 31
0
  0
LINE
  5
23F
330
1A
100
AcDbEntity
  8
B.Cu
  6
CONTINUOUS
100
AcDbLine
 10
156.9151239999999916
 20
-111.0455999999999932
 30
0
 11
156.9151239999999916
 21
-111.1944000000000017
 31
0
  0
LINE
  5
240
330
1A
100
AcDbEntity
  8
B.Cu
  6
CONTINUOUS
100
AcDbLine
 10
156.9151239999999916
 20
-111.1944000000000017
 30
0
 11
156.8766109999999969
 21
-111.3381299999999925
 31
0
  0
LINE
  5
241
330
1A
100
AcDbEntity
  8
B.Cu
  6
CONTINUOUS
100
AcDbLine
 10
156.8766109999999969
 20
-111.3381299999999925
 30
0
 11
156.8022109999999998
 21
-111.4669939999999997
 31
0
  0
LINE
  5
242
330
1A
100
AcDbEntity
  8
B.Cu
  6
CONTINUOUS
100
AcDbLine
 10
156.8022109999999998
 20
-111.4669939999999997
 30
0
 11
156.6969939999999895
 21
-111.5722109999999958
 31
0
  0
LINE
  5
243
330
1A
100
AcDbEntity
  8
B.Cu
  6
CONTINUOUS
100
AcDbLine
 10
156.6969939999999895
 20
-111.5722109999999958
 30
0
 11
156.5681299999999965
 21
-111.6466109999999929
 31
0
  0
LINE
  5
244
330
1A
100
AcDbEntity
  8
B.Cu
  6
CONTINUOUS
100
AcDbLine
 10
156.5681299999999965
 20
-111.6466109999999929
 30
0
 11
156.4243999999999915
 21
-111.6851240000000018
 31
0
  0
LINE
  5
245
330
1A
100
AcDbEntity
  8
B.Cu
  6
CONTINUOUS
100
AcDbLine
 10
156.4243999999999915
 20
-111.6851240000000018
 30
0
 11
156.2755999999999972
 21
-111.6851240000000018
 31
0
  0
LINE
  5
246
330
1A
100
AcDbEntity
  8
B.Cu
  6
CONTINUOUS
100
AcDbLine
 10
156.2755999999999972
 20
-111.6851240000000018
 30
0
 11
156.1318699999999922
 21
-111.6466109999999929
 31
0
  0
LINE
  5
247
330
1A
100
AcDbEntity
  8
B.Cu
  6
CONTINUOUS
100
AcDbLine
 10
156.1318699999999922
 20
-111.6466109999999929
 30
0
 11
156.0030059999999992
 21
-111.5722109999999958
 31
0
  0
LINE
  5
248
330
1A
100
AcDbEntity
  8
B.Cu
  6
CONTINUOUS
100
AcDbLine
 10
156.0030059999999992
 20
-111.5722109999999958
 30
0
 11
155.8977889999999888
 21
-111.4669939999999997
 31
0
  0
LINE
  5
249
330
1A
100
AcDbEntity
  8
B.Cu
  6
CONTINUOUS
100
AcDbLine
 10
155.8977889999999888
 20
-111.4669939999999997
 30
0
 11
155.8233889999999917
 21
-111.3381299999999925
 31
0
  0
LINE
  5
24A
330
1A
100
AcDbEntity
  8
B.Cu
  6
CONTINUOUS
100
AcDbLine
 10
155.8233889999999917
 20
-111.3381299999999925
 30
0
 11
155.784875999999997
 21
-111.1944000000000017
 31
0
  0
LINE
  5
24B
330
1A
100
AcDbEntity
  8
B.Cu
  6
CONTINUOUS
100
AcDbLine
 10
155.784875999999997
 20
-111.1944000000000017
 30
0
 11
155.784875999999997
 21
-111.0455999999999932
 31
0
  0
LINE
  5
24C
330
1A
100
AcDbEntity
  8
B.Cu
  6
CONTINUOUS
100
AcDbLine
 10
155.784875999999997
 20
-111.0455999999999932
 30
0
 11
155.8233889999999917
 21
-110.9018699999999882
 31
0
  0
LINE
  5
24D
330
1A
100
AcDbEntity
  8
B.Cu
  6
CONTINUOUS
100
AcDbLine
 10
155.8233889999999917
 20
-110.9018699999999882
 30
0
 11
155.8977889999999888
 21
-110.7730059999999952
 31
0
  0
LINE
  5
24E
330
1A
100
AcDbEntity
  8
B.Cu
  6
CONTINUOUS
100
AcDbLine
 10
155.8977889999999888
 20
-110.7730059999999952
 30
0
 11
156.0030059999999992
 21
-110.6677889999999991
 31
0
  0
LINE
  5
24F
330
1A
100
AcDbEntity
  8
B.Cu
  6
CONTINUOUS
100
AcDbLine
 10
156.0030059999999992
 20
-110.6677889999999991
 30
0
 11
156.0499999999999829
 21
-110.6406559999999928
 31
0
  0
LINE
  5
250
330
1A
100
AcDbEntity
  8
B.Cu
  6
CONTINUOUS
100
AcDbLine
 10
156.0499999999999829
 20
-110.6406559999999928
 30
0
 11
156.0499999999999829
 21
-102.6499999999999915
 31
0
  0
LINE
  5
251
330
1A
100
AcDbEntity
  8
B.Cu
  6
CONTINUOUS
100
AcDbLine
 10
156.0499999999999829
 20
-102.6499999999999915
 30
0
 11
156.052566999999982
 21
-102.610841999999991
 31
0
  0
LINE
  5
252
330
1A
100
AcDbEntity
  8
B.Cu
  6
CONTINUOUS
100
AcDbLine
 10
156.052566999999982
 20
-102.610841999999991
 30
0
 11
156.0728359999999952
 21
-102.5351950000000016
 31
0
  0
LINE
  5
253
330
1A
100
AcDbEntity
  8
B.Cu
  6
CONTINUOUS
100
AcDbLine
 10
156.0728359999999952
 20
-102.5351950000000016
 30
0
 11
156.1119939999999815
 21
-102.4673719999999975
 31
0
  0
LINE
  5
254
330
1A
100
AcDbEntity
  8
B.Cu
  6
CONTINUOUS
100
AcDbLine
 10
156.1119939999999815
 20
-102.4673719999999975
 30
0
 11
156.1378679999999974
 21
-102.4378679999999946
 31
0
  0
LINE
  5
255
330
1A
100
AcDbEntity
  8
B.Cu
  6
CONTINUOUS
100
AcDbLine
 10
156.1378679999999974
 20
-102.4378679999999946
 30
0
 11
160.6999999999999886
 21
-97.8757359999999892
 31
0
  0
LINE
  5
256
330
1A
100
AcDbEntity
  8
B.Cu
  6
CONTINUOUS
100
AcDbLine
 10
160.6999999999999886
 20
-97.8757359999999892
 30
0
 11
160.6999999999999886
 21
-91.6242639999999966
 31
0
  0
LINE
  5
257
330
1A
100
AcDbEntity
  8
B.Cu
  6
CONTINUOUS
100
AcDbLine
 10
160.6999999999999886
 20
-91.6242639999999966
 30
0
 11
157.4878679999999918
 21
-88.4121319999999997
 31
0
  0
LINE
  5
258
330
1A
100
AcDbEntity
  8
B.Cu
  6
CONTINUOUS
100
AcDbLine
 10
157.4878679999999918
 20
-88.4121319999999997
 30
0
 11
157.4619940000000042
 21
-88.3826279999999969
 31
0
  0
LINE
  5
259
330
1A
100
AcDbEntity
  8
B.Cu
  6
CONTINUOUS
100
AcDbLine
 10
157.4619940000000042
 20
-88.3826279999999969
 30
0
 11
157.4228359999999896
 21
-88.3148049999999927
 31
0
  0
LINE
  5
25A
330
1A
100
AcDbEntity
  8
B.Cu
  6
CONTINUOUS
100
AcDbLine
 10
157.4228359999999896
 20
-88.3148049999999927
 30
0
 11
157.4025670000000048
 21
-88.2391579999999891
 31
0
  0
LINE
  5
25B
330
1A
100
AcDbEntity
  8
B.Cu
  6
CONTINUOUS
100
AcDbLine
 10
157.4025670000000048
 20
-88.2391579999999891
 30
0
 11
157.4000000000000057
 21
-88.2000000000000028
 31
0
  0
LINE
  5
25C
330
1A
100
AcDbEntity
  8
B.Cu
  6
CONTINUOUS
100
AcDbLine
 10
157.4000000000000057
 20
-88.2000000000000028
 30
0
 11
157.4000000000000057
 21
-87.
 31
0
  0
LINE
  5
25D
330
1A
100
AcDbEntity
  8
B.Cu
  6
CONTINUOUS
100
AcDbLine
 10
157.4000000000000057
 20
-87.
 30
0
 11
156.6999999999999886
 21
-87.
 31
0
  0
LINE
  5
25E
330
1A
100
AcDbEntity
  8
B.Cu
  6
CONTINUOUS
100
AcDbLine
 10
156.6999999999999886
 20
-87.
 30
0
 11
156.6999999999999886
 21
-85.
 31
0
  0
LINE
  5
25F
330
1A
100
AcDbEntity
  8
B.Cu
  6
CONTINUOUS
100
AcDbLine
 10
156.6999999999999886
 20
-85.
 30
0
 11
158.6999999999999886
 21
-85.
 31
0
  0
LINE
  5
260
330
1A
100
AcDbEntity
  8
B.Cu
  6
CONTINUOUS
100
AcDbLine
 10
158.6999999999999886
 20
-85.
 30
0
 11
158.6999999999999886
 21
-87.
 31
0
  0
LINE
  5
261
330
1A
100
AcDbEntity
  8
B.Cu
  6
CONTINUOUS
100
AcDbLine
 10
159.1081299999999885
 20
-110.5933890000000019
 30
0
 11
159.2369939999999815
 21
-110.6677889999999991
 31
0
  0
LINE
  5
262
330
1A
100
AcDbEntity
  8
B.Cu
  6
CONTINUOUS
100
AcDbLine
 10
159.2369939999999815
 20
-110.6677889999999991
 30
0
 11
159.3422109999999918
 21
-110.7730059999999952
 31
0
  0
LINE
  5
263
330
1A
100
AcDbEntity
  8
B.Cu
  6
CONTINUOUS
100
AcDbLine
 10
159.3422109999999918
 20
-110.7730059999999952
 30
0
 11
159.416610999999989
 21
-110.9018699999999882
 31
0
  0
LINE
  5
264
330
1A
100
AcDbEntity
  8
B.Cu
  6
CONTINUOUS
100
AcDbLine
 10
159.416610999999989
 20
-110.9018699999999882
 30
0
 11
159.4551239999999837
 21
-111.0455999999999932
 31
0
  0
LINE
  5
265
330
1A
100
AcDbEntity
  8
B.Cu
  6
CONTINUOUS
100
AcDbLine
 10
159.4551239999999837
 20
-111.0455999999999932
 30
0
 11
159.4551239999999837
 21
-111.1944000000000017
 31
0
  0
LINE
  5
266
330
1A
100
AcDbEntity
  8
B.Cu
  6
CONTINUOUS
100
AcDbLine
 10
159.4551239999999837
 20
-111.1944000000000017
 30
0
 11
159.416610999999989
 21
-111.3381299999999925
 31
0
  0
LINE
  5
267
330
1A
100
AcDbEntity
  8
B.Cu
  6
CONTINUOUS
100
AcDbLine
 10
159.416610999999989
 20
-111.3381299999999925
 30
0
 11
159.3422109999999918
 21
-111.4669939999999997
 31
0
  0
LINE
  5
268
330
1A
100
AcDbEntity
  8
B.Cu
  6
CONTINUOUS
100
AcDbLine
 10
159.3422109999999918
 20
-111.4669939999999997
 30
0
 11
159.2369939999999815
 21
-111.5722109999999958
 31
0
  0
LINE
  5
269
330
1A
100
AcDbEntity
  8
B.Cu
  6
CONTINUOUS
100
AcDbLine
 10
159.2369939999999815
 20
-111.5722109999999958
 30
0
 11
159.1081299999999885
 21
-111.6466109999999929
 31
0
  0
LINE
  5
26A
330
1A
100
AcDbEntity
  8
B.Cu
  6
CONTINUOUS
100
AcDbLine
 10
159.1081299999999885
 20
-111.6466109999999929
 30
0
 11
158.9643999999999835
 21
-111.6851240000000018
 31
0
  0
LINE
  5
26B
330
1A
100
AcDbEntity
  8
B.Cu
  6
CONTINUOUS
100
AcDbLine
 10
158.9643999999999835
 20
-111.6851240000000018
 30
0
 11
158.8155999999999892
 21
-111.6851240000000018
 31
0
  0
LINE
  5
26C
330
1A
100
AcDbEntity
  8
B.Cu
  6
CONTINUOUS
100
AcDbLine
 10
158.8155999999999892
 20
-111.6851240000000018
 30
0
 11
158.6718699999999842
 21
-111.6466109999999929
 31
0
  0
LINE
  5
26D
330
1A
100
AcDbEntity
  8
B.Cu
  6
CONTINUOUS
100
AcDbLine
 10
158.6718699999999842
 20
-111.6466109999999929
 30
0
 11
158.5430059999999912
 21
-111.5722109999999958
 31
0
  0
LINE
  5
26E
330
1A
100
AcDbEntity
  8
B.Cu
  6
CONTINUOUS
100
AcDbLine
 10
158.5430059999999912
 20
-111.5722109999999958
 30
0
 11
158.4377889999999809
 21
-111.4669939999999997
 31
0
  0
LINE
  5
26F
330
1A
100
AcDbEntity
  8
B.Cu
  6
CONTINUOUS
100
AcDbLine
 10
158.4377889999999809
 20
-111.4669939999999997
 30
0
 11
158.3633889999999838
 21
-111.3381299999999925
 31
0
  0
LINE
  5
270
330
1A
100
AcDbEntity
  8
B.Cu
  6
CONTINUOUS
100
AcDbLine
 10
158.3633889999999838
 20
-111.3381299999999925
 30
0
 11
158.3248759999999891
 21
-111.1944000000000017
 31
0
  0
LINE
  5
271
330
1A
100
AcDbEntity
  8
B.Cu
  6
CONTINUOUS
100
AcDbLine
 10
158.3248759999999891
 20
-111.1944000000000017
 30
0
 11
158.3248759999999891
 21
-111.0455999999999932
 31
0
  0
LINE
  5
272
330
1A
100
AcDbEntity
  8
B.Cu
  6
CONTINUOUS
100
AcDbLine
 10
158.3248759999999891
 20
-111.0455999999999932
 30
0
 11
158.3633889999999838
 21
-110.9018699999999882
 31
0
  0
LINE
  5
273
330
1A
100
AcDbEntity
  8
B.Cu
  6
CONTINUOUS
100
AcDbLine
 10
158.3633889999999838
 20
-110.9018699999999882
 30
0
 11
158.4377889999999809
 21
-110.7730059999999952
 31
0
  0
LINE
  5
274
330
1A
100
AcDbEntity
  8
B.Cu
  6
CONTINUOUS
100
AcDbLine
 10
158.4377889999999809
 20
-110.7730059999999952
 30
0
 11
158.5430059999999912
 21
-110.6677889999999991
 31
0
  0
LINE
  5
275
330
1A
100
AcDbEntity
  8
B.Cu
  6
CONTINUOUS
100
AcDbLine
 10
158.5430059999999912
 20
-110.6677889999999991
 30
0
 11
158.6718699999999842
 21
-110.5933890000000019
 31
0
  0
LINE
  5
276
330
1A
100
AcDbEntity
  8
B.Cu
  6
CONTINUOUS
100
AcDbLine
 10
158.6718699999999842
 20
-110.5933890000000019
 30
0
 11
158.8155999999999892
 21
-110.554875999999993
 31
0
  0
LINE
  5
277
330
1A
100
AcDbEntity
  8
B.Cu
  6
CONTINUOUS
100
AcDbLine
 10
158.8155999999999892
 20
-110.554875999999993
 30
0
 11
158.9643999999999835
 21
-110.554875999999993
 31
0
  0
LINE
  5
278
330
1A
100
AcDbEntity
  8
B.Cu
  6
CONTINUOUS
100
AcDbLine
 10
158.9643999999999835
 20
-110.554875999999993
 30
0
 11
159.1081299999999885
 21
-110.5933890000000019
 31
0
  0
LINE
  5
279
330
1A
100
AcDbEntity
  8
B.Cu
  6
CONTINUOUS
100
AcDbLine
 10
146.1267420000000072
 20
-75.186600999999996
 30
0
 11
146.2806870000000004
 21
-75.2503669999999971
 31
0
  0
LINE
  5
27A
330
1A
100
AcDbEntity
  8
B.Cu
  6
CONTINUOUS
100
AcDbLine
 10
146.2806870000000004
 20
-75.2503669999999971
 30
0
 11
146.4192339999999888
 21
-75.3429409999999962
 31
0
  0
LINE
  5
27B
330
1A
100
AcDbEntity
  8
B.Cu
  6
CONTINUOUS
100
AcDbLine
 10
146.4192339999999888
 20
-75.3429409999999962
 30
0
 11
146.5370589999999993
 21
-75.4607659999999925
 31
0
  0
LINE
  5
27C
330
1A
100
AcDbEntity
  8
B.Cu
  6
CONTINUOUS
100
AcDbLine
 10
146.5370589999999993
 20
-75.4607659999999925
 30
0
 11
146.6296329999999841
 21
-75.5993129999999951
 31
0
  0
LINE
  5
27D
330
1A
100
AcDbEntity
  8
B.Cu
  6
CONTINUOUS
100
AcDbLine
 10
146.6296329999999841
 20
-75.5993129999999951
 30
0
 11
146.6933989999999994
 21
-75.7532580000000024
 31
0
  0
LINE
  5
27E
330
1A
100
AcDbEntity
  8
B.Cu
  6
CONTINUOUS
100
AcDbLine
 10
146.6933989999999994
 20
-75.7532580000000024
 30
0
 11
146.7259070000000065
 21
-75.9166850000000011
 31
0
  0
LINE
  5
27F
330
1A
100
AcDbEntity
  8
B.Cu
  6
CONTINUOUS
100
AcDbLine
 10
146.7259070000000065
 20
-75.9166850000000011
 30
0
 11
146.7259070000000065
 21
-76.0833149999999989
 31
0
  0
LINE
  5
280
330
1A
100
AcDbEntity
  8
B.Cu
  6
CONTINUOUS
100
AcDbLine
 10
146.7259070000000065
 20
-76.0833149999999989
 30
0
 11
146.6933989999999994
 21
-76.2467419999999976
 31
0
  0
LINE
  5
281
330
1A
100
AcDbEntity
  8
B.Cu
  6
CONTINUOUS
100
AcDbLine
 10
146.6933989999999994
 20
-76.2467419999999976
 30
0
 11
146.6296329999999841
 21
-76.4006869999999907
 31
0
  0
LINE
  5
282
330
1A
100
AcDbEntity
  8
B.Cu
  6
CONTINUOUS
100
AcDbLine
 10
146.6296329999999841
 20
-76.4006869999999907
 30
0
 11
146.5370589999999993
 21
-76.5392339999999933
 31
0
  0
LINE
  5
283
330
1A
100
AcDbEntity
  8
B.Cu
  6
CONTINUOUS
100
AcDbLine
 10
146.5370589999999993
 20
-76.5392339999999933
 30
0
 11
146.4192339999999888
 21
-76.6570589999999896
 31
0
  0
LINE
  5
284
330
1A
100
AcDbEntity
  8
B.Cu
  6
CONTINUOUS
100
AcDbLine
 10
146.4192339999999888
 20
-76.6570589999999896
 30
0
 11
146.2806870000000004
 21
-76.7496330000000029
 31
0
  0
LINE
  5
285
330
1A
100
AcDbEntity
  8
B.Cu
  6
CONTINUOUS
100
AcDbLine
 10
146.2806870000000004
 20
-76.7496330000000029
 30
0
 11
146.1267420000000072
 21
-76.8133989999999898
 31
0
  0
LINE
  5
286
330
1A
100
AcDbEntity
  8
B.Cu
  6
CONTINUOUS
100
AcDbLine
 10
146.1267420000000072
 20
-76.8133989999999898
 30
0
 11
145.9633149999999944
 21
-76.8459069999999969
 31
0
  0
LINE
  5
287
330
1A
100
AcDbEntity
  8
B.Cu
  6
CONTINUOUS
100
AcDbLine
 10
145.9633149999999944
 20
-76.8459069999999969
 30
0
 11
145.7966849999999965
 21
-76.8459069999999969
 31
0
  0
LINE
  5
288
330
1A
100
AcDbEntity
  8
B.Cu
  6
CONTINUOUS
100
AcDbLine
 10
145.7966849999999965
 20
-76.8459069999999969
 30
0
 11
145.6332579999999837
 21
-76.8133989999999898
 31
0
  0
LINE
  5
289
330
1A
100
AcDbEntity
  8
B.Cu
  6
CONTINUOUS
100
AcDbLine
 10
145.6332579999999837
 20
-76.8133989999999898
 30
0
 11
145.4793129999999906
 21
-76.7496330000000029
 31
0
  0
LINE
  5
28A
330
1A
100
AcDbEntity
  8
B.Cu
  6
CONTINUOUS
100
AcDbLine
 10
145.4793129999999906
 20
-76.7496330000000029
 30
0
 11
145.3407660000000021
 21
-76.6570589999999896
 31
0
  0
LINE
  5
28B
330
1A
100
AcDbEntity
  8
B.Cu
  6
CONTINUOUS
100
AcDbLine
 10
145.3407660000000021
 20
-76.6570589999999896
 30
0
 11
145.2229409999999916
 21
-76.5392339999999933
 31
0
  0
LINE
  5
28C
330
1A
100
AcDbEntity
  8
B.Cu
  6
CONTINUOUS
100
AcDbLine
 10
145.2229409999999916
 20
-76.5392339999999933
 30
0
 11
145.1303670000000068
 21
-76.4006869999999907
 31
0
  0
LINE
  5
28D
330
1A
100
AcDbEntity
  8
B.Cu
  6
CONTINUOUS
100
AcDbLine
 10
145.1303670000000068
 20
-76.4006869999999907
 30
0
 11
145.0886610000000019
 21
-76.2999999999999972
 31
0
  0
LINE
  5
28E
330
1A
100
AcDbEntity
  8
B.Cu
  6
CONTINUOUS
100
AcDbLine
 10
145.0886610000000019
 20
-76.2999999999999972
 30
0
 11
144.6242639999999824
 21
-76.2999999999999972
 31
0
  0
LINE
  5
28F
330
1A
100
AcDbEntity
  8
B.Cu
  6
CONTINUOUS
100
AcDbLine
 10
144.6242639999999824
 20
-76.2999999999999972
 30
0
 11
143.7999999999999829
 21
-77.1242639999999966
 31
0
  0
LINE
  5
290
330
1A
100
AcDbEntity
  8
B.Cu
  6
CONTINUOUS
100
AcDbLine
 10
143.7999999999999829
 20
-77.1242639999999966
 30
0
 11
143.7999999999999829
 21
-89.3757359999999892
 31
0
  0
LINE
  5
291
330
1A
100
AcDbEntity
  8
B.Cu
  6
CONTINUOUS
100
AcDbLine
 10
143.7999999999999829
 20
-89.3757359999999892
 30
0
 11
145.690653999999995
 21
-91.2663900000000012
 31
0
  0
LINE
  5
292
330
1A
100
AcDbEntity
  8
B.Cu
  6
CONTINUOUS
100
AcDbLine
 10
145.690653999999995
 20
-91.2663900000000012
 30
0
 11
145.7677719999999795
 21
-91.2344480000000004
 31
0
  0
LINE
  5
293
330
1A
100
AcDbEntity
  8
B.Cu
  6
CONTINUOUS
100
AcDbLine
 10
145.7677719999999795
 20
-91.2344480000000004
 30
0
 11
145.9215859999999907
 21
-91.2038519999999977
 31
0
  0
LINE
  5
294
330
1A
100
AcDbEntity
  8
B.Cu
  6
CONTINUOUS
100
AcDbLine
 10
145.9215859999999907
 20
-91.2038519999999977
 30
0
 11
146.0784139999999809
 21
-91.2038519999999977
 31
0
  0
LINE
  5
295
330
1A
100
AcDbEntity
  8
B.Cu
  6
CONTINUOUS
100
AcDbLine
 10
146.0784139999999809
 20
-91.2038519999999977
 30
0
 11
146.2322279999999921
 21
-91.2344480000000004
 31
0
  0
LINE
  5
296
330
1A
100
AcDbEntity
  8
B.Cu
  6
CONTINUOUS
100
AcDbLine
 10
146.2322279999999921
 20
-91.2344480000000004
 30
0
 11
146.3771169999999984
 21
-91.2944629999999933
 31
0
  0
LINE
  5
297
330
1A
100
AcDbEntity
  8
B.Cu
  6
CONTINUOUS
100
AcDbLine
 10
146.3771169999999984
 20
-91.2944629999999933
 30
0
 11
146.5075149999999837
 21
-91.3815919999999977
 31
0
  0
LINE
  5
298
330
1A
100
AcDbEntity
  8
B.Cu
  6
CONTINUOUS
100
AcDbLine
 10
146.5075149999999837
 20
-91.3815919999999977
 30
0
 11
146.6184079999999881
 21
-91.4924850000000021
 31
0
  0
LINE
  5
299
330
1A
100
AcDbEntity
  8
B.Cu
  6
CONTINUOUS
100
AcDbLine
 10
146.6184079999999881
 20
-91.4924850000000021
 30
0
 11
146.7055369999999925
 21
-91.6228830000000016
 31
0
  0
LINE
  5
29A
330
1A
100
AcDbEntity
  8
B.Cu
  6
CONTINUOUS
100
AcDbLine
 10
146.7055369999999925
 20
-91.6228830000000016
 30
0
 11
146.7655519999999854
 21
-91.7677719999999937
 31
0
  0
LINE
  5
29B
330
1A
100
AcDbEntity
  8
B.Cu
  6
CONTINUOUS
100
AcDbLine
 10
146.7655519999999854
 20
-91.7677719999999937
 30
0
 11
146.7961479999999881
 21
-91.9215859999999907
 31
0
  0
LINE
  5
29C
330
1A
100
AcDbEntity
  8
B.Cu
  6
CONTINUOUS
100
AcDbLine
 10
146.7961479999999881
 20
-91.9215859999999907
 30
0
 11
146.7961479999999881
 21
-92.0784139999999951
 31
0
  0
LINE
  5
29D
330
1A
100
AcDbEntity
  8
B.Cu
  6
CONTINUOUS
100
AcDbLine
 10
146.7961479999999881
 20
-92.0784139999999951
 30
0
 11
146.7655519999999854
 21
-92.2322279999999921
 31
0
  0
LINE
  5
29E
330
1A
100
AcDbEntity
  8
B.Cu
  6
CONTINUOUS
100
AcDbLine
 10
146.7655519999999854
 20
-92.2322279999999921
 30
0
 11
146.7055369999999925
 21
-92.3771169999999984
 31
0
  0
LINE
  5
29F
330
1A
100
AcDbEntity
  8
B.Cu
  6
CONTINUOUS
100
AcDbLine
 10
146.7055369999999925
 20
-92.3771169999999984
 30
0
 11
146.6184079999999881
 21
-92.5075149999999979
 31
0
  0
LINE
  5
2A0
330
1A
100
AcDbEntity
  8
B.Cu
  6
CONTINUOUS
100
AcDbLine
 10
146.6184079999999881
 20
-92.5075149999999979
 30
0
 11
146.5075149999999837
 21
-92.6184080000000023
 31
0
  0
LINE
  5
2A1
330
1A
100
AcDbEntity
  8
B.Cu
  6
CONTINUOUS
100
AcDbLine
 10
146.5075149999999837
 20
-92.6184080000000023
 30
0
 11
146.4899999999999807
 21
-92.6301109999999994
 31
0
  0
LINE
  5
2A2
330
1A
100
AcDbEntity
  8
B.Cu
  6
CONTINUOUS
100
AcDbLine
 10
146.4899999999999807
 20
-92.6301109999999994
 30
0
 11
146.4899999999999807
 21
-95.4006559999999979
 31
0
  0
LINE
  5
2A3
330
1A
100
AcDbEntity
  8
B.Cu
  6
CONTINUOUS
100
AcDbLine
 10
146.4899999999999807
 20
-95.4006559999999979
 30
0
 11
146.5369939999999929
 21
-95.42778899999999
 31
0
  0
LINE
  5
2A4
330
1A
100
AcDbEntity
  8
B.Cu
  6
CONTINUOUS
100
AcDbLine
 10
146.5369939999999929
 20
-95.42778899999999
 30
0
 11
146.6422110000000032
 21
-95.5330060000000003
 31
0
  0
LINE
  5
2A5
330
1A
100
AcDbEntity
  8
B.Cu
  6
CONTINUOUS
100
AcDbLine
 10
146.6422110000000032
 20
-95.5330060000000003
 30
0
 11
146.7166110000000003
 21
-95.6618699999999933
 31
0
  0
LINE
  5
2A6
330
1A
100
AcDbEntity
  8
B.Cu
  6
CONTINUOUS
100
AcDbLine
 10
146.7166110000000003
 20
-95.6618699999999933
 30
0
 11
146.755123999999995
 21
-95.8055999999999983
 31
0
  0
LINE
  5
2A7
330
1A
100
AcDbEntity
  8
B.Cu
  6
CONTINUOUS
100
AcDbLine
 10
146.755123999999995
 20
-95.8055999999999983
 30
0
 11
146.755123999999995
 21
-95.9543999999999926
 31
0
  0
LINE
  5
2A8
330
1A
100
AcDbEntity
  8
B.Cu
  6
CONTINUOUS
100
AcDbLine
 10
146.755123999999995
 20
-95.9543999999999926
 30
0
 11
146.7166110000000003
 21
-96.0981299999999976
 31
0
  0
LINE
  5
2A9
330
1A
100
AcDbEntity
  8
B.Cu
  6
CONTINUOUS
100
AcDbLine
 10
146.7166110000000003
 20
-96.0981299999999976
 30
0
 11
146.6422110000000032
 21
-96.2269939999999906
 31
0
  0
LINE
  5
2AA
330
1A
100
AcDbEntity
  8
B.Cu
  6
CONTINUOUS
100
AcDbLine
 10
146.6422110000000032
 20
-96.2269939999999906
 30
0
 11
146.5369939999999929
 21
-96.3322110000000009
 31
0
  0
LINE
  5
2AB
330
1A
100
AcDbEntity
  8
B.Cu
  6
CONTINUOUS
100
AcDbLine
 10
146.5369939999999929
 20
-96.3322110000000009
 30
0
 11
146.4899999999999807
 21
-96.3593429999999955
 31
0
  0
LINE
  5
2AC
330
1A
100
AcDbEntity
  8
B.Cu
  6
CONTINUOUS
100
AcDbLine
 10
146.4899999999999807
 20
-96.3593429999999955
 30
0
 11
146.4899999999999807
 21
-97.
 31
0
  0
LINE
  5
2AD
330
1A
100
AcDbEntity
  8
B.Cu
  6
CONTINUOUS
100
AcDbLine
 10
146.4899999999999807
 20
-97.
 30
0
 11
146.4874329999999816
 21
-97.0391580000000005
 31
0
  0
LINE
  5
2AE
330
1A
100
AcDbEntity
  8
B.Cu
  6
CONTINUOUS
100
AcDbLine
 10
146.4874329999999816
 20
-97.0391580000000005
 30
0
 11
146.4671639999999968
 21
-97.1148049999999898
 31
0
  0
LINE
  5
2AF
330
1A
100
AcDbEntity
  8
B.Cu
  6
CONTINUOUS
100
AcDbLine
 10
146.4671639999999968
 20
-97.1148049999999898
 30
0
 11
146.4280059999999821
 21
-97.182627999999994
 31
0
  0
LINE
  5
2B0
330
1A
100
AcDbEntity
  8
B.Cu
  6
CONTINUOUS
100
AcDbLine
 10
146.4280059999999821
 20
-97.182627999999994
 30
0
 11
146.4021319999999946
 21
-97.2121319999999969
 31
0
  0
LINE
  5
2B1
330
1A
100
AcDbEntity
  8
B.Cu
  6
CONTINUOUS
100
AcDbLine
 10
146.4021319999999946
 20
-97.2121319999999969
 30
0
 11
142.7999999999999829
 21
-100.8142639999999943
 31
0
  0
LINE
  5
2B2
330
1A
100
AcDbEntity
  8
B.Cu
  6
CONTINUOUS
100
AcDbLine
 10
142.7999999999999829
 20
-100.8142639999999943
 30
0
 11
142.7999999999999829
 21
-101.5
 31
0
  0
LINE
  5
2B3
330
1A
100
AcDbEntity
  8
B.Cu
  6
CONTINUOUS
100
AcDbLine
 10
142.7999999999999829
 20
-101.5
 30
0
 11
143.5
 21
-101.5
 31
0
  0
LINE
  5
2B4
330
1A
100
AcDbEntity
  8
B.Cu
  6
CONTINUOUS
100
AcDbLine
 10
143.5
 20
-101.5
 30
0
 11
143.5
 21
-103.5
 31
0
  0
LINE
  5
2B5
330
1A
100
AcDbEntity
  8
B.Cu
  6
CONTINUOUS
100
AcDbLine
 10
143.5
 20
-103.5
 30
0
 11
141.5
 21
-103.5
 31
0
  0
LINE
  5
2B6
330
1A
100
AcDbEntity
  8
B.Cu
  6
CONTINUOUS
100
AcDbLine
 10
141.5
 20
-103.5
 30
0
 11
141.5
 21
-101.5
 31
0
  0
LINE
  5
2B7
330
1A
100
AcDbEntity
  8
B.Cu
  6
CONTINUOUS
100
AcDbLine
 10
141.5
 20
-101.5
 30
0
 11
142.1999999999999886
 21
-101.5
 31
0
  0
LINE
  5
2B8
330
1A
100
AcDbEntity
  8
B.Cu
  6
CONTINUOUS
100
AcDbLine
 10
142.1999999999999886
 20
-101.5
 30
0
 11
142.1999999999999886
 21
-100.6899999999999977
 31
0
  0
LINE
  5
2B9
330
1A
100
AcDbEntity
  8
B.Cu
  6
CONTINUOUS
100
AcDbLine
 10
142.1999999999999886
 20
-100.6899999999999977
 30
0
 11
142.2025669999999877
 21
-100.6508419999999973
 31
0
  0
LINE
  5
2BA
330
1A
100
AcDbEntity
  8
B.Cu
  6
CONTINUOUS
100
AcDbLine
 10
142.2025669999999877
 20
-100.6508419999999973
 30
0
 11
142.2228360000000009
 21
-100.5751949999999937
 31
0
  0
LINE
  5
2BB
330
1A
100
AcDbEntity
  8
B.Cu
  6
CONTINUOUS
100
AcDbLine
 10
142.2228360000000009
 20
-100.5751949999999937
 30
0
 11
142.2619939999999872
 21
-100.5073719999999895
 31
0
  0
LINE
  5
2BC
330
1A
100
AcDbEntity
  8
B.Cu
  6
CONTINUOUS
100
AcDbLine
 10
142.2619939999999872
 20
-100.5073719999999895
 30
0
 11
142.2878680000000031
 21
-100.4778680000000008
 31
0
  0
LINE
  5
2BD
330
1A
100
AcDbEntity
  8
B.Cu
  6
CONTINUOUS
100
AcDbLine
 10
142.2878680000000031
 20
-100.4778680000000008
 30
0
 11
145.8899999999999864
 21
-96.8757359999999892
 31
0
  0
LINE
  5
2BE
330
1A
100
AcDbEntity
  8
B.Cu
  6
CONTINUOUS
100
AcDbLine
 10
145.8899999999999864
 20
-96.8757359999999892
 30
0
 11
145.8899999999999864
 21
-96.3593429999999955
 31
0
  0
LINE
  5
2BF
330
1A
100
AcDbEntity
  8
B.Cu
  6
CONTINUOUS
100
AcDbLine
 10
145.8899999999999864
 20
-96.3593429999999955
 30
0
 11
145.8430060000000026
 21
-96.3322110000000009
 31
0
  0
LINE
  5
2C0
330
1A
100
AcDbEntity
  8
B.Cu
  6
CONTINUOUS
100
AcDbLine
 10
145.8430060000000026
 20
-96.3322110000000009
 30
0
 11
145.7377889999999923
 21
-96.2269939999999906
 31
0
  0
LINE
  5
2C1
330
1A
100
AcDbEntity
  8
B.Cu
  6
CONTINUOUS
100
AcDbLine
 10
145.7377889999999923
 20
-96.2269939999999906
 30
0
 11
145.6633889999999951
 21
-96.0981299999999976
 31
0
  0
LINE
  5
2C2
330
1A
100
AcDbEntity
  8
B.Cu
  6
CONTINUOUS
100
AcDbLine
 10
145.6633889999999951
 20
-96.0981299999999976
 30
0
 11
145.6248760000000004
 21
-95.9543999999999926
 31
0
  0
LINE
  5
2C3
330
1A
100
AcDbEntity
  8
B.Cu
  6
CONTINUOUS
100
AcDbLine
 10
145.6248760000000004
 20
-95.9543999999999926
 30
0
 11
145.6248760000000004
 21
-95.8055999999999983
 31
0
  0
LINE
  5
2C4
330
1A
100
AcDbEntity
  8
B.Cu
  6
CONTINUOUS
100
AcDbLine
 10
145.6248760000000004
 20
-95.8055999999999983
 30
0
 11
145.6633889999999951
 21
-95.6618699999999933
 31
0
  0
LINE
  5
2C5
330
1A
100
AcDbEntity
  8
B.Cu
  6
CONTINUOUS
100
AcDbLine
 10
145.6633889999999951
 20
-95.6618699999999933
 30
0
 11
145.7377889999999923
 21
-95.5330060000000003
 31
0
  0
LINE
  5
2C6
330
1A
100
AcDbEntity
  8
B.Cu
  6
CONTINUOUS
100
AcDbLine
 10
145.7377889999999923
 20
-95.5330060000000003
 30
0
 11
145.8430060000000026
 21
-95.42778899999999
 31
0
  0
LINE
  5
2C7
330
1A
100
AcDbEntity
  8
B.Cu
  6
CONTINUOUS
100
AcDbLine
 10
145.8430060000000026
 20
-95.42778899999999
 30
0
 11
145.8899999999999864
 21
-95.4006559999999979
 31
0
  0
LINE
  5
2C8
330
1A
100
AcDbEntity
  8
B.Cu
  6
CONTINUOUS
100
AcDbLine
 10
145.8899999999999864
 20
-95.4006559999999979
 30
0
 11
145.8899999999999864
 21
-92.7898649999999918
 31
0
  0
LINE
  5
2C9
330
1A
100
AcDbEntity
  8
B.Cu
  6
CONTINUOUS
100
AcDbLine
 10
145.8899999999999864
 20
-92.7898649999999918
 30
0
 11
145.7677719999999795
 21
-92.7655519999999996
 31
0
  0
LINE
  5
2CA
330
1A
100
AcDbEntity
  8
B.Cu
  6
CONTINUOUS
100
AcDbLine
 10
145.7677719999999795
 20
-92.7655519999999996
 30
0
 11
145.6228830000000016
 21
-92.7055369999999925
 31
0
  0
LINE
  5
2CB
330
1A
100
AcDbEntity
  8
B.Cu
  6
CONTINUOUS
100
AcDbLine
 10
145.6228830000000016
 20
-92.7055369999999925
 30
0
 11
145.4924849999999878
 21
-92.6184080000000023
 31
0
  0
LINE
  5
2CC
330
1A
100
AcDbEntity
  8
B.Cu
  6
CONTINUOUS
100
AcDbLine
 10
145.4924849999999878
 20
-92.6184080000000023
 30
0
 11
145.3815919999999835
 21
-92.5075149999999979
 31
0
  0
LINE
  5
2CD
330
1A
100
AcDbEntity
  8
B.Cu
  6
CONTINUOUS
100
AcDbLine
 10
145.3815919999999835
 20
-92.5075149999999979
 30
0
 11
145.2944630000000075
 21
-92.3771169999999984
 31
0
  0
LINE
  5
2CE
330
1A
100
AcDbEntity
  8
B.Cu
  6
CONTINUOUS
100
AcDbLine
 10
145.2944630000000075
 20
-92.3771169999999984
 30
0
 11
145.2344479999999862
 21
-92.2322279999999921
 31
0
  0
LINE
  5
2CF
330
1A
100
AcDbEntity
  8
B.Cu
  6
CONTINUOUS
100
AcDbLine
 10
145.2344479999999862
 20
-92.2322279999999921
 30
0
 11
145.2038519999999835
 21
-92.0784139999999951
 31
0
  0
LINE
  5
2D0
330
1A
100
AcDbEntity
  8
B.Cu
  6
CONTINUOUS
100
AcDbLine
 10
145.2038519999999835
 20
-92.0784139999999951
 30
0
 11
145.2038519999999835
 21
-91.9215859999999907
 31
0
  0
LINE
  5
2D1
330
1A
100
AcDbEntity
  8
B.Cu
  6
CONTINUOUS
100
AcDbLine
 10
145.2038519999999835
 20
-91.9215859999999907
 30
0
 11
145.2344479999999862
 21
-91.7677719999999937
 31
0
  0
LINE
  5
2D2
330
1A
100
AcDbEntity
  8
B.Cu
  6
CONTINUOUS
100
AcDbLine
 10
145.2344479999999862
 20
-91.7677719999999937
 30
0
 11
145.2663900000000012
 21
-91.690653999999995
 31
0
  0
LINE
  5
2D3
330
1A
100
AcDbEntity
  8
B.Cu
  6
CONTINUOUS
100
AcDbLine
 10
145.2663900000000012
 20
-91.690653999999995
 30
0
 11
143.2878680000000031
 21
-89.7121319999999969
 31
0
  0
LINE
  5
2D4
330
1A
100
AcDbEntity
  8
B.Cu
  6
CONTINUOUS
100
AcDbLine
 10
143.2878680000000031
 20
-89.7121319999999969
 30
0
 11
143.2619939999999872
 21
-89.682627999999994
 31
0
  0
LINE
  5
2D5
330
1A
100
AcDbEntity
  8
B.Cu
  6
CONTINUOUS
100
AcDbLine
 10
143.2619939999999872
 20
-89.682627999999994
 30
0
 11
143.2228360000000009
 21
-89.6148049999999898
 31
0
  0
LINE
  5
2D6
330
1A
100
AcDbEntity
  8
B.Cu
  6
CONTINUOUS
100
AcDbLine
 10
143.2228360000000009
 20
-89.6148049999999898
 30
0
 11
143.2025669999999877
 21
-89.5391580000000005
 31
0
  0
LINE
  5
2D7
330
1A
100
AcDbEntity
  8
B.Cu
  6
CONTINUOUS
100
AcDbLine
 10
143.2025669999999877
 20
-89.5391580000000005
 30
0
 11
143.1999999999999886
 21
-89.5
 31
0
  0
LINE
  5
2D8
330
1A
100
AcDbEntity
  8
B.Cu
  6
CONTINUOUS
100
AcDbLine
 10
143.1999999999999886
 20
-89.5
 30
0
 11
143.1999999999999886
 21
-77.
 31
0
  0
LINE
  5
2D9
330
1A
100
AcDbEntity
  8
B.Cu
  6
CONTINUOUS
100
AcDbLine
 10
143.1999999999999886
 20
-77.
 30
0
 11
143.2025669999999877
 21
-76.9608419999999995
 31
0
  0
LINE
  5
2DA
330
1A
100
AcDbEntity
  8
B.Cu
  6
CONTINUOUS
100
AcDbLine
 10
143.2025669999999877
 20
-76.9608419999999995
 30
0
 11
143.2228360000000009
 21
-76.885194999999996
 31
0
  0
LINE
  5
2DB
330
1A
100
AcDbEntity
  8
B.Cu
  6
CONTINUOUS
100
AcDbLine
 10
143.2228360000000009
 20
-76.885194999999996
 30
0
 11
143.2619939999999872
 21
-76.8173719999999918
 31
0
  0
LINE
  5
2DC
330
1A
100
AcDbEntity
  8
B.Cu
  6
CONTINUOUS
100
AcDbLine
 10
143.2619939999999872
 20
-76.8173719999999918
 30
0
 11
143.2878680000000031
 21
-76.7878680000000031
 31
0
  0
LINE
  5
2DD
330
1A
100
AcDbEntity
  8
B.Cu
  6
CONTINUOUS
100
AcDbLine
 10
143.2878680000000031
 20
-76.7878680000000031
 30
0
 11
144.2878680000000031
 21
-75.7878680000000031
 31
0
  0
LINE
  5
2DE
330
1A
100
AcDbEntity
  8
B.Cu
  6
CONTINUOUS
100
AcDbLine
 10
144.2878680000000031
 20
-75.7878680000000031
 30
0
 11
144.317372000000006
 21
-75.7619940000000014
 31
0
  0
LINE
  5
2DF
330
1A
100
AcDbEntity
  8
B.Cu
  6
CONTINUOUS
100
AcDbLine
 10
144.317372000000006
 20
-75.7619940000000014
 30
0
 11
144.3851949999999817
 21
-75.7228360000000009
 31
0
  0
LINE
  5
2E0
330
1A
100
AcDbEntity
  8
B.Cu
  6
CONTINUOUS
100
AcDbLine
 10
144.3851949999999817
 20
-75.7228360000000009
 30
0
 11
144.4608419999999853
 21
-75.7025670000000019
 31
0
  0
LINE
  5
2E1
330
1A
100
AcDbEntity
  8
B.Cu
  6
CONTINUOUS
100
AcDbLine
 10
144.4608419999999853
 20
-75.7025670000000019
 30
0
 11
144.5
 21
-75.7000000000000028
 31
0
  0
LINE
  5
2E2
330
1A
100
AcDbEntity
  8
B.Cu
  6
CONTINUOUS
100
AcDbLine
 10
144.5
 20
-75.7000000000000028
 30
0
 11
145.0886610000000019
 21
-75.7000000000000028
 31
0
  0
LINE
  5
2E3
330
1A
100
AcDbEntity
  8
B.Cu
  6
CONTINUOUS
100
AcDbLine
 10
145.0886610000000019
 20
-75.7000000000000028
 30
0
 11
145.1303670000000068
 21
-75.5993129999999951
 31
0
  0
LINE
  5
2E4
330
1A
100
AcDbEntity
  8
B.Cu
  6
CONTINUOUS
100
AcDbLine
 10
145.1303670000000068
 20
-75.5993129999999951
 30
0
 11
145.2229409999999916
 21
-75.4607659999999925
 31
0
  0
LINE
  5
2E5
330
1A
100
AcDbEntity
  8
B.Cu
  6
CONTINUOUS
100
AcDbLine
 10
145.2229409999999916
 20
-75.4607659999999925
 30
0
 11
145.3407660000000021
 21
-75.3429409999999962
 31
0
  0
LINE
  5
2E6
330
1A
100
AcDbEntity
  8
B.Cu
  6
CONTINUOUS
100
AcDbLine
 10
145.3407660000000021
 20
-75.3429409999999962
 30
0
 11
145.4793129999999906
 21
-75.2503669999999971
 31
0
  0
LINE
  5
2E7
330
1A
100
AcDbEntity
  8
B.Cu
  6
CONTINUOUS
100
AcDbLine
 10
145.4793129999999906
 20
-75.2503669999999971
 30
0
 11
145.6332579999999837
 21
-75.186600999999996
 31
0
  0
LINE
  5
2E8
330
1A
100
AcDbEntity
  8
B.Cu
  6
CONTINUOUS
100
AcDbLine
 10
145.6332579999999837
 20
-75.186600999999996
 30
0
 11
145.7966849999999965
 21
-75.1540930000000031
 31
0
  0
LINE
  5
2E9
330
1A
100
AcDbEntity
  8
B.Cu
  6
CONTINUOUS
100
AcDbLine
 10
145.7966849999999965
 20
-75.1540930000000031
 30
0
 11
145.9633149999999944
 21
-75.1540930000000031
 31
0
  0
LINE
  5
2EA
330
1A
100
AcDbEntity
  8
B.Cu
  6
CONTINUOUS
100
AcDbLine
 10
145.9633149999999944
 20
-75.1540930000000031
 30
0
 11
146.1267420000000072
 21
-75.186600999999996
 31
0
  0
LINE
  5
2EB
330
1A
100
AcDbEntity
  8
B.Cu
  6
CONTINUOUS
100
AcDbLine
 10
148.9481299999999919
 20
-95.3533889999999928
 30
0
 11
149.0769939999999849
 21
-95.42778899999999
 31
0
  0
LINE
  5
2EC
330
1A
100
AcDbEntity
  8
B.Cu
  6
CONTINUOUS
100
AcDbLine
 10
149.0769939999999849
 20
-95.42778899999999
 30
0
 11
149.1822109999999952
 21
-95.5330060000000003
 31
0
  0
LINE
  5
2ED
330
1A
100
AcDbEntity
  8
B.Cu
  6
CONTINUOUS
100
AcDbLine
 10
149.1822109999999952
 20
-95.5330060000000003
 30
0
 11
149.2566109999999924
 21
-95.6618699999999933
 31
0
  0
LINE
  5
2EE
330
1A
100
AcDbEntity
  8
B.Cu
  6
CONTINUOUS
100
AcDbLine
 10
149.2566109999999924
 20
-95.6618699999999933
 30
0
 11
149.2951239999999871
 21
-95.8055999999999983
 31
0
  0
LINE
  5
2EF
330
1A
100
AcDbEntity
  8
B.Cu
  6
CONTINUOUS
100
AcDbLine
 10
149.2951239999999871
 20
-95.8055999999999983
 30
0
 11
149.2951239999999871
 21
-95.9543999999999926
 31
0
  0
LINE
  5
2F0
330
1A
100
AcDbEntity
  8
B.Cu
  6
CONTINUOUS
100
AcDbLine
 10
149.2951239999999871
 20
-95.9543999999999926
 30
0
 11
149.2566109999999924
 21
-96.0981299999999976
 31
0
  0
LINE
  5
2F1
330
1A
100
AcDbEntity
  8
B.Cu
  6
CONTINUOUS
100
AcDbLine
 10
149.2566109999999924
 20
-96.0981299999999976
 30
0
 11
149.1822109999999952
 21
-96.2269939999999906
 31
0
  0
LINE
  5
2F2
330
1A
100
AcDbEntity
  8
B.Cu
  6
CONTINUOUS
100
AcDbLine
 10
149.1822109999999952
 20
-96.2269939999999906
 30
0
 11
149.0769939999999849
 21
-96.3322110000000009
 31
0
  0
LINE
  5
2F3
330
1A
100
AcDbEntity
  8
B.Cu
  6
CONTINUOUS
100
AcDbLine
 10
149.0769939999999849
 20
-96.3322110000000009
 30
0
 11
148.9481299999999919
 21
-96.4066109999999981
 31
0
  0
LINE
  5
2F4
330
1A
100
AcDbEntity
  8
B.Cu
  6
CONTINUOUS
100
AcDbLine
 10
148.9481299999999919
 20
-96.4066109999999981
 30
0
 11
148.8043999999999869
 21
-96.4451239999999927
 31
0
  0
LINE
  5
2F5
330
1A
100
AcDbEntity
  8
B.Cu
  6
CONTINUOUS
100
AcDbLine
 10
148.8043999999999869
 20
-96.4451239999999927
 30
0
 11
148.6555999999999926
 21
-96.4451239999999927
 31
0
  0
LINE
  5
2F6
330
1A
100
AcDbEntity
  8
B.Cu
  6
CONTINUOUS
100
AcDbLine
 10
148.6555999999999926
 20
-96.4451239999999927
 30
0
 11
148.5118699999999876
 21
-96.4066109999999981
 31
0
  0
LINE
  5
2F7
330
1A
100
AcDbEntity
  8
B.Cu
  6
CONTINUOUS
100
AcDbLine
 10
148.5118699999999876
 20
-96.4066109999999981
 30
0
 11
148.3830059999999946
 21
-96.3322110000000009
 31
0
  0
LINE
  5
2F8
330
1A
100
AcDbEntity
  8
B.Cu
  6
CONTINUOUS
100
AcDbLine
 10
148.3830059999999946
 20
-96.3322110000000009
 30
0
 11
148.2777889999999843
 21
-96.2269939999999906
 31
0
  0
LINE
  5
2F9
330
1A
100
AcDbEntity
  8
B.Cu
  6
CONTINUOUS
100
AcDbLine
 10
148.2777889999999843
 20
-96.2269939999999906
 30
0
 11
148.2033889999999872
 21
-96.0981299999999976
 31
0
  0
LINE
  5
2FA
330
1A
100
AcDbEntity
  8
B.Cu
  6
CONTINUOUS
100
AcDbLine
 10
148.2033889999999872
 20
-96.0981299999999976
 30
0
 11
148.1648759999999925
 21
-95.9543999999999926
 31
0
  0
LINE
  5
2FB
330
1A
100
AcDbEntity
  8
B.Cu
  6
CONTINUOUS
100
AcDbLine
 10
148.1648759999999925
 20
-95.9543999999999926
 30
0
 11
148.1648759999999925
 21
-95.8055999999999983
 31
0
  0
LINE
  5
2FC
330
1A
100
AcDbEntity
  8
B.Cu
  6
CONTINUOUS
100
AcDbLine
 10
148.1648759999999925
 20
-95.8055999999999983
 30
0
 11
148.2033889999999872
 21
-95.6618699999999933
 31
0
  0
LINE
  5
2FD
330
1A
100
AcDbEntity
  8
B.Cu
  6
CONTINUOUS
100
AcDbLine
 10
148.2033889999999872
 20
-95.6618699999999933
 30
0
 11
148.2777889999999843
 21
-95.5330060000000003
 31
0
  0
LINE
  5
2FE
330
1A
100
AcDbEntity
  8
B.Cu
  6
CONTINUOUS
100
AcDbLine
 10
148.2777889999999843
 20
-95.5330060000000003
 30
0
 11
148.3830059999999946
 21
-95.42778899999999
 31
0
  0
LINE
  5
2FF
330
1A
100
AcDbEntity
  8
B.Cu
  6
CONTINUOUS
100
AcDbLine
 10
148.3830059999999946
 20
-95.42778899999999
 30
0
 11
148.5118699999999876
 21
-95.3533889999999928
 31
0
  0
LINE
  5
300
330
1A
100
AcDbEntity
  8
B.Cu
  6
CONTINUOUS
100
AcDbLine
 10
148.5118699999999876
 20
-95.3533889999999928
 30
0
 11
148.6555999999999926
 21
-95.3148759999999982
 31
0
  0
LINE
  5
301
330
1A
100
AcDbEntity
  8
B.Cu
  6
CONTINUOUS
100
AcDbLine
 10
148.6555999999999926
 20
-95.3148759999999982
 30
0
 11
148.8043999999999869
 21
-95.3148759999999982
 31
0
  0
LINE
  5
302
330
1A
100
AcDbEntity
  8
B.Cu
  6
CONTINUOUS
100
AcDbLine
 10
148.8043999999999869
 20
-95.3148759999999982
 30
0
 11
148.9481299999999919
 21
-95.3533889999999928
 31
0
  0
LINE
  5
303
330
1A
100
AcDbEntity
  8
B.Cu
  6
CONTINUOUS
100
AcDbLine
 10
151.488129999999984
 20
-95.3533889999999928
 30
0
 11
151.6169940000000054
 21
-95.42778899999999
 31
0
  0
LINE
  5
304
330
1A
100
AcDbEntity
  8
B.Cu
  6
CONTINUOUS
100
AcDbLine
 10
151.6169940000000054
 20
-95.42778899999999
 30
0
 11
151.7222109999999873
 21
-95.5330060000000003
 31
0
  0
LINE
  5
305
330
1A
100
AcDbEntity
  8
B.Cu
  6
CONTINUOUS
100
AcDbLine
 10
151.7222109999999873
 20
-95.5330060000000003
 30
0
 11
151.7966109999999844
 21
-95.6618699999999933
 31
0
  0
LINE
  5
306
330
1A
100
AcDbEntity
  8
B.Cu
  6
CONTINUOUS
100
AcDbLine
 10
151.7966109999999844
 20
-95.6618699999999933
 30
0
 11
151.8351239999999791
 21
-95.8055999999999983
 31
0
  0
LINE
  5
307
330
1A
100
AcDbEntity
  8
B.Cu
  6
CONTINUOUS
100
AcDbLine
 10
151.8351239999999791
 20
-95.8055999999999983
 30
0
 11
151.8351239999999791
 21
-95.9543999999999926
 31
0
  0
LINE
  5
308
330
1A
100
AcDbEntity
  8
B.Cu
  6
CONTINUOUS
100
AcDbLine
 10
151.8351239999999791
 20
-95.9543999999999926
 30
0
 11
151.7966109999999844
 21
-96.0981299999999976
 31
0
  0
LINE
  5
309
330
1A
100
AcDbEntity
  8
B.Cu
  6
CONTINUOUS
100
AcDbLine
 10
151.7966109999999844
 20
-96.0981299999999976
 30
0
 11
151.7222109999999873
 21
-96.2269939999999906
 31
0
  0
LINE
  5
30A
330
1A
100
AcDbEntity
  8
B.Cu
  6
CONTINUOUS
100
AcDbLine
 10
151.7222109999999873
 20
-96.2269939999999906
 30
0
 11
151.6169940000000054
 21
-96.3322110000000009
 31
0
  0
LINE
  5
30B
330
1A
100
AcDbEntity
  8
B.Cu
  6
CONTINUOUS
100
AcDbLine
 10
151.6169940000000054
 20
-96.3322110000000009
 30
0
 11
151.488129999999984
 21
-96.4066109999999981
 31
0
  0
LINE
  5
30C
330
1A
100
AcDbEntity
  8
B.Cu
  6
CONTINUOUS
100
AcDbLine
 10
151.488129999999984
 20
-96.4066109999999981
 30
0
 11
151.3443999999999789
 21
-96.4451239999999927
 31
0
  0
LINE
  5
30D
330
1A
100
AcDbEntity
  8
B.Cu
  6
CONTINUOUS
100
AcDbLine
 10
151.3443999999999789
 20
-96.4451239999999927
 30
0
 11
151.1955999999999847
 21
-96.4451239999999927
 31
0
  0
LINE
  5
30E
330
1A
100
AcDbEntity
  8
B.Cu
  6
CONTINUOUS
100
AcDbLine
 10
151.1955999999999847
 20
-96.4451239999999927
 30
0
 11
151.0518699999999797
 21
-96.4066109999999981
 31
0
  0
LINE
  5
30F
330
1A
100
AcDbEntity
  8
B.Cu
  6
CONTINUOUS
100
AcDbLine
 10
151.0518699999999797
 20
-96.4066109999999981
 30
0
 11
150.9230059999999867
 21
-96.3322110000000009
 31
0
  0
LINE
  5
310
330
1A
100
AcDbEntity
  8
B.Cu
  6
CONTINUOUS
100
AcDbLine
 10
150.9230059999999867
 20
-96.3322110000000009
 30
0
 11
150.8177890000000048
 21
-96.2269939999999906
 31
0
  0
LINE
  5
311
330
1A
100
AcDbEntity
  8
B.Cu
  6
CONTINUOUS
100
AcDbLine
 10
150.8177890000000048
 20
-96.2269939999999906
 30
0
 11
150.7433889999999792
 21
-96.0981299999999976
 31
0
  0
LINE
  5
312
330
1A
100
AcDbEntity
  8
B.Cu
  6
CONTINUOUS
100
AcDbLine
 10
150.7433889999999792
 20
-96.0981299999999976
 30
0
 11
150.7048759999999845
 21
-95.9543999999999926
 31
0
  0
LINE
  5
313
330
1A
100
AcDbEntity
  8
B.Cu
  6
CONTINUOUS
100
AcDbLine
 10
150.7048759999999845
 20
-95.9543999999999926
 30
0
 11
150.7048759999999845
 21
-95.8055999999999983
 31
0
  0
LINE
  5
314
330
1A
100
AcDbEntity
  8
B.Cu
  6
CONTINUOUS
100
AcDbLine
 10
150.7048759999999845
 20
-95.8055999999999983
 30
0
 11
150.7433889999999792
 21
-95.6618699999999933
 31
0
  0
LINE
  5
315
330
1A
100
AcDbEntity
  8
B.Cu
  6
CONTINUOUS
100
AcDbLine
 10
150.7433889999999792
 20
-95.6618699999999933
 30
0
 11
150.8177890000000048
 21
-95.5330060000000003
 31
0
  0
LINE
  5
316
330
1A
100
AcDbEntity
  8
B.Cu
  6
CONTINUOUS
100
AcDbLine
 10
150.8177890000000048
 20
-95.5330060000000003
 30
0
 11
150.9230059999999867
 21
-95.42778899999999
 31
0
  0
LINE
  5
317
330
1A
100
AcDbEntity
  8
B.Cu
  6
CONTINUOUS
100
AcDbLine
 10
150.9230059999999867
 20
-95.42778899999999
 30
0
 11
151.0518699999999797
 21
-95.3533889999999928
 31
0
  0
LINE
  5
318
330
1A
100
AcDbEntity
  8
B.Cu
  6
CONTINUOUS
100
AcDbLine
 10
151.0518699999999797
 20
-95.3533889999999928
 30
0
 11
151.1955999999999847
 21
-95.3148759999999982
 31
0
  0
LINE
  5
319
330
1A
100
AcDbEntity
  8
B.Cu
  6
CONTINUOUS
100
AcDbLine
 10
151.1955999999999847
 20
-95.3148759999999982
 30
0
 11
151.3443999999999789
 21
-95.3148759999999982
 31
0
  0
LINE
  5
31A
330
1A
100
AcDbEntity
  8
B.Cu
  6
CONTINUOUS
100
AcDbLine
 10
151.3443999999999789
 20
-95.3148759999999982
 30
0
 11
151.488129999999984
 21
-95.3533889999999928
 31
0
  0
LINE
  5
31B
330
1A
100
AcDbEntity
  8
B.Cu
  6
CONTINUOUS
100
AcDbLine
 10
153.7467419999999834
 20
-77.7266010000000023
 30
0
 11
153.9006870000000049
 21
-77.7903670000000034
 31
0
  0
LINE
  5
31C
330
1A
100
AcDbEntity
  8
B.Cu
  6
CONTINUOUS
100
AcDbLine
 10
153.9006870000000049
 20
-77.7903670000000034
 30
0
 11
154.0392339999999933
 21
-77.8829410000000024
 31
0
  0
LINE
  5
31D
330
1A
100
AcDbEntity
  8
B.Cu
  6
CONTINUOUS
100
AcDbLine
 10
154.0392339999999933
 20
-77.8829410000000024
 30
0
 11
154.1570590000000038
 21
-78.0007659999999987
 31
0
  0
LINE
  5
31E
330
1A
100
AcDbEntity
  8
B.Cu
  6
CONTINUOUS
100
AcDbLine
 10
154.1570590000000038
 20
-78.0007659999999987
 30
0
 11
154.2496329999999887
 21
-78.1393130000000014
 31
0
  0
LINE
  5
31F
330
1A
100
AcDbEntity
  8
B.Cu
  6
CONTINUOUS
100
AcDbLine
 10
154.2496329999999887
 20
-78.1393130000000014
 30
0
 11
154.313399000000004
 21
-78.2932579999999945
 31
0
  0
LINE
  5
320
330
1A
100
AcDbEntity
  8
B.Cu
  6
CONTINUOUS
100
AcDbLine
 10
154.313399000000004
 20
-78.2932579999999945
 30
0
 11
154.3459069999999826
 21
-78.4566849999999931
 31
0
  0
LINE
  5
321
330
1A
100
AcDbEntity
  8
B.Cu
  6
CONTINUOUS
100
AcDbLine
 10
154.3459069999999826
 20
-78.4566849999999931
 30
0
 11
154.3459069999999826
 21
-78.623314999999991
 31
0
  0
LINE
  5
322
330
1A
100
AcDbEntity
  8
B.Cu
  6
CONTINUOUS
100
AcDbLine
 10
154.3459069999999826
 20
-78.623314999999991
 30
0
 11
154.313399000000004
 21
-78.7867419999999896
 31
0
  0
LINE
  5
323
330
1A
100
AcDbEntity
  8
B.Cu
  6
CONTINUOUS
100
AcDbLine
 10
154.313399000000004
 20
-78.7867419999999896
 30
0
 11
154.2496329999999887
 21
-78.9406869999999969
 31
0
  0
LINE
  5
324
330
1A
100
AcDbEntity
  8
B.Cu
  6
CONTINUOUS
100
AcDbLine
 10
154.2496329999999887
 20
-78.9406869999999969
 30
0
 11
154.1570590000000038
 21
-79.0792339999999996
 31
0
  0
LINE
  5
325
330
1A
100
AcDbEntity
  8
B.Cu
  6
CONTINUOUS
100
AcDbLine
 10
154.1570590000000038
 20
-79.0792339999999996
 30
0
 11
154.0392339999999933
 21
-79.1970589999999959
 31
0
  0
LINE
  5
326
330
1A
100
AcDbEntity
  8
B.Cu
  6
CONTINUOUS
100
AcDbLine
 10
154.0392339999999933
 20
-79.1970589999999959
 30
0
 11
153.9006870000000049
 21
-79.2896329999999949
 31
0
  0
LINE
  5
327
330
1A
100
AcDbEntity
  8
B.Cu
  6
CONTINUOUS
100
AcDbLine
 10
153.9006870000000049
 20
-79.2896329999999949
 30
0
 11
153.7999999999999829
 21
-79.3313380000000024
 31
0
  0
LINE
  5
328
330
1A
100
AcDbEntity
  8
B.Cu
  6
CONTINUOUS
100
AcDbLine
 10
153.7999999999999829
 20
-79.3313380000000024
 30
0
 11
153.7999999999999829
 21
-80.8757360000000034
 31
0
  0
LINE
  5
329
330
1A
100
AcDbEntity
  8
B.Cu
  6
CONTINUOUS
100
AcDbLine
 10
153.7999999999999829
 20
-80.8757360000000034
 30
0
 11
154.2121319999999969
 21
-81.2878680000000031
 31
0
  0
LINE
  5
32A
330
1A
100
AcDbEntity
  8
B.Cu
  6
CONTINUOUS
100
AcDbLine
 10
154.2121319999999969
 20
-81.2878680000000031
 30
0
 11
154.2380059999999844
 21
-81.3173719999999918
 31
0
  0
LINE
  5
32B
330
1A
100
AcDbEntity
  8
B.Cu
  6
CONTINUOUS
100
AcDbLine
 10
154.2380059999999844
 20
-81.3173719999999918
 30
0
 11
154.2771639999999991
 21
-81.385194999999996
 31
0
  0
LINE
  5
32C
330
1A
100
AcDbEntity
  8
B.Cu
  6
CONTINUOUS
100
AcDbLine
 10
154.2771639999999991
 20
-81.385194999999996
 30
0
 11
154.2974329999999838
 21
-81.4608419999999995
 31
0
  0
LINE
  5
32D
330
1A
100
AcDbEntity
  8
B.Cu
  6
CONTINUOUS
100
AcDbLine
 10
154.2974329999999838
 20
-81.4608419999999995
 30
0
 11
154.2999999999999829
 21
-81.5
 31
0
  0
LINE
  5
32E
330
1A
100
AcDbEntity
  8
B.Cu
  6
CONTINUOUS
100
AcDbLine
 10
154.2999999999999829
 20
-81.5
 30
0
 11
154.2999999999999829
 21
-90.3757359999999892
 31
0
  0
LINE
  5
32F
330
1A
100
AcDbEntity
  8
B.Cu
  6
CONTINUOUS
100
AcDbLine
 10
154.2999999999999829
 20
-90.3757359999999892
 30
0
 11
156.5621319999999912
 21
-92.6378679999999974
 31
0
  0
LINE
  5
330
330
1A
100
AcDbEntity
  8
B.Cu
  6
CONTINUOUS
100
AcDbLine
 10
156.5621319999999912
 20
-92.6378679999999974
 30
0
 11
156.5880059999999787
 21
-92.6673720000000003
 31
0
  0
LINE
  5
331
330
1A
100
AcDbEntity
  8
B.Cu
  6
CONTINUOUS
100
AcDbLine
 10
156.5880059999999787
 20
-92.6673720000000003
 30
0
 11
156.6271639999999934
 21
-92.7351949999999903
 31
0
  0
LINE
  5
332
330
1A
100
AcDbEntity
  8
B.Cu
  6
CONTINUOUS
100
AcDbLine
 10
156.6271639999999934
 20
-92.7351949999999903
 30
0
 11
156.6474330000000066
 21
-92.8108419999999938
 31
0
  0
LINE
  5
333
330
1A
100
AcDbEntity
  8
B.Cu
  6
CONTINUOUS
100
AcDbLine
 10
156.6474330000000066
 20
-92.8108419999999938
 30
0
 11
156.6500000000000057
 21
-92.8499999999999943
 31
0
  0
LINE
  5
334
330
1A
100
AcDbEntity
  8
B.Cu
  6
CONTINUOUS
100
AcDbLine
 10
156.6500000000000057
 20
-92.8499999999999943
 30
0
 11
156.6500000000000057
 21
-95.4006559999999979
 31
0
  0
LINE
  5
335
330
1A
100
AcDbEntity
  8
B.Cu
  6
CONTINUOUS
100
AcDbLine
 10
156.6500000000000057
 20
-95.4006559999999979
 30
0
 11
156.6969939999999895
 21
-95.42778899999999
 31
0
  0
LINE
  5
336
330
1A
100
AcDbEntity
  8
B.Cu
  6
CONTINUOUS
100
AcDbLine
 10
156.6969939999999895
 20
-95.42778899999999
 30
0
 11
156.8022109999999998
 21
-95.5330060000000003
 31
0
  0
LINE
  5
337
330
1A
100
AcDbEntity
  8
B.Cu
  6
CONTINUOUS
100
AcDbLine
 10
156.8022109999999998
 20
-95.5330060000000003
 30
0
 11
156.8766109999999969
 21
-95.6618699999999933
 31
0
  0
LINE
  5
338
330
1A
100
AcDbEntity
  8
B.Cu
  6
CONTINUOUS
100
AcDbLine
 10
156.8766109999999969
 20
-95.6618699999999933
 30
0
 11
156.9151239999999916
 21
-95.8055999999999983
 31
0
  0
LINE
  5
339
330
1A
100
AcDbEntity
  8
B.Cu
  6
CONTINUOUS
100
AcDbLine
 10
156.9151239999999916
 20
-95.8055999999999983
 30
0
 11
156.9151239999999916
 21
-95.9543999999999926
 31
0
  0
LINE
  5
33A
330
1A
100
AcDbEntity
  8
B.Cu
  6
CONTINUOUS
100
AcDbLine
 10
156.9151239999999916
 20
-95.9543999999999926
 30
0
 11
156.8766109999999969
 21
-96.0981299999999976
 31
0
  0
LINE
  5
33B
330
1A
100
AcDbEntity
  8
B.Cu
  6
CONTINUOUS
100
AcDbLine
 10
156.8766109999999969
 20
-96.0981299999999976
 30
0
 11
156.8022109999999998
 21
-96.2269939999999906
 31
0
  0
LINE
  5
33C
330
1A
100
AcDbEntity
  8
B.Cu
  6
CONTINUOUS
100
AcDbLine
 10
156.8022109999999998
 20
-96.2269939999999906
 30
0
 11
156.6969939999999895
 21
-96.3322110000000009
 31
0
  0
LINE
  5
33D
330
1A
100
AcDbEntity
  8
B.Cu
  6
CONTINUOUS
100
AcDbLine
 10
156.6969939999999895
 20
-96.3322110000000009
 30
0
 11
156.5681299999999965
 21
-96.4066109999999981
 31
0
  0
LINE
  5
33E
330
1A
100
AcDbEntity
  8
B.Cu
  6
CONTINUOUS
100
AcDbLine
 10
156.5681299999999965
 20
-96.4066109999999981
 30
0
 11
156.4243999999999915
 21
-96.4451239999999927
 31
0
  0
LINE
  5
33F
330
1A
100
AcDbEntity
  8
B.Cu
  6
CONTINUOUS
100
AcDbLine
 10
156.4243999999999915
 20
-96.4451239999999927
 30
0
 11
156.2755999999999972
 21
-96.4451239999999927
 31
0
  0
LINE
  5
340
330
1A
100
AcDbEntity
  8
B.Cu
  6
CONTINUOUS
100
AcDbLine
 10
156.2755999999999972
 20
-96.4451239999999927
 30
0
 11
156.1318699999999922
 21
-96.4066109999999981
 31
0
  0
LINE
  5
341
330
1A
100
AcDbEntity
  8
B.Cu
  6
CONTINUOUS
100
AcDbLine
 10
156.1318699999999922
 20
-96.4066109999999981
 30
0
 11
156.0030059999999992
 21
-96.3322110000000009
 31
0
  0
LINE
  5
342
330
1A
100
AcDbEntity
  8
B.Cu
  6
CONTINUOUS
100
AcDbLine
 10
156.0030059999999992
 20
-96.3322110000000009
 30
0
 11
155.8977889999999888
 21
-96.2269939999999906
 31
0
  0
LINE
  5
343
330
1A
100
AcDbEntity
  8
B.Cu
  6
CONTINUOUS
100
AcDbLine
 10
155.8977889999999888
 20
-96.2269939999999906
 30
0
 11
155.8233889999999917
 21
-96.0981299999999976
 31
0
  0
LINE
  5
344
330
1A
100
AcDbEntity
  8
B.Cu
  6
CONTINUOUS
100
AcDbLine
 10
155.8233889999999917
 20
-96.0981299999999976
 30
0
 11
155.784875999999997
 21
-95.9543999999999926
 31
0
  0
LINE
  5
345
330
1A
100
AcDbEntity
  8
B.Cu
  6
CONTINUOUS
100
AcDbLine
 10
155.784875999999997
 20
-95.9543999999999926
 30
0
 11
155.784875999999997
 21
-95.8055999999999983
 31
0
  0
LINE
  5
346
330
1A
100
AcDbEntity
  8
B.Cu
  6
CONTINUOUS
100
AcDbLine
 10
155.784875999999997
 20
-95.8055999999999983
 30
0
 11
155.8233889999999917
 21
-95.6618699999999933
 31
0
  0
LINE
  5
347
330
1A
100
AcDbEntity
  8
B.Cu
  6
CONTINUOUS
100
AcDbLine
 10
155.8233889999999917
 20
-95.6618699999999933
 30
0
 11
155.8977889999999888
 21
-95.5330060000000003
 31
0
  0
LINE
  5
348
330
1A
100
AcDbEntity
  8
B.Cu
  6
CONTINUOUS
100
AcDbLine
 10
155.8977889999999888
 20
-95.5330060000000003
 30
0
 11
156.0030059999999992
 21
-95.42778899999999
 31
0
  0
LINE
  5
349
330
1A
100
AcDbEntity
  8
B.Cu
  6
CONTINUOUS
100
AcDbLine
 10
156.0030059999999992
 20
-95.42778899999999
 30
0
 11
156.0499999999999829
 21
-95.4006559999999979
 31
0
  0
LINE
  5
34A
330
1A
100
AcDbEntity
  8
B.Cu
  6
CONTINUOUS
100
AcDbLine
 10
156.0499999999999829
 20
-95.4006559999999979
 30
0
 11
156.0499999999999829
 21
-92.9742639999999909
 31
0
  0
LINE
  5
34B
330
1A
100
AcDbEntity
  8
B.Cu
  6
CONTINUOUS
100
AcDbLine
 10
156.0499999999999829
 20
-92.9742639999999909
 30
0
 11
153.7878680000000031
 21
-90.7121319999999969
 31
0
  0
LINE
  5
34C
330
1A
100
AcDbEntity
  8
B.Cu
  6
CONTINUOUS
100
AcDbLine
 10
153.7878680000000031
 20
-90.7121319999999969
 30
0
 11
153.7619939999999872
 21
-90.682627999999994
 31
0
  0
LINE
  5
34D
330
1A
100
AcDbEntity
  8
B.Cu
  6
CONTINUOUS
100
AcDbLine
 10
153.7619939999999872
 20
-90.682627999999994
 30
0
 11
153.7228360000000009
 21
-90.6148049999999898
 31
0
  0
LINE
  5
34E
330
1A
100
AcDbEntity
  8
B.Cu
  6
CONTINUOUS
100
AcDbLine
 10
153.7228360000000009
 20
-90.6148049999999898
 30
0
 11
153.7025669999999877
 21
-90.5391580000000005
 31
0
  0
LINE
  5
34F
330
1A
100
AcDbEntity
  8
B.Cu
  6
CONTINUOUS
100
AcDbLine
 10
153.7025669999999877
 20
-90.5391580000000005
 30
0
 11
153.6999999999999886
 21
-90.5
 31
0
  0
LINE
  5
350
330
1A
100
AcDbEntity
  8
B.Cu
  6
CONTINUOUS
100
AcDbLine
 10
153.6999999999999886
 20
-90.5
 30
0
 11
153.6999999999999886
 21
-81.6242639999999966
 31
0
  0
LINE
  5
351
330
1A
100
AcDbEntity
  8
B.Cu
  6
CONTINUOUS
100
AcDbLine
 10
153.6999999999999886
 20
-81.6242639999999966
 30
0
 11
153.2878680000000031
 21
-81.2121319999999969
 31
0
  0
LINE
  5
352
330
1A
100
AcDbEntity
  8
B.Cu
  6
CONTINUOUS
100
AcDbLine
 10
153.2878680000000031
 20
-81.2121319999999969
 30
0
 11
153.2619939999999872
 21
-81.182627999999994
 31
0
  0
LINE
  5
353
330
1A
100
AcDbEntity
  8
B.Cu
  6
CONTINUOUS
100
AcDbLine
 10
153.2619939999999872
 20
-81.182627999999994
 30
0
 11
153.2228360000000009
 21
-81.1148049999999898
 31
0
  0
LINE
  5
354
330
1A
100
AcDbEntity
  8
B.Cu
  6
CONTINUOUS
100
AcDbLine
 10
153.2228360000000009
 20
-81.1148049999999898
 30
0
 11
153.2025669999999877
 21
-81.0391580000000005
 31
0
  0
LINE
  5
355
330
1A
100
AcDbEntity
  8
B.Cu
  6
CONTINUOUS
100
AcDbLine
 10
153.2025669999999877
 20
-81.0391580000000005
 30
0
 11
153.1999999999999886
 21
-81.
 31
0
  0
LINE
  5
356
330
1A
100
AcDbEntity
  8
B.Cu
  6
CONTINUOUS
100
AcDbLine
 10
153.1999999999999886
 20
-81.
 30
0
 11
153.1999999999999886
 21
-79.3313380000000024
 31
0
  0
LINE
  5
357
330
1A
100
AcDbEntity
  8
B.Cu
  6
CONTINUOUS
100
AcDbLine
 10
153.1999999999999886
 20
-79.3313380000000024
 30
0
 11
153.0993129999999951
 21
-79.2896329999999949
 31
0
  0
LINE
  5
358
330
1A
100
AcDbEntity
  8
B.Cu
  6
CONTINUOUS
100
AcDbLine
 10
153.0993129999999951
 20
-79.2896329999999949
 30
0
 11
152.9607660000000067
 21
-79.1970589999999959
 31
0
  0
LINE
  5
359
330
1A
100
AcDbEntity
  8
B.Cu
  6
CONTINUOUS
100
AcDbLine
 10
152.9607660000000067
 20
-79.1970589999999959
 30
0
 11
152.8429409999999962
 21
-79.0792339999999996
 31
0
  0
LINE
  5
35A
330
1A
100
AcDbEntity
  8
B.Cu
  6
CONTINUOUS
100
AcDbLine
 10
152.8429409999999962
 20
-79.0792339999999996
 30
0
 11
152.7503669999999829
 21
-78.9406869999999969
 31
0
  0
LINE
  5
35B
330
1A
100
AcDbEntity
  8
B.Cu
  6
CONTINUOUS
100
AcDbLine
 10
152.7503669999999829
 20
-78.9406869999999969
 30
0
 11
152.686600999999996
 21
-78.7867419999999896
 31
0
  0
LINE
  5
35C
330
1A
100
AcDbEntity
  8
B.Cu
  6
CONTINUOUS
100
AcDbLine
 10
152.686600999999996
 20
-78.7867419999999896
 30
0
 11
152.6540929999999889
 21
-78.623314999999991
 31
0
  0
LINE
  5
35D
330
1A
100
AcDbEntity
  8
B.Cu
  6
CONTINUOUS
100
AcDbLine
 10
152.6540929999999889
 20
-78.623314999999991
 30
0
 11
152.6540929999999889
 21
-78.4566849999999931
 31
0
  0
LINE
  5
35E
330
1A
100
AcDbEntity
  8
B.Cu
  6
CONTINUOUS
100
AcDbLine
 10
152.6540929999999889
 20
-78.4566849999999931
 30
0
 11
152.686600999999996
 21
-78.2932579999999945
 31
0
  0
LINE
  5
35F
330
1A
100
AcDbEntity
  8
B.Cu
  6
CONTINUOUS
100
AcDbLine
 10
152.686600999999996
 20
-78.2932579999999945
 30
0
 11
152.7503669999999829
 21
-78.1393130000000014
 31
0
  0
LINE
  5
360
330
1A
100
AcDbEntity
  8
B.Cu
  6
CONTINUOUS
100
AcDbLine
 10
152.7503669999999829
 20
-78.1393130000000014
 30
0
 11
152.8429409999999962
 21
-78.0007659999999987
 31
0
  0
LINE
  5
361
330
1A
100
AcDbEntity
  8
B.Cu
  6
CONTINUOUS
100
AcDbLine
 10
152.8429409999999962
 20
-78.0007659999999987
 30
0
 11
152.9607660000000067
 21
-77.8829410000000024
 31
0
  0
LINE
  5
362
330
1A
100
AcDbEntity
  8
B.Cu
  6
CONTINUOUS
100
AcDbLine
 10
152.9607660000000067
 20
-77.8829410000000024
 30
0
 11
153.0993129999999951
 21
-77.7903670000000034
 31
0
  0
LINE
  5
363
330
1A
100
AcDbEntity
  8
B.Cu
  6
CONTINUOUS
100
AcDbLine
 10
153.0993129999999951
 20
-77.7903670000000034
 30
0
 11
153.2532579999999882
 21
-77.7266010000000023
 31
0
  0
LINE
  5
364
330
1A
100
AcDbEntity
  8
B.Cu
  6
CONTINUOUS
100
AcDbLine
 10
153.2532579999999882
 20
-77.7266010000000023
 30
0
 11
153.4166850000000011
 21
-77.6940929999999952
 31
0
  0
LINE
  5
365
330
1A
100
AcDbEntity
  8
B.Cu
  6
CONTINUOUS
100
AcDbLine
 10
153.4166850000000011
 20
-77.6940929999999952
 30
0
 11
153.5833149999999989
 21
-77.6940929999999952
 31
0
  0
LINE
  5
366
330
1A
100
AcDbEntity
  8
B.Cu
  6
CONTINUOUS
100
AcDbLine
 10
153.5833149999999989
 20
-77.6940929999999952
 30
0
 11
153.7467419999999834
 21
-77.7266010000000023
 31
0
  0
LINE
  5
367
330
1A
100
AcDbEntity
  8
B.Cu
  6
CONTINUOUS
100
AcDbLine
 10
153.7467419999999834
 20
-75.186600999999996
 30
0
 11
153.9006870000000049
 21
-75.2503669999999971
 31
0
  0
LINE
  5
368
330
1A
100
AcDbEntity
  8
B.Cu
  6
CONTINUOUS
100
AcDbLine
 10
153.9006870000000049
 20
-75.2503669999999971
 30
0
 11
154.0392339999999933
 21
-75.3429409999999962
 31
0
  0
LINE
  5
369
330
1A
100
AcDbEntity
  8
B.Cu
  6
CONTINUOUS
100
AcDbLine
 10
154.0392339999999933
 20
-75.3429409999999962
 30
0
 11
154.1570590000000038
 21
-75.4607659999999925
 31
0
  0
LINE
  5
36A
330
1A
100
AcDbEntity
  8
B.Cu
  6
CONTINUOUS
100
AcDbLine
 10
154.1570590000000038
 20
-75.4607659999999925
 30
0
 11
154.2496329999999887
 21
-75.5993129999999951
 31
0
  0
LINE
  5
36B
330
1A
100
AcDbEntity
  8
B.Cu
  6
CONTINUOUS
100
AcDbLine
 10
154.2496329999999887
 20
-75.5993129999999951
 30
0
 11
154.313399000000004
 21
-75.7532580000000024
 31
0
  0
LINE
  5
36C
330
1A
100
AcDbEntity
  8
B.Cu
  6
CONTINUOUS
100
AcDbLine
 10
154.313399000000004
 20
-75.7532580000000024
 30
0
 11
154.3459069999999826
 21
-75.9166850000000011
 31
0
  0
LINE
  5
36D
330
1A
100
AcDbEntity
  8
B.Cu
  6
CONTINUOUS
100
AcDbLine
 10
154.3459069999999826
 20
-75.9166850000000011
 30
0
 11
154.3459069999999826
 21
-76.0833149999999989
 31
0
  0
LINE
  5
36E
330
1A
100
AcDbEntity
  8
B.Cu
  6
CONTINUOUS
100
AcDbLine
 10
154.3459069999999826
 20
-76.0833149999999989
 30
0
 11
154.313399000000004
 21
-76.2467419999999976
 31
0
  0
LINE
  5
36F
330
1A
100
AcDbEntity
  8
B.Cu
  6
CONTINUOUS
100
AcDbLine
 10
154.313399000000004
 20
-76.2467419999999976
 30
0
 11
154.2716929999999991
 21
-76.3474289999999911
 31
0
  0
LINE
  5
370
330
1A
100
AcDbEntity
  8
B.Cu
  6
CONTINUOUS
100
AcDbLine
 10
154.2716929999999991
 20
-76.3474289999999911
 30
0
 11
155.7121319999999969
 21
-77.7878680000000031
 31
0
  0
LINE
  5
371
330
1A
100
AcDbEntity
  8
B.Cu
  6
CONTINUOUS
100
AcDbLine
 10
155.7121319999999969
 20
-77.7878680000000031
 30
0
 11
155.7380059999999844
 21
-77.8173719999999918
 31
0
  0
LINE
  5
372
330
1A
100
AcDbEntity
  8
B.Cu
  6
CONTINUOUS
100
AcDbLine
 10
155.7380059999999844
 20
-77.8173719999999918
 30
0
 11
155.7771639999999991
 21
-77.885194999999996
 31
0
  0
LINE
  5
373
330
1A
100
AcDbEntity
  8
B.Cu
  6
CONTINUOUS
100
AcDbLine
 10
155.7771639999999991
 20
-77.885194999999996
 30
0
 11
155.7974329999999838
 21
-77.9608419999999995
 31
0
  0
LINE
  5
374
330
1A
100
AcDbEntity
  8
B.Cu
  6
CONTINUOUS
100
AcDbLine
 10
155.7974329999999838
 20
-77.9608419999999995
 30
0
 11
155.7999999999999829
 21
-78.
 31
0
  0
LINE
  5
375
330
1A
100
AcDbEntity
  8
B.Cu
  6
CONTINUOUS
100
AcDbLine
 10
155.7999999999999829
 20
-78.
 30
0
 11
155.7999999999999829
 21
-88.1254939999999891
 31
0
  0
LINE
  5
376
330
1A
100
AcDbEntity
  8
B.Cu
  6
CONTINUOUS
100
AcDbLine
 10
155.7999999999999829
 20
-88.1254939999999891
 30
0
 11
159.1021319999999832
 21
-91.4276259999999894
 31
0
  0
LINE
  5
377
330
1A
100
AcDbEntity
  8
B.Cu
  6
CONTINUOUS
100
AcDbLine
 10
159.1021319999999832
 20
-91.4276259999999894
 30
0
 11
159.1280059999999992
 21
-91.4571299999999923
 31
0
  0
LINE
  5
378
330
1A
100
AcDbEntity
  8
B.Cu
  6
CONTINUOUS
100
AcDbLine
 10
159.1280059999999992
 20
-91.4571299999999923
 30
0
 11
159.1671639999999854
 21
-91.5249529999999965
 31
0
  0
LINE
  5
379
330
1A
100
AcDbEntity
  8
B.Cu
  6
CONTINUOUS
100
AcDbLine
 10
159.1671639999999854
 20
-91.5249529999999965
 30
0
 11
159.1874329999999986
 21
-91.6006
 31
0
  0
LINE
  5
37A
330
1A
100
AcDbEntity
  8
B.Cu
  6
CONTINUOUS
100
AcDbLine
 10
159.1874329999999986
 20
-91.6006
 30
0
 11
159.1899999999999977
 21
-91.6397580000000005
 31
0
  0
LINE
  5
37B
330
1A
100
AcDbEntity
  8
B.Cu
  6
CONTINUOUS
100
AcDbLine
 10
159.1899999999999977
 20
-91.6397580000000005
 30
0
 11
159.1899999999999977
 21
-95.4006559999999979
 31
0
  0
LINE
  5
37C
330
1A
100
AcDbEntity
  8
B.Cu
  6
CONTINUOUS
100
AcDbLine
 10
159.1899999999999977
 20
-95.4006559999999979
 30
0
 11
159.2369939999999815
 21
-95.42778899999999
 31
0
  0
LINE
  5
37D
330
1A
100
AcDbEntity
  8
B.Cu
  6
CONTINUOUS
100
AcDbLine
 10
159.2369939999999815
 20
-95.42778899999999
 30
0
 11
159.3422109999999918
 21
-95.5330060000000003
 31
0
  0
LINE
  5
37E
330
1A
100
AcDbEntity
  8
B.Cu
  6
CONTINUOUS
100
AcDbLine
 10
159.3422109999999918
 20
-95.5330060000000003
 30
0
 11
159.416610999999989
 21
-95.6618699999999933
 31
0
  0
LINE
  5
37F
330
1A
100
AcDbEntity
  8
B.Cu
  6
CONTINUOUS
100
AcDbLine
 10
159.416610999999989
 20
-95.6618699999999933
 30
0
 11
159.4551239999999837
 21
-95.8055999999999983
 31
0
  0
LINE
  5
380
330
1A
100
AcDbEntity
  8
B.Cu
  6
CONTINUOUS
100
AcDbLine
 10
159.4551239999999837
 20
-95.8055999999999983
 30
0
 11
159.4551239999999837
 21
-95.9543999999999926
 31
0
  0
LINE
  5
381
330
1A
100
AcDbEntity
  8
B.Cu
  6
CONTINUOUS
100
AcDbLine
 10
159.4551239999999837
 20
-95.9543999999999926
 30
0
 11
159.416610999999989
 21
-96.0981299999999976
 31
0
  0
LINE
  5
382
330
1A
100
AcDbEntity
  8
B.Cu
  6
CONTINUOUS
100
AcDbLine
 10
159.416610999999989
 20
-96.0981299999999976
 30
0
 11
159.3422109999999918
 21
-96.2269939999999906
 31
0
  0
LINE
  5
383
330
1A
100
AcDbEntity
  8
B.Cu
  6
CONTINUOUS
100
AcDbLine
 10
159.3422109999999918
 20
-96.2269939999999906
 30
0
 11
159.2369939999999815
 21
-96.3322110000000009
 31
0
  0
LINE
  5
384
330
1A
100
AcDbEntity
  8
B.Cu
  6
CONTINUOUS
100
AcDbLine
 10
159.2369939999999815
 20
-96.3322110000000009
 30
0
 11
159.1081299999999885
 21
-96.4066109999999981
 31
0
  0
LINE
  5
385
330
1A
100
AcDbEntity
  8
B.Cu
  6
CONTINUOUS
100
AcDbLine
 10
159.1081299999999885
 20
-96.4066109999999981
 30
0
 11
158.9643999999999835
 21
-96.4451239999999927
 31
0
  0
LINE
  5
386
330
1A
100
AcDbEntity
  8
B.Cu
  6
CONTINUOUS
100
AcDbLine
 10
158.9643999999999835
 20
-96.4451239999999927
 30
0
 11
158.8155999999999892
 21
-96.4451239999999927
 31
0
  0
LINE
  5
387
330
1A
100
AcDbEntity
  8
B.Cu
  6
CONTINUOUS
100
AcDbLine
 10
158.8155999999999892
 20
-96.4451239999999927
 30
0
 11
158.6718699999999842
 21
-96.4066109999999981
 31
0
  0
LINE
  5
388
330
1A
100
AcDbEntity
  8
B.Cu
  6
CONTINUOUS
100
AcDbLine
 10
158.6718699999999842
 20
-96.4066109999999981
 30
0
 11
158.5430059999999912
 21
-96.3322110000000009
 31
0
  0
LINE
  5
389
330
1A
100
AcDbEntity
  8
B.Cu
  6
CONTINUOUS
100
AcDbLine
 10
158.5430059999999912
 20
-96.3322110000000009
 30
0
 11
158.4377889999999809
 21
-96.2269939999999906
 31
0
  0
LINE
  5
38A
330
1A
100
AcDbEntity
  8
B.Cu
  6
CONTINUOUS
100
AcDbLine
 10
158.4377889999999809
 20
-96.2269939999999906
 30
0
 11
158.3633889999999838
 21
-96.0981299999999976
 31
0
  0
LINE
  5
38B
330
1A
100
AcDbEntity
  8
B.Cu
  6
CONTINUOUS
100
AcDbLine
 10
158.3633889999999838
 20
-96.0981299999999976
 30
0
 11
158.3248759999999891
 21
-95.9543999999999926
 31
0
  0
LINE
  5
38C
330
1A
100
AcDbEntity
  8
B.Cu
  6
CONTINUOUS
100
AcDbLine
 10
158.3248759999999891
 20
-95.9543999999999926
 30
0
 11
158.3248759999999891
 21
-95.8055999999999983
 31
0
  0
LINE
  5
38D
330
1A
100
AcDbEntity
  8
B.Cu
  6
CONTINUOUS
100
AcDbLine
 10
158.3248759999999891
 20
-95.8055999999999983
 30
0
 11
158.3633889999999838
 21
-95.6618699999999933
 31
0
  0
LINE
  5
38E
330
1A
100
AcDbEntity
  8
B.Cu
  6
CONTINUOUS
100
AcDbLine
 10
158.3633889999999838
 20
-95.6618699999999933
 30
0
 11
158.4377889999999809
 21
-95.5330060000000003
 31
0
  0
LINE
  5
38F
330
1A
100
AcDbEntity
  8
B.Cu
  6
CONTINUOUS
100
AcDbLine
 10
158.4377889999999809
 20
-95.5330060000000003
 30
0
 11
158.5430059999999912
 21
-95.42778899999999
 31
0
  0
LINE
  5
390
330
1A
100
AcDbEntity
  8
B.Cu
  6
CONTINUOUS
100
AcDbLine
 10
158.5430059999999912
 20
-95.42778899999999
 30
0
 11
158.5900000000000034
 21
-95.4006559999999979
 31
0
  0
LINE
  5
391
330
1A
100
AcDbEntity
  8
B.Cu
  6
CONTINUOUS
100
AcDbLine
 10
158.5900000000000034
 20
-95.4006559999999979
 30
0
 11
158.5900000000000034
 21
-91.7640219999999971
 31
0
  0
LINE
  5
392
330
1A
100
AcDbEntity
  8
B.Cu
  6
CONTINUOUS
100
AcDbLine
 10
158.5900000000000034
 20
-91.7640219999999971
 30
0
 11
155.2878680000000031
 21
-88.4618899999999968
 31
0
  0
LINE
  5
393
330
1A
100
AcDbEntity
  8
B.Cu
  6
CONTINUOUS
100
AcDbLine
 10
155.2878680000000031
 20
-88.4618899999999968
 30
0
 11
155.2619939999999872
 21
-88.4323859999999939
 31
0
  0
LINE
  5
394
330
1A
100
AcDbEntity
  8
B.Cu
  6
CONTINUOUS
100
AcDbLine
 10
155.2619939999999872
 20
-88.4323859999999939
 30
0
 11
155.2228360000000009
 21
-88.3645629999999898
 31
0
  0
LINE
  5
395
330
1A
100
AcDbEntity
  8
B.Cu
  6
CONTINUOUS
100
AcDbLine
 10
155.2228360000000009
 20
-88.3645629999999898
 30
0
 11
155.2025669999999877
 21
-88.2889160000000004
 31
0
  0
LINE
  5
396
330
1A
100
AcDbEntity
  8
B.Cu
  6
CONTINUOUS
100
AcDbLine
 10
155.2025669999999877
 20
-88.2889160000000004
 30
0
 11
155.1999999999999886
 21
-88.2497579999999999
 31
0
  0
LINE
  5
397
330
1A
100
AcDbEntity
  8
B.Cu
  6
CONTINUOUS
100
AcDbLine
 10
155.1999999999999886
 20
-88.2497579999999999
 30
0
 11
155.1999999999999886
 21
-78.1242639999999966
 31
0
  0
LINE
  5
398
330
1A
100
AcDbEntity
  8
B.Cu
  6
CONTINUOUS
100
AcDbLine
 10
155.1999999999999886
 20
-78.1242639999999966
 30
0
 11
153.8474290000000053
 21
-76.7716929999999991
 31
0
  0
LINE
  5
399
330
1A
100
AcDbEntity
  8
B.Cu
  6
CONTINUOUS
100
AcDbLine
 10
153.8474290000000053
 20
-76.7716929999999991
 30
0
 11
153.7467419999999834
 21
-76.8133989999999898
 31
0
  0
LINE
  5
39A
330
1A
100
AcDbEntity
  8
B.Cu
  6
CONTINUOUS
100
AcDbLine
 10
153.7467419999999834
 20
-76.8133989999999898
 30
0
 11
153.5833149999999989
 21
-76.8459069999999969
 31
0
  0
LINE
  5
39B
330
1A
100
AcDbEntity
  8
B.Cu
  6
CONTINUOUS
100
AcDbLine
 10
153.5833149999999989
 20
-76.8459069999999969
 30
0
 11
153.4166850000000011
 21
-76.8459069999999969
 31
0
  0
LINE
  5
39C
330
1A
100
AcDbEntity
  8
B.Cu
  6
CONTINUOUS
100
AcDbLine
 10
153.4166850000000011
 20
-76.8459069999999969
 30
0
 11
153.2532579999999882
 21
-76.8133989999999898
 31
0
  0
LINE
  5
39D
330
1A
100
AcDbEntity
  8
B.Cu
  6
CONTINUOUS
100
AcDbLine
 10
153.2532579999999882
 20
-76.8133989999999898
 30
0
 11
153.0993129999999951
 21
-76.7496330000000029
 31
0
  0
LINE
  5
39E
330
1A
100
AcDbEntity
  8
B.Cu
  6
CONTINUOUS
100
AcDbLine
 10
153.0993129999999951
 20
-76.7496330000000029
 30
0
 11
152.9607660000000067
 21
-76.6570589999999896
 31
0
  0
LINE
  5
39F
330
1A
100
AcDbEntity
  8
B.Cu
  6
CONTINUOUS
100
AcDbLine
 10
152.9607660000000067
 20
-76.6570589999999896
 30
0
 11
152.8429409999999962
 21
-76.5392339999999933
 31
0
  0
LINE
  5
3A0
330
1A
100
AcDbEntity
  8
B.Cu
  6
CONTINUOUS
100
AcDbLine
 10
152.8429409999999962
 20
-76.5392339999999933
 30
0
 11
152.7503669999999829
 21
-76.4006869999999907
 31
0
  0
LINE
  5
3A1
330
1A
100
AcDbEntity
  8
B.Cu
  6
CONTINUOUS
100
AcDbLine
 10
152.7503669999999829
 20
-76.4006869999999907
 30
0
 11
152.686600999999996
 21
-76.2467419999999976
 31
0
  0
LINE
  5
3A2
330
1A
100
AcDbEntity
  8
B.Cu
  6
CONTINUOUS
100
AcDbLine
 10
152.686600999999996
 20
-76.2467419999999976
 30
0
 11
152.6540929999999889
 21
-76.0833149999999989
 31
0
  0
LINE
  5
3A3
330
1A
100
AcDbEntity
  8
B.Cu
  6
CONTINUOUS
100
AcDbLine
 10
152.6540929999999889
 20
-76.0833149999999989
 30
0
 11
152.6540929999999889
 21
-75.9166850000000011
 31
0
  0
LINE
  5
3A4
330
1A
100
AcDbEntity
  8
B.Cu
  6
CONTINUOUS
100
AcDbLine
 10
152.6540929999999889
 20
-75.9166850000000011
 30
0
 11
152.686600999999996
 21
-75.7532580000000024
 31
0
  0
LINE
  5
3A5
330
1A
100
AcDbEntity
  8
B.Cu
  6
CONTINUOUS
100
AcDbLine
 10
152.686600999999996
 20
-75.7532580000000024
 30
0
 11
152.7503669999999829
 21
-75.5993129999999951
 31
0
  0
LINE
  5
3A6
330
1A
100
AcDbEntity
  8
B.Cu
  6
CONTINUOUS
100
AcDbLine
 10
152.7503669999999829
 20
-75.5993129999999951
 30
0
 11
152.8429409999999962
 21
-75.4607659999999925
 31
0
  0
LINE
  5
3A7
330
1A
100
AcDbEntity
  8
B.Cu
  6
CONTINUOUS
100
AcDbLine
 10
152.8429409999999962
 20
-75.4607659999999925
 30
0
 11
152.9607660000000067
 21
-75.3429409999999962
 31
0
  0
LINE
  5
3A8
330
1A
100
AcDbEntity
  8
B.Cu
  6
CONTINUOUS
100
AcDbLine
 10
152.9607660000000067
 20
-75.3429409999999962
 30
0
 11
153.0993129999999951
 21
-75.2503669999999971
 31
0
  0
LINE
  5
3A9
330
1A
100
AcDbEntity
  8
B.Cu
  6
CONTINUOUS
100
AcDbLine
 10
153.0993129999999951
 20
-75.2503669999999971
 30
0
 11
153.2532579999999882
 21
-75.186600999999996
 31
0
  0
LINE
  5
3AA
330
1A
100
AcDbEntity
  8
B.Cu
  6
CONTINUOUS
100
AcDbLine
 10
153.2532579999999882
 20
-75.186600999999996
 30
0
 11
153.4166850000000011
 21
-75.1540930000000031
 31
0
  0
LINE
  5
3AB
330
1A
100
AcDbEntity
  8
B.Cu
  6
CONTINUOUS
100
AcDbLine
 10
153.4166850000000011
 20
-75.1540930000000031
 30
0
 11
153.5833149999999989
 21
-75.1540930000000031
 31
0
  0
LINE
  5
3AC
330
1A
100
AcDbEntity
  8
B.Cu
  6
CONTINUOUS
100
AcDbLine
 10
153.5833149999999989
 20
-75.1540930000000031
 30
0
 11
153.7467419999999834
 21
-75.186600999999996
 31
0
  0
LINE
  5
3AD
330
1A
100
AcDbEntity
  8
B.Cu
  6
CONTINUOUS
100
AcDbLine
 10
137.
 20
-120.5
 30
0
 11
136.2999999999999829
 21
-120.5
 31
0
  0
LINE
  5
3AE
330
1A
100
AcDbEntity
  8
B.Cu
  6
CONTINUOUS
100
AcDbLine
 10
136.2999999999999829
 20
-120.5
 30
0
 11
136.2999999999999829
 21
-121.3757359999999892
 31
0
  0
LINE
  5
3AF
330
1A
100
AcDbEntity
  8
B.Cu
  6
CONTINUOUS
100
AcDbLine
 10
136.2999999999999829
 20
-121.3757359999999892
 30
0
 11
137.1242639999999824
 21
-122.1999999999999886
 31
0
  0
LINE
  5
3B0
330
1A
100
AcDbEntity
  8
B.Cu
  6
CONTINUOUS
100
AcDbLine
 10
137.1242639999999824
 20
-122.1999999999999886
 30
0
 11
141.8757359999999892
 21
-122.1999999999999886
 31
0
  0
LINE
  5
3B1
330
1A
100
AcDbEntity
  8
B.Cu
  6
CONTINUOUS
100
AcDbLine
 10
141.8757359999999892
 20
-122.1999999999999886
 30
0
 11
142.6999999999999886
 21
-121.3757359999999892
 31
0
  0
LINE
  5
3B2
330
1A
100
AcDbEntity
  8
B.Cu
  6
CONTINUOUS
100
AcDbLine
 10
142.6999999999999886
 20
-121.3757359999999892
 30
0
 11
142.6999999999999886
 21
-120.2913379999999961
 31
0
  0
LINE
  5
3B3
330
1A
100
AcDbEntity
  8
B.Cu
  6
CONTINUOUS
100
AcDbLine
 10
142.6999999999999886
 20
-120.2913379999999961
 30
0
 11
142.5993129999999951
 21
-120.2496329999999887
 31
0
  0
LINE
  5
3B4
330
1A
100
AcDbEntity
  8
B.Cu
  6
CONTINUOUS
100
AcDbLine
 10
142.5993129999999951
 20
-120.2496329999999887
 30
0
 11
142.4607660000000067
 21
-120.1570589999999896
 31
0
  0
LINE
  5
3B5
330
1A
100
AcDbEntity
  8
B.Cu
  6
CONTINUOUS
100
AcDbLine
 10
142.4607660000000067
 20
-120.1570589999999896
 30
0
 11
142.3429409999999962
 21
-120.0392339999999933
 31
0
  0
LINE
  5
3B6
330
1A
100
AcDbEntity
  8
B.Cu
  6
CONTINUOUS
100
AcDbLine
 10
142.3429409999999962
 20
-120.0392339999999933
 30
0
 11
142.2503669999999829
 21
-119.9006869999999907
 31
0
  0
LINE
  5
3B7
330
1A
100
AcDbEntity
  8
B.Cu
  6
CONTINUOUS
100
AcDbLine
 10
142.2503669999999829
 20
-119.9006869999999907
 30
0
 11
142.186600999999996
 21
-119.7467419999999976
 31
0
  0
LINE
  5
3B8
330
1A
100
AcDbEntity
  8
B.Cu
  6
CONTINUOUS
100
AcDbLine
 10
142.186600999999996
 20
-119.7467419999999976
 30
0
 11
142.1540929999999889
 21
-119.5833149999999989
 31
0
  0
LINE
  5
3B9
330
1A
100
AcDbEntity
  8
B.Cu
  6
CONTINUOUS
100
AcDbLine
 10
142.1540929999999889
 20
-119.5833149999999989
 30
0
 11
142.1540929999999889
 21
-119.4166850000000011
 31
0
  0
LINE
  5
3BA
330
1A
100
AcDbEntity
  8
B.Cu
  6
CONTINUOUS
100
AcDbLine
 10
142.1540929999999889
 20
-119.4166850000000011
 30
0
 11
142.186600999999996
 21
-119.2532579999999882
 31
0
  0
LINE
  5
3BB
330
1A
100
AcDbEntity
  8
B.Cu
  6
CONTINUOUS
100
AcDbLine
 10
142.186600999999996
 20
-119.2532579999999882
 30
0
 11
142.2503669999999829
 21
-119.0993129999999951
 31
0
  0
LINE
  5
3BC
330
1A
100
AcDbEntity
  8
B.Cu
  6
CONTINUOUS
100
AcDbLine
 10
142.2503669999999829
 20
-119.0993129999999951
 30
0
 11
142.3429409999999962
 21
-118.9607659999999925
 31
0
  0
LINE
  5
3BD
330
1A
100
AcDbEntity
  8
B.Cu
  6
CONTINUOUS
100
AcDbLine
 10
142.3429409999999962
 20
-118.9607659999999925
 30
0
 11
142.4607660000000067
 21
-118.8429409999999962
 31
0
  0
LINE
  5
3BE
330
1A
100
AcDbEntity
  8
B.Cu
  6
CONTINUOUS
100
AcDbLine
 10
142.4607660000000067
 20
-118.8429409999999962
 30
0
 11
142.5993129999999951
 21
-118.7503669999999971
 31
0
  0
LINE
  5
3BF
330
1A
100
AcDbEntity
  8
B.Cu
  6
CONTINUOUS
100
AcDbLine
 10
142.5993129999999951
 20
-118.7503669999999971
 30
0
 11
142.7532579999999882
 21
-118.686600999999996
 31
0
  0
LINE
  5
3C0
330
1A
100
AcDbEntity
  8
B.Cu
  6
CONTINUOUS
100
AcDbLine
 10
142.7532579999999882
 20
-118.686600999999996
 30
0
 11
142.9166850000000011
 21
-118.6540929999999889
 31
0
  0
LINE
  5
3C1
330
1A
100
AcDbEntity
  8
B.Cu
  6
CONTINUOUS
100
AcDbLine
 10
142.9166850000000011
 20
-118.6540929999999889
 30
0
 11
143.0833149999999989
 21
-118.6540929999999889
 31
0
  0
LINE
  5
3C2
330
1A
100
AcDbEntity
  8
B.Cu
  6
CONTINUOUS
100
AcDbLine
 10
143.0833149999999989
 20
-118.6540929999999889
 30
0
 11
143.2467419999999834
 21
-118.686600999999996
 31
0
  0
LINE
  5
3C3
330
1A
100
AcDbEntity
  8
B.Cu
  6
CONTINUOUS
100
AcDbLine
 10
143.2467419999999834
 20
-118.686600999999996
 30
0
 11
143.4006870000000049
 21
-118.7503669999999971
 31
0
  0
LINE
  5
3C4
330
1A
100
AcDbEntity
  8
B.Cu
  6
CONTINUOUS
100
AcDbLine
 10
143.4006870000000049
 20
-118.7503669999999971
 30
0
 11
143.5392339999999933
 21
-118.8429409999999962
 31
0
  0
LINE
  5
3C5
330
1A
100
AcDbEntity
  8
B.Cu
  6
CONTINUOUS
100
AcDbLine
 10
143.5392339999999933
 20
-118.8429409999999962
 30
0
 11
143.6570590000000038
 21
-118.9607659999999925
 31
0
  0
LINE
  5
3C6
330
1A
100
AcDbEntity
  8
B.Cu
  6
CONTINUOUS
100
AcDbLine
 10
143.6570590000000038
 20
-118.9607659999999925
 30
0
 11
143.7496329999999887
 21
-119.0993129999999951
 31
0
  0
LINE
  5
3C7
330
1A
100
AcDbEntity
  8
B.Cu
  6
CONTINUOUS
100
AcDbLine
 10
143.7496329999999887
 20
-119.0993129999999951
 30
0
 11
143.813399000000004
 21
-119.2532579999999882
 31
0
  0
LINE
  5
3C8
330
1A
100
AcDbEntity
  8
B.Cu
  6
CONTINUOUS
100
AcDbLine
 10
143.813399000000004
 20
-119.2532579999999882
 30
0
 11
143.8459069999999826
 21
-119.4166850000000011
 31
0
  0
LINE
  5
3C9
330
1A
100
AcDbEntity
  8
B.Cu
  6
CONTINUOUS
100
AcDbLine
 10
143.8459069999999826
 20
-119.4166850000000011
 30
0
 11
143.8459069999999826
 21
-119.5833149999999989
 31
0
  0
LINE
  5
3CA
330
1A
100
AcDbEntity
  8
B.Cu
  6
CONTINUOUS
100
AcDbLine
 10
143.8459069999999826
 20
-119.5833149999999989
 30
0
 11
143.813399000000004
 21
-119.7467419999999976
 31
0
  0
LINE
  5
3CB
330
1A
100
AcDbEntity
  8
B.Cu
  6
CONTINUOUS
100
AcDbLine
 10
143.813399000000004
 20
-119.7467419999999976
 30
0
 11
143.7496329999999887
 21
-119.9006869999999907
 31
0
  0
LINE
  5
3CC
330
1A
100
AcDbEntity
  8
B.Cu
  6
CONTINUOUS
100
AcDbLine
 10
143.7496329999999887
 20
-119.9006869999999907
 30
0
 11
143.6570590000000038
 21
-120.0392339999999933
 31
0
  0
LINE
  5
3CD
330
1A
100
AcDbEntity
  8
B.Cu
  6
CONTINUOUS
100
AcDbLine
 10
143.6570590000000038
 20
-120.0392339999999933
 30
0
 11
143.5392339999999933
 21
-120.1570589999999896
 31
0
  0
LINE
  5
3CE
330
1A
100
AcDbEntity
  8
B.Cu
  6
CONTINUOUS
100
AcDbLine
 10
143.5392339999999933
 20
-120.1570589999999896
 30
0
 11
143.4006870000000049
 21
-120.2496329999999887
 31
0
  0
LINE
  5
3CF
330
1A
100
AcDbEntity
  8
B.Cu
  6
CONTINUOUS
100
AcDbLine
 10
143.4006870000000049
 20
-120.2496329999999887
 30
0
 11
143.2999999999999829
 21
-120.2913379999999961
 31
0
  0
LINE
  5
3D0
330
1A
100
AcDbEntity
  8
B.Cu
  6
CONTINUOUS
100
AcDbLine
 10
143.2999999999999829
 20
-120.2913379999999961
 30
0
 11
143.2999999999999829
 21
-121.5
 31
0
  0
LINE
  5
3D1
330
1A
100
AcDbEntity
  8
B.Cu
  6
CONTINUOUS
100
AcDbLine
 10
143.2999999999999829
 20
-121.5
 30
0
 11
143.2974329999999838
 21
-121.5391580000000005
 31
0
  0
LINE
  5
3D2
330
1A
100
AcDbEntity
  8
B.Cu
  6
CONTINUOUS
100
AcDbLine
 10
143.2974329999999838
 20
-121.5391580000000005
 30
0
 11
143.2771639999999991
 21
-121.6148049999999898
 31
0
  0
LINE
  5
3D3
330
1A
100
AcDbEntity
  8
B.Cu
  6
CONTINUOUS
100
AcDbLine
 10
143.2771639999999991
 20
-121.6148049999999898
 30
0
 11
143.2380059999999844
 21
-121.682627999999994
 31
0
  0
LINE
  5
3D4
330
1A
100
AcDbEntity
  8
B.Cu
  6
CONTINUOUS
100
AcDbLine
 10
143.2380059999999844
 20
-121.682627999999994
 30
0
 11
143.2121319999999969
 21
-121.7121319999999969
 31
0
  0
LINE
  5
3D5
330
1A
100
AcDbEntity
  8
B.Cu
  6
CONTINUOUS
100
AcDbLine
 10
143.2121319999999969
 20
-121.7121319999999969
 30
0
 11
142.2121319999999969
 21
-122.7121319999999969
 31
0
  0
LINE
  5
3D6
330
1A
100
AcDbEntity
  8
B.Cu
  6
CONTINUOUS
100
AcDbLine
 10
142.2121319999999969
 20
-122.7121319999999969
 30
0
 11
142.182627999999994
 21
-122.7380059999999986
 31
0
  0
LINE
  5
3D7
330
1A
100
AcDbEntity
  8
B.Cu
  6
CONTINUOUS
100
AcDbLine
 10
142.182627999999994
 20
-122.7380059999999986
 30
0
 11
142.1148049999999898
 21
-122.7771639999999991
 31
0
  0
LINE
  5
3D8
330
1A
100
AcDbEntity
  8
B.Cu
  6
CONTINUOUS
100
AcDbLine
 10
142.1148049999999898
 20
-122.7771639999999991
 30
0
 11
142.0391579999999863
 21
-122.7974329999999981
 31
0
  0
LINE
  5
3D9
330
1A
100
AcDbEntity
  8
B.Cu
  6
CONTINUOUS
100
AcDbLine
 10
142.0391579999999863
 20
-122.7974329999999981
 30
0
 11
142.
 21
-122.7999999999999972
 31
0
  0
LINE
  5
3DA
330
1A
100
AcDbEntity
  8
B.Cu
  6
CONTINUOUS
100
AcDbLine
 10
142.
 20
-122.7999999999999972
 30
0
 11
137.
 21
-122.7999999999999972
 31
0
  0
LINE
  5
3DB
330
1A
100
AcDbEntity
  8
B.Cu
  6
CONTINUOUS
100
AcDbLine
 10
137.
 20
-122.7999999999999972
 30
0
 11
136.9608419999999853
 21
-122.7974329999999981
 31
0
  0
LINE
  5
3DC
330
1A
100
AcDbEntity
  8
B.Cu
  6
CONTINUOUS
100
AcDbLine
 10
136.9608419999999853
 20
-122.7974329999999981
 30
0
 11
136.8851949999999817
 21
-122.7771639999999991
 31
0
  0
LINE
  5
3DD
330
1A
100
AcDbEntity
  8
B.Cu
  6
CONTINUOUS
100
AcDbLine
 10
136.8851949999999817
 20
-122.7771639999999991
 30
0
 11
136.817372000000006
 21
-122.7380059999999986
 31
0
  0
LINE
  5
3DE
330
1A
100
AcDbEntity
  8
B.Cu
  6
CONTINUOUS
100
AcDbLine
 10
136.817372000000006
 20
-122.7380059999999986
 30
0
 11
136.7878680000000031
 21
-122.7121319999999969
 31
0
  0
LINE
  5
3DF
330
1A
100
AcDbEntity
  8
B.Cu
  6
CONTINUOUS
100
AcDbLine
 10
136.7878680000000031
 20
-122.7121319999999969
 30
0
 11
135.7878680000000031
 21
-121.7121319999999969
 31
0
  0
LINE
  5
3E0
330
1A
100
AcDbEntity
  8
B.Cu
  6
CONTINUOUS
100
AcDbLine
 10
135.7878680000000031
 20
-121.7121319999999969
 30
0
 11
135.7619939999999872
 21
-121.682627999999994
 31
0
  0
LINE
  5
3E1
330
1A
100
AcDbEntity
  8
B.Cu
  6
CONTINUOUS
100
AcDbLine
 10
135.7619939999999872
 20
-121.682627999999994
 30
0
 11
135.7228360000000009
 21
-121.6148049999999898
 31
0
  0
LINE
  5
3E2
330
1A
100
AcDbEntity
  8
B.Cu
  6
CONTINUOUS
100
AcDbLine
 10
135.7228360000000009
 20
-121.6148049999999898
 30
0
 11
135.7025669999999877
 21
-121.5391580000000005
 31
0
  0
LINE
  5
3E3
330
1A
100
AcDbEntity
  8
B.Cu
  6
CONTINUOUS
100
AcDbLine
 10
135.7025669999999877
 20
-121.5391580000000005
 30
0
 11
135.6999999999999886
 21
-121.5
 31
0
  0
LINE
  5
3E4
330
1A
100
AcDbEntity
  8
B.Cu
  6
CONTINUOUS
100
AcDbLine
 10
135.6999999999999886
 20
-121.5
 30
0
 11
135.6999999999999886
 21
-120.5
 31
0
  0
LINE
  5
3E5
330
1A
100
AcDbEntity
  8
B.Cu
  6
CONTINUOUS
100
AcDbLine
 10
135.6999999999999886
 20
-120.5
 30
0
 11
135.
 21
-120.5
 31
0
  0
LINE
  5
3E6
330
1A
100
AcDbEntity
  8
B.Cu
  6
CONTINUOUS
100
AcDbLine
 10
135.
 20
-120.5
 30
0
 11
135.
 21
-118.5
 31
0
  0
LINE
  5
3E7
330
1A
100
AcDbEntity
  8
B.Cu
  6
CONTINUOUS
100
AcDbLine
 10
135.
 20
-118.5
 30
0
 11
137.
 21
-118.5
 31
0
  0
LINE
  5
3E8
330
1A
100
AcDbEntity
  8
B.Cu
  6
CONTINUOUS
100
AcDbLine
 10
137.
 20
-118.5
 30
0
 11
137.
 21
-120.5
 31
0
  0
LINE
  5
3E9
330
1A
100
AcDbEntity
  8
B.Cu
  6
CONTINUOUS
100
AcDbLine
 10
151.488129999999984
 20
-110.5933890000000019
 30
0
 11
151.6169940000000054
 21
-110.6677889999999991
 31
0
  0
LINE
  5
3EA
330
1A
100
AcDbEntity
  8
B.Cu
  6
CONTINUOUS
100
AcDbLine
 10
151.6169940000000054
 20
-110.6677889999999991
 30
0
 11
151.7222109999999873
 21
-110.7730059999999952
 31
0
  0
LINE
  5
3EB
330
1A
100
AcDbEntity
  8
B.Cu
  6
CONTINUOUS
100
AcDbLine
 10
151.7222109999999873
 20
-110.7730059999999952
 30
0
 11
151.7966109999999844
 21
-110.9018699999999882
 31
0
  0
LINE
  5
3EC
330
1A
100
AcDbEntity
  8
B.Cu
  6
CONTINUOUS
100
AcDbLine
 10
151.7966109999999844
 20
-110.9018699999999882
 30
0
 11
151.8351239999999791
 21
-111.0455999999999932
 31
0
  0
LINE
  5
3ED
330
1A
100
AcDbEntity
  8
B.Cu
  6
CONTINUOUS
100
AcDbLine
 10
151.8351239999999791
 20
-111.0455999999999932
 30
0
 11
151.8351239999999791
 21
-111.1944000000000017
 31
0
  0
LINE
  5
3EE
330
1A
100
AcDbEntity
  8
B.Cu
  6
CONTINUOUS
100
AcDbLine
 10
151.8351239999999791
 20
-111.1944000000000017
 30
0
 11
151.7966109999999844
 21
-111.3381299999999925
 31
0
  0
LINE
  5
3EF
330
1A
100
AcDbEntity
  8
B.Cu
  6
CONTINUOUS
100
AcDbLine
 10
151.7966109999999844
 20
-111.3381299999999925
 30
0
 11
151.7222109999999873
 21
-111.4669939999999997
 31
0
  0
LINE
  5
3F0
330
1A
100
AcDbEntity
  8
B.Cu
  6
CONTINUOUS
100
AcDbLine
 10
151.7222109999999873
 20
-111.4669939999999997
 30
0
 11
151.6169940000000054
 21
-111.5722109999999958
 31
0
  0
LINE
  5
3F1
330
1A
100
AcDbEntity
  8
B.Cu
  6
CONTINUOUS
100
AcDbLine
 10
151.6169940000000054
 20
-111.5722109999999958
 30
0
 11
151.5699999999999932
 21
-111.5993429999999904
 31
0
  0
LINE
  5
3F2
330
1A
100
AcDbEntity
  8
B.Cu
  6
CONTINUOUS
100
AcDbLine
 10
151.5699999999999932
 20
-111.5993429999999904
 30
0
 11
151.5699999999999932
 21
-120.2299999999999898
 31
0
  0
LINE
  5
3F3
330
1A
100
AcDbEntity
  8
B.Cu
  6
CONTINUOUS
100
AcDbLine
 10
151.5699999999999932
 20
-120.2299999999999898
 30
0
 11
151.5674329999999941
 21
-120.2691579999999902
 31
0
  0
LINE
  5
3F4
330
1A
100
AcDbEntity
  8
B.Cu
  6
CONTINUOUS
100
AcDbLine
 10
151.5674329999999941
 20
-120.2691579999999902
 30
0
 11
151.5471639999999809
 21
-120.3448049999999938
 31
0
  0
LINE
  5
3F5
330
1A
100
AcDbEntity
  8
B.Cu
  6
CONTINUOUS
100
AcDbLine
 10
151.5471639999999809
 20
-120.3448049999999938
 30
0
 11
151.5080059999999946
 21
-120.412627999999998
 31
0
  0
LINE
  5
3F6
330
1A
100
AcDbEntity
  8
B.Cu
  6
CONTINUOUS
100
AcDbLine
 10
151.5080059999999946
 20
-120.412627999999998
 30
0
 11
151.4821320000000071
 21
-120.4421320000000009
 31
0
  0
LINE
  5
3F7
330
1A
100
AcDbEntity
  8
B.Cu
  6
CONTINUOUS
100
AcDbLine
 10
151.4821320000000071
 20
-120.4421320000000009
 30
0
 11
149.7121319999999969
 21
-122.2121319999999969
 31
0
  0
LINE
  5
3F8
330
1A
100
AcDbEntity
  8
B.Cu
  6
CONTINUOUS
100
AcDbLine
 10
149.7121319999999969
 20
-122.2121319999999969
 30
0
 11
149.682627999999994
 21
-122.2380059999999986
 31
0
  0
LINE
  5
3F9
330
1A
100
AcDbEntity
  8
B.Cu
  6
CONTINUOUS
100
AcDbLine
 10
149.682627999999994
 20
-122.2380059999999986
 30
0
 11
149.6148049999999898
 21
-122.2771639999999991
 31
0
  0
LINE
  5
3FA
330
1A
100
AcDbEntity
  8
B.Cu
  6
CONTINUOUS
100
AcDbLine
 10
149.6148049999999898
 20
-122.2771639999999991
 30
0
 11
149.5391579999999863
 21
-122.2974329999999981
 31
0
  0
LINE
  5
3FB
330
1A
100
AcDbEntity
  8
B.Cu
  6
CONTINUOUS
100
AcDbLine
 10
149.5391579999999863
 20
-122.2974329999999981
 30
0
 11
149.5
 21
-122.2999999999999972
 31
0
  0
LINE
  5
3FC
330
1A
100
AcDbEntity
  8
B.Cu
  6
CONTINUOUS
100
AcDbLine
 10
149.5
 20
-122.2999999999999972
 30
0
 11
146.
 21
-122.2999999999999972
 31
0
  0
LINE
  5
3FD
330
1A
100
AcDbEntity
  8
B.Cu
  6
CONTINUOUS
100
AcDbLine
 10
146.
 20
-122.2999999999999972
 30
0
 11
145.9608419999999853
 21
-122.2974329999999981
 31
0
  0
LINE
  5
3FE
330
1A
100
AcDbEntity
  8
B.Cu
  6
CONTINUOUS
100
AcDbLine
 10
145.9608419999999853
 20
-122.2974329999999981
 30
0
 11
145.8851949999999817
 21
-122.2771639999999991
 31
0
  0
LINE
  5
3FF
330
1A
100
AcDbEntity
  8
B.Cu
  6
CONTINUOUS
100
AcDbLine
 10
145.8851949999999817
 20
-122.2771639999999991
 30
0
 11
145.817372000000006
 21
-122.2380059999999986
 31
0
  0
LINE
  5
400
330
1A
100
AcDbEntity
  8
B.Cu
  6
CONTINUOUS
100
AcDbLine
 10
145.817372000000006
 20
-122.2380059999999986
 30
0
 11
145.7878680000000031
 21
-122.2121319999999969
 31
0
  0
LINE
  5
401
330
1A
100
AcDbEntity
  8
B.Cu
  6
CONTINUOUS
100
AcDbLine
 10
145.7878680000000031
 20
-122.2121319999999969
 30
0
 11
145.3278679999999952
 21
-121.7521319999999889
 31
0
  0
LINE
  5
402
330
1A
100
AcDbEntity
  8
B.Cu
  6
CONTINUOUS
100
AcDbLine
 10
145.3278679999999952
 20
-121.7521319999999889
 30
0
 11
145.3019939999999792
 21
-121.7226280000000003
 31
0
  0
LINE
  5
403
330
1A
100
AcDbEntity
  8
B.Cu
  6
CONTINUOUS
100
AcDbLine
 10
145.3019939999999792
 20
-121.7226280000000003
 30
0
 11
145.262835999999993
 21
-121.6548049999999961
 31
0
  0
LINE
  5
404
330
1A
100
AcDbEntity
  8
B.Cu
  6
CONTINUOUS
100
AcDbLine
 10
145.262835999999993
 20
-121.6548049999999961
 30
0
 11
145.2425669999999798
 21
-121.5791579999999925
 31
0
  0
LINE
  5
405
330
1A
100
AcDbEntity
  8
B.Cu
  6
CONTINUOUS
100
AcDbLine
 10
145.2425669999999798
 20
-121.5791579999999925
 30
0
 11
145.2399999999999807
 21
-121.539999999999992
 31
0
  0
LINE
  5
406
330
1A
100
AcDbEntity
  8
B.Cu
  6
CONTINUOUS
100
AcDbLine
 10
145.2399999999999807
 20
-121.539999999999992
 30
0
 11
145.2399999999999807
 21
-120.2913379999999961
 31
0
  0
LINE
  5
407
330
1A
100
AcDbEntity
  8
B.Cu
  6
CONTINUOUS
100
AcDbLine
 10
145.2399999999999807
 20
-120.2913379999999961
 30
0
 11
145.1393129999999871
 21
-120.2496329999999887
 31
0
  0
LINE
  5
408
330
1A
100
AcDbEntity
  8
B.Cu
  6
CONTINUOUS
100
AcDbLine
 10
145.1393129999999871
 20
-120.2496329999999887
 30
0
 11
145.0007659999999987
 21
-120.1570589999999896
 31
0
  0
LINE
  5
409
330
1A
100
AcDbEntity
  8
B.Cu
  6
CONTINUOUS
100
AcDbLine
 10
145.0007659999999987
 20
-120.1570589999999896
 30
0
 11
144.8829409999999882
 21
-120.0392339999999933
 31
0
  0
LINE
  5
40A
330
1A
100
AcDbEntity
  8
B.Cu
  6
CONTINUOUS
100
AcDbLine
 10
144.8829409999999882
 20
-120.0392339999999933
 30
0
 11
144.7903670000000034
 21
-119.9006869999999907
 31
0
  0
LINE
  5
40B
330
1A
100
AcDbEntity
  8
B.Cu
  6
CONTINUOUS
100
AcDbLine
 10
144.7903670000000034
 20
-119.9006869999999907
 30
0
 11
144.7266009999999881
 21
-119.7467419999999976
 31
0
  0
LINE
  5
40C
330
1A
100
AcDbEntity
  8
B.Cu
  6
CONTINUOUS
100
AcDbLine
 10
144.7266009999999881
 20
-119.7467419999999976
 30
0
 11
144.694092999999981
 21
-119.5833149999999989
 31
0
  0
LINE
  5
40D
330
1A
100
AcDbEntity
  8
B.Cu
  6
CONTINUOUS
100
AcDbLine
 10
144.694092999999981
 20
-119.5833149999999989
 30
0
 11
144.694092999999981
 21
-119.4166850000000011
 31
0
  0
LINE
  5
40E
330
1A
100
AcDbEntity
  8
B.Cu
  6
CONTINUOUS
100
AcDbLine
 10
144.694092999999981
 20
-119.4166850000000011
 30
0
 11
144.7266009999999881
 21
-119.2532579999999882
 31
0
  0
LINE
  5
40F
330
1A
100
AcDbEntity
  8
B.Cu
  6
CONTINUOUS
100
AcDbLine
 10
144.7266009999999881
 20
-119.2532579999999882
 30
0
 11
144.7903670000000034
 21
-119.0993129999999951
 31
0
  0
LINE
  5
410
330
1A
100
AcDbEntity
  8
B.Cu
  6
CONTINUOUS
100
AcDbLine
 10
144.7903670000000034
 20
-119.0993129999999951
 30
0
 11
144.8829409999999882
 21
-118.9607659999999925
 31
0
  0
LINE
  5
411
330
1A
100
AcDbEntity
  8
B.Cu
  6
CONTINUOUS
100
AcDbLine
 10
144.8829409999999882
 20
-118.9607659999999925
 30
0
 11
145.0007659999999987
 21
-118.8429409999999962
 31
0
  0
LINE
  5
412
330
1A
100
AcDbEntity
  8
B.Cu
  6
CONTINUOUS
100
AcDbLine
 10
145.0007659999999987
 20
-118.8429409999999962
 30
0
 11
145.1393129999999871
 21
-118.7503669999999971
 31
0
  0
LINE
  5
413
330
1A
100
AcDbEntity
  8
B.Cu
  6
CONTINUOUS
100
AcDbLine
 10
145.1393129999999871
 20
-118.7503669999999971
 30
0
 11
145.2932579999999803
 21
-118.686600999999996
 31
0
  0
LINE
  5
414
330
1A
100
AcDbEntity
  8
B.Cu
  6
CONTINUOUS
100
AcDbLine
 10
145.2932579999999803
 20
-118.686600999999996
 30
0
 11
145.4566849999999931
 21
-118.6540929999999889
 31
0
  0
LINE
  5
415
330
1A
100
AcDbEntity
  8
B.Cu
  6
CONTINUOUS
100
AcDbLine
 10
145.4566849999999931
 20
-118.6540929999999889
 30
0
 11
145.623314999999991
 21
-118.6540929999999889
 31
0
  0
LINE
  5
416
330
1A
100
AcDbEntity
  8
B.Cu
  6
CONTINUOUS
100
AcDbLine
 10
145.623314999999991
 20
-118.6540929999999889
 30
0
 11
145.7867420000000038
 21
-118.686600999999996
 31
0
  0
LINE
  5
417
330
1A
100
AcDbEntity
  8
B.Cu
  6
CONTINUOUS
100
AcDbLine
 10
145.7867420000000038
 20
-118.686600999999996
 30
0
 11
145.9406869999999969
 21
-118.7503669999999971
 31
0
  0
LINE
  5
418
330
1A
100
AcDbEntity
  8
B.Cu
  6
CONTINUOUS
100
AcDbLine
 10
145.9406869999999969
 20
-118.7503669999999971
 30
0
 11
146.0792339999999854
 21
-118.8429409999999962
 31
0
  0
LINE
  5
419
330
1A
100
AcDbEntity
  8
B.Cu
  6
CONTINUOUS
100
AcDbLine
 10
146.0792339999999854
 20
-118.8429409999999962
 30
0
 11
146.1970589999999959
 21
-118.9607659999999925
 31
0
  0
LINE
  5
41A
330
1A
100
AcDbEntity
  8
B.Cu
  6
CONTINUOUS
100
AcDbLine
 10
146.1970589999999959
 20
-118.9607659999999925
 30
0
 11
146.2896329999999807
 21
-119.0993129999999951
 31
0
  0
LINE
  5
41B
330
1A
100
AcDbEntity
  8
B.Cu
  6
CONTINUOUS
100
AcDbLine
 10
146.2896329999999807
 20
-119.0993129999999951
 30
0
 11
146.353398999999996
 21
-119.2532579999999882
 31
0
  0
LINE
  5
41C
330
1A
100
AcDbEntity
  8
B.Cu
  6
CONTINUOUS
100
AcDbLine
 10
146.353398999999996
 20
-119.2532579999999882
 30
0
 11
146.3859070000000031
 21
-119.4166850000000011
 31
0
  0
LINE
  5
41D
330
1A
100
AcDbEntity
  8
B.Cu
  6
CONTINUOUS
100
AcDbLine
 10
146.3859070000000031
 20
-119.4166850000000011
 30
0
 11
146.3859070000000031
 21
-119.5833149999999989
 31
0
  0
LINE
  5
41E
330
1A
100
AcDbEntity
  8
B.Cu
  6
CONTINUOUS
100
AcDbLine
 10
146.3859070000000031
 20
-119.5833149999999989
 30
0
 11
146.353398999999996
 21
-119.7467419999999976
 31
0
  0
LINE
  5
41F
330
1A
100
AcDbEntity
  8
B.Cu
  6
CONTINUOUS
100
AcDbLine
 10
146.353398999999996
 20
-119.7467419999999976
 30
0
 11
146.2896329999999807
 21
-119.9006869999999907
 31
0
  0
LINE
  5
420
330
1A
100
AcDbEntity
  8
B.Cu
  6
CONTINUOUS
100
AcDbLine
 10
146.2896329999999807
 20
-119.9006869999999907
 30
0
 11
146.1970589999999959
 21
-120.0392339999999933
 31
0
  0
LINE
  5
421
330
1A
100
AcDbEntity
  8
B.Cu
  6
CONTINUOUS
100
AcDbLine
 10
146.1970589999999959
 20
-120.0392339999999933
 30
0
 11
146.0792339999999854
 21
-120.1570589999999896
 31
0
  0
LINE
  5
422
330
1A
100
AcDbEntity
  8
B.Cu
  6
CONTINUOUS
100
AcDbLine
 10
146.0792339999999854
 20
-120.1570589999999896
 30
0
 11
145.9406869999999969
 21
-120.2496329999999887
 31
0
  0
LINE
  5
423
330
1A
100
AcDbEntity
  8
B.Cu
  6
CONTINUOUS
100
AcDbLine
 10
145.9406869999999969
 20
-120.2496329999999887
 30
0
 11
145.8400000000000034
 21
-120.2913379999999961
 31
0
  0
LINE
  5
424
330
1A
100
AcDbEntity
  8
B.Cu
  6
CONTINUOUS
100
AcDbLine
 10
145.8400000000000034
 20
-120.2913379999999961
 30
0
 11
145.8400000000000034
 21
-121.4157359999999954
 31
0
  0
LINE
  5
425
330
1A
100
AcDbEntity
  8
B.Cu
  6
CONTINUOUS
100
AcDbLine
 10
145.8400000000000034
 20
-121.4157359999999954
 30
0
 11
146.1242639999999824
 21
-121.6999999999999886
 31
0
  0
LINE
  5
426
330
1A
100
AcDbEntity
  8
B.Cu
  6
CONTINUOUS
100
AcDbLine
 10
146.1242639999999824
 20
-121.6999999999999886
 30
0
 11
149.3757359999999892
 21
-121.6999999999999886
 31
0
  0
LINE
  5
427
330
1A
100
AcDbEntity
  8
B.Cu
  6
CONTINUOUS
100
AcDbLine
 10
149.3757359999999892
 20
-121.6999999999999886
 30
0
 11
150.9699999999999989
 21
-120.1057359999999932
 31
0
  0
LINE
  5
428
330
1A
100
AcDbEntity
  8
B.Cu
  6
CONTINUOUS
100
AcDbLine
 10
150.9699999999999989
 20
-120.1057359999999932
 30
0
 11
150.9699999999999989
 21
-111.5993429999999904
 31
0
  0
LINE
  5
429
330
1A
100
AcDbEntity
  8
B.Cu
  6
CONTINUOUS
100
AcDbLine
 10
150.9699999999999989
 20
-111.5993429999999904
 30
0
 11
150.9230059999999867
 21
-111.5722109999999958
 31
0
  0
LINE
  5
42A
330
1A
100
AcDbEntity
  8
B.Cu
  6
CONTINUOUS
100
AcDbLine
 10
150.9230059999999867
 20
-111.5722109999999958
 30
0
 11
150.8177890000000048
 21
-111.4669939999999997
 31
0
  0
LINE
  5
42B
330
1A
100
AcDbEntity
  8
B.Cu
  6
CONTINUOUS
100
AcDbLine
 10
150.8177890000000048
 20
-111.4669939999999997
 30
0
 11
150.7433889999999792
 21
-111.3381299999999925
 31
0
  0
LINE
  5
42C
330
1A
100
AcDbEntity
  8
B.Cu
  6
CONTINUOUS
100
AcDbLine
 10
150.7433889999999792
 20
-111.3381299999999925
 30
0
 11
150.7048759999999845
 21
-111.1944000000000017
 31
0
  0
LINE
  5
42D
330
1A
100
AcDbEntity
  8
B.Cu
  6
CONTINUOUS
100
AcDbLine
 10
150.7048759999999845
 20
-111.1944000000000017
 30
0
 11
150.7048759999999845
 21
-111.0455999999999932
 31
0
  0
LINE
  5
42E
330
1A
100
AcDbEntity
  8
B.Cu
  6
CONTINUOUS
100
AcDbLine
 10
150.7048759999999845
 20
-111.0455999999999932
 30
0
 11
150.7433889999999792
 21
-110.9018699999999882
 31
0
  0
LINE
  5
42F
330
1A
100
AcDbEntity
  8
B.Cu
  6
CONTINUOUS
100
AcDbLine
 10
150.7433889999999792
 20
-110.9018699999999882
 30
0
 11
150.8177890000000048
 21
-110.7730059999999952
 31
0
  0
LINE
  5
430
330
1A
100
AcDbEntity
  8
B.Cu
  6
CONTINUOUS
100
AcDbLine
 10
150.8177890000000048
 20
-110.7730059999999952
 30
0
 11
150.9230059999999867
 21
-110.6677889999999991
 31
0
  0
LINE
  5
431
330
1A
100
AcDbEntity
  8
B.Cu
  6
CONTINUOUS
100
AcDbLine
 10
150.9230059999999867
 20
-110.6677889999999991
 30
0
 11
151.0518699999999797
 21
-110.5933890000000019
 31
0
  0
LINE
  5
432
330
1A
100
AcDbEntity
  8
B.Cu
  6
CONTINUOUS
100
AcDbLine
 10
151.0518699999999797
 20
-110.5933890000000019
 30
0
 11
151.1955999999999847
 21
-110.554875999999993
 31
0
  0
LINE
  5
433
330
1A
100
AcDbEntity
  8
B.Cu
  6
CONTINUOUS
100
AcDbLine
 10
151.1955999999999847
 20
-110.554875999999993
 30
0
 11
151.3443999999999789
 21
-110.554875999999993
 31
0
  0
LINE
  5
434
330
1A
100
AcDbEntity
  8
B.Cu
  6
CONTINUOUS
100
AcDbLine
 10
151.3443999999999789
 20
-110.554875999999993
 30
0
 11
151.488129999999984
 21
-110.5933890000000019
 31
0
  0
LINE
  5
435
330
1A
100
AcDbEntity
  8
B.Cu
  6
CONTINUOUS
100
AcDbLine
 10
148.9481299999999919
 20
-110.5933890000000019
 30
0
 11
149.0769939999999849
 21
-110.6677889999999991
 31
0
  0
LINE
  5
436
330
1A
100
AcDbEntity
  8
B.Cu
  6
CONTINUOUS
100
AcDbLine
 10
149.0769939999999849
 20
-110.6677889999999991
 30
0
 11
149.1822109999999952
 21
-110.7730059999999952
 31
0
  0
LINE
  5
437
330
1A
100
AcDbEntity
  8
B.Cu
  6
CONTINUOUS
100
AcDbLine
 10
149.1822109999999952
 20
-110.7730059999999952
 30
0
 11
149.2566109999999924
 21
-110.9018699999999882
 31
0
  0
LINE
  5
438
330
1A
100
AcDbEntity
  8
B.Cu
  6
CONTINUOUS
100
AcDbLine
 10
149.2566109999999924
 20
-110.9018699999999882
 30
0
 11
149.2951239999999871
 21
-111.0455999999999932
 31
0
  0
LINE
  5
439
330
1A
100
AcDbEntity
  8
B.Cu
  6
CONTINUOUS
100
AcDbLine
 10
149.2951239999999871
 20
-111.0455999999999932
 30
0
 11
149.2951239999999871
 21
-111.1944000000000017
 31
0
  0
LINE
  5
43A
330
1A
100
AcDbEntity
  8
B.Cu
  6
CONTINUOUS
100
AcDbLine
 10
149.2951239999999871
 20
-111.1944000000000017
 30
0
 11
149.2566109999999924
 21
-111.3381299999999925
 31
0
  0
LINE
  5
43B
330
1A
100
AcDbEntity
  8
B.Cu
  6
CONTINUOUS
100
AcDbLine
 10
149.2566109999999924
 20
-111.3381299999999925
 30
0
 11
149.1822109999999952
 21
-111.4669939999999997
 31
0
  0
LINE
  5
43C
330
1A
100
AcDbEntity
  8
B.Cu
  6
CONTINUOUS
100
AcDbLine
 10
149.1822109999999952
 20
-111.4669939999999997
 30
0
 11
149.0769939999999849
 21
-111.5722109999999958
 31
0
  0
LINE
  5
43D
330
1A
100
AcDbEntity
  8
B.Cu
  6
CONTINUOUS
100
AcDbLine
 10
149.0769939999999849
 20
-111.5722109999999958
 30
0
 11
149.0300000000000011
 21
-111.5993429999999904
 31
0
  0
LINE
  5
43E
330
1A
100
AcDbEntity
  8
B.Cu
  6
CONTINUOUS
100
AcDbLine
 10
149.0300000000000011
 20
-111.5993429999999904
 30
0
 11
149.0300000000000011
 21
-116.269999999999996
 31
0
  0
LINE
  5
43F
330
1A
100
AcDbEntity
  8
B.Cu
  6
CONTINUOUS
100
AcDbLine
 10
149.0300000000000011
 20
-116.269999999999996
 30
0
 11
149.027433000000002
 21
-116.3091579999999965
 31
0
  0
LINE
  5
440
330
1A
100
AcDbEntity
  8
B.Cu
  6
CONTINUOUS
100
AcDbLine
 10
149.027433000000002
 20
-116.3091579999999965
 30
0
 11
149.0071639999999888
 21
-116.3848050000000001
 31
0
  0
LINE
  5
441
330
1A
100
AcDbEntity
  8
B.Cu
  6
CONTINUOUS
100
AcDbLine
 10
149.0071639999999888
 20
-116.3848050000000001
 30
0
 11
148.9680060000000026
 21
-116.45262799999999
 31
0
  0
LINE
  5
442
330
1A
100
AcDbEntity
  8
B.Cu
  6
CONTINUOUS
100
AcDbLine
 10
148.9680060000000026
 20
-116.45262799999999
 30
0
 11
148.9421319999999866
 21
-116.4821319999999929
 31
0
  0
LINE
  5
443
330
1A
100
AcDbEntity
  8
B.Cu
  6
CONTINUOUS
100
AcDbLine
 10
148.9421319999999866
 20
-116.4821319999999929
 30
0
 11
148.2999999999999829
 21
-117.1242639999999966
 31
0
  0
LINE
  5
444
330
1A
100
AcDbEntity
  8
B.Cu
  6
CONTINUOUS
100
AcDbLine
 10
148.2999999999999829
 20
-117.1242639999999966
 30
0
 11
148.2999999999999829
 21
-118.6812809999999985
 31
0
  0
LINE
  5
445
330
1A
100
AcDbEntity
  8
B.Cu
  6
CONTINUOUS
100
AcDbLine
 10
148.2999999999999829
 20
-118.6812809999999985
 30
0
 11
148.3267419999999959
 21
-118.686600999999996
 31
0
  0
LINE
  5
446
330
1A
100
AcDbEntity
  8
B.Cu
  6
CONTINUOUS
100
AcDbLine
 10
148.3267419999999959
 20
-118.686600999999996
 30
0
 11
148.480686999999989
 21
-118.7503669999999971
 31
0
  0
LINE
  5
447
330
1A
100
AcDbEntity
  8
B.Cu
  6
CONTINUOUS
100
AcDbLine
 10
148.480686999999989
 20
-118.7503669999999971
 30
0
 11
148.6192340000000058
 21
-118.8429409999999962
 31
0
  0
LINE
  5
448
330
1A
100
AcDbEntity
  8
B.Cu
  6
CONTINUOUS
100
AcDbLine
 10
148.6192340000000058
 20
-118.8429409999999962
 30
0
 11
148.7370589999999879
 21
-118.9607659999999925
 31
0
  0
LINE
  5
449
330
1A
100
AcDbEntity
  8
B.Cu
  6
CONTINUOUS
100
AcDbLine
 10
148.7370589999999879
 20
-118.9607659999999925
 30
0
 11
148.8296330000000012
 21
-119.0993129999999951
 31
0
  0
LINE
  5
44A
330
1A
100
AcDbEntity
  8
B.Cu
  6
CONTINUOUS
100
AcDbLine
 10
148.8296330000000012
 20
-119.0993129999999951
 30
0
 11
148.8933989999999881
 21
-119.2532579999999882
 31
0
  0
LINE
  5
44B
330
1A
100
AcDbEntity
  8
B.Cu
  6
CONTINUOUS
100
AcDbLine
 10
148.8933989999999881
 20
-119.2532579999999882
 30
0
 11
148.9259069999999952
 21
-119.4166850000000011
 31
0
  0
LINE
  5
44C
330
1A
100
AcDbEntity
  8
B.Cu
  6
CONTINUOUS
100
AcDbLine
 10
148.9259069999999952
 20
-119.4166850000000011
 30
0
 11
148.9259069999999952
 21
-119.5833149999999989
 31
0
  0
LINE
  5
44D
330
1A
100
AcDbEntity
  8
B.Cu
  6
CONTINUOUS
100
AcDbLine
 10
148.9259069999999952
 20
-119.5833149999999989
 30
0
 11
148.8933989999999881
 21
-119.7467419999999976
 31
0
  0
LINE
  5
44E
330
1A
100
AcDbEntity
  8
B.Cu
  6
CONTINUOUS
100
AcDbLine
 10
148.8933989999999881
 20
-119.7467419999999976
 30
0
 11
148.8296330000000012
 21
-119.9006869999999907
 31
0
  0
LINE
  5
44F
330
1A
100
AcDbEntity
  8
B.Cu
  6
CONTINUOUS
100
AcDbLine
 10
148.8296330000000012
 20
-119.9006869999999907
 30
0
 11
148.7370589999999879
 21
-120.0392339999999933
 31
0
  0
LINE
  5
450
330
1A
100
AcDbEntity
  8
B.Cu
  6
CONTINUOUS
100
AcDbLine
 10
148.7370589999999879
 20
-120.0392339999999933
 30
0
 11
148.6192340000000058
 21
-120.1570589999999896
 31
0
  0
LINE
  5
451
330
1A
100
AcDbEntity
  8
B.Cu
  6
CONTINUOUS
100
AcDbLine
 10
148.6192340000000058
 20
-120.1570589999999896
 30
0
 11
148.480686999999989
 21
-120.2496329999999887
 31
0
  0
LINE
  5
452
330
1A
100
AcDbEntity
  8
B.Cu
  6
CONTINUOUS
100
AcDbLine
 10
148.480686999999989
 20
-120.2496329999999887
 30
0
 11
148.3267419999999959
 21
-120.3133989999999898
 31
0
  0
LINE
  5
453
330
1A
100
AcDbEntity
  8
B.Cu
  6
CONTINUOUS
100
AcDbLine
 10
148.3267419999999959
 20
-120.3133989999999898
 30
0
 11
148.163314999999983
 21
-120.3459069999999969
 31
0
  0
LINE
  5
454
330
1A
100
AcDbEntity
  8
B.Cu
  6
CONTINUOUS
100
AcDbLine
 10
148.163314999999983
 20
-120.3459069999999969
 30
0
 11
147.9966849999999852
 21
-120.3459069999999969
 31
0
  0
LINE
  5
455
330
1A
100
AcDbEntity
  8
B.Cu
  6
CONTINUOUS
100
AcDbLine
 10
147.9966849999999852
 20
-120.3459069999999969
 30
0
 11
147.8332580000000007
 21
-120.3133989999999898
 31
0
  0
LINE
  5
456
330
1A
100
AcDbEntity
  8
B.Cu
  6
CONTINUOUS
100
AcDbLine
 10
147.8332580000000007
 20
-120.3133989999999898
 30
0
 11
147.6793129999999792
 21
-120.2496329999999887
 31
0
  0
LINE
  5
457
330
1A
100
AcDbEntity
  8
B.Cu
  6
CONTINUOUS
100
AcDbLine
 10
147.6793129999999792
 20
-120.2496329999999887
 30
0
 11
147.5407659999999908
 21
-120.1570589999999896
 31
0
  0
LINE
  5
458
330
1A
100
AcDbEntity
  8
B.Cu
  6
CONTINUOUS
100
AcDbLine
 10
147.5407659999999908
 20
-120.1570589999999896
 30
0
 11
147.4229409999999802
 21
-120.0392339999999933
 31
0
  0
LINE
  5
459
330
1A
100
AcDbEntity
  8
B.Cu
  6
CONTINUOUS
100
AcDbLine
 10
147.4229409999999802
 20
-120.0392339999999933
 30
0
 11
147.3303669999999954
 21
-119.9006869999999907
 31
0
  0
LINE
  5
45A
330
1A
100
AcDbEntity
  8
B.Cu
  6
CONTINUOUS
100
AcDbLine
 10
147.3303669999999954
 20
-119.9006869999999907
 30
0
 11
147.2666009999999801
 21
-119.7467419999999976
 31
0
  0
LINE
  5
45B
330
1A
100
AcDbEntity
  8
B.Cu
  6
CONTINUOUS
100
AcDbLine
 10
147.2666009999999801
 20
-119.7467419999999976
 30
0
 11
147.2340930000000014
 21
-119.5833149999999989
 31
0
  0
LINE
  5
45C
330
1A
100
AcDbEntity
  8
B.Cu
  6
CONTINUOUS
100
AcDbLine
 10
147.2340930000000014
 20
-119.5833149999999989
 30
0
 11
147.2340930000000014
 21
-119.4166850000000011
 31
0
  0
LINE
  5
45D
330
1A
100
AcDbEntity
  8
B.Cu
  6
CONTINUOUS
100
AcDbLine
 10
147.2340930000000014
 20
-119.4166850000000011
 30
0
 11
147.2666009999999801
 21
-119.2532579999999882
 31
0
  0
LINE
  5
45E
330
1A
100
AcDbEntity
  8
B.Cu
  6
CONTINUOUS
100
AcDbLine
 10
147.2666009999999801
 20
-119.2532579999999882
 30
0
 11
147.3303669999999954
 21
-119.0993129999999951
 31
0
  0
LINE
  5
45F
330
1A
100
AcDbEntity
  8
B.Cu
  6
CONTINUOUS
100
AcDbLine
 10
147.3303669999999954
 20
-119.0993129999999951
 30
0
 11
147.4229409999999802
 21
-118.9607659999999925
 31
0
  0
LINE
  5
460
330
1A
100
AcDbEntity
  8
B.Cu
  6
CONTINUOUS
100
AcDbLine
 10
147.4229409999999802
 20
-118.9607659999999925
 30
0
 11
147.5407659999999908
 21
-118.8429409999999962
 31
0
  0
LINE
  5
461
330
1A
100
AcDbEntity
  8
B.Cu
  6
CONTINUOUS
100
AcDbLine
 10
147.5407659999999908
 20
-118.8429409999999962
 30
0
 11
147.6793129999999792
 21
-118.7503669999999971
 31
0
  0
LINE
  5
462
330
1A
100
AcDbEntity
  8
B.Cu
  6
CONTINUOUS
100
AcDbLine
 10
147.6793129999999792
 20
-118.7503669999999971
 30
0
 11
147.6999999999999886
 21
-118.7417979999999886
 31
0
  0
LINE
  5
463
330
1A
100
AcDbEntity
  8
B.Cu
  6
CONTINUOUS
100
AcDbLine
 10
147.6999999999999886
 20
-118.7417979999999886
 30
0
 11
147.6999999999999886
 21
-117.
 31
0
  0
LINE
  5
464
330
1A
100
AcDbEntity
  8
B.Cu
  6
CONTINUOUS
100
AcDbLine
 10
147.6999999999999886
 20
-117.
 30
0
 11
147.7025669999999877
 21
-116.9608419999999995
 31
0
  0
LINE
  5
465
330
1A
100
AcDbEntity
  8
B.Cu
  6
CONTINUOUS
100
AcDbLine
 10
147.7025669999999877
 20
-116.9608419999999995
 30
0
 11
147.7228360000000009
 21
-116.885194999999996
 31
0
  0
LINE
  5
466
330
1A
100
AcDbEntity
  8
B.Cu
  6
CONTINUOUS
100
AcDbLine
 10
147.7228360000000009
 20
-116.885194999999996
 30
0
 11
147.7619939999999872
 21
-116.8173719999999918
 31
0
  0
LINE
  5
467
330
1A
100
AcDbEntity
  8
B.Cu
  6
CONTINUOUS
100
AcDbLine
 10
147.7619939999999872
 20
-116.8173719999999918
 30
0
 11
147.7878680000000031
 21
-116.7878679999999889
 31
0
  0
LINE
  5
468
330
1A
100
AcDbEntity
  8
B.Cu
  6
CONTINUOUS
100
AcDbLine
 10
147.7878680000000031
 20
-116.7878679999999889
 30
0
 11
148.4300000000000068
 21
-116.1457359999999994
 31
0
  0
LINE
  5
469
330
1A
100
AcDbEntity
  8
B.Cu
  6
CONTINUOUS
100
AcDbLine
 10
148.4300000000000068
 20
-116.1457359999999994
 30
0
 11
148.4300000000000068
 21
-111.5993429999999904
 31
0
  0
LINE
  5
46A
330
1A
100
AcDbEntity
  8
B.Cu
  6
CONTINUOUS
100
AcDbLine
 10
148.4300000000000068
 20
-111.5993429999999904
 30
0
 11
148.3830059999999946
 21
-111.5722109999999958
 31
0
  0
LINE
  5
46B
330
1A
100
AcDbEntity
  8
B.Cu
  6
CONTINUOUS
100
AcDbLine
 10
148.3830059999999946
 20
-111.5722109999999958
 30
0
 11
148.2777889999999843
 21
-111.4669939999999997
 31
0
  0
LINE
  5
46C
330
1A
100
AcDbEntity
  8
B.Cu
  6
CONTINUOUS
100
AcDbLine
 10
148.2777889999999843
 20
-111.4669939999999997
 30
0
 11
148.2033889999999872
 21
-111.3381299999999925
 31
0
  0
LINE
  5
46D
330
1A
100
AcDbEntity
  8
B.Cu
  6
CONTINUOUS
100
AcDbLine
 10
148.2033889999999872
 20
-111.3381299999999925
 30
0
 11
148.1648759999999925
 21
-111.1944000000000017
 31
0
  0
LINE
  5
46E
330
1A
100
AcDbEntity
  8
B.Cu
  6
CONTINUOUS
100
AcDbLine
 10
148.1648759999999925
 20
-111.1944000000000017
 30
0
 11
148.1648759999999925
 21
-111.0455999999999932
 31
0
  0
LINE
  5
46F
330
1A
100
AcDbEntity
  8
B.Cu
  6
CONTINUOUS
100
AcDbLine
 10
148.1648759999999925
 20
-111.0455999999999932
 30
0
 11
148.2033889999999872
 21
-110.9018699999999882
 31
0
  0
LINE
  5
470
330
1A
100
AcDbEntity
  8
B.Cu
  6
CONTINUOUS
100
AcDbLine
 10
148.2033889999999872
 20
-110.9018699999999882
 30
0
 11
148.2777889999999843
 21
-110.7730059999999952
 31
0
  0
LINE
  5
471
330
1A
100
AcDbEntity
  8
B.Cu
  6
CONTINUOUS
100
AcDbLine
 10
148.2777889999999843
 20
-110.7730059999999952
 30
0
 11
148.3830059999999946
 21
-110.6677889999999991
 31
0
  0
LINE
  5
472
330
1A
100
AcDbEntity
  8
B.Cu
  6
CONTINUOUS
100
AcDbLine
 10
148.3830059999999946
 20
-110.6677889999999991
 30
0
 11
148.5118699999999876
 21
-110.5933890000000019
 31
0
  0
LINE
  5
473
330
1A
100
AcDbEntity
  8
B.Cu
  6
CONTINUOUS
100
AcDbLine
 10
148.5118699999999876
 20
-110.5933890000000019
 30
0
 11
148.6555999999999926
 21
-110.554875999999993
 31
0
  0
LINE
  5
474
330
1A
100
AcDbEntity
  8
B.Cu
  6
CONTINUOUS
100
AcDbLine
 10
148.6555999999999926
 20
-110.554875999999993
 30
0
 11
148.8043999999999869
 21
-110.554875999999993
 31
0
  0
LINE
  5
475
330
1A
100
AcDbEntity
  8
B.Cu
  6
CONTINUOUS
100
AcDbLine
 10
148.8043999999999869
 20
-110.554875999999993
 30
0
 11
148.9481299999999919
 21
-110.5933890000000019
 31
0
  0
LINE
  5
476
330
1A
100
AcDbEntity
  8
B.Cu
  6
CONTINUOUS
100
AcDbLine
 10
141.5
 20
-83.
 30
0
 11
140.7999999999999829
 21
-83.
 31
0
  0
LINE
  5
477
330
1A
100
AcDbEntity
  8
B.Cu
  6
CONTINUOUS
100
AcDbLine
 10
140.7999999999999829
 20
-83.
 30
0
 11
140.7999999999999829
 21
-84.
 31
0
  0
LINE
  5
478
330
1A
100
AcDbEntity
  8
B.Cu
  6
CONTINUOUS
100
AcDbLine
 10
140.7999999999999829
 20
-84.
 30
0
 11
140.7974329999999838
 21
-84.0391580000000005
 31
0
  0
LINE
  5
479
330
1A
100
AcDbEntity
  8
B.Cu
  6
CONTINUOUS
100
AcDbLine
 10
140.7974329999999838
 20
-84.0391580000000005
 30
0
 11
140.7771639999999991
 21
-84.1148049999999898
 31
0
  0
LINE
  5
47A
330
1A
100
AcDbEntity
  8
B.Cu
  6
CONTINUOUS
100
AcDbLine
 10
140.7771639999999991
 20
-84.1148049999999898
 30
0
 11
140.7380059999999844
 21
-84.182627999999994
 31
0
  0
LINE
  5
47B
330
1A
100
AcDbEntity
  8
B.Cu
  6
CONTINUOUS
100
AcDbLine
 10
140.7380059999999844
 20
-84.182627999999994
 30
0
 11
140.7121319999999969
 21
-84.2121319999999969
 31
0
  0
LINE
  5
47C
330
1A
100
AcDbEntity
  8
B.Cu
  6
CONTINUOUS
100
AcDbLine
 10
140.7121319999999969
 20
-84.2121319999999969
 30
0
 11
138.7999999999999829
 21
-86.1242639999999966
 31
0
  0
LINE
  5
47D
330
1A
100
AcDbEntity
  8
B.Cu
  6
CONTINUOUS
100
AcDbLine
 10
138.7999999999999829
 20
-86.1242639999999966
 30
0
 11
138.7999999999999829
 21
-89.3757359999999892
 31
0
  0
LINE
  5
47E
330
1A
100
AcDbEntity
  8
B.Cu
  6
CONTINUOUS
100
AcDbLine
 10
138.7999999999999829
 20
-89.3757359999999892
 30
0
 11
140.690653999999995
 21
-91.2663900000000012
 31
0
  0
LINE
  5
47F
330
1A
100
AcDbEntity
  8
B.Cu
  6
CONTINUOUS
100
AcDbLine
 10
140.690653999999995
 20
-91.2663900000000012
 30
0
 11
140.7677719999999795
 21
-91.2344480000000004
 31
0
  0
LINE
  5
480
330
1A
100
AcDbEntity
  8
B.Cu
  6
CONTINUOUS
100
AcDbLine
 10
140.7677719999999795
 20
-91.2344480000000004
 30
0
 11
140.9215859999999907
 21
-91.2038519999999977
 31
0
  0
LINE
  5
481
330
1A
100
AcDbEntity
  8
B.Cu
  6
CONTINUOUS
100
AcDbLine
 10
140.9215859999999907
 20
-91.2038519999999977
 30
0
 11
141.0784139999999809
 21
-91.2038519999999977
 31
0
  0
LINE
  5
482
330
1A
100
AcDbEntity
  8
B.Cu
  6
CONTINUOUS
100
AcDbLine
 10
141.0784139999999809
 20
-91.2038519999999977
 30
0
 11
141.2322279999999921
 21
-91.2344480000000004
 31
0
  0
LINE
  5
483
330
1A
100
AcDbEntity
  8
B.Cu
  6
CONTINUOUS
100
AcDbLine
 10
141.2322279999999921
 20
-91.2344480000000004
 30
0
 11
141.3771169999999984
 21
-91.2944629999999933
 31
0
  0
LINE
  5
484
330
1A
100
AcDbEntity
  8
B.Cu
  6
CONTINUOUS
100
AcDbLine
 10
141.3771169999999984
 20
-91.2944629999999933
 30
0
 11
141.5075149999999837
 21
-91.3815919999999977
 31
0
  0
LINE
  5
485
330
1A
100
AcDbEntity
  8
B.Cu
  6
CONTINUOUS
100
AcDbLine
 10
141.5075149999999837
 20
-91.3815919999999977
 30
0
 11
141.6184079999999881
 21
-91.4924850000000021
 31
0
  0
LINE
  5
486
330
1A
100
AcDbEntity
  8
B.Cu
  6
CONTINUOUS
100
AcDbLine
 10
141.6184079999999881
 20
-91.4924850000000021
 30
0
 11
141.7055369999999925
 21
-91.6228830000000016
 31
0
  0
LINE
  5
487
330
1A
100
AcDbEntity
  8
B.Cu
  6
CONTINUOUS
100
AcDbLine
 10
141.7055369999999925
 20
-91.6228830000000016
 30
0
 11
141.7655519999999854
 21
-91.7677719999999937
 31
0
  0
LINE
  5
488
330
1A
100
AcDbEntity
  8
B.Cu
  6
CONTINUOUS
100
AcDbLine
 10
141.7655519999999854
 20
-91.7677719999999937
 30
0
 11
141.7961479999999881
 21
-91.9215859999999907
 31
0
  0
LINE
  5
489
330
1A
100
AcDbEntity
  8
B.Cu
  6
CONTINUOUS
100
AcDbLine
 10
141.7961479999999881
 20
-91.9215859999999907
 30
0
 11
141.7961479999999881
 21
-92.0784139999999951
 31
0
  0
LINE
  5
48A
330
1A
100
AcDbEntity
  8
B.Cu
  6
CONTINUOUS
100
AcDbLine
 10
141.7961479999999881
 20
-92.0784139999999951
 30
0
 11
141.7655519999999854
 21
-92.2322279999999921
 31
0
  0
LINE
  5
48B
330
1A
100
AcDbEntity
  8
B.Cu
  6
CONTINUOUS
100
AcDbLine
 10
141.7655519999999854
 20
-92.2322279999999921
 30
0
 11
141.7055369999999925
 21
-92.3771169999999984
 31
0
  0
LINE
  5
48C
330
1A
100
AcDbEntity
  8
B.Cu
  6
CONTINUOUS
100
AcDbLine
 10
141.7055369999999925
 20
-92.3771169999999984
 30
0
 11
141.6184079999999881
 21
-92.5075149999999979
 31
0
  0
LINE
  5
48D
330
1A
100
AcDbEntity
  8
B.Cu
  6
CONTINUOUS
100
AcDbLine
 10
141.6184079999999881
 20
-92.5075149999999979
 30
0
 11
141.5075149999999837
 21
-92.6184080000000023
 31
0
  0
LINE
  5
48E
330
1A
100
AcDbEntity
  8
B.Cu
  6
CONTINUOUS
100
AcDbLine
 10
141.5075149999999837
 20
-92.6184080000000023
 30
0
 11
141.4099999999999966
 21
-92.6835650000000015
 31
0
  0
LINE
  5
48F
330
1A
100
AcDbEntity
  8
B.Cu
  6
CONTINUOUS
100
AcDbLine
 10
141.4099999999999966
 20
-92.6835650000000015
 30
0
 11
141.4099999999999966
 21
-95.4006559999999979
 31
0
  0
LINE
  5
490
330
1A
100
AcDbEntity
  8
B.Cu
  6
CONTINUOUS
100
AcDbLine
 10
141.4099999999999966
 20
-95.4006559999999979
 30
0
 11
141.4569939999999804
 21
-95.42778899999999
 31
0
  0
LINE
  5
491
330
1A
100
AcDbEntity
  8
B.Cu
  6
CONTINUOUS
100
AcDbLine
 10
141.4569939999999804
 20
-95.42778899999999
 30
0
 11
141.5622109999999907
 21
-95.5330060000000003
 31
0
  0
LINE
  5
492
330
1A
100
AcDbEntity
  8
B.Cu
  6
CONTINUOUS
100
AcDbLine
 10
141.5622109999999907
 20
-95.5330060000000003
 30
0
 11
141.6366109999999878
 21
-95.6618699999999933
 31
0
  0
LINE
  5
493
330
1A
100
AcDbEntity
  8
B.Cu
  6
CONTINUOUS
100
AcDbLine
 10
141.6366109999999878
 20
-95.6618699999999933
 30
0
 11
141.6751239999999825
 21
-95.8055999999999983
 31
0
  0
LINE
  5
494
330
1A
100
AcDbEntity
  8
B.Cu
  6
CONTINUOUS
100
AcDbLine
 10
141.6751239999999825
 20
-95.8055999999999983
 30
0
 11
141.6751239999999825
 21
-95.9543999999999926
 31
0
  0
LINE
  5
495
330
1A
100
AcDbEntity
  8
B.Cu
  6
CONTINUOUS
100
AcDbLine
 10
141.6751239999999825
 20
-95.9543999999999926
 30
0
 11
141.6366109999999878
 21
-96.0981299999999976
 31
0
  0
LINE
  5
496
330
1A
100
AcDbEntity
  8
B.Cu
  6
CONTINUOUS
100
AcDbLine
 10
141.6366109999999878
 20
-96.0981299999999976
 30
0
 11
141.5622109999999907
 21
-96.2269939999999906
 31
0
  0
LINE
  5
497
330
1A
100
AcDbEntity
  8
B.Cu
  6
CONTINUOUS
100
AcDbLine
 10
141.5622109999999907
 20
-96.2269939999999906
 30
0
 11
141.4569939999999804
 21
-96.3322110000000009
 31
0
  0
LINE
  5
498
330
1A
100
AcDbEntity
  8
B.Cu
  6
CONTINUOUS
100
AcDbLine
 10
141.4569939999999804
 20
-96.3322110000000009
 30
0
 11
141.3281299999999874
 21
-96.4066109999999981
 31
0
  0
LINE
  5
499
330
1A
100
AcDbEntity
  8
B.Cu
  6
CONTINUOUS
100
AcDbLine
 10
141.3281299999999874
 20
-96.4066109999999981
 30
0
 11
141.1843999999999824
 21
-96.4451239999999927
 31
0
  0
LINE
  5
49A
330
1A
100
AcDbEntity
  8
B.Cu
  6
CONTINUOUS
100
AcDbLine
 10
141.1843999999999824
 20
-96.4451239999999927
 30
0
 11
141.0355999999999881
 21
-96.4451239999999927
 31
0
  0
LINE
  5
49B
330
1A
100
AcDbEntity
  8
B.Cu
  6
CONTINUOUS
100
AcDbLine
 10
141.0355999999999881
 20
-96.4451239999999927
 30
0
 11
140.8918699999999831
 21
-96.4066109999999981
 31
0
  0
LINE
  5
49C
330
1A
100
AcDbEntity
  8
B.Cu
  6
CONTINUOUS
100
AcDbLine
 10
140.8918699999999831
 20
-96.4066109999999981
 30
0
 11
140.7630059999999901
 21
-96.3322110000000009
 31
0
  0
LINE
  5
49D
330
1A
100
AcDbEntity
  8
B.Cu
  6
CONTINUOUS
100
AcDbLine
 10
140.7630059999999901
 20
-96.3322110000000009
 30
0
 11
140.6577889999999798
 21
-96.2269939999999906
 31
0
  0
LINE
  5
49E
330
1A
100
AcDbEntity
  8
B.Cu
  6
CONTINUOUS
100
AcDbLine
 10
140.6577889999999798
 20
-96.2269939999999906
 30
0
 11
140.5833889999999826
 21
-96.0981299999999976
 31
0
  0
LINE
  5
49F
330
1A
100
AcDbEntity
  8
B.Cu
  6
CONTINUOUS
100
AcDbLine
 10
140.5833889999999826
 20
-96.0981299999999976
 30
0
 11
140.5448759999999879
 21
-95.9543999999999926
 31
0
  0
LINE
  5
4A0
330
1A
100
AcDbEntity
  8
B.Cu
  6
CONTINUOUS
100
AcDbLine
 10
140.5448759999999879
 20
-95.9543999999999926
 30
0
 11
140.5448759999999879
 21
-95.8055999999999983
 31
0
  0
LINE
  5
4A1
330
1A
100
AcDbEntity
  8
B.Cu
  6
CONTINUOUS
100
AcDbLine
 10
140.5448759999999879
 20
-95.8055999999999983
 30
0
 11
140.5833889999999826
 21
-95.6618699999999933
 31
0
  0
LINE
  5
4A2
330
1A
100
AcDbEntity
  8
B.Cu
  6
CONTINUOUS
100
AcDbLine
 10
140.5833889999999826
 20
-95.6618699999999933
 30
0
 11
140.6577889999999798
 21
-95.5330060000000003
 31
0
  0
LINE
  5
4A3
330
1A
100
AcDbEntity
  8
B.Cu
  6
CONTINUOUS
100
AcDbLine
 10
140.6577889999999798
 20
-95.5330060000000003
 30
0
 11
140.7630059999999901
 21
-95.42778899999999
 31
0
  0
LINE
  5
4A4
330
1A
100
AcDbEntity
  8
B.Cu
  6
CONTINUOUS
100
AcDbLine
 10
140.7630059999999901
 20
-95.42778899999999
 30
0
 11
140.8100000000000023
 21
-95.4006559999999979
 31
0
  0
LINE
  5
4A5
330
1A
100
AcDbEntity
  8
B.Cu
  6
CONTINUOUS
100
AcDbLine
 10
140.8100000000000023
 20
-95.4006559999999979
 30
0
 11
140.8100000000000023
 21
-92.7739509999999967
 31
0
  0
LINE
  5
4A6
330
1A
100
AcDbEntity
  8
B.Cu
  6
CONTINUOUS
100
AcDbLine
 10
140.8100000000000023
 20
-92.7739509999999967
 30
0
 11
140.7677719999999795
 21
-92.7655519999999996
 31
0
  0
LINE
  5
4A7
330
1A
100
AcDbEntity
  8
B.Cu
  6
CONTINUOUS
100
AcDbLine
 10
140.7677719999999795
 20
-92.7655519999999996
 30
0
 11
140.6228830000000016
 21
-92.7055369999999925
 31
0
  0
LINE
  5
4A8
330
1A
100
AcDbEntity
  8
B.Cu
  6
CONTINUOUS
100
AcDbLine
 10
140.6228830000000016
 20
-92.7055369999999925
 30
0
 11
140.4924849999999878
 21
-92.6184080000000023
 31
0
  0
LINE
  5
4A9
330
1A
100
AcDbEntity
  8
B.Cu
  6
CONTINUOUS
100
AcDbLine
 10
140.4924849999999878
 20
-92.6184080000000023
 30
0
 11
140.3815919999999835
 21
-92.5075149999999979
 31
0
  0
LINE
  5
4AA
330
1A
100
AcDbEntity
  8
B.Cu
  6
CONTINUOUS
100
AcDbLine
 10
140.3815919999999835
 20
-92.5075149999999979
 30
0
 11
140.2944630000000075
 21
-92.3771169999999984
 31
0
  0
LINE
  5
4AB
330
1A
100
AcDbEntity
  8
B.Cu
  6
CONTINUOUS
100
AcDbLine
 10
140.2944630000000075
 20
-92.3771169999999984
 30
0
 11
140.2344479999999862
 21
-92.2322279999999921
 31
0
  0
LINE
  5
4AC
330
1A
100
AcDbEntity
  8
B.Cu
  6
CONTINUOUS
100
AcDbLine
 10
140.2344479999999862
 20
-92.2322279999999921
 30
0
 11
140.2038519999999835
 21
-92.0784139999999951
 31
0
  0
LINE
  5
4AD
330
1A
100
AcDbEntity
  8
B.Cu
  6
CONTINUOUS
100
AcDbLine
 10
140.2038519999999835
 20
-92.0784139999999951
 30
0
 11
140.2038519999999835
 21
-91.9215859999999907
 31
0
  0
LINE
  5
4AE
330
1A
100
AcDbEntity
  8
B.Cu
  6
CONTINUOUS
100
AcDbLine
 10
140.2038519999999835
 20
-91.9215859999999907
 30
0
 11
140.2344479999999862
 21
-91.7677719999999937
 31
0
  0
LINE
  5
4AF
330
1A
100
AcDbEntity
  8
B.Cu
  6
CONTINUOUS
100
AcDbLine
 10
140.2344479999999862
 20
-91.7677719999999937
 30
0
 11
140.2663900000000012
 21
-91.690653999999995
 31
0
  0
LINE
  5
4B0
330
1A
100
AcDbEntity
  8
B.Cu
  6
CONTINUOUS
100
AcDbLine
 10
140.2663900000000012
 20
-91.690653999999995
 30
0
 11
138.2878680000000031
 21
-89.7121319999999969
 31
0
  0
LINE
  5
4B1
330
1A
100
AcDbEntity
  8
B.Cu
  6
CONTINUOUS
100
AcDbLine
 10
138.2878680000000031
 20
-89.7121319999999969
 30
0
 11
138.2619939999999872
 21
-89.682627999999994
 31
0
  0
LINE
  5
4B2
330
1A
100
AcDbEntity
  8
B.Cu
  6
CONTINUOUS
100
AcDbLine
 10
138.2619939999999872
 20
-89.682627999999994
 30
0
 11
138.2228360000000009
 21
-89.6148049999999898
 31
0
  0
LINE
  5
4B3
330
1A
100
AcDbEntity
  8
B.Cu
  6
CONTINUOUS
100
AcDbLine
 10
138.2228360000000009
 20
-89.6148049999999898
 30
0
 11
138.2025669999999877
 21
-89.5391580000000005
 31
0
  0
LINE
  5
4B4
330
1A
100
AcDbEntity
  8
B.Cu
  6
CONTINUOUS
100
AcDbLine
 10
138.2025669999999877
 20
-89.5391580000000005
 30
0
 11
138.1999999999999886
 21
-89.5
 31
0
  0
LINE
  5
4B5
330
1A
100
AcDbEntity
  8
B.Cu
  6
CONTINUOUS
100
AcDbLine
 10
138.1999999999999886
 20
-89.5
 30
0
 11
138.1999999999999886
 21
-86.
 31
0
  0
LINE
  5
4B6
330
1A
100
AcDbEntity
  8
B.Cu
  6
CONTINUOUS
100
AcDbLine
 10
138.1999999999999886
 20
-86.
 30
0
 11
138.2025669999999877
 21
-85.9608419999999995
 31
0
  0
LINE
  5
4B7
330
1A
100
AcDbEntity
  8
B.Cu
  6
CONTINUOUS
100
AcDbLine
 10
138.2025669999999877
 20
-85.9608419999999995
 30
0
 11
138.2228360000000009
 21
-85.885194999999996
 31
0
  0
LINE
  5
4B8
330
1A
100
AcDbEntity
  8
B.Cu
  6
CONTINUOUS
100
AcDbLine
 10
138.2228360000000009
 20
-85.885194999999996
 30
0
 11
138.2619939999999872
 21
-85.8173719999999918
 31
0
  0
LINE
  5
4B9
330
1A
100
AcDbEntity
  8
B.Cu
  6
CONTINUOUS
100
AcDbLine
 10
138.2619939999999872
 20
-85.8173719999999918
 30
0
 11
138.2878680000000031
 21
-85.7878680000000031
 31
0
  0
LINE
  5
4BA
330
1A
100
AcDbEntity
  8
B.Cu
  6
CONTINUOUS
100
AcDbLine
 10
138.2878680000000031
 20
-85.7878680000000031
 30
0
 11
140.1999999999999886
 21
-83.8757359999999892
 31
0
  0
LINE
  5
4BB
330
1A
100
AcDbEntity
  8
B.Cu
  6
CONTINUOUS
100
AcDbLine
 10
140.1999999999999886
 20
-83.8757359999999892
 30
0
 11
140.1999999999999886
 21
-83.
 31
0
  0
LINE
  5
4BC
330
1A
100
AcDbEntity
  8
B.Cu
  6
CONTINUOUS
100
AcDbLine
 10
140.1999999999999886
 20
-83.
 30
0
 11
139.5
 21
-83.
 31
0
  0
LINE
  5
4BD
330
1A
100
AcDbEntity
  8
B.Cu
  6
CONTINUOUS
100
AcDbLine
 10
139.5
 20
-83.
 30
0
 11
139.5
 21
-81.
 31
0
  0
LINE
  5
4BE
330
1A
100
AcDbEntity
  8
B.Cu
  6
CONTINUOUS
100
AcDbLine
 10
139.5
 20
-81.
 30
0
 11
141.5
 21
-81.
 31
0
  0
LINE
  5
4BF
330
1A
100
AcDbEntity
  8
B.Cu
  6
CONTINUOUS
100
AcDbLine
 10
141.5
 20
-81.
 30
0
 11
141.5
 21
-83.
 31
0
  0
LINE
  5
4C0
330
1A
100
AcDbEntity
  8
B.Cu
  6
CONTINUOUS
100
AcDbLine
 10
169.4425389999999823
 20
-71.0201849999999979
 30
0
 11
169.4882939999999962
 21
-71.0729889999999926
 31
0
  0
LINE
  5
4C1
330
1A
100
AcDbEntity
  8
B.Cu
  6
CONTINUOUS
100
AcDbLine
 10
169.4882939999999962
 20
-71.0729889999999926
 30
0
 11
169.4994999999999834
 21
-71.1244999999999976
 31
0
  0
LINE
  5
4C2
330
1A
100
AcDbEntity
  8
B.Cu
  6
CONTINUOUS
100
AcDbLine
 10
169.4994999999999834
 20
-71.1244999999999976
 30
0
 11
169.4994999999999834
 21
-129.8754999999999882
 31
0
  0
LINE
  5
4C3
330
1A
100
AcDbEntity
  8
B.Cu
  6
CONTINUOUS
100
AcDbLine
 10
169.4994999999999834
 20
-129.8754999999999882
 30
0
 11
169.4798150000000021
 21
-129.9425389999999823
 31
0
  0
LINE
  5
4C4
330
1A
100
AcDbEntity
  8
B.Cu
  6
CONTINUOUS
100
AcDbLine
 10
169.4798150000000021
 20
-129.9425389999999823
 30
0
 11
169.4270109999999931
 21
-129.9882939999999962
 31
0
  0
LINE
  5
4C5
330
1A
100
AcDbEntity
  8
B.Cu
  6
CONTINUOUS
100
AcDbLine
 10
169.4270109999999931
 20
-129.9882939999999962
 30
0
 11
169.3754999999999882
 21
-129.9994999999999834
 31
0
  0
LINE
  5
4C6
330
1A
100
AcDbEntity
  8
B.Cu
  6
CONTINUOUS
100
AcDbLine
 10
169.3754999999999882
 20
-129.9994999999999834
 30
0
 11
130.6244999999999834
 21
-129.9994999999999834
 31
0
  0
LINE
  5
4C7
330
1A
100
AcDbEntity
  8
B.Cu
  6
CONTINUOUS
100
AcDbLine
 10
130.6244999999999834
 20
-129.9994999999999834
 30
0
 11
130.5574609999999893
 21
-129.9798150000000021
 31
0
  0
LINE
  5
4C8
330
1A
100
AcDbEntity
  8
B.Cu
  6
CONTINUOUS
100
AcDbLine
 10
130.5574609999999893
 20
-129.9798150000000021
 30
0
 11
130.5117060000000038
 21
-129.9270109999999931
 31
0
  0
LINE
  5
4C9
330
1A
100
AcDbEntity
  8
B.Cu
  6
CONTINUOUS
100
AcDbLine
 10
130.5117060000000038
 20
-129.9270109999999931
 30
0
 11
130.5004999999999882
 21
-129.8754999999999882
 31
0
  0
LINE
  5
4CA
330
1A
100
AcDbEntity
  8
B.Cu
  6
CONTINUOUS
100
AcDbLine
 10
130.5004999999999882
 20
-129.8754999999999882
 30
0
 11
130.5004999999999882
 21
-127.3976479999999896
 31
0
  0
LINE
  5
4CB
330
1A
100
AcDbEntity
  8
B.Cu
  6
CONTINUOUS
100
AcDbLine
 10
130.5004999999999882
 20
-127.3976479999999896
 30
0
 11
130.5004999999999882
 21
-118.468474999999998
 31
0
  0
LINE
  5
4CC
330
1A
100
AcDbEntity
  8
B.Cu
  6
CONTINUOUS
100
AcDbLine
 10
130.5004999999999882
 20
-118.468474999999998
 30
0
 11
130.5004999999999882
 21
-84.5689959999999985
 31
0
  0
LINE
  5
4CD
330
1A
100
AcDbEntity
  8
B.Cu
  6
CONTINUOUS
100
AcDbLine
 10
130.5004999999999882
 20
-84.5689959999999985
 30
0
 11
130.5004999999999882
 21
-73.3976480000000038
 31
0
  0
LINE
  5
4CE
330
1A
100
AcDbEntity
  8
B.Cu
  6
CONTINUOUS
100
AcDbLine
 10
130.5004999999999882
 20
-73.3976480000000038
 30
0
 11
130.5004999999999882
 21
-71.1244999999999976
 31
0
  0
LINE
  5
4CF
330
1A
100
AcDbEntity
  8
B.Cu
  6
CONTINUOUS
100
AcDbLine
 10
130.5004999999999882
 20
-71.1244999999999976
 30
0
 11
130.5201849999999979
 21
-71.0574610000000035
 31
0
  0
LINE
  5
4D0
330
1A
100
AcDbEntity
  8
B.Cu
  6
CONTINUOUS
100
AcDbLine
 10
130.5201849999999979
 20
-71.0574610000000035
 30
0
 11
130.5729890000000069
 21
-71.0117060000000038
 31
0
  0
LINE
  5
4D1
330
1A
100
AcDbEntity
  8
B.Cu
  6
CONTINUOUS
100
AcDbLine
 10
130.5729890000000069
 20
-71.0117060000000038
 30
0
 11
130.6244999999999834
 21
-71.0005000000000024
 31
0
  0
LINE
  5
4D2
330
1A
100
AcDbEntity
  8
B.Cu
  6
CONTINUOUS
100
AcDbLine
 10
130.6244999999999834
 20
-71.0005000000000024
 30
0
 11
169.3754999999999882
 21
-71.0005000000000024
 31
0
  0
LINE
  5
4D3
330
1A
100
AcDbEntity
  8
B.Cu
  6
CONTINUOUS
100
AcDbLine
 10
169.3754999999999882
 20
-71.0005000000000024
 30
0
 11
169.4425389999999823
 21
-71.0201849999999979
 31
0
  0
LINE
  5
4D4
330
1A
100
AcDbEntity
  8
B.Cu
  6
CONTINUOUS
100
AcDbLine
 10
133.3264179999999897
 20
-84.7043219999999906
 30
0
 11
133.3264209999999821
 21
-84.7043319999999937
 31
0
  0
LINE
  5
4D5
330
1A
100
AcDbEntity
  8
B.Cu
  6
CONTINUOUS
100
AcDbLine
 10
133.3264209999999821
 20
-84.7043319999999937
 30
0
 11
133.3792219999999986
 21
-84.8318069999999977
 31
0
  0
LINE
  5
4D6
330
1A
100
AcDbEntity
  8
B.Cu
  6
CONTINUOUS
100
AcDbLine
 10
133.3792219999999986
 20
-84.8318069999999977
 30
0
 11
133.4558869999999899
 21
-84.9465450000000004
 31
0
  0
LINE
  5
4D7
330
1A
100
AcDbEntity
  8
B.Cu
  6
CONTINUOUS
100
AcDbLine
 10
133.4558869999999899
 20
-84.9465450000000004
 30
0
 11
133.4558879999999874
 21
-84.9465459999999979
 31
0
  0
LINE
  5
4D8
330
1A
100
AcDbEntity
  8
B.Cu
  6
CONTINUOUS
100
AcDbLine
 10
133.4558879999999874
 20
-84.9465459999999979
 30
0
 11
135.763181000000003
 21
-87.2538380000000018
 31
0
  0
LINE
  5
4D9
330
1A
100
AcDbEntity
  8
B.Cu
  6
CONTINUOUS
100
AcDbLine
 10
135.763181000000003
 20
-87.2538380000000018
 30
0
 11
135.7966659999999877
 21
-87.3151609999999891
 31
0
  0
LINE
  5
4DA
330
1A
100
AcDbEntity
  8
B.Cu
  6
CONTINUOUS
100
AcDbLine
 10
135.7966659999999877
 20
-87.3151609999999891
 30
0
 11
135.7994999999999948
 21
-87.341518999999991
 31
0
  0
LINE
  5
4DB
330
1A
100
AcDbEntity
  8
B.Cu
  6
CONTINUOUS
100
AcDbLine
 10
135.7994999999999948
 20
-87.341518999999991
 30
0
 11
135.7994999999999948
 21
-112.4310059999999964
 31
0
  0
LINE
  5
4DC
330
1A
100
AcDbEntity
  8
B.Cu
  6
CONTINUOUS
100
AcDbLine
 10
135.7994999999999948
 20
-112.4310059999999964
 30
0
 11
135.7994999999999948
 21
-112.5689939999999893
 31
0
  0
LINE
  5
4DD
330
1A
100
AcDbEntity
  8
B.Cu
  6
CONTINUOUS
100
AcDbLine
 10
135.7994999999999948
 20
-112.5689939999999893
 30
0
 11
135.7994999999999948
 21
-112.5689959999999985
 31
0
  0
LINE
  5
4DE
330
1A
100
AcDbEntity
  8
B.Cu
  6
CONTINUOUS
100
AcDbLine
 10
135.7994999999999948
 20
-112.5689959999999985
 30
0
 11
135.7994989999999973
 21
-112.5689959999999985
 31
0
  0
LINE
  5
4DF
330
1A
100
AcDbEntity
  8
B.Cu
  6
CONTINUOUS
100
AcDbLine
 10
135.7994989999999973
 20
-112.5689959999999985
 30
0
 11
135.8264179999999897
 21
-112.7043219999999906
 31
0
  0
LINE
  5
4E0
330
1A
100
AcDbEntity
  8
B.Cu
  6
CONTINUOUS
100
AcDbLine
 10
135.8264179999999897
 20
-112.7043219999999906
 30
0
 11
135.8264209999999821
 21
-112.7043319999999937
 31
0
  0
LINE
  5
4E1
330
1A
100
AcDbEntity
  8
B.Cu
  6
CONTINUOUS
100
AcDbLine
 10
135.8264209999999821
 20
-112.7043319999999937
 30
0
 11
135.8792219999999986
 21
-112.8318069999999977
 31
0
  0
LINE
  5
4E2
330
1A
100
AcDbEntity
  8
B.Cu
  6
CONTINUOUS
100
AcDbLine
 10
135.8792219999999986
 20
-112.8318069999999977
 30
0
 11
135.9558869999999899
 21
-112.9465450000000004
 31
0
  0
LINE
  5
4E3
330
1A
100
AcDbEntity
  8
B.Cu
  6
CONTINUOUS
100
AcDbLine
 10
135.9558869999999899
 20
-112.9465450000000004
 30
0
 11
135.9558879999999874
 21
-112.9465459999999979
 31
0
  0
LINE
  5
4E4
330
1A
100
AcDbEntity
  8
B.Cu
  6
CONTINUOUS
100
AcDbLine
 10
135.9558879999999874
 20
-112.9465459999999979
 30
0
 11
137.4558859999999925
 21
-114.4465419999999938
 31
0
  0
LINE
  5
4E5
330
1A
100
AcDbEntity
  8
B.Cu
  6
CONTINUOUS
100
AcDbLine
 10
137.4558859999999925
 20
-114.4465419999999938
 30
0
 11
137.5534559999999829
 21
-114.5441119999999984
 31
0
  0
LINE
  5
4E6
330
1A
100
AcDbEntity
  8
B.Cu
  6
CONTINUOUS
100
AcDbLine
 10
137.5534559999999829
 20
-114.5441119999999984
 30
0
 11
137.5534590000000037
 21
-114.5441149999999908
 31
0
  0
LINE
  5
4E7
330
1A
100
AcDbEntity
  8
B.Cu
  6
CONTINUOUS
100
AcDbLine
 10
137.5534590000000037
 20
-114.5441149999999908
 30
0
 11
137.6681820000000016
 21
-114.6207709999999906
 31
0
  0
LINE
  5
4E8
330
1A
100
AcDbEntity
  8
B.Cu
  6
CONTINUOUS
100
AcDbLine
 10
137.6681820000000016
 20
-114.6207709999999906
 30
0
 11
137.6681859999999915
 21
-114.6207729999999998
 31
0
  0
LINE
  5
4E9
330
1A
100
AcDbEntity
  8
B.Cu
  6
CONTINUOUS
100
AcDbLine
 10
137.6681859999999915
 20
-114.6207729999999998
 30
0
 11
137.6681889999999839
 21
-114.6207749999999947
 31
0
  0
LINE
  5
4EA
330
1A
100
AcDbEntity
  8
B.Cu
  6
CONTINUOUS
100
AcDbLine
 10
137.6681889999999839
 20
-114.6207749999999947
 30
0
 11
137.7428659999999923
 21
-114.6517070000000018
 31
0
  0
LINE
  5
4EB
330
1A
100
AcDbEntity
  8
B.Cu
  6
CONTINUOUS
100
AcDbLine
 10
137.7428659999999923
 20
-114.6517070000000018
 30
0
 11
137.7428669999999897
 21
-114.6517070000000018
 31
0
  0
LINE
  5
4EC
330
1A
100
AcDbEntity
  8
B.Cu
  6
CONTINUOUS
100
AcDbLine
 10
137.7428669999999897
 20
-114.6517070000000018
 30
0
 11
137.7428689999999847
 21
-114.6517089999999968
 31
0
  0
LINE
  5
4ED
330
1A
100
AcDbEntity
  8
B.Cu
  6
CONTINUOUS
100
AcDbLine
 10
137.7428689999999847
 20
-114.6517089999999968
 30
0
 11
137.7956659999999829
 21
-114.673577999999992
 31
0
  0
LINE
  5
4EE
330
1A
100
AcDbEntity
  8
B.Cu
  6
CONTINUOUS
100
AcDbLine
 10
137.7956659999999829
 20
-114.673577999999992
 30
0
 11
137.7956709999999987
 21
-114.6735800000000012
 31
0
  0
LINE
  5
4EF
330
1A
100
AcDbEntity
  8
B.Cu
  6
CONTINUOUS
100
AcDbLine
 10
137.7956709999999987
 20
-114.6735800000000012
 30
0
 11
137.7956800000000044
 21
-114.6735809999999987
 31
0
  0
LINE
  5
4F0
330
1A
100
AcDbEntity
  8
B.Cu
  6
CONTINUOUS
100
AcDbLine
 10
137.7956800000000044
 20
-114.6735809999999987
 30
0
 11
137.7956810000000019
 21
-114.6735819999999961
 31
0
  0
LINE
  5
4F1
330
1A
100
AcDbEntity
  8
B.Cu
  6
CONTINUOUS
100
AcDbLine
 10
137.7956810000000019
 20
-114.6735819999999961
 30
0
 11
137.822544999999991
 21
-114.6789249999999925
 31
0
  0
LINE
  5
4F2
330
1A
100
AcDbEntity
  8
B.Cu
  6
CONTINUOUS
100
AcDbLine
 10
137.822544999999991
 20
-114.6789249999999925
 30
0
 11
137.8225510000000043
 21
-114.6789259999999899
 31
0
  0
LINE
  5
4F3
330
1A
100
AcDbEntity
  8
B.Cu
  6
CONTINUOUS
100
AcDbLine
 10
137.8225510000000043
 20
-114.6789259999999899
 30
0
 11
137.8225909999999885
 21
-114.6789339999999982
 31
0
  0
LINE
  5
4F4
330
1A
100
AcDbEntity
  8
B.Cu
  6
CONTINUOUS
100
AcDbLine
 10
137.8225909999999885
 20
-114.6789339999999982
 30
0
 11
137.9129369999999994
 21
-114.696905000000001
 31
0
  0
LINE
  5
4F5
330
1A
100
AcDbEntity
  8
B.Cu
  6
CONTINUOUS
100
AcDbLine
 10
137.9129369999999994
 20
-114.696905000000001
 30
0
 11
137.9310059999999964
 21
-114.700499999999991
 31
0
  0
LINE
  5
4F6
330
1A
100
AcDbEntity
  8
B.Cu
  6
CONTINUOUS
100
AcDbLine
 10
137.9310059999999964
 20
-114.700499999999991
 30
0
 11
137.9310069999999939
 21
-114.700499999999991
 31
0
  0
LINE
  5
4F7
330
1A
100
AcDbEntity
  8
B.Cu
  6
CONTINUOUS
100
AcDbLine
 10
137.9310069999999939
 20
-114.700499999999991
 30
0
 11
142.5689959999999985
 21
-114.700499999999991
 31
0
  0
LINE
  5
4F8
330
1A
100
AcDbEntity
  8
B.Cu
  6
CONTINUOUS
100
AcDbLine
 10
142.5689959999999985
 20
-114.700499999999991
 30
0
 11
142.677457000000004
 21
-114.6789249999999925
 31
0
  0
LINE
  5
4F9
330
1A
100
AcDbEntity
  8
B.Cu
  6
CONTINUOUS
100
AcDbLine
 10
142.677457000000004
 20
-114.6789249999999925
 30
0
 11
142.7043280000000038
 21
-114.6735800000000012
 31
0
  0
LINE
  5
4FA
330
1A
100
AcDbEntity
  8
B.Cu
  6
CONTINUOUS
100
AcDbLine
 10
142.7043280000000038
 20
-114.6735800000000012
 30
0
 11
142.768068999999997
 21
-114.6471769999999992
 31
0
  0
LINE
  5
4FB
330
1A
100
AcDbEntity
  8
B.Cu
  6
CONTINUOUS
100
AcDbLine
 10
142.768068999999997
 20
-114.6471769999999992
 30
0
 11
142.8318069999999977
 21
-114.6207769999999897
 31
0
  0
LINE
  5
4FC
330
1A
100
AcDbEntity
  8
B.Cu
  6
CONTINUOUS
100
AcDbLine
 10
142.8318069999999977
 20
-114.6207769999999897
 30
0
 11
142.8318079999999952
 21
-114.6207759999999922
 31
0
  0
LINE
  5
4FD
330
1A
100
AcDbEntity
  8
B.Cu
  6
CONTINUOUS
100
AcDbLine
 10
142.8318079999999952
 20
-114.6207759999999922
 30
0
 11
142.8318109999999876
 21
-114.6207749999999947
 31
0
  0
LINE
  5
4FE
330
1A
100
AcDbEntity
  8
B.Cu
  6
CONTINUOUS
100
AcDbLine
 10
142.8318109999999876
 20
-114.6207749999999947
 30
0
 11
142.9465429999999913
 21
-114.5441139999999933
 31
0
  0
LINE
  5
4FF
330
1A
100
AcDbEntity
  8
B.Cu
  6
CONTINUOUS
100
AcDbLine
 10
142.9465429999999913
 20
-114.5441139999999933
 30
0
 11
144.1941139999999848
 21
-113.2965429999999998
 31
0
  0
LINE
  5
500
330
1A
100
AcDbEntity
  8
B.Cu
  6
CONTINUOUS
100
AcDbLine
 10
144.1941139999999848
 20
-113.2965429999999998
 30
0
 11
144.2707749999999862
 21
-113.1818109999999962
 31
0
  0
LINE
  5
501
330
1A
100
AcDbEntity
  8
B.Cu
  6
CONTINUOUS
100
AcDbLine
 10
144.2707749999999862
 20
-113.1818109999999962
 30
0
 11
144.3235799999999927
 21
-113.0543279999999982
 31
0
  0
LINE
  5
502
330
1A
100
AcDbEntity
  8
B.Cu
  6
CONTINUOUS
100
AcDbLine
 10
144.3235799999999927
 20
-113.0543279999999982
 30
0
 11
144.3323890000000063
 21
-113.0100399999999894
 31
0
  0
LINE
  5
503
330
1A
100
AcDbEntity
  8
B.Cu
  6
CONTINUOUS
100
AcDbLine
 10
144.3323890000000063
 20
-113.0100399999999894
 30
0
 11
144.3504999999999825
 21
-112.9189959999999928
 31
0
  0
LINE
  5
504
330
1A
100
AcDbEntity
  8
B.Cu
  6
CONTINUOUS
100
AcDbLine
 10
144.3504999999999825
 20
-112.9189959999999928
 30
0
 11
144.3504999999999825
 21
-111.8433569999999975
 31
0
  0
LINE
  5
505
330
1A
100
AcDbEntity
  8
B.Cu
  6
CONTINUOUS
100
AcDbLine
 10
144.3504999999999825
 20
-111.8433569999999975
 30
0
 11
144.3701849999999922
 21
-111.7763179999999892
 31
0
  0
LINE
  5
506
330
1A
100
AcDbEntity
  8
B.Cu
  6
CONTINUOUS
100
AcDbLine
 10
144.3701849999999922
 20
-111.7763179999999892
 30
0
 11
144.3868209999999976
 21
-111.7556739999999991
 31
0
  0
LINE
  5
507
330
1A
100
AcDbEntity
  8
B.Cu
  6
CONTINUOUS
100
AcDbLine
 10
144.3868209999999976
 20
-111.7556739999999991
 30
0
 11
144.4038349999999866
 21
-111.7386599999999959
 31
0
  0
LINE
  5
508
330
1A
100
AcDbEntity
  8
B.Cu
  6
CONTINUOUS
100
AcDbLine
 10
144.4038349999999866
 20
-111.7386599999999959
 30
0
 11
144.4038369999999816
 21
-111.7386580000000009
 31
0
  0
LINE
  5
509
330
1A
100
AcDbEntity
  8
B.Cu
  6
CONTINUOUS
100
AcDbLine
 10
144.4038369999999816
 20
-111.7386580000000009
 30
0
 11
144.5100459999999885
 21
-111.5797039999999924
 31
0
  0
LINE
  5
50A
330
1A
100
AcDbEntity
  8
B.Cu
  6
CONTINUOUS
100
AcDbLine
 10
144.5100459999999885
 20
-111.5797039999999924
 30
0
 11
144.5832039999999949
 21
-111.4030839999999927
 31
0
  0
LINE
  5
50B
330
1A
100
AcDbEntity
  8
B.Cu
  6
CONTINUOUS
100
AcDbLine
 10
144.5832039999999949
 20
-111.4030839999999927
 30
0
 11
144.6204999999999927
 21
-111.2155860000000018
 31
0
  0
LINE
  5
50C
330
1A
100
AcDbEntity
  8
B.Cu
  6
CONTINUOUS
100
AcDbLine
 10
144.6204999999999927
 20
-111.2155860000000018
 30
0
 11
144.6204999999999927
 21
-111.0244139999999931
 31
0
  0
LINE
  5
50D
330
1A
100
AcDbEntity
  8
B.Cu
  6
CONTINUOUS
100
AcDbLine
 10
144.6204999999999927
 20
-111.0244139999999931
 30
0
 11
144.6204999999999927
 21
-111.0244110000000006
 31
0
  0
LINE
  5
50E
330
1A
100
AcDbEntity
  8
B.Cu
  6
CONTINUOUS
100
AcDbLine
 10
144.6204999999999927
 20
-111.0244110000000006
 30
0
 11
144.5832049999999924
 21
-110.8369209999999896
 31
0
  0
LINE
  5
50F
330
1A
100
AcDbEntity
  8
B.Cu
  6
CONTINUOUS
100
AcDbLine
 10
144.5832049999999924
 20
-110.8369209999999896
 30
0
 11
144.5832039999999949
 21
-110.8369199999999921
 31
0
  0
LINE
  5
510
330
1A
100
AcDbEntity
  8
B.Cu
  6
CONTINUOUS
100
AcDbLine
 10
144.5832039999999949
 20
-110.8369199999999921
 30
0
 11
144.5832039999999949
 21
-110.836915999999988
 31
0
  0
LINE
  5
511
330
1A
100
AcDbEntity
  8
B.Cu
  6
CONTINUOUS
100
AcDbLine
 10
144.5832039999999949
 20
-110.836915999999988
 30
0
 11
144.5305689999999856
 21
-110.7098429999999922
 31
0
  0
LINE
  5
512
330
1A
100
AcDbEntity
  8
B.Cu
  6
CONTINUOUS
100
AcDbLine
 10
144.5305689999999856
 20
-110.7098429999999922
 30
0
 11
144.5100479999999834
 21
-110.6602989999999949
 31
0
  0
LINE
  5
513
330
1A
100
AcDbEntity
  8
B.Cu
  6
CONTINUOUS
100
AcDbLine
 10
144.5100479999999834
 20
-110.6602989999999949
 30
0
 11
144.4038349999999866
 21
-110.5013390000000015
 31
0
  0
LINE
  5
514
330
1A
100
AcDbEntity
  8
B.Cu
  6
CONTINUOUS
100
AcDbLine
 10
144.4038349999999866
 20
-110.5013390000000015
 30
0
 11
144.2686599999999828
 21
-110.3661639999999977
 31
0
  0
LINE
  5
515
330
1A
100
AcDbEntity
  8
B.Cu
  6
CONTINUOUS
100
AcDbLine
 10
144.2686599999999828
 20
-110.3661639999999977
 30
0
 11
144.1097000000000037
 21
-110.2599510000000009
 31
0
  0
LINE
  5
516
330
1A
100
AcDbEntity
  8
B.Cu
  6
CONTINUOUS
100
AcDbLine
 10
144.1097000000000037
 20
-110.2599510000000009
 30
0
 11
143.9330879999999979
 21
-110.1867969999999985
 31
0
  0
LINE
  5
517
330
1A
100
AcDbEntity
  8
B.Cu
  6
CONTINUOUS
100
AcDbLine
 10
143.9330879999999979
 20
-110.1867969999999985
 30
0
 11
143.9330779999999947
 21
-110.1867939999999919
 31
0
  0
LINE
  5
518
330
1A
100
AcDbEntity
  8
B.Cu
  6
CONTINUOUS
100
AcDbLine
 10
143.9330779999999947
 20
-110.1867939999999919
 30
0
 11
143.7455879999999979
 21
-110.1494999999999891
 31
0
  0
LINE
  5
519
330
1A
100
AcDbEntity
  8
B.Cu
  6
CONTINUOUS
100
AcDbLine
 10
143.7455879999999979
 20
-110.1494999999999891
 30
0
 11
143.745586000000003
 21
-110.1494999999999891
 31
0
  0
LINE
  5
51A
330
1A
100
AcDbEntity
  8
B.Cu
  6
CONTINUOUS
100
AcDbLine
 10
143.745586000000003
 20
-110.1494999999999891
 30
0
 11
143.55441399999998
 21
-110.1494999999999891
 31
0
  0
LINE
  5
51B
330
1A
100
AcDbEntity
  8
B.Cu
  6
CONTINUOUS
100
AcDbLine
 10
143.55441399999998
 20
-110.1494999999999891
 30
0
 11
143.554411999999985
 21
-110.1494999999999891
 31
0
  0
LINE
  5
51C
330
1A
100
AcDbEntity
  8
B.Cu
  6
CONTINUOUS
100
AcDbLine
 10
143.554411999999985
 20
-110.1494999999999891
 30
0
 11
143.3669209999999907
 21
-110.1867939999999919
 31
0
  0
LINE
  5
51D
330
1A
100
AcDbEntity
  8
B.Cu
  6
CONTINUOUS
100
AcDbLine
 10
143.3669209999999907
 20
-110.1867939999999919
 30
0
 11
143.3669109999999876
 21
-110.1867969999999985
 31
0
  0
LINE
  5
51E
330
1A
100
AcDbEntity
  8
B.Cu
  6
CONTINUOUS
100
AcDbLine
 10
143.3669109999999876
 20
-110.1867969999999985
 30
0
 11
143.1902989999999818
 21
-110.2599510000000009
 31
0
  0
LINE
  5
51F
330
1A
100
AcDbEntity
  8
B.Cu
  6
CONTINUOUS
100
AcDbLine
 10
143.1902989999999818
 20
-110.2599510000000009
 30
0
 11
143.0313390000000027
 21
-110.3661639999999977
 31
0
  0
LINE
  5
520
330
1A
100
AcDbEntity
  8
B.Cu
  6
CONTINUOUS
100
AcDbLine
 10
143.0313390000000027
 20
-110.3661639999999977
 30
0
 11
142.8961639999999989
 21
-110.5013390000000015
 31
0
  0
LINE
  5
521
330
1A
100
AcDbEntity
  8
B.Cu
  6
CONTINUOUS
100
AcDbLine
 10
142.8961639999999989
 20
-110.5013390000000015
 30
0
 11
142.7899510000000021
 21
-110.6602989999999949
 31
0
  0
LINE
  5
522
330
1A
100
AcDbEntity
  8
B.Cu
  6
CONTINUOUS
100
AcDbLine
 10
142.7899510000000021
 20
-110.6602989999999949
 30
0
 11
142.7167969999999855
 21
-110.8369110000000006
 31
0
  0
LINE
  5
523
330
1A
100
AcDbEntity
  8
B.Cu
  6
CONTINUOUS
100
AcDbLine
 10
142.7167969999999855
 20
-110.8369110000000006
 30
0
 11
142.716793999999993
 21
-110.8369209999999896
 31
0
  0
LINE
  5
524
330
1A
100
AcDbEntity
  8
B.Cu
  6
CONTINUOUS
100
AcDbLine
 10
142.716793999999993
 20
-110.8369209999999896
 30
0
 11
142.6794999999999902
 21
-111.0244110000000006
 31
0
  0
LINE
  5
525
330
1A
100
AcDbEntity
  8
B.Cu
  6
CONTINUOUS
100
AcDbLine
 10
142.6794999999999902
 20
-111.0244110000000006
 30
0
 11
142.6794999999999902
 21
-111.0244139999999931
 31
0
  0
LINE
  5
526
330
1A
100
AcDbEntity
  8
B.Cu
  6
CONTINUOUS
100
AcDbLine
 10
142.6794999999999902
 20
-111.0244139999999931
 30
0
 11
142.6794999999999902
 21
-111.2155860000000018
 31
0
  0
LINE
  5
527
330
1A
100
AcDbEntity
  8
B.Cu
  6
CONTINUOUS
100
AcDbLine
 10
142.6794999999999902
 20
-111.2155860000000018
 30
0
 11
142.6794999999999902
 21
-111.2155879999999968
 31
0
  0
LINE
  5
528
330
1A
100
AcDbEntity
  8
B.Cu
  6
CONTINUOUS
100
AcDbLine
 10
142.6794999999999902
 20
-111.2155879999999968
 30
0
 11
142.6794989999999927
 21
-111.2155879999999968
 31
0
  0
LINE
  5
529
330
1A
100
AcDbEntity
  8
B.Cu
  6
CONTINUOUS
100
AcDbLine
 10
142.6794989999999927
 20
-111.2155879999999968
 30
0
 11
142.716793999999993
 21
-111.4030779999999936
 31
0
  0
LINE
  5
52A
330
1A
100
AcDbEntity
  8
B.Cu
  6
CONTINUOUS
100
AcDbLine
 10
142.716793999999993
 20
-111.4030779999999936
 30
0
 11
142.7167969999999855
 21
-111.4030879999999968
 31
0
  0
LINE
  5
52B
330
1A
100
AcDbEntity
  8
B.Cu
  6
CONTINUOUS
100
AcDbLine
 10
142.7167969999999855
 20
-111.4030879999999968
 30
0
 11
142.7899510000000021
 21
-111.5796999999999883
 31
0
  0
LINE
  5
52C
330
1A
100
AcDbEntity
  8
B.Cu
  6
CONTINUOUS
100
AcDbLine
 10
142.7899510000000021
 20
-111.5796999999999883
 30
0
 11
142.8961639999999989
 21
-111.7386599999999959
 31
0
  0
LINE
  5
52D
330
1A
100
AcDbEntity
  8
B.Cu
  6
CONTINUOUS
100
AcDbLine
 10
142.8961639999999989
 20
-111.7386599999999959
 30
0
 11
142.9131789999999853
 21
-111.7556739999999991
 31
0
  0
LINE
  5
52E
330
1A
100
AcDbEntity
  8
B.Cu
  6
CONTINUOUS
100
AcDbLine
 10
142.9131789999999853
 20
-111.7556739999999991
 30
0
 11
142.9466659999999933
 21
-111.816995999999989
 31
0
  0
LINE
  5
52F
330
1A
100
AcDbEntity
  8
B.Cu
  6
CONTINUOUS
100
AcDbLine
 10
142.9466659999999933
 20
-111.816995999999989
 30
0
 11
142.9495000000000005
 21
-111.8433569999999975
 31
0
  0
LINE
  5
530
330
1A
100
AcDbEntity
  8
B.Cu
  6
CONTINUOUS
100
AcDbLine
 10
142.9495000000000005
 20
-111.8433569999999975
 30
0
 11
142.9495000000000005
 21
-112.5084809999999891
 31
0
  0
LINE
  5
531
330
1A
100
AcDbEntity
  8
B.Cu
  6
CONTINUOUS
100
AcDbLine
 10
142.9495000000000005
 20
-112.5084809999999891
 30
0
 11
142.9298149999999907
 21
-112.5755199999999974
 31
0
  0
LINE
  5
532
330
1A
100
AcDbEntity
  8
B.Cu
  6
CONTINUOUS
100
AcDbLine
 10
142.9298149999999907
 20
-112.5755199999999974
 30
0
 11
142.9131809999999803
 21
-112.5961619999999925
 31
0
  0
LINE
  5
533
330
1A
100
AcDbEntity
  8
B.Cu
  6
CONTINUOUS
100
AcDbLine
 10
142.9131809999999803
 20
-112.5961619999999925
 30
0
 11
142.2461619999999982
 21
-113.2631809999999888
 31
0
  0
LINE
  5
534
330
1A
100
AcDbEntity
  8
B.Cu
  6
CONTINUOUS
100
AcDbLine
 10
142.2461619999999982
 20
-113.2631809999999888
 30
0
 11
142.1848389999999824
 21
-113.2966660000000019
 31
0
  0
LINE
  5
535
330
1A
100
AcDbEntity
  8
B.Cu
  6
CONTINUOUS
100
AcDbLine
 10
142.1848389999999824
 20
-113.2966660000000019
 30
0
 11
142.1584809999999948
 21
-113.2994999999999948
 31
0
  0
LINE
  5
536
330
1A
100
AcDbEntity
  8
B.Cu
  6
CONTINUOUS
100
AcDbLine
 10
142.1584809999999948
 20
-113.2994999999999948
 30
0
 11
138.3415180000000078
 21
-113.2994999999999948
 31
0
  0
LINE
  5
537
330
1A
100
AcDbEntity
  8
B.Cu
  6
CONTINUOUS
100
AcDbLine
 10
138.3415180000000078
 20
-113.2994999999999948
 30
0
 11
138.2744789999999853
 21
-113.2798149999999993
 31
0
  0
LINE
  5
538
330
1A
100
AcDbEntity
  8
B.Cu
  6
CONTINUOUS
100
AcDbLine
 10
138.2744789999999853
 20
-113.2798149999999993
 30
0
 11
138.2538370000000043
 21
-113.2631809999999888
 31
0
  0
LINE
  5
539
330
1A
100
AcDbEntity
  8
B.Cu
  6
CONTINUOUS
100
AcDbLine
 10
138.2538370000000043
 20
-113.2631809999999888
 30
0
 11
137.236818999999997
 21
-112.2461619999999982
 31
0
  0
LINE
  5
53A
330
1A
100
AcDbEntity
  8
B.Cu
  6
CONTINUOUS
100
AcDbLine
 10
137.236818999999997
 20
-112.2461619999999982
 30
0
 11
137.2033339999999839
 21
-112.1848389999999966
 31
0
  0
LINE
  5
53B
330
1A
100
AcDbEntity
  8
B.Cu
  6
CONTINUOUS
100
AcDbLine
 10
137.2033339999999839
 20
-112.1848389999999966
 30
0
 11
137.2005000000000052
 21
-112.1584809999999948
 31
0
  0
LINE
  5
53C
330
1A
100
AcDbEntity
  8
B.Cu
  6
CONTINUOUS
100
AcDbLine
 10
137.2005000000000052
 20
-112.1584809999999948
 30
0
 11
137.2005000000000052
 21
-89.5689959999999985
 31
0
  0
LINE
  5
53D
330
1A
100
AcDbEntity
  8
B.Cu
  6
CONTINUOUS
100
AcDbLine
 10
137.2005000000000052
 20
-89.5689959999999985
 30
0
 11
137.2005000000000052
 21
-86.9310040000000015
 31
0
  0
LINE
  5
53E
330
1A
100
AcDbEntity
  8
B.Cu
  6
CONTINUOUS
100
AcDbLine
 10
137.2005000000000052
 20
-86.9310040000000015
 30
0
 11
137.1735809999999844
 21
-86.7956769999999977
 31
0
  0
LINE
  5
53F
330
1A
100
AcDbEntity
  8
B.Cu
  6
CONTINUOUS
100
AcDbLine
 10
137.1735809999999844
 20
-86.7956769999999977
 30
0
 11
137.173579999999987
 21
-86.7956760000000003
 31
0
  0
LINE
  5
540
330
1A
100
AcDbEntity
  8
B.Cu
  6
CONTINUOUS
100
AcDbLine
 10
137.173579999999987
 20
-86.7956760000000003
 30
0
 11
137.173579999999987
 21
-86.7956719999999962
 31
0
  0
LINE
  5
541
330
1A
100
AcDbEntity
  8
B.Cu
  6
CONTINUOUS
100
AcDbLine
 10
137.173579999999987
 20
-86.7956719999999962
 30
0
 11
137.1321219999999812
 21
-86.6955820000000017
 31
0
  0
LINE
  5
542
330
1A
100
AcDbEntity
  8
B.Cu
  6
CONTINUOUS
100
AcDbLine
 10
137.1321219999999812
 20
-86.6955820000000017
 30
0
 11
137.1207780000000014
 21
-86.6681949999999972
 31
0
  0
LINE
  5
543
330
1A
100
AcDbEntity
  8
B.Cu
  6
CONTINUOUS
100
AcDbLine
 10
137.1207780000000014
 20
-86.6681949999999972
 30
0
 11
137.1207739999999831
 21
-86.6681880000000007
 31
0
  0
LINE
  5
544
330
1A
100
AcDbEntity
  8
B.Cu
  6
CONTINUOUS
100
AcDbLine
 10
137.1207739999999831
 20
-86.6681880000000007
 30
0
 11
137.0890939999999887
 21
-86.6207749999999947
 31
0
  0
LINE
  5
545
330
1A
100
AcDbEntity
  8
B.Cu
  6
CONTINUOUS
100
AcDbLine
 10
137.0890939999999887
 20
-86.6207749999999947
 30
0
 11
137.0441140000000075
 21
-86.5534569999999945
 31
0
  0
LINE
  5
546
330
1A
100
AcDbEntity
  8
B.Cu
  6
CONTINUOUS
100
AcDbLine
 10
137.0441140000000075
 20
-86.5534569999999945
 30
0
 11
137.0441119999999842
 21
-86.5534540000000021
 31
0
  0
LINE
  5
547
330
1A
100
AcDbEntity
  8
B.Cu
  6
CONTINUOUS
100
AcDbLine
 10
137.0441119999999842
 20
-86.5534540000000021
 30
0
 11
134.736818999999997
 21
-84.2461610000000007
 31
0
  0
LINE
  5
548
330
1A
100
AcDbEntity
  8
B.Cu
  6
CONTINUOUS
100
AcDbLine
 10
134.736818999999997
 20
-84.2461610000000007
 30
0
 11
134.7033339999999839
 21
-84.1848379999999992
 31
0
  0
LINE
  5
549
330
1A
100
AcDbEntity
  8
B.Cu
  6
CONTINUOUS
100
AcDbLine
 10
134.7033339999999839
 20
-84.1848379999999992
 30
0
 11
134.7005000000000052
 21
-84.1584799999999973
 31
0
  0
LINE
  5
54A
330
1A
100
AcDbEntity
  8
B.Cu
  6
CONTINUOUS
100
AcDbLine
 10
134.7005000000000052
 20
-84.1584799999999973
 30
0
 11
134.7005000000000052
 21
-80.9521549999999905
 31
0
  0
LINE
  5
54B
330
1A
100
AcDbEntity
  8
B.Cu
  6
CONTINUOUS
100
AcDbLine
 10
134.7005000000000052
 20
-80.9521549999999905
 30
0
 11
134.7005000000000052
 21
-79.8415179999999935
 31
0
  0
LINE
  5
54C
330
1A
100
AcDbEntity
  8
B.Cu
  6
CONTINUOUS
100
AcDbLine
 10
134.7005000000000052
 20
-79.8415179999999935
 30
0
 11
134.7201849999999865
 21
-79.7744789999999995
 31
0
  0
LINE
  5
54D
330
1A
100
AcDbEntity
  8
B.Cu
  6
CONTINUOUS
100
AcDbLine
 10
134.7201849999999865
 20
-79.7744789999999995
 30
0
 11
134.736818999999997
 21
-79.7538369999999901
 31
0
  0
LINE
  5
54E
330
1A
100
AcDbEntity
  8
B.Cu
  6
CONTINUOUS
100
AcDbLine
 10
134.736818999999997
 20
-79.7538369999999901
 30
0
 11
140.2538370000000043
 21
-74.236818999999997
 31
0
  0
LINE
  5
54F
330
1A
100
AcDbEntity
  8
B.Cu
  6
CONTINUOUS
100
AcDbLine
 10
140.2538370000000043
 20
-74.236818999999997
 30
0
 11
140.3151599999999917
 21
-74.2033339999999981
 31
0
  0
LINE
  5
550
330
1A
100
AcDbEntity
  8
B.Cu
  6
CONTINUOUS
100
AcDbLine
 10
140.3151599999999917
 20
-74.2033339999999981
 30
0
 11
140.3415180000000078
 21
-74.200499999999991
 31
0
  0
LINE
  5
551
330
1A
100
AcDbEntity
  8
B.Cu
  6
CONTINUOUS
100
AcDbLine
 10
140.3415180000000078
 20
-74.200499999999991
 30
0
 11
147.1584809999999948
 21
-74.200499999999991
 31
0
  0
LINE
  5
552
330
1A
100
AcDbEntity
  8
B.Cu
  6
CONTINUOUS
100
AcDbLine
 10
147.1584809999999948
 20
-74.200499999999991
 30
0
 11
147.2255199999999888
 21
-74.2201850000000007
 31
0
  0
LINE
  5
553
330
1A
100
AcDbEntity
  8
B.Cu
  6
CONTINUOUS
100
AcDbLine
 10
147.2255199999999888
 20
-74.2201850000000007
 30
0
 11
147.2461619999999982
 21
-74.236818999999997
 31
0
  0
LINE
  5
554
330
1A
100
AcDbEntity
  8
B.Cu
  6
CONTINUOUS
100
AcDbLine
 10
147.2461619999999982
 20
-74.236818999999997
 30
0
 11
147.6831809999999905
 21
-74.6738369999999918
 31
0
  0
LINE
  5
555
330
1A
100
AcDbEntity
  8
B.Cu
  6
CONTINUOUS
100
AcDbLine
 10
147.6831809999999905
 20
-74.6738369999999918
 30
0
 11
147.7166660000000036
 21
-74.7351599999999934
 31
0
  0
LINE
  5
556
330
1A
100
AcDbEntity
  8
B.Cu
  6
CONTINUOUS
100
AcDbLine
 10
147.7166660000000036
 20
-74.7351599999999934
 30
0
 11
147.7194999999999823
 21
-74.7615179999999953
 31
0
  0
LINE
  5
557
330
1A
100
AcDbEntity
  8
B.Cu
  6
CONTINUOUS
100
AcDbLine
 10
147.7194999999999823
 20
-74.7615179999999953
 30
0
 11
147.7194999999999823
 21
-74.9000580000000014
 31
0
  0
LINE
  5
558
330
1A
100
AcDbEntity
  8
B.Cu
  6
CONTINUOUS
100
AcDbLine
 10
147.7194999999999823
 20
-74.9000580000000014
 30
0
 11
147.699815000000001
 21
-74.9670969999999954
 31
0
  0
LINE
  5
559
330
1A
100
AcDbEntity
  8
B.Cu
  6
CONTINUOUS
100
AcDbLine
 10
147.699815000000001
 20
-74.9670969999999954
 30
0
 11
147.6683869999999956
 21
-75.0003749999999911
 31
0
  0
LINE
  5
55A
330
1A
100
AcDbEntity
  8
B.Cu
  6
CONTINUOUS
100
AcDbLine
 10
147.6683869999999956
 20
-75.0003749999999911
 30
0
 11
147.6053540000000055
 21
-75.0461710000000011
 31
0
  0
LINE
  5
55B
330
1A
100
AcDbEntity
  8
B.Cu
  6
CONTINUOUS
100
AcDbLine
 10
147.6053540000000055
 20
-75.0461710000000011
 30
0
 11
147.4661739999999952
 21
-75.1853509999999972
 31
0
  0
LINE
  5
55C
330
1A
100
AcDbEntity
  8
B.Cu
  6
CONTINUOUS
100
AcDbLine
 10
147.4661739999999952
 20
-75.1853509999999972
 30
0
 11
147.4661739999999952
 21
-75.1853519999999946
 31
0
  0
LINE
  5
55D
330
1A
100
AcDbEntity
  8
B.Cu
  6
CONTINUOUS
100
AcDbLine
 10
147.4661739999999952
 20
-75.1853519999999946
 30
0
 11
147.4661720000000003
 21
-75.1853539999999896
 31
0
  0
LINE
  5
55E
330
1A
100
AcDbEntity
  8
B.Cu
  6
CONTINUOUS
100
AcDbLine
 10
147.4661720000000003
 20
-75.1853539999999896
 30
0
 11
147.4203760000000045
 21
-75.2483859999999964
 31
0
  0
LINE
  5
55F
330
1A
100
AcDbEntity
  8
B.Cu
  6
CONTINUOUS
100
AcDbLine
 10
147.4203760000000045
 20
-75.2483859999999964
 30
0
 11
147.3504759999999862
 21
-75.3445940000000007
 31
0
  0
LINE
  5
560
330
1A
100
AcDbEntity
  8
B.Cu
  6
CONTINUOUS
100
AcDbLine
 10
147.3504759999999862
 20
-75.3445940000000007
 30
0
 11
147.2604849999999885
 21
-75.521213000000003
 31
0
  0
LINE
  5
561
330
1A
100
AcDbEntity
  8
B.Cu
  6
CONTINUOUS
100
AcDbLine
 10
147.2604849999999885
 20
-75.521213000000003
 30
0
 11
147.2125110000000063
 21
-75.5720089999999942
 31
0
  0
LINE
  5
562
330
1A
100
AcDbEntity
  8
B.Cu
  6
CONTINUOUS
100
AcDbLine
 10
147.2125110000000063
 20
-75.5720089999999942
 30
0
 11
147.1446899999999971
 21
-75.5888039999999961
 31
0
  0
LINE
  5
563
330
1A
100
AcDbEntity
  8
B.Cu
  6
CONTINUOUS
100
AcDbLine
 10
147.1446899999999971
 20
-75.5888039999999961
 30
0
 11
147.0785549999999944
 21
-75.5662669999999963
 31
0
  0
LINE
  5
564
330
1A
100
AcDbEntity
  8
B.Cu
  6
CONTINUOUS
100
AcDbLine
 10
147.0785549999999944
 20
-75.5662669999999963
 30
0
 11
147.0395149999999944
 21
-75.521213000000003
 31
0
  0
LINE
  5
565
330
1A
100
AcDbEntity
  8
B.Cu
  6
CONTINUOUS
100
AcDbLine
 10
147.0395149999999944
 20
-75.521213000000003
 30
0
 11
147.0062289999999905
 21
-75.4558859999999925
 31
0
  0
LINE
  5
566
330
1A
100
AcDbEntity
  8
B.Cu
  6
CONTINUOUS
100
AcDbLine
 10
147.0062289999999905
 20
-75.4558859999999925
 30
0
 11
146.9495239999999967
 21
-75.3445949999999982
 31
0
  0
LINE
  5
567
330
1A
100
AcDbEntity
  8
B.Cu
  6
CONTINUOUS
100
AcDbLine
 10
146.9495239999999967
 20
-75.3445949999999982
 30
0
 11
146.8338279999999827
 21
-75.1853539999999896
 31
0
  0
LINE
  5
568
330
1A
100
AcDbEntity
  8
B.Cu
  6
CONTINUOUS
100
AcDbLine
 10
146.8338279999999827
 20
-75.1853539999999896
 30
0
 11
146.6946460000000059
 21
-75.0461719999999985
 31
0
  0
LINE
  5
569
330
1A
100
AcDbEntity
  8
B.Cu
  6
CONTINUOUS
100
AcDbLine
 10
146.6946460000000059
 20
-75.0461719999999985
 30
0
 11
146.5354049999999972
 21
-74.9304759999999987
 31
0
  0
LINE
  5
56A
330
1A
100
AcDbEntity
  8
B.Cu
  6
CONTINUOUS
100
AcDbLine
 10
146.5354049999999972
 20
-74.9304759999999987
 30
0
 11
146.3600289999999973
 21
-74.841116999999997
 31
0
  0
LINE
  5
56B
330
1A
100
AcDbEntity
  8
B.Cu
  6
CONTINUOUS
100
AcDbLine
 10
146.3600289999999973
 20
-74.841116999999997
 30
0
 11
146.1728259999999864
 21
-74.7802899999999937
 31
0
  0
LINE
  5
56C
330
1A
100
AcDbEntity
  8
B.Cu
  6
CONTINUOUS
100
AcDbLine
 10
146.1728259999999864
 20
-74.7802899999999937
 30
0
 11
145.9784219999999948
 21
-74.7494999999999976
 31
0
  0
LINE
  5
56D
330
1A
100
AcDbEntity
  8
B.Cu
  6
CONTINUOUS
100
AcDbLine
 10
145.9784219999999948
 20
-74.7494999999999976
 30
0
 11
145.9784170000000074
 21
-74.7494999999999976
 31
0
  0
LINE
  5
56E
330
1A
100
AcDbEntity
  8
B.Cu
  6
CONTINUOUS
100
AcDbLine
 10
145.9784170000000074
 20
-74.7494999999999976
 30
0
 11
145.7815829999999835
 21
-74.7494999999999976
 31
0
  0
LINE
  5
56F
330
1A
100
AcDbEntity
  8
B.Cu
  6
CONTINUOUS
100
AcDbLine
 10
145.7815829999999835
 20
-74.7494999999999976
 30
0
 11
145.7815779999999961
 21
-74.7494999999999976
 31
0
  0
LINE
  5
570
330
1A
100
AcDbEntity
  8
B.Cu
  6
CONTINUOUS
100
AcDbLine
 10
145.7815779999999961
 20
-74.7494999999999976
 30
0
 11
145.5871730000000071
 21
-74.7802899999999937
 31
0
  0
LINE
  5
571
330
1A
100
AcDbEntity
  8
B.Cu
  6
CONTINUOUS
100
AcDbLine
 10
145.5871730000000071
 20
-74.7802899999999937
 30
0
 11
145.3999699999999962
 21
-74.841116999999997
 31
0
  0
LINE
  5
572
330
1A
100
AcDbEntity
  8
B.Cu
  6
CONTINUOUS
100
AcDbLine
 10
145.3999699999999962
 20
-74.841116999999997
 30
0
 11
145.2245939999999962
 21
-74.9304759999999987
 31
0
  0
LINE
  5
573
330
1A
100
AcDbEntity
  8
B.Cu
  6
CONTINUOUS
100
AcDbLine
 10
145.2245939999999962
 20
-74.9304759999999987
 30
0
 11
145.1337409999999863
 21
-74.9964849999999927
 31
0
  0
LINE
  5
574
330
1A
100
AcDbEntity
  8
B.Cu
  6
CONTINUOUS
100
AcDbLine
 10
145.1337409999999863
 20
-74.9964849999999927
 30
0
 11
145.065353999999985
 21
-75.0461719999999985
 31
0
  0
LINE
  5
575
330
1A
100
AcDbEntity
  8
B.Cu
  6
CONTINUOUS
100
AcDbLine
 10
145.065353999999985
 20
-75.0461719999999985
 30
0
 11
145.0653519999999901
 21
-75.0461739999999935
 31
0
  0
LINE
  5
576
330
1A
100
AcDbEntity
  8
B.Cu
  6
CONTINUOUS
100
AcDbLine
 10
145.0653519999999901
 20
-75.0461739999999935
 30
0
 11
145.0653509999999926
 21
-75.0461739999999935
 31
0
  0
LINE
  5
577
330
1A
100
AcDbEntity
  8
B.Cu
  6
CONTINUOUS
100
AcDbLine
 10
145.0653509999999926
 20
-75.0461739999999935
 30
0
 11
144.9261740000000032
 21
-75.1853509999999972
 31
0
  0
LINE
  5
578
330
1A
100
AcDbEntity
  8
B.Cu
  6
CONTINUOUS
100
AcDbLine
 10
144.9261740000000032
 20
-75.1853509999999972
 30
0
 11
144.9261740000000032
 21
-75.1853519999999946
 31
0
  0
LINE
  5
579
330
1A
100
AcDbEntity
  8
B.Cu
  6
CONTINUOUS
100
AcDbLine
 10
144.9261740000000032
 20
-75.1853519999999946
 30
0
 11
144.9261719999999798
 21
-75.1853539999999896
 31
0
  0
LINE
  5
57A
330
1A
100
AcDbEntity
  8
B.Cu
  6
CONTINUOUS
100
AcDbLine
 10
144.9261719999999798
 20
-75.1853539999999896
 30
0
 11
144.8803769999999815
 21
-75.2483859999999964
 31
0
  0
LINE
  5
57B
330
1A
100
AcDbEntity
  8
B.Cu
  6
CONTINUOUS
100
AcDbLine
 10
144.8803769999999815
 20
-75.2483859999999964
 30
0
 11
144.8250469999999837
 21
-75.291050999999996
 31
0
  0
LINE
  5
57C
330
1A
100
AcDbEntity
  8
B.Cu
  6
CONTINUOUS
100
AcDbLine
 10
144.8250469999999837
 20
-75.291050999999996
 30
0
 11
144.7800589999999943
 21
-75.2994999999999948
 31
0
  0
LINE
  5
57D
330
1A
100
AcDbEntity
  8
B.Cu
  6
CONTINUOUS
100
AcDbLine
 10
144.7800589999999943
 20
-75.2994999999999948
 30
0
 11
144.4310040000000015
 21
-75.2994999999999948
 31
0
  0
LINE
  5
57E
330
1A
100
AcDbEntity
  8
B.Cu
  6
CONTINUOUS
100
AcDbLine
 10
144.4310040000000015
 20
-75.2994999999999948
 30
0
 11
144.2956769999999835
 21
-75.3264179999999897
 31
0
  0
LINE
  5
57F
330
1A
100
AcDbEntity
  8
B.Cu
  6
CONTINUOUS
100
AcDbLine
 10
144.2956769999999835
 20
-75.3264179999999897
 30
0
 11
144.2956669999999804
 21
-75.3264209999999963
 31
0
  0
LINE
  5
580
330
1A
100
AcDbEntity
  8
B.Cu
  6
CONTINUOUS
100
AcDbLine
 10
144.2956669999999804
 20
-75.3264209999999963
 30
0
 11
144.1681920000000048
 21
-75.3792219999999986
 31
0
  0
LINE
  5
581
330
1A
100
AcDbEntity
  8
B.Cu
  6
CONTINUOUS
100
AcDbLine
 10
144.1681920000000048
 20
-75.3792219999999986
 30
0
 11
144.0534539999999879
 21
-75.4558869999999899
 31
0
  0
LINE
  5
582
330
1A
100
AcDbEntity
  8
B.Cu
  6
CONTINUOUS
100
AcDbLine
 10
144.0534539999999879
 20
-75.4558869999999899
 30
0
 11
142.9558869999999899
 21
-76.5534540000000021
 31
0
  0
LINE
  5
583
330
1A
100
AcDbEntity
  8
B.Cu
  6
CONTINUOUS
100
AcDbLine
 10
142.9558869999999899
 20
-76.5534540000000021
 30
0
 11
142.9109059999999829
 21
-76.6207749999999947
 31
0
  0
LINE
  5
584
330
1A
100
AcDbEntity
  8
B.Cu
  6
CONTINUOUS
100
AcDbLine
 10
142.9109059999999829
 20
-76.6207749999999947
 30
0
 11
142.8950649999999882
 21
-76.6444819999999964
 31
0
  0
LINE
  5
585
330
1A
100
AcDbEntity
  8
B.Cu
  6
CONTINUOUS
100
AcDbLine
 10
142.8950649999999882
 20
-76.6444819999999964
 30
0
 11
142.879224999999991
 21
-76.6681880000000007
 31
0
  0
LINE
  5
586
330
1A
100
AcDbEntity
  8
B.Cu
  6
CONTINUOUS
100
AcDbLine
 10
142.879224999999991
 20
-76.6681880000000007
 30
0
 11
142.8792210000000011
 21
-76.6681949999999972
 31
0
  0
LINE
  5
587
330
1A
100
AcDbEntity
  8
B.Cu
  6
CONTINUOUS
100
AcDbLine
 10
142.8792210000000011
 20
-76.6681949999999972
 30
0
 11
142.8264209999999821
 21
-76.7956669999999946
 31
0
  0
LINE
  5
588
330
1A
100
AcDbEntity
  8
B.Cu
  6
CONTINUOUS
100
AcDbLine
 10
142.8264209999999821
 20
-76.7956669999999946
 30
0
 11
142.8264179999999897
 21
-76.7956769999999977
 31
0
  0
LINE
  5
589
330
1A
100
AcDbEntity
  8
B.Cu
  6
CONTINUOUS
100
AcDbLine
 10
142.8264179999999897
 20
-76.7956769999999977
 30
0
 11
142.7994999999999948
 21
-76.9310040000000015
 31
0
  0
LINE
  5
58A
330
1A
100
AcDbEntity
  8
B.Cu
  6
CONTINUOUS
100
AcDbLine
 10
142.7994999999999948
 20
-76.9310040000000015
 30
0
 11
142.7994999999999948
 21
-76.9310069999999939
 31
0
  0
LINE
  5
58B
330
1A
100
AcDbEntity
  8
B.Cu
  6
CONTINUOUS
100
AcDbLine
 10
142.7994999999999948
 20
-76.9310069999999939
 30
0
 11
142.7994999999999948
 21
-89.4310059999999964
 31
0
  0
LINE
  5
58C
330
1A
100
AcDbEntity
  8
B.Cu
  6
CONTINUOUS
100
AcDbLine
 10
142.7994999999999948
 20
-89.4310059999999964
 30
0
 11
142.7994999999999948
 21
-89.5689939999999893
 31
0
  0
LINE
  5
58D
330
1A
100
AcDbEntity
  8
B.Cu
  6
CONTINUOUS
100
AcDbLine
 10
142.7994999999999948
 20
-89.5689939999999893
 30
0
 11
142.7994999999999948
 21
-89.5689959999999985
 31
0
  0
LINE
  5
58E
330
1A
100
AcDbEntity
  8
B.Cu
  6
CONTINUOUS
100
AcDbLine
 10
142.7994999999999948
 20
-89.5689959999999985
 30
0
 11
142.7994989999999973
 21
-89.5689959999999985
 31
0
  0
LINE
  5
58F
330
1A
100
AcDbEntity
  8
B.Cu
  6
CONTINUOUS
100
AcDbLine
 10
142.7994989999999973
 20
-89.5689959999999985
 30
0
 11
142.8264179999999897
 21
-89.7043219999999906
 31
0
  0
LINE
  5
590
330
1A
100
AcDbEntity
  8
B.Cu
  6
CONTINUOUS
100
AcDbLine
 10
142.8264179999999897
 20
-89.7043219999999906
 30
0
 11
142.8264209999999821
 21
-89.7043319999999937
 31
0
  0
LINE
  5
591
330
1A
100
AcDbEntity
  8
B.Cu
  6
CONTINUOUS
100
AcDbLine
 10
142.8264209999999821
 20
-89.7043319999999937
 30
0
 11
142.8792219999999986
 21
-89.8318069999999977
 31
0
  0
LINE
  5
592
330
1A
100
AcDbEntity
  8
B.Cu
  6
CONTINUOUS
100
AcDbLine
 10
142.8792219999999986
 20
-89.8318069999999977
 30
0
 11
142.9558869999999899
 21
-89.9465450000000004
 31
0
  0
LINE
  5
593
330
1A
100
AcDbEntity
  8
B.Cu
  6
CONTINUOUS
100
AcDbLine
 10
142.9558869999999899
 20
-89.9465450000000004
 30
0
 11
142.9558879999999874
 21
-89.9465459999999979
 31
0
  0
LINE
  5
594
330
1A
100
AcDbEntity
  8
B.Cu
  6
CONTINUOUS
100
AcDbLine
 10
142.9558879999999874
 20
-89.9465459999999979
 30
0
 11
144.7705969999999809
 21
-91.7612539999999939
 31
0
  0
LINE
  5
595
330
1A
100
AcDbEntity
  8
B.Cu
  6
CONTINUOUS
100
AcDbLine
 10
144.7705969999999809
 20
-91.7612539999999939
 30
0
 11
144.804081999999994
 21
-91.8225769999999955
 31
0
  0
LINE
  5
596
330
1A
100
AcDbEntity
  8
B.Cu
  6
CONTINUOUS
100
AcDbLine
 10
144.804081999999994
 20
-91.8225769999999955
 30
0
 11
144.805388999999991
 21
-91.8683329999999927
 31
0
  0
LINE
  5
597
330
1A
100
AcDbEntity
  8
B.Cu
  6
CONTINUOUS
100
AcDbLine
 10
144.805388999999991
 20
-91.8683329999999927
 30
0
 11
144.7994999999999948
 21
-91.9055129999999991
 31
0
  0
LINE
  5
598
330
1A
100
AcDbEntity
  8
B.Cu
  6
CONTINUOUS
100
AcDbLine
 10
144.7994999999999948
 20
-91.9055129999999991
 30
0
 11
144.7994999999999948
 21
-92.0944859999999892
 31
0
  0
LINE
  5
599
330
1A
100
AcDbEntity
  8
B.Cu
  6
CONTINUOUS
100
AcDbLine
 10
144.7994999999999948
 20
-92.0944859999999892
 30
0
 11
144.8290590000000009
 21
-92.2811179999999922
 31
0
  0
LINE
  5
59A
330
1A
100
AcDbEntity
  8
B.Cu
  6
CONTINUOUS
100
AcDbLine
 10
144.8290590000000009
 20
-92.2811179999999922
 30
0
 11
144.8874539999999911
 21
-92.4608360000000005
 31
0
  0
LINE
  5
59B
330
1A
100
AcDbEntity
  8
B.Cu
  6
CONTINUOUS
100
AcDbLine
 10
144.8874539999999911
 20
-92.4608360000000005
 30
0
 11
144.9166799999999853
 21
-92.518193999999994
 31
0
  0
LINE
  5
59C
330
1A
100
AcDbEntity
  8
B.Cu
  6
CONTINUOUS
100
AcDbLine
 10
144.9166799999999853
 20
-92.518193999999994
 30
0
 11
144.9732400000000041
 21
-92.6291989999999998
 31
0
  0
LINE
  5
59D
330
1A
100
AcDbEntity
  8
B.Cu
  6
CONTINUOUS
100
AcDbLine
 10
144.9732400000000041
 20
-92.6291989999999998
 30
0
 11
145.0843099999999879
 21
-92.7820729999999969
 31
0
  0
LINE
  5
59E
330
1A
100
AcDbEntity
  8
B.Cu
  6
CONTINUOUS
100
AcDbLine
 10
145.0843099999999879
 20
-92.7820729999999969
 30
0
 11
145.2179270000000031
 21
-92.9156899999999979
 31
0
  0
LINE
  5
59F
330
1A
100
AcDbEntity
  8
B.Cu
  6
CONTINUOUS
100
AcDbLine
 10
145.2179270000000031
 20
-92.9156899999999979
 30
0
 11
145.3042289999999923
 21
-92.978392999999997
 31
0
  0
LINE
  5
5A0
330
1A
100
AcDbEntity
  8
B.Cu
  6
CONTINUOUS
100
AcDbLine
 10
145.3042289999999923
 20
-92.978392999999997
 30
0
 11
145.3707959999999844
 21
-93.0267569999999893
 31
0
  0
LINE
  5
5A1
330
1A
100
AcDbEntity
  8
B.Cu
  6
CONTINUOUS
100
AcDbLine
 10
145.3707959999999844
 20
-93.0267569999999893
 30
0
 11
145.3707979999999793
 21
-93.0267580000000009
 31
0
  0
LINE
  5
5A2
330
1A
100
AcDbEntity
  8
B.Cu
  6
CONTINUOUS
100
AcDbLine
 10
145.3707979999999793
 20
-93.0267580000000009
 30
0
 11
145.3708010000000002
 21
-93.0267599999999959
 31
0
  0
LINE
  5
5A3
330
1A
100
AcDbEntity
  8
B.Cu
  6
CONTINUOUS
100
AcDbLine
 10
145.3708010000000002
 20
-93.0267599999999959
 30
0
 11
145.421795000000003
 21
-93.052741999999995
 31
0
  0
LINE
  5
5A4
330
1A
100
AcDbEntity
  8
B.Cu
  6
CONTINUOUS
100
AcDbLine
 10
145.421795000000003
 20
-93.052741999999995
 30
0
 11
145.4725899999999967
 21
-93.1007139999999964
 31
0
  0
LINE
  5
5A5
330
1A
100
AcDbEntity
  8
B.Cu
  6
CONTINUOUS
100
AcDbLine
 10
145.4725899999999967
 20
-93.1007139999999964
 30
0
 11
145.4894999999999925
 21
-93.1632259999999945
 31
0
  0
LINE
  5
5A6
330
1A
100
AcDbEntity
  8
B.Cu
  6
CONTINUOUS
100
AcDbLine
 10
145.4894999999999925
 20
-93.1632259999999945
 30
0
 11
145.4894999999999925
 21
-95.1566419999999908
 31
0
  0
LINE
  5
5A7
330
1A
100
AcDbEntity
  8
B.Cu
  6
CONTINUOUS
100
AcDbLine
 10
145.4894999999999925
 20
-95.1566419999999908
 30
0
 11
145.4698149999999828
 21
-95.2236809999999991
 31
0
  0
LINE
  5
5A8
330
1A
100
AcDbEntity
  8
B.Cu
  6
CONTINUOUS
100
AcDbLine
 10
145.4698149999999828
 20
-95.2236809999999991
 30
0
 11
145.4531810000000007
 21
-95.2443229999999943
 31
0
  0
LINE
  5
5A9
330
1A
100
AcDbEntity
  8
B.Cu
  6
CONTINUOUS
100
AcDbLine
 10
145.4531810000000007
 20
-95.2443229999999943
 30
0
 11
145.4361649999999884
 21
-95.261337999999995
 31
0
  0
LINE
  5
5AA
330
1A
100
AcDbEntity
  8
B.Cu
  6
CONTINUOUS
100
AcDbLine
 10
145.4361649999999884
 20
-95.261337999999995
 30
0
 11
145.4361639999999909
 21
-95.2613389999999924
 31
0
  0
LINE
  5
5AB
330
1A
100
AcDbEntity
  8
B.Cu
  6
CONTINUOUS
100
AcDbLine
 10
145.4361639999999909
 20
-95.2613389999999924
 30
0
 11
145.3299509999999941
 21
-95.420299
 31
0
  0
LINE
  5
5AC
330
1A
100
AcDbEntity
  8
B.Cu
  6
CONTINUOUS
100
AcDbLine
 10
145.3299509999999941
 20
-95.420299
 30
0
 11
145.2567970000000059
 21
-95.5969109999999915
 31
0
  0
LINE
  5
5AD
330
1A
100
AcDbEntity
  8
B.Cu
  6
CONTINUOUS
100
AcDbLine
 10
145.2567970000000059
 20
-95.5969109999999915
 30
0
 11
145.2567939999999851
 21
-95.5969209999999947
 31
0
  0
LINE
  5
5AE
330
1A
100
AcDbEntity
  8
B.Cu
  6
CONTINUOUS
100
AcDbLine
 10
145.2567939999999851
 20
-95.5969209999999947
 30
0
 11
145.2194999999999823
 21
-95.7844109999999915
 31
0
  0
LINE
  5
5AF
330
1A
100
AcDbEntity
  8
B.Cu
  6
CONTINUOUS
100
AcDbLine
 10
145.2194999999999823
 20
-95.7844109999999915
 30
0
 11
145.2194999999999823
 21
-95.7844139999999982
 31
0
  0
LINE
  5
5B0
330
1A
100
AcDbEntity
  8
B.Cu
  6
CONTINUOUS
100
AcDbLine
 10
145.2194999999999823
 20
-95.7844139999999982
 30
0
 11
145.2194999999999823
 21
-95.9755859999999927
 31
0
  0
LINE
  5
5B1
330
1A
100
AcDbEntity
  8
B.Cu
  6
CONTINUOUS
100
AcDbLine
 10
145.2194999999999823
 20
-95.9755859999999927
 30
0
 11
145.2194999999999823
 21
-95.9755880000000019
 31
0
  0
LINE
  5
5B2
330
1A
100
AcDbEntity
  8
B.Cu
  6
CONTINUOUS
100
AcDbLine
 10
145.2194999999999823
 20
-95.9755880000000019
 30
0
 11
145.2194989999999848
 21
-95.9755880000000019
 31
0
  0
LINE
  5
5B3
330
1A
100
AcDbEntity
  8
B.Cu
  6
CONTINUOUS
100
AcDbLine
 10
145.2194989999999848
 20
-95.9755880000000019
 30
0
 11
145.2567939999999851
 21
-96.1630779999999987
 31
0
  0
LINE
  5
5B4
330
1A
100
AcDbEntity
  8
B.Cu
  6
CONTINUOUS
100
AcDbLine
 10
145.2567939999999851
 20
-96.1630779999999987
 30
0
 11
145.2567970000000059
 21
-96.1630880000000019
 31
0
  0
LINE
  5
5B5
330
1A
100
AcDbEntity
  8
B.Cu
  6
CONTINUOUS
100
AcDbLine
 10
145.2567970000000059
 20
-96.1630880000000019
 30
0
 11
145.3299509999999941
 21
-96.3396999999999935
 31
0
  0
LINE
  5
5B6
330
1A
100
AcDbEntity
  8
B.Cu
  6
CONTINUOUS
100
AcDbLine
 10
145.3299509999999941
 20
-96.3396999999999935
 30
0
 11
145.4361639999999909
 21
-96.498660000000001
 31
0
  0
LINE
  5
5B7
330
1A
100
AcDbEntity
  8
B.Cu
  6
CONTINUOUS
100
AcDbLine
 10
145.4361639999999909
 20
-96.498660000000001
 30
0
 11
145.4531790000000058
 21
-96.51567399999999
 31
0
  0
LINE
  5
5B8
330
1A
100
AcDbEntity
  8
B.Cu
  6
CONTINUOUS
100
AcDbLine
 10
145.4531790000000058
 20
-96.51567399999999
 30
0
 11
145.4866659999999854
 21
-96.5769959999999941
 31
0
  0
LINE
  5
5B9
330
1A
100
AcDbEntity
  8
B.Cu
  6
CONTINUOUS
100
AcDbLine
 10
145.4866659999999854
 20
-96.5769959999999941
 30
0
 11
145.4894999999999925
 21
-96.6033570000000026
 31
0
  0
LINE
  5
5BA
330
1A
100
AcDbEntity
  8
B.Cu
  6
CONTINUOUS
100
AcDbLine
 10
145.4894999999999925
 20
-96.6033570000000026
 30
0
 11
145.4894999999999925
 21
-96.6584799999999973
 31
0
  0
LINE
  5
5BB
330
1A
100
AcDbEntity
  8
B.Cu
  6
CONTINUOUS
100
AcDbLine
 10
145.4894999999999925
 20
-96.6584799999999973
 30
0
 11
145.4698149999999828
 21
-96.7255189999999914
 31
0
  0
LINE
  5
5BC
330
1A
100
AcDbEntity
  8
B.Cu
  6
CONTINUOUS
100
AcDbLine
 10
145.4698149999999828
 20
-96.7255189999999914
 30
0
 11
145.4531810000000007
 21
-96.7461610000000007
 31
0
  0
LINE
  5
5BD
330
1A
100
AcDbEntity
  8
B.Cu
  6
CONTINUOUS
100
AcDbLine
 10
145.4531810000000007
 20
-96.7461610000000007
 30
0
 11
141.9558879999999874
 21
-100.2434530000000024
 31
0
  0
LINE
  5
5BE
330
1A
100
AcDbEntity
  8
B.Cu
  6
CONTINUOUS
100
AcDbLine
 10
141.9558879999999874
 20
-100.2434530000000024
 30
0
 11
141.9558869999999899
 21
-100.2434539999999998
 31
0
  0
LINE
  5
5BF
330
1A
100
AcDbEntity
  8
B.Cu
  6
CONTINUOUS
100
AcDbLine
 10
141.9558869999999899
 20
-100.2434539999999998
 30
0
 11
141.9263019999999926
 21
-100.2877319999999912
 31
0
  0
LINE
  5
5C0
330
1A
100
AcDbEntity
  8
B.Cu
  6
CONTINUOUS
100
AcDbLine
 10
141.9263019999999926
 20
-100.2877319999999912
 30
0
 11
141.8968500000000006
 21
-100.3318110000000019
 31
0
  0
LINE
  5
5C1
330
1A
100
AcDbEntity
  8
B.Cu
  6
CONTINUOUS
100
AcDbLine
 10
141.8968500000000006
 20
-100.3318110000000019
 30
0
 11
141.879224999999991
 21
-100.3581889999999959
 31
0
  0
LINE
  5
5C2
330
1A
100
AcDbEntity
  8
B.Cu
  6
CONTINUOUS
100
AcDbLine
 10
141.879224999999991
 20
-100.3581889999999959
 30
0
 11
141.8792219999999986
 21
-100.3581939999999975
 31
0
  0
LINE
  5
5C3
330
1A
100
AcDbEntity
  8
B.Cu
  6
CONTINUOUS
100
AcDbLine
 10
141.8792219999999986
 20
-100.3581939999999975
 30
0
 11
141.8264209999999821
 21
-100.4856669999999923
 31
0
  0
LINE
  5
5C4
330
1A
100
AcDbEntity
  8
B.Cu
  6
CONTINUOUS
100
AcDbLine
 10
141.8264209999999821
 20
-100.4856669999999923
 30
0
 11
141.8264179999999897
 21
-100.4856769999999955
 31
0
  0
LINE
  5
5C5
330
1A
100
AcDbEntity
  8
B.Cu
  6
CONTINUOUS
100
AcDbLine
 10
141.8264179999999897
 20
-100.4856769999999955
 30
0
 11
141.7994999999999948
 21
-100.6210039999999992
 31
0
  0
LINE
  5
5C6
330
1A
100
AcDbEntity
  8
B.Cu
  6
CONTINUOUS
100
AcDbLine
 10
141.7994999999999948
 20
-100.6210039999999992
 30
0
 11
141.7994999999999948
 21
-100.9754999999999967
 31
0
  0
LINE
  5
5C7
330
1A
100
AcDbEntity
  8
B.Cu
  6
CONTINUOUS
100
AcDbLine
 10
141.7994999999999948
 20
-100.9754999999999967
 30
0
 11
141.779814999999985
 21
-101.0425389999999908
 31
0
  0
LINE
  5
5C8
330
1A
100
AcDbEntity
  8
B.Cu
  6
CONTINUOUS
100
AcDbLine
 10
141.779814999999985
 20
-101.0425389999999908
 30
0
 11
141.7270110000000045
 21
-101.0882939999999905
 31
0
  0
LINE
  5
5C9
330
1A
100
AcDbEntity
  8
B.Cu
  6
CONTINUOUS
100
AcDbLine
 10
141.7270110000000045
 20
-101.0882939999999905
 30
0
 11
141.675500999999997
 21
-101.0994999999999919
 31
0
  0
LINE
  5
5CA
330
1A
100
AcDbEntity
  8
B.Cu
  6
CONTINUOUS
100
AcDbLine
 10
141.675500999999997
 20
-101.0994999999999919
 30
0
 11
141.4684819999999945
 21
-101.0994999999999919
 31
0
  0
LINE
  5
5CB
330
1A
100
AcDbEntity
  8
B.Cu
  6
CONTINUOUS
100
AcDbLine
 10
141.4684819999999945
 20
-101.0994999999999919
 30
0
 11
141.3875189999999975
 21
-101.1123229999999893
 31
0
  0
LINE
  5
5CC
330
1A
100
AcDbEntity
  8
B.Cu
  6
CONTINUOUS
100
AcDbLine
 10
141.3875189999999975
 20
-101.1123229999999893
 30
0
 11
141.3746960000000001
 21
-101.1143539999999916
 31
0
  0
LINE
  5
5CD
330
1A
100
AcDbEntity
  8
B.Cu
  6
CONTINUOUS
100
AcDbLine
 10
141.3746960000000001
 20
-101.1143539999999916
 30
0
 11
141.2616579999999828
 21
-101.1719499999999954
 31
0
  0
LINE
  5
5CE
330
1A
100
AcDbEntity
  8
B.Cu
  6
CONTINUOUS
100
AcDbLine
 10
141.2616579999999828
 20
-101.1719499999999954
 30
0
 11
141.2616569999999854
 21
-101.1719509999999929
 31
0
  0
LINE
  5
5CF
330
1A
100
AcDbEntity
  8
B.Cu
  6
CONTINUOUS
100
AcDbLine
 10
141.2616569999999854
 20
-101.1719509999999929
 30
0
 11
141.261651999999998
 21
-101.1719539999999995
 31
0
  0
LINE
  5
5D0
330
1A
100
AcDbEntity
  8
B.Cu
  6
CONTINUOUS
100
AcDbLine
 10
141.261651999999998
 20
-101.1719539999999995
 30
0
 11
141.1719539999999995
 21
-101.261651999999998
 31
0
  0
LINE
  5
5D1
330
1A
100
AcDbEntity
  8
B.Cu
  6
CONTINUOUS
100
AcDbLine
 10
141.1719539999999995
 20
-101.261651999999998
 30
0
 11
141.1719510000000071
 21
-101.2616569999999996
 31
0
  0
LINE
  5
5D2
330
1A
100
AcDbEntity
  8
B.Cu
  6
CONTINUOUS
100
AcDbLine
 10
141.1719510000000071
 20
-101.2616569999999996
 30
0
 11
141.1143519999999967
 21
-101.3746979999999951
 31
0
  0
LINE
  5
5D3
330
1A
100
AcDbEntity
  8
B.Cu
  6
CONTINUOUS
100
AcDbLine
 10
141.1143519999999967
 20
-101.3746979999999951
 30
0
 11
141.0995000000000061
 21
-101.468474999999998
 31
0
  0
LINE
  5
5D4
330
1A
100
AcDbEntity
  8
B.Cu
  6
CONTINUOUS
100
AcDbLine
 10
141.0995000000000061
 20
-101.468474999999998
 30
0
 11
141.0995000000000061
 21
-103.5315169999999938
 31
0
  0
LINE
  5
5D5
330
1A
100
AcDbEntity
  8
B.Cu
  6
CONTINUOUS
100
AcDbLine
 10
141.0995000000000061
 20
-103.5315169999999938
 30
0
 11
141.110291999999987
 21
-103.5996569999999934
 31
0
  0
LINE
  5
5D6
330
1A
100
AcDbEntity
  8
B.Cu
  6
CONTINUOUS
100
AcDbLine
 10
141.110291999999987
 20
-103.5996569999999934
 30
0
 11
141.1143539999999916
 21
-103.6253039999999999
 31
0
  0
LINE
  5
5D7
330
1A
100
AcDbEntity
  8
B.Cu
  6
CONTINUOUS
100
AcDbLine
 10
141.1143539999999916
 20
-103.6253039999999999
 30
0
 11
141.1719499999999812
 21
-103.7383419999999887
 31
0
  0
LINE
  5
5D8
330
1A
100
AcDbEntity
  8
B.Cu
  6
CONTINUOUS
100
AcDbLine
 10
141.1719499999999812
 20
-103.7383419999999887
 30
0
 11
141.1719520000000045
 21
-103.7383439999999979
 31
0
  0
LINE
  5
5D9
330
1A
100
AcDbEntity
  8
B.Cu
  6
CONTINUOUS
100
AcDbLine
 10
141.1719520000000045
 20
-103.7383439999999979
 30
0
 11
141.1719539999999995
 21
-103.7383469999999903
 31
0
  0
LINE
  5
5DA
330
1A
100
AcDbEntity
  8
B.Cu
  6
CONTINUOUS
100
AcDbLine
 10
141.1719539999999995
 20
-103.7383469999999903
 30
0
 11
141.261651999999998
 21
-103.8280449999999888
 31
0
  0
LINE
  5
5DB
330
1A
100
AcDbEntity
  8
B.Cu
  6
CONTINUOUS
100
AcDbLine
 10
141.261651999999998
 20
-103.8280449999999888
 30
0
 11
141.2616539999999929
 21
-103.8280460000000005
 31
0
  0
LINE
  5
5DC
330
1A
100
AcDbEntity
  8
B.Cu
  6
CONTINUOUS
100
AcDbLine
 10
141.2616539999999929
 20
-103.8280460000000005
 30
0
 11
141.2616579999999828
 21
-103.8280499999999904
 31
0
  0
LINE
  5
5DD
330
1A
100
AcDbEntity
  8
B.Cu
  6
CONTINUOUS
100
AcDbLine
 10
141.2616579999999828
 20
-103.8280499999999904
 30
0
 11
141.3746940000000052
 21
-103.8856449999999967
 31
0
  0
LINE
  5
5DE
330
1A
100
AcDbEntity
  8
B.Cu
  6
CONTINUOUS
100
AcDbLine
 10
141.3746940000000052
 20
-103.8856449999999967
 30
0
 11
141.3746979999999951
 21
-103.8856469999999916
 31
0
  0
LINE
  5
5DF
330
1A
100
AcDbEntity
  8
B.Cu
  6
CONTINUOUS
100
AcDbLine
 10
141.3746979999999951
 20
-103.8856469999999916
 30
0
 11
141.4684749999999838
 21
-103.9004989999999964
 31
0
  0
LINE
  5
5E0
330
1A
100
AcDbEntity
  8
B.Cu
  6
CONTINUOUS
100
AcDbLine
 10
141.4684749999999838
 20
-103.9004989999999964
 30
0
 11
141.468480999999997
 21
-103.9004999999999939
 31
0
  0
LINE
  5
5E1
330
1A
100
AcDbEntity
  8
B.Cu
  6
CONTINUOUS
100
AcDbLine
 10
141.468480999999997
 20
-103.9004999999999939
 30
0
 11
143.5315180000000055
 21
-103.9004989999999964
 31
0
  0
LINE
  5
5E2
330
1A
100
AcDbEntity
  8
B.Cu
  6
CONTINUOUS
100
AcDbLine
 10
143.5315180000000055
 20
-103.9004989999999964
 30
0
 11
143.6253039999999999
 21
-103.8856459999999942
 31
0
  0
LINE
  5
5E3
330
1A
100
AcDbEntity
  8
B.Cu
  6
CONTINUOUS
100
AcDbLine
 10
143.6253039999999999
 20
-103.8856459999999942
 30
0
 11
143.7383419999999887
 21
-103.8280499999999904
 31
0
  0
LINE
  5
5E4
330
1A
100
AcDbEntity
  8
B.Cu
  6
CONTINUOUS
100
AcDbLine
 10
143.7383419999999887
 20
-103.8280499999999904
 30
0
 11
143.8280499999999904
 21
-103.7383419999999887
 31
0
  0
LINE
  5
5E5
330
1A
100
AcDbEntity
  8
B.Cu
  6
CONTINUOUS
100
AcDbLine
 10
143.8280499999999904
 20
-103.7383419999999887
 30
0
 11
143.8856459999999799
 21
-103.6253039999999999
 31
0
  0
LINE
  5
5E6
330
1A
100
AcDbEntity
  8
B.Cu
  6
CONTINUOUS
100
AcDbLine
 10
143.8856459999999799
 20
-103.6253039999999999
 30
0
 11
143.8856459999999799
 21
-103.6253019999999907
 31
0
  0
LINE
  5
5E7
330
1A
100
AcDbEntity
  8
B.Cu
  6
CONTINUOUS
100
AcDbLine
 10
143.8856459999999799
 20
-103.6253019999999907
 30
0
 11
143.8856470000000058
 21
-103.6253009999999932
 31
0
  0
LINE
  5
5E8
330
1A
100
AcDbEntity
  8
B.Cu
  6
CONTINUOUS
100
AcDbLine
 10
143.8856470000000058
 20
-103.6253009999999932
 30
0
 11
143.9004989999999964
 21
-103.5315239999999903
 31
0
  0
LINE
  5
5E9
330
1A
100
AcDbEntity
  8
B.Cu
  6
CONTINUOUS
100
AcDbLine
 10
143.9004989999999964
 20
-103.5315239999999903
 30
0
 11
143.9004999999999939
 21
-103.5315189999999888
 31
0
  0
LINE
  5
5EA
330
1A
100
AcDbEntity
  8
B.Cu
  6
CONTINUOUS
100
AcDbLine
 10
143.9004999999999939
 20
-103.5315189999999888
 30
0
 11
143.9004989999999964
 21
-101.4684819999999945
 31
0
  0
LINE
  5
5EB
330
1A
100
AcDbEntity
  8
B.Cu
  6
CONTINUOUS
100
AcDbLine
 10
143.9004989999999964
 20
-101.4684819999999945
 30
0
 11
143.8856459999999799
 21
-101.3746960000000001
 31
0
  0
LINE
  5
5EC
330
1A
100
AcDbEntity
  8
B.Cu
  6
CONTINUOUS
100
AcDbLine
 10
143.8856459999999799
 20
-101.3746960000000001
 30
0
 11
143.8280499999999904
 21
-101.2616579999999971
 31
0
  0
LINE
  5
5ED
330
1A
100
AcDbEntity
  8
B.Cu
  6
CONTINUOUS
100
AcDbLine
 10
143.8280499999999904
 20
-101.2616579999999971
 30
0
 11
143.8280460000000005
 21
-101.2616539999999929
 31
0
  0
LINE
  5
5EE
330
1A
100
AcDbEntity
  8
B.Cu
  6
CONTINUOUS
100
AcDbLine
 10
143.8280460000000005
 20
-101.2616539999999929
 30
0
 11
143.828045000000003
 21
-101.261651999999998
 31
0
  0
LINE
  5
5EF
330
1A
100
AcDbEntity
  8
B.Cu
  6
CONTINUOUS
100
AcDbLine
 10
143.828045000000003
 20
-101.261651999999998
 30
0
 11
143.7383470000000045
 21
-101.1719539999999995
 31
0
  0
LINE
  5
5F0
330
1A
100
AcDbEntity
  8
B.Cu
  6
CONTINUOUS
100
AcDbLine
 10
143.7383470000000045
 20
-101.1719539999999995
 30
0
 11
143.7383439999999837
 21
-101.1719519999999903
 31
0
  0
LINE
  5
5F1
330
1A
100
AcDbEntity
  8
B.Cu
  6
CONTINUOUS
100
AcDbLine
 10
143.7383439999999837
 20
-101.1719519999999903
 30
0
 11
143.7383419999999887
 21
-101.1719499999999954
 31
0
  0
LINE
  5
5F2
330
1A
100
AcDbEntity
  8
B.Cu
  6
CONTINUOUS
100
AcDbLine
 10
143.7383419999999887
 20
-101.1719499999999954
 30
0
 11
143.6615170000000035
 21
-101.1328049999999905
 31
0
  0
LINE
  5
5F3
330
1A
100
AcDbEntity
  8
B.Cu
  6
CONTINUOUS
100
AcDbLine
 10
143.6615170000000035
 20
-101.1328049999999905
 30
0
 11
143.6253010000000074
 21
-101.1143519999999967
 31
0
  0
LINE
  5
5F4
330
1A
100
AcDbEntity
  8
B.Cu
  6
CONTINUOUS
100
AcDbLine
 10
143.6253010000000074
 20
-101.1143519999999967
 30
0
 11
143.5315239999999903
 21
-101.0994999999999919
 31
0
  0
LINE
  5
5F5
330
1A
100
AcDbEntity
  8
B.Cu
  6
CONTINUOUS
100
AcDbLine
 10
143.5315239999999903
 20
-101.0994999999999919
 30
0
 11
143.531519000000003
 21
-101.0994999999999919
 31
0
  0
LINE
  5
5F6
330
1A
100
AcDbEntity
  8
B.Cu
  6
CONTINUOUS
100
AcDbLine
 10
143.531519000000003
 20
-101.0994999999999919
 30
0
 11
143.3805189999999925
 21
-101.0994999999999919
 31
0
  0
LINE
  5
5F7
330
1A
100
AcDbEntity
  8
B.Cu
  6
CONTINUOUS
100
AcDbLine
 10
143.3805189999999925
 20
-101.0994999999999919
 30
0
 11
143.3134799999999984
 21
-101.0798149999999964
 31
0
  0
LINE
  5
5F8
330
1A
100
AcDbEntity
  8
B.Cu
  6
CONTINUOUS
100
AcDbLine
 10
143.3134799999999984
 20
-101.0798149999999964
 30
0
 11
143.2677249999999844
 21
-101.0270110000000017
 31
0
  0
LINE
  5
5F9
330
1A
100
AcDbEntity
  8
B.Cu
  6
CONTINUOUS
100
AcDbLine
 10
143.2677249999999844
 20
-101.0270110000000017
 30
0
 11
143.2577809999999943
 21
-100.9578530000000001
 31
0
  0
LINE
  5
5FA
330
1A
100
AcDbEntity
  8
B.Cu
  6
CONTINUOUS
100
AcDbLine
 10
143.2577809999999943
 20
-100.9578530000000001
 30
0
 11
143.2868059999999844
 21
-100.8942969999999946
 31
0
  0
LINE
  5
5FB
330
1A
100
AcDbEntity
  8
B.Cu
  6
CONTINUOUS
100
AcDbLine
 10
143.2868059999999844
 20
-100.8942969999999946
 30
0
 11
143.2928379999999891
 21
-100.8878189999999933
 31
0
  0
LINE
  5
5FC
330
1A
100
AcDbEntity
  8
B.Cu
  6
CONTINUOUS
100
AcDbLine
 10
143.2928379999999891
 20
-100.8878189999999933
 30
0
 11
146.7341119999999819
 21
-97.4465450000000004
 31
0
  0
LINE
  5
5FD
330
1A
100
AcDbEntity
  8
B.Cu
  6
CONTINUOUS
100
AcDbLine
 10
146.7341119999999819
 20
-97.4465450000000004
 30
0
 11
146.7341140000000053
 21
-97.4465429999999913
 31
0
  0
LINE
  5
5FE
330
1A
100
AcDbEntity
  8
B.Cu
  6
CONTINUOUS
100
AcDbLine
 10
146.7341140000000053
 20
-97.4465429999999913
 30
0
 11
146.8107750000000067
 21
-97.3318110000000019
 31
0
  0
LINE
  5
5FF
330
1A
100
AcDbEntity
  8
B.Cu
  6
CONTINUOUS
100
AcDbLine
 10
146.8107750000000067
 20
-97.3318110000000019
 30
0
 11
146.8635799999999847
 21
-97.2043279999999896
 31
0
  0
LINE
  5
600
330
1A
100
AcDbEntity
  8
B.Cu
  6
CONTINUOUS
100
AcDbLine
 10
146.8635799999999847
 20
-97.2043279999999896
 30
0
 11
146.8723889999999983
 21
-97.1600399999999951
 31
0
  0
LINE
  5
601
330
1A
100
AcDbEntity
  8
B.Cu
  6
CONTINUOUS
100
AcDbLine
 10
146.8723889999999983
 20
-97.1600399999999951
 30
0
 11
146.890500000000003
 21
-97.0689959999999985
 31
0
  0
LINE
  5
602
330
1A
100
AcDbEntity
  8
B.Cu
  6
CONTINUOUS
100
AcDbLine
 10
146.890500000000003
 20
-97.0689959999999985
 30
0
 11
146.890500000000003
 21
-96.6033570000000026
 31
0
  0
LINE
  5
603
330
1A
100
AcDbEntity
  8
B.Cu
  6
CONTINUOUS
100
AcDbLine
 10
146.890500000000003
 20
-96.6033570000000026
 30
0
 11
146.9101849999999843
 21
-96.5363179999999943
 31
0
  0
LINE
  5
604
330
1A
100
AcDbEntity
  8
B.Cu
  6
CONTINUOUS
100
AcDbLine
 10
146.9101849999999843
 20
-96.5363179999999943
 30
0
 11
146.9268209999999897
 21
-96.51567399999999
 31
0
  0
LINE
  5
605
330
1A
100
AcDbEntity
  8
B.Cu
  6
CONTINUOUS
100
AcDbLine
 10
146.9268209999999897
 20
-96.51567399999999
 30
0
 11
146.9438350000000071
 21
-96.498660000000001
 31
0
  0
LINE
  5
606
330
1A
100
AcDbEntity
  8
B.Cu
  6
CONTINUOUS
100
AcDbLine
 10
146.9438350000000071
 20
-96.498660000000001
 30
0
 11
146.943837000000002
 21
-96.4986579999999918
 31
0
  0
LINE
  5
607
330
1A
100
AcDbEntity
  8
B.Cu
  6
CONTINUOUS
100
AcDbLine
 10
146.943837000000002
 20
-96.4986579999999918
 30
0
 11
147.0500459999999805
 21
-96.3397039999999976
 31
0
  0
LINE
  5
608
330
1A
100
AcDbEntity
  8
B.Cu
  6
CONTINUOUS
100
AcDbLine
 10
147.0500459999999805
 20
-96.3397039999999976
 30
0
 11
147.123203999999987
 21
-96.1630839999999978
 31
0
  0
LINE
  5
609
330
1A
100
AcDbEntity
  8
B.Cu
  6
CONTINUOUS
100
AcDbLine
 10
147.123203999999987
 20
-96.1630839999999978
 30
0
 11
147.1472669999999994
 21
-96.042113999999998
 31
0
  0
LINE
  5
60A
330
1A
100
AcDbEntity
  8
B.Cu
  6
CONTINUOUS
100
AcDbLine
 10
147.1472669999999994
 20
-96.042113999999998
 30
0
 11
147.1604999999999848
 21
-95.9755880000000019
 31
0
  0
LINE
  5
60B
330
1A
100
AcDbEntity
  8
B.Cu
  6
CONTINUOUS
100
AcDbLine
 10
147.1604999999999848
 20
-95.9755880000000019
 30
0
 11
147.1604999999999848
 21
-95.7844109999999915
 31
0
  0
LINE
  5
60C
330
1A
100
AcDbEntity
  8
B.Cu
  6
CONTINUOUS
100
AcDbLine
 10
147.1604999999999848
 20
-95.7844109999999915
 30
0
 11
147.1232049999999845
 21
-95.5969209999999947
 31
0
  0
LINE
  5
60D
330
1A
100
AcDbEntity
  8
B.Cu
  6
CONTINUOUS
100
AcDbLine
 10
147.1232049999999845
 20
-95.5969209999999947
 30
0
 11
147.123203999999987
 21
-95.5969199999999972
 31
0
  0
LINE
  5
60E
330
1A
100
AcDbEntity
  8
B.Cu
  6
CONTINUOUS
100
AcDbLine
 10
147.123203999999987
 20
-95.5969199999999972
 30
0
 11
147.123203999999987
 21
-95.5969159999999931
 31
0
  0
LINE
  5
60F
330
1A
100
AcDbEntity
  8
B.Cu
  6
CONTINUOUS
100
AcDbLine
 10
147.123203999999987
 20
-95.5969159999999931
 30
0
 11
147.123201999999992
 21
-95.5969109999999915
 31
0
  0
LINE
  5
610
330
1A
100
AcDbEntity
  8
B.Cu
  6
CONTINUOUS
100
AcDbLine
 10
147.123201999999992
 20
-95.5969109999999915
 30
0
 11
147.0500480000000039
 21
-95.420299
 31
0
  0
LINE
  5
611
330
1A
100
AcDbEntity
  8
B.Cu
  6
CONTINUOUS
100
AcDbLine
 10
147.0500480000000039
 20
-95.420299
 30
0
 11
146.9438350000000071
 21
-95.2613389999999924
 31
0
  0
LINE
  5
612
330
1A
100
AcDbEntity
  8
B.Cu
  6
CONTINUOUS
100
AcDbLine
 10
146.9438350000000071
 20
-95.2613389999999924
 30
0
 11
146.9268189999999947
 21
-95.2443229999999943
 31
0
  0
LINE
  5
613
330
1A
100
AcDbEntity
  8
B.Cu
  6
CONTINUOUS
100
AcDbLine
 10
146.9268189999999947
 20
-95.2443229999999943
 30
0
 11
146.8933339999999816
 21
-95.1829999999999927
 31
0
  0
LINE
  5
614
330
1A
100
AcDbEntity
  8
B.Cu
  6
CONTINUOUS
100
AcDbLine
 10
146.8933339999999816
 20
-95.1829999999999927
 30
0
 11
146.890500000000003
 21
-95.1566419999999908
 31
0
  0
LINE
  5
615
330
1A
100
AcDbEntity
  8
B.Cu
  6
CONTINUOUS
100
AcDbLine
 10
146.890500000000003
 20
-95.1566419999999908
 30
0
 11
146.890500000000003
 21
-92.8570330000000013
 31
0
  0
LINE
  5
616
330
1A
100
AcDbEntity
  8
B.Cu
  6
CONTINUOUS
100
AcDbLine
 10
146.890500000000003
 20
-92.8570330000000013
 30
0
 11
146.9101849999999843
 21
-92.789993999999993
 31
0
  0
LINE
  5
617
330
1A
100
AcDbEntity
  8
B.Cu
  6
CONTINUOUS
100
AcDbLine
 10
146.9101849999999843
 20
-92.789993999999993
 30
0
 11
146.9141819999999825
 21
-92.7841469999999902
 31
0
  0
LINE
  5
618
330
1A
100
AcDbEntity
  8
B.Cu
  6
CONTINUOUS
100
AcDbLine
 10
146.9141819999999825
 20
-92.7841469999999902
 30
0
 11
146.9156849999999963
 21
-92.782077000000001
 31
0
  0
LINE
  5
619
330
1A
100
AcDbEntity
  8
B.Cu
  6
CONTINUOUS
100
AcDbLine
 10
146.9156849999999963
 20
-92.782077000000001
 30
0
 11
146.9156899999999837
 21
-92.7820729999999969
 31
0
  0
LINE
  5
61A
330
1A
100
AcDbEntity
  8
B.Cu
  6
CONTINUOUS
100
AcDbLine
 10
146.9156899999999837
 20
-92.7820729999999969
 30
0
 11
147.0267599999999959
 21
-92.6291989999999998
 31
0
  0
LINE
  5
61B
330
1A
100
AcDbEntity
  8
B.Cu
  6
CONTINUOUS
100
AcDbLine
 10
147.0267599999999959
 20
-92.6291989999999998
 30
0
 11
147.1125470000000064
 21
-92.4608319999999964
 31
0
  0
LINE
  5
61C
330
1A
100
AcDbEntity
  8
B.Cu
  6
CONTINUOUS
100
AcDbLine
 10
147.1125470000000064
 20
-92.4608319999999964
 30
0
 11
147.1709400000000016
 21
-92.2811179999999922
 31
0
  0
LINE
  5
61D
330
1A
100
AcDbEntity
  8
B.Cu
  6
CONTINUOUS
100
AcDbLine
 10
147.1709400000000016
 20
-92.2811179999999922
 30
0
 11
147.2005000000000052
 21
-92.0944859999999892
 31
0
  0
LINE
  5
61E
330
1A
100
AcDbEntity
  8
B.Cu
  6
CONTINUOUS
100
AcDbLine
 10
147.2005000000000052
 20
-92.0944859999999892
 30
0
 11
147.2005000000000052
 21
-91.9055129999999991
 31
0
  0
LINE
  5
61F
330
1A
100
AcDbEntity
  8
B.Cu
  6
CONTINUOUS
100
AcDbLine
 10
147.2005000000000052
 20
-91.9055129999999991
 30
0
 11
147.1709400000000016
 21
-91.7188809999999961
 31
0
  0
LINE
  5
620
330
1A
100
AcDbEntity
  8
B.Cu
  6
CONTINUOUS
100
AcDbLine
 10
147.1709400000000016
 20
-91.7188809999999961
 30
0
 11
147.1438459999999964
 21
-91.6354970000000009
 31
0
  0
LINE
  5
621
330
1A
100
AcDbEntity
  8
B.Cu
  6
CONTINUOUS
100
AcDbLine
 10
147.1438459999999964
 20
-91.6354970000000009
 30
0
 11
147.1125470000000064
 21
-91.5391679999999894
 31
0
  0
LINE
  5
622
330
1A
100
AcDbEntity
  8
B.Cu
  6
CONTINUOUS
100
AcDbLine
 10
147.1125470000000064
 20
-91.5391679999999894
 30
0
 11
147.112544999999983
 21
-91.539164999999997
 31
0
  0
LINE
  5
623
330
1A
100
AcDbEntity
  8
B.Cu
  6
CONTINUOUS
100
AcDbLine
 10
147.112544999999983
 20
-91.539164999999997
 30
0
 11
147.112544999999983
 21
-91.5391630000000021
 31
0
  0
LINE
  5
624
330
1A
100
AcDbEntity
  8
B.Cu
  6
CONTINUOUS
100
AcDbLine
 10
147.112544999999983
 20
-91.5391630000000021
 30
0
 11
147.0672899999999856
 21
-91.4503469999999936
 31
0
  0
LINE
  5
625
330
1A
100
AcDbEntity
  8
B.Cu
  6
CONTINUOUS
100
AcDbLine
 10
147.0672899999999856
 20
-91.4503469999999936
 30
0
 11
147.0267599999999959
 21
-91.3708010000000002
 31
0
  0
LINE
  5
626
330
1A
100
AcDbEntity
  8
B.Cu
  6
CONTINUOUS
100
AcDbLine
 10
147.0267599999999959
 20
-91.3708010000000002
 30
0
 11
146.9156899999999837
 21
-91.2179269999999889
 31
0
  0
LINE
  5
627
330
1A
100
AcDbEntity
  8
B.Cu
  6
CONTINUOUS
100
AcDbLine
 10
146.9156899999999837
 20
-91.2179269999999889
 30
0
 11
146.7820729999999969
 21
-91.0843100000000021
 31
0
  0
LINE
  5
628
330
1A
100
AcDbEntity
  8
B.Cu
  6
CONTINUOUS
100
AcDbLine
 10
146.7820729999999969
 20
-91.0843100000000021
 30
0
 11
146.6291989999999998
 21
-90.9732399999999899
 31
0
  0
LINE
  5
629
330
1A
100
AcDbEntity
  8
B.Cu
  6
CONTINUOUS
100
AcDbLine
 10
146.6291989999999998
 20
-90.9732399999999899
 30
0
 11
146.6289319999999918
 21
-90.9731039999999922
 31
0
  0
LINE
  5
62A
330
1A
100
AcDbEntity
  8
B.Cu
  6
CONTINUOUS
100
AcDbLine
 10
146.6289319999999918
 20
-90.9731039999999922
 30
0
 11
146.4608360000000005
 21
-90.8874539999999911
 31
0
  0
LINE
  5
62B
330
1A
100
AcDbEntity
  8
B.Cu
  6
CONTINUOUS
100
AcDbLine
 10
146.4608360000000005
 20
-90.8874539999999911
 30
0
 11
146.2811179999999922
 21
-90.8290590000000009
 31
0
  0
LINE
  5
62C
330
1A
100
AcDbEntity
  8
B.Cu
  6
CONTINUOUS
100
AcDbLine
 10
146.2811179999999922
 20
-90.8290590000000009
 30
0
 11
146.0944859999999892
 21
-90.7994999999999948
 31
0
  0
LINE
  5
62D
330
1A
100
AcDbEntity
  8
B.Cu
  6
CONTINUOUS
100
AcDbLine
 10
146.0944859999999892
 20
-90.7994999999999948
 30
0
 11
146.0944810000000018
 21
-90.7994999999999948
 31
0
  0
LINE
  5
62E
330
1A
100
AcDbEntity
  8
B.Cu
  6
CONTINUOUS
100
AcDbLine
 10
146.0944810000000018
 20
-90.7994999999999948
 30
0
 11
145.9055189999999982
 21
-90.7994999999999948
 31
0
  0
LINE
  5
62F
330
1A
100
AcDbEntity
  8
B.Cu
  6
CONTINUOUS
100
AcDbLine
 10
145.9055189999999982
 20
-90.7994999999999948
 30
0
 11
145.9055139999999824
 21
-90.7994999999999948
 31
0
  0
LINE
  5
630
330
1A
100
AcDbEntity
  8
B.Cu
  6
CONTINUOUS
100
AcDbLine
 10
145.9055139999999824
 20
-90.7994999999999948
 30
0
 11
145.8683330000000069
 21
-90.805388999999991
 31
0
  0
LINE
  5
631
330
1A
100
AcDbEntity
  8
B.Cu
  6
CONTINUOUS
100
AcDbLine
 10
145.8683330000000069
 20
-90.805388999999991
 30
0
 11
145.7990399999999909
 21
-90.7964350000000024
 31
0
  0
LINE
  5
632
330
1A
100
AcDbEntity
  8
B.Cu
  6
CONTINUOUS
100
AcDbLine
 10
145.7990399999999909
 20
-90.7964350000000024
 30
0
 11
145.7612539999999797
 21
-90.7705969999999951
 31
0
  0
LINE
  5
633
330
1A
100
AcDbEntity
  8
B.Cu
  6
CONTINUOUS
100
AcDbLine
 10
145.7612539999999797
 20
-90.7705969999999951
 30
0
 11
144.236818999999997
 21
-89.2461619999999982
 31
0
  0
LINE
  5
634
330
1A
100
AcDbEntity
  8
B.Cu
  6
CONTINUOUS
100
AcDbLine
 10
144.236818999999997
 20
-89.2461619999999982
 30
0
 11
144.2033339999999839
 21
-89.1848389999999966
 31
0
  0
LINE
  5
635
330
1A
100
AcDbEntity
  8
B.Cu
  6
CONTINUOUS
100
AcDbLine
 10
144.2033339999999839
 20
-89.1848389999999966
 30
0
 11
144.2005000000000052
 21
-89.1584809999999948
 31
0
  0
LINE
  5
636
330
1A
100
AcDbEntity
  8
B.Cu
  6
CONTINUOUS
100
AcDbLine
 10
144.2005000000000052
 20
-89.1584809999999948
 30
0
 11
144.2005000000000052
 21
-86.897681999999989
 31
0
  0
LINE
  5
637
330
1A
100
AcDbEntity
  8
B.Cu
  6
CONTINUOUS
100
AcDbLine
 10
144.2005000000000052
 20
-86.897681999999989
 30
0
 11
144.2005000000000052
 21
-77.341518999999991
 31
0
  0
LINE
  5
638
330
1A
100
AcDbEntity
  8
B.Cu
  6
CONTINUOUS
100
AcDbLine
 10
144.2005000000000052
 20
-77.341518999999991
 30
0
 11
144.2201849999999865
 21
-77.2744799999999969
 31
0
  0
LINE
  5
639
330
1A
100
AcDbEntity
  8
B.Cu
  6
CONTINUOUS
100
AcDbLine
 10
144.2201849999999865
 20
-77.2744799999999969
 30
0
 11
144.236818999999997
 21
-77.2538380000000018
 31
0
  0
LINE
  5
63A
330
1A
100
AcDbEntity
  8
B.Cu
  6
CONTINUOUS
100
AcDbLine
 10
144.236818999999997
 20
-77.2538380000000018
 30
0
 11
144.4696439999999882
 21
-77.0210129999999964
 31
0
  0
LINE
  5
63B
330
1A
100
AcDbEntity
  8
B.Cu
  6
CONTINUOUS
100
AcDbLine
 10
144.4696439999999882
 20
-77.0210129999999964
 30
0
 11
144.7182420000000036
 21
-76.7724139999999977
 31
0
  0
LINE
  5
63C
330
1A
100
AcDbEntity
  8
B.Cu
  6
CONTINUOUS
100
AcDbLine
 10
144.7182420000000036
 20
-76.7724139999999977
 30
0
 11
144.779562999999996
 21
-76.7389309999999938
 31
0
  0
LINE
  5
63D
330
1A
100
AcDbEntity
  8
B.Cu
  6
CONTINUOUS
100
AcDbLine
 10
144.779562999999996
 20
-76.7389309999999938
 30
0
 11
144.849254000000002
 21
-76.7439150000000012
 31
0
  0
LINE
  5
63E
330
1A
100
AcDbEntity
  8
B.Cu
  6
CONTINUOUS
100
AcDbLine
 10
144.849254000000002
 20
-76.7439150000000012
 30
0
 11
144.9051879999999812
 21
-76.7857860000000016
 31
0
  0
LINE
  5
63F
330
1A
100
AcDbEntity
  8
B.Cu
  6
CONTINUOUS
100
AcDbLine
 10
144.9051879999999812
 20
-76.7857860000000016
 30
0
 11
144.9062380000000019
 21
-76.7872100000000017
 31
0
  0
LINE
  5
640
330
1A
100
AcDbEntity
  8
B.Cu
  6
CONTINUOUS
100
AcDbLine
 10
144.9062380000000019
 20
-76.7872100000000017
 30
0
 11
144.9261709999999823
 21
-76.8146440000000013
 31
0
  0
LINE
  5
641
330
1A
100
AcDbEntity
  8
B.Cu
  6
CONTINUOUS
100
AcDbLine
 10
144.9261709999999823
 20
-76.8146440000000013
 30
0
 11
144.9261740000000032
 21
-76.8146479999999912
 31
0
  0
LINE
  5
642
330
1A
100
AcDbEntity
  8
B.Cu
  6
CONTINUOUS
100
AcDbLine
 10
144.9261740000000032
 20
-76.8146479999999912
 30
0
 11
145.065353999999985
 21
-76.9538280000000015
 31
0
  0
LINE
  5
643
330
1A
100
AcDbEntity
  8
B.Cu
  6
CONTINUOUS
100
AcDbLine
 10
145.065353999999985
 20
-76.9538280000000015
 30
0
 11
145.081671
 21
-76.9656829999999985
 31
0
  0
LINE
  5
644
330
1A
100
AcDbEntity
  8
B.Cu
  6
CONTINUOUS
100
AcDbLine
 10
145.081671
 20
-76.9656829999999985
 30
0
 11
145.1243359999999996
 21
-77.0210129999999964
 31
0
  0
LINE
  5
645
330
1A
100
AcDbEntity
  8
B.Cu
  6
CONTINUOUS
100
AcDbLine
 10
145.1243359999999996
 20
-77.0210129999999964
 30
0
 11
145.1303139999999985
 21
-77.0906269999999978
 31
0
  0
LINE
  5
646
330
1A
100
AcDbEntity
  8
B.Cu
  6
CONTINUOUS
100
AcDbLine
 10
145.1303139999999985
 20
-77.0906269999999978
 30
0
 11
145.0977069999999856
 21
-77.1524209999999897
 31
0
  0
LINE
  5
647
330
1A
100
AcDbEntity
  8
B.Cu
  6
CONTINUOUS
100
AcDbLine
 10
145.0977069999999856
 20
-77.1524209999999897
 30
0
 11
145.0368679999999983
 21
-77.1867779999999897
 31
0
  0
LINE
  5
648
330
1A
100
AcDbEntity
  8
B.Cu
  6
CONTINUOUS
100
AcDbLine
 10
145.0368679999999983
 20
-77.1867779999999897
 30
0
 11
145.0087839999999915
 21
-77.1899999999999977
 31
0
  0
LINE
  5
649
330
1A
100
AcDbEntity
  8
B.Cu
  6
CONTINUOUS
100
AcDbLine
 10
145.0087839999999915
 20
-77.1899999999999977
 30
0
 11
144.9821550000000059
 21
-77.1899999999999977
 31
0
  0
LINE
  5
64A
330
1A
100
AcDbEntity
  8
B.Cu
  6
CONTINUOUS
100
AcDbLine
 10
144.9821550000000059
 20
-77.1899999999999977
 30
0
 11
144.9226270000000056
 21
-77.1964009999999945
 31
0
  0
LINE
  5
64B
330
1A
100
AcDbEntity
  8
B.Cu
  6
CONTINUOUS
100
AcDbLine
 10
144.9226270000000056
 20
-77.1964009999999945
 30
0
 11
144.9226199999999949
 21
-77.1964029999999894
 31
0
  0
LINE
  5
64C
330
1A
100
AcDbEntity
  8
B.Cu
  6
CONTINUOUS
100
AcDbLine
 10
144.9226199999999949
 20
-77.1964029999999894
 30
0
 11
144.7879130000000032
 21
-77.2466450000000009
 31
0
  0
LINE
  5
64D
330
1A
100
AcDbEntity
  8
B.Cu
  6
CONTINUOUS
100
AcDbLine
 10
144.7879130000000032
 20
-77.2466450000000009
 30
0
 11
144.7879059999999924
 21
-77.2466489999999908
 31
0
  0
LINE
  5
64E
330
1A
100
AcDbEntity
  8
B.Cu
  6
CONTINUOUS
100
AcDbLine
 10
144.7879059999999924
 20
-77.2466489999999908
 30
0
 11
144.6728119999999933
 21
-77.3328089999999975
 31
0
  0
LINE
  5
64F
330
1A
100
AcDbEntity
  8
B.Cu
  6
CONTINUOUS
100
AcDbLine
 10
144.6728119999999933
 20
-77.3328089999999975
 30
0
 11
144.6728090000000009
 21
-77.3328119999999899
 31
0
  0
LINE
  5
650
330
1A
100
AcDbEntity
  8
B.Cu
  6
CONTINUOUS
100
AcDbLine
 10
144.6728090000000009
 20
-77.3328119999999899
 30
0
 11
144.5866489999999942
 21
-77.4479060000000032
 31
0
  0
LINE
  5
651
330
1A
100
AcDbEntity
  8
B.Cu
  6
CONTINUOUS
100
AcDbLine
 10
144.5866489999999942
 20
-77.4479060000000032
 30
0
 11
144.5866450000000043
 21
-77.4479129999999998
 31
0
  0
LINE
  5
652
330
1A
100
AcDbEntity
  8
B.Cu
  6
CONTINUOUS
100
AcDbLine
 10
144.5866450000000043
 20
-77.4479129999999998
 30
0
 11
144.5364030000000071
 21
-77.5826199999999915
 31
0
  0
LINE
  5
653
330
1A
100
AcDbEntity
  8
B.Cu
  6
CONTINUOUS
100
AcDbLine
 10
144.5364030000000071
 20
-77.5826199999999915
 30
0
 11
144.5364009999999837
 21
-77.5826270000000022
 31
0
  0
LINE
  5
654
330
1A
100
AcDbEntity
  8
B.Cu
  6
CONTINUOUS
100
AcDbLine
 10
144.5364009999999837
 20
-77.5826270000000022
 30
0
 11
144.5300000000000011
 21
-77.6421550000000025
 31
0
  0
LINE
  5
655
330
1A
100
AcDbEntity
  8
B.Cu
  6
CONTINUOUS
100
AcDbLine
 10
144.5300000000000011
 20
-77.6421550000000025
 30
0
 11
144.5300000000000011
 21
-78.289999999999992
 31
0
  0
LINE
  5
656
330
1A
100
AcDbEntity
  8
B.Cu
  6
CONTINUOUS
100
AcDbLine
 10
144.5300000000000011
 20
-78.289999999999992
 30
0
 11
145.0300000000000011
 21
-78.289999999999992
 31
0
  0
LINE
  5
657
330
1A
100
AcDbEntity
  8
B.Cu
  6
CONTINUOUS
100
AcDbLine
 10
145.0300000000000011
 20
-78.289999999999992
 30
0
 11
145.0300000000000011
 21
-77.6899999999999977
 31
0
  0
LINE
  5
658
330
1A
100
AcDbEntity
  8
B.Cu
  6
CONTINUOUS
100
AcDbLine
 10
145.0300000000000011
 20
-77.6899999999999977
 30
0
 11
146.7299999999999898
 21
-77.6899999999999977
 31
0
  0
LINE
  5
659
330
1A
100
AcDbEntity
  8
B.Cu
  6
CONTINUOUS
100
AcDbLine
 10
146.7299999999999898
 20
-77.6899999999999977
 30
0
 11
146.7299999999999898
 21
-79.3900000000000006
 31
0
  0
LINE
  5
65A
330
1A
100
AcDbEntity
  8
B.Cu
  6
CONTINUOUS
100
AcDbLine
 10
146.7299999999999898
 20
-79.3900000000000006
 30
0
 11
146.1299999999999955
 21
-79.3900000000000006
 31
0
  0
LINE
  5
65B
330
1A
100
AcDbEntity
  8
B.Cu
  6
CONTINUOUS
100
AcDbLine
 10
146.1299999999999955
 20
-79.3900000000000006
 30
0
 11
146.1299999999999955
 21
-79.8900000000000006
 31
0
  0
LINE
  5
65C
330
1A
100
AcDbEntity
  8
B.Cu
  6
CONTINUOUS
100
AcDbLine
 10
146.1299999999999955
 20
-79.8900000000000006
 30
0
 11
146.7778279999999995
 21
-79.8900000000000006
 31
0
  0
LINE
  5
65D
330
1A
100
AcDbEntity
  8
B.Cu
  6
CONTINUOUS
100
AcDbLine
 10
146.7778279999999995
 20
-79.8900000000000006
 30
0
 11
146.7778439999999875
 21
-79.8899990000000031
 31
0
  0
LINE
  5
65E
330
1A
100
AcDbEntity
  8
B.Cu
  6
CONTINUOUS
100
AcDbLine
 10
146.7778439999999875
 20
-79.8899990000000031
 30
0
 11
146.8373719999999878
 21
-79.8835979999999921
 31
0
  0
LINE
  5
65F
330
1A
100
AcDbEntity
  8
B.Cu
  6
CONTINUOUS
100
AcDbLine
 10
146.8373719999999878
 20
-79.8835979999999921
 30
0
 11
146.8373789999999985
 21
-79.8835959999999972
 31
0
  0
LINE
  5
660
330
1A
100
AcDbEntity
  8
B.Cu
  6
CONTINUOUS
100
AcDbLine
 10
146.8373789999999985
 20
-79.8835959999999972
 30
0
 11
146.9720859999999902
 21
-79.8333539999999999
 31
0
  0
LINE
  5
661
330
1A
100
AcDbEntity
  8
B.Cu
  6
CONTINUOUS
100
AcDbLine
 10
146.9720859999999902
 20
-79.8333539999999999
 30
0
 11
146.972093000000001
 21
-79.8333499999999958
 31
0
  0
LINE
  5
662
330
1A
100
AcDbEntity
  8
B.Cu
  6
CONTINUOUS
100
AcDbLine
 10
146.972093000000001
 20
-79.8333499999999958
 30
0
 11
147.0871870000000001
 21
-79.7471900000000034
 31
0
  0
LINE
  5
663
330
1A
100
AcDbEntity
  8
B.Cu
  6
CONTINUOUS
100
AcDbLine
 10
147.0871870000000001
 20
-79.7471900000000034
 30
0
 11
147.0871899999999926
 21
-79.7471869999999967
 31
0
  0
LINE
  5
664
330
1A
100
AcDbEntity
  8
B.Cu
  6
CONTINUOUS
100
AcDbLine
 10
147.0871899999999926
 20
-79.7471869999999967
 30
0
 11
147.1733499999999992
 21
-79.6320929999999976
 31
0
  0
LINE
  5
665
330
1A
100
AcDbEntity
  8
B.Cu
  6
CONTINUOUS
100
AcDbLine
 10
147.1733499999999992
 20
-79.6320929999999976
 30
0
 11
147.1733539999999891
 21
-79.632086000000001
 31
0
  0
LINE
  5
666
330
1A
100
AcDbEntity
  8
B.Cu
  6
CONTINUOUS
100
AcDbLine
 10
147.1733539999999891
 20
-79.632086000000001
 30
0
 11
147.2235959999999864
 21
-79.4973789999999951
 31
0
  0
LINE
  5
667
330
1A
100
AcDbEntity
  8
B.Cu
  6
CONTINUOUS
100
AcDbLine
 10
147.2235959999999864
 20
-79.4973789999999951
 30
0
 11
147.2235979999999813
 21
-79.4973719999999986
 31
0
  0
LINE
  5
668
330
1A
100
AcDbEntity
  8
B.Cu
  6
CONTINUOUS
100
AcDbLine
 10
147.2235979999999813
 20
-79.4973719999999986
 30
0
 11
147.2299989999999923
 21
-79.4378439999999983
 31
0
  0
LINE
  5
669
330
1A
100
AcDbEntity
  8
B.Cu
  6
CONTINUOUS
100
AcDbLine
 10
147.2299989999999923
 20
-79.4378439999999983
 30
0
 11
147.2299999999999898
 21
-79.4378269999999986
 31
0
  0
LINE
  5
66A
330
1A
100
AcDbEntity
  8
B.Cu
  6
CONTINUOUS
100
AcDbLine
 10
147.2299999999999898
 20
-79.4378269999999986
 30
0
 11
147.2299999999999898
 21
-79.4112149999999986
 31
0
  0
LINE
  5
66B
330
1A
100
AcDbEntity
  8
B.Cu
  6
CONTINUOUS
100
AcDbLine
 10
147.2299999999999898
 20
-79.4112149999999986
 30
0
 11
147.2496849999999995
 21
-79.3441759999999903
 31
0
  0
LINE
  5
66C
330
1A
100
AcDbEntity
  8
B.Cu
  6
CONTINUOUS
100
AcDbLine
 10
147.2496849999999995
 20
-79.3441759999999903
 30
0
 11
147.30248899999998
 21
-79.2984209999999905
 31
0
  0
LINE
  5
66D
330
1A
100
AcDbEntity
  8
B.Cu
  6
CONTINUOUS
100
AcDbLine
 10
147.30248899999998
 20
-79.2984209999999905
 30
0
 11
147.3716469999999958
 21
-79.2884770000000003
 31
0
  0
LINE
  5
66E
330
1A
100
AcDbEntity
  8
B.Cu
  6
CONTINUOUS
100
AcDbLine
 10
147.3716469999999958
 20
-79.2884770000000003
 30
0
 11
147.4352030000000013
 21
-79.3175019999999904
 31
0
  0
LINE
  5
66F
330
1A
100
AcDbEntity
  8
B.Cu
  6
CONTINUOUS
100
AcDbLine
 10
147.4352030000000013
 20
-79.3175019999999904
 30
0
 11
147.4543160000000057
 21
-79.3383269999999925
 31
0
  0
LINE
  5
670
330
1A
100
AcDbEntity
  8
B.Cu
  6
CONTINUOUS
100
AcDbLine
 10
147.4543160000000057
 20
-79.3383269999999925
 30
0
 11
147.4661720000000003
 21
-79.3546460000000025
 31
0
  0
LINE
  5
671
330
1A
100
AcDbEntity
  8
B.Cu
  6
CONTINUOUS
100
AcDbLine
 10
147.4661720000000003
 20
-79.3546460000000025
 30
0
 11
147.6053540000000055
 21
-79.4938279999999935
 31
0
  0
LINE
  5
672
330
1A
100
AcDbEntity
  8
B.Cu
  6
CONTINUOUS
100
AcDbLine
 10
147.6053540000000055
 20
-79.4938279999999935
 30
0
 11
147.7483859999999822
 21
-79.5977469999999983
 31
0
  0
LINE
  5
673
330
1A
100
AcDbEntity
  8
B.Cu
  6
CONTINUOUS
100
AcDbLine
 10
147.7483859999999822
 20
-79.5977469999999983
 30
0
 11
147.7910509999999817
 21
-79.6530769999999961
 31
0
  0
LINE
  5
674
330
1A
100
AcDbEntity
  8
B.Cu
  6
CONTINUOUS
100
AcDbLine
 10
147.7910509999999817
 20
-79.6530769999999961
 30
0
 11
147.7994999999999948
 21
-79.6980649999999997
 31
0
  0
LINE
  5
675
330
1A
100
AcDbEntity
  8
B.Cu
  6
CONTINUOUS
100
AcDbLine
 10
147.7994999999999948
 20
-79.6980649999999997
 30
0
 11
147.7994999999999948
 21
-80.9310059999999964
 31
0
  0
LINE
  5
676
330
1A
100
AcDbEntity
  8
B.Cu
  6
CONTINUOUS
100
AcDbLine
 10
147.7994999999999948
 20
-80.9310059999999964
 30
0
 11
147.7994999999999948
 21
-81.0689939999999893
 31
0
  0
LINE
  5
677
330
1A
100
AcDbEntity
  8
B.Cu
  6
CONTINUOUS
100
AcDbLine
 10
147.7994999999999948
 20
-81.0689939999999893
 30
0
 11
147.7994999999999948
 21
-81.0689959999999985
 31
0
  0
LINE
  5
678
330
1A
100
AcDbEntity
  8
B.Cu
  6
CONTINUOUS
100
AcDbLine
 10
147.7994999999999948
 20
-81.0689959999999985
 30
0
 11
147.7994989999999973
 21
-81.0689959999999985
 31
0
  0
LINE
  5
679
330
1A
100
AcDbEntity
  8
B.Cu
  6
CONTINUOUS
100
AcDbLine
 10
147.7994989999999973
 20
-81.0689959999999985
 30
0
 11
147.8264179999999897
 21
-81.2043219999999906
 31
0
  0
LINE
  5
67A
330
1A
100
AcDbEntity
  8
B.Cu
  6
CONTINUOUS
100
AcDbLine
 10
147.8264179999999897
 20
-81.2043219999999906
 30
0
 11
147.8264209999999821
 21
-81.2043319999999937
 31
0
  0
LINE
  5
67B
330
1A
100
AcDbEntity
  8
B.Cu
  6
CONTINUOUS
100
AcDbLine
 10
147.8264209999999821
 20
-81.2043319999999937
 30
0
 11
147.8792219999999986
 21
-81.3318069999999977
 31
0
  0
LINE
  5
67C
330
1A
100
AcDbEntity
  8
B.Cu
  6
CONTINUOUS
100
AcDbLine
 10
147.8792219999999986
 20
-81.3318069999999977
 30
0
 11
147.9558869999999899
 21
-81.4465450000000004
 31
0
  0
LINE
  5
67D
330
1A
100
AcDbEntity
  8
B.Cu
  6
CONTINUOUS
100
AcDbLine
 10
147.9558869999999899
 20
-81.4465450000000004
 30
0
 11
147.9558879999999874
 21
-81.4465459999999979
 31
0
  0
LINE
  5
67E
330
1A
100
AcDbEntity
  8
B.Cu
  6
CONTINUOUS
100
AcDbLine
 10
147.9558879999999874
 20
-81.4465459999999979
 30
0
 11
149.263181000000003
 21
-82.7538369999999901
 31
0
  0
LINE
  5
67F
330
1A
100
AcDbEntity
  8
B.Cu
  6
CONTINUOUS
100
AcDbLine
 10
149.263181000000003
 20
-82.7538369999999901
 30
0
 11
149.2966659999999877
 21
-82.8151599999999917
 31
0
  0
LINE
  5
680
330
1A
100
AcDbEntity
  8
B.Cu
  6
CONTINUOUS
100
AcDbLine
 10
149.2966659999999877
 20
-82.8151599999999917
 30
0
 11
149.2994999999999948
 21
-82.8415179999999935
 31
0
  0
LINE
  5
681
330
1A
100
AcDbEntity
  8
B.Cu
  6
CONTINUOUS
100
AcDbLine
 10
149.2994999999999948
 20
-82.8415179999999935
 30
0
 11
149.2994999999999948
 21
-94.4229409999999945
 31
0
  0
LINE
  5
682
330
1A
100
AcDbEntity
  8
B.Cu
  6
CONTINUOUS
100
AcDbLine
 10
149.2994999999999948
 20
-94.4229409999999945
 30
0
 11
149.2994999999999948
 21
-94.4229429999999894
 31
0
  0
LINE
  5
683
330
1A
100
AcDbEntity
  8
B.Cu
  6
CONTINUOUS
100
AcDbLine
 10
149.2994999999999948
 20
-94.4229429999999894
 30
0
 11
149.2994989999999973
 21
-94.4229429999999894
 31
0
  0
LINE
  5
684
330
1A
100
AcDbEntity
  8
B.Cu
  6
CONTINUOUS
100
AcDbLine
 10
149.2994989999999973
 20
-94.4229429999999894
 30
0
 11
149.3264179999999897
 21
-94.5582699999999932
 31
0
  0
LINE
  5
685
330
1A
100
AcDbEntity
  8
B.Cu
  6
CONTINUOUS
100
AcDbLine
 10
149.3264179999999897
 20
-94.5582699999999932
 30
0
 11
149.3264209999999821
 21
-94.5582799999999963
 31
0
  0
LINE
  5
686
330
1A
100
AcDbEntity
  8
B.Cu
  6
CONTINUOUS
100
AcDbLine
 10
149.3264209999999821
 20
-94.5582799999999963
 30
0
 11
149.3792219999999986
 21
-94.6857539999999887
 31
0
  0
LINE
  5
687
330
1A
100
AcDbEntity
  8
B.Cu
  6
CONTINUOUS
100
AcDbLine
 10
149.3792219999999986
 20
-94.6857539999999887
 30
0
 11
149.382093999999995
 21
-94.691125999999997
 31
0
  0
LINE
  5
688
330
1A
100
AcDbEntity
  8
B.Cu
  6
CONTINUOUS
100
AcDbLine
 10
149.382093999999995
 20
-94.691125999999997
 30
0
 11
149.3807919999999854
 21
-94.6918220000000019
 31
0
  0
LINE
  5
689
330
1A
100
AcDbEntity
  8
B.Cu
  6
CONTINUOUS
100
AcDbLine
 10
149.3807919999999854
 20
-94.6918220000000019
 30
0
 11
149.3994799999999827
 21
-94.7515020000000021
 31
0
  0
LINE
  5
68A
330
1A
100
AcDbEntity
  8
B.Cu
  6
CONTINUOUS
100
AcDbLine
 10
149.3994799999999827
 20
-94.7515020000000021
 30
0
 11
149.3994999999999891
 21
-94.7537169999999946
 31
0
  0
LINE
  5
68B
330
1A
100
AcDbEntity
  8
B.Cu
  6
CONTINUOUS
100
AcDbLine
 10
149.3994999999999891
 20
-94.7537169999999946
 30
0
 11
149.3994999999999891
 21
-94.9281469999999956
 31
0
  0
LINE
  5
68C
330
1A
100
AcDbEntity
  8
B.Cu
  6
CONTINUOUS
100
AcDbLine
 10
149.3994999999999891
 20
-94.9281469999999956
 30
0
 11
149.3798149999999794
 21
-94.9951859999999897
 31
0
  0
LINE
  5
68D
330
1A
100
AcDbEntity
  8
B.Cu
  6
CONTINUOUS
100
AcDbLine
 10
149.3798149999999794
 20
-94.9951859999999897
 30
0
 11
149.3270109999999988
 21
-95.0409409999999895
 31
0
  0
LINE
  5
68E
330
1A
100
AcDbEntity
  8
B.Cu
  6
CONTINUOUS
100
AcDbLine
 10
149.3270109999999988
 20
-95.0409409999999895
 30
0
 11
149.257852999999983
 21
-95.0508849999999939
 31
0
  0
LINE
  5
68F
330
1A
100
AcDbEntity
  8
B.Cu
  6
CONTINUOUS
100
AcDbLine
 10
149.257852999999983
 20
-95.0508849999999939
 30
0
 11
149.206610999999981
 21
-95.03125
 31
0
  0
LINE
  5
690
330
1A
100
AcDbEntity
  8
B.Cu
  6
CONTINUOUS
100
AcDbLine
 10
149.206610999999981
 20
-95.03125
 30
0
 11
149.1897040000000061
 21
-95.019953000000001
 31
0
  0
LINE
  5
691
330
1A
100
AcDbEntity
  8
B.Cu
  6
CONTINUOUS
100
AcDbLine
 10
149.1897040000000061
 20
-95.019953000000001
 30
0
 11
149.1897019999999827
 21
-95.0199519999999893
 31
0
  0
LINE
  5
692
330
1A
100
AcDbEntity
  8
B.Cu
  6
CONTINUOUS
100
AcDbLine
 10
149.1897019999999827
 20
-95.0199519999999893
 30
0
 11
149.013087999999982
 21
-94.9467969999999895
 31
0
  0
LINE
  5
693
330
1A
100
AcDbEntity
  8
B.Cu
  6
CONTINUOUS
100
AcDbLine
 10
149.013087999999982
 20
-94.9467969999999895
 30
0
 11
149.0130780000000073
 21
-94.946793999999997
 31
0
  0
LINE
  5
694
330
1A
100
AcDbEntity
  8
B.Cu
  6
CONTINUOUS
100
AcDbLine
 10
149.0130780000000073
 20
-94.946793999999997
 30
0
 11
148.825587999999982
 21
-94.9094999999999942
 31
0
  0
LINE
  5
695
330
1A
100
AcDbEntity
  8
B.Cu
  6
CONTINUOUS
100
AcDbLine
 10
148.825587999999982
 20
-94.9094999999999942
 30
0
 11
148.8255859999999871
 21
-94.9094999999999942
 31
0
  0
LINE
  5
696
330
1A
100
AcDbEntity
  8
B.Cu
  6
CONTINUOUS
100
AcDbLine
 10
148.8255859999999871
 20
-94.9094999999999942
 30
0
 11
148.6344139999999925
 21
-94.9094999999999942
 31
0
  0
LINE
  5
697
330
1A
100
AcDbEntity
  8
B.Cu
  6
CONTINUOUS
100
AcDbLine
 10
148.6344139999999925
 20
-94.9094999999999942
 30
0
 11
148.6344119999999975
 21
-94.9094999999999942
 31
0
  0
LINE
  5
698
330
1A
100
AcDbEntity
  8
B.Cu
  6
CONTINUOUS
100
AcDbLine
 10
148.6344119999999975
 20
-94.9094999999999942
 30
0
 11
148.4469210000000032
 21
-94.946793999999997
 31
0
  0
LINE
  5
699
330
1A
100
AcDbEntity
  8
B.Cu
  6
CONTINUOUS
100
AcDbLine
 10
148.4469210000000032
 20
-94.946793999999997
 30
0
 11
148.4469110000000001
 21
-94.9467969999999895
 31
0
  0
LINE
  5
69A
330
1A
100
AcDbEntity
  8
B.Cu
  6
CONTINUOUS
100
AcDbLine
 10
148.4469110000000001
 20
-94.9467969999999895
 30
0
 11
148.2702989999999943
 21
-95.0199509999999918
 31
0
  0
LINE
  5
69B
330
1A
100
AcDbEntity
  8
B.Cu
  6
CONTINUOUS
100
AcDbLine
 10
148.2702989999999943
 20
-95.0199509999999918
 30
0
 11
148.1113389999999868
 21
-95.1261639999999886
 31
0
  0
LINE
  5
69C
330
1A
100
AcDbEntity
  8
B.Cu
  6
CONTINUOUS
100
AcDbLine
 10
148.1113389999999868
 20
-95.1261639999999886
 30
0
 11
147.9761639999999829
 21
-95.2613389999999924
 31
0
  0
LINE
  5
69D
330
1A
100
AcDbEntity
  8
B.Cu
  6
CONTINUOUS
100
AcDbLine
 10
147.9761639999999829
 20
-95.2613389999999924
 30
0
 11
147.8699509999999862
 21
-95.420299
 31
0
  0
LINE
  5
69E
330
1A
100
AcDbEntity
  8
B.Cu
  6
CONTINUOUS
100
AcDbLine
 10
147.8699509999999862
 20
-95.420299
 30
0
 11
147.796796999999998
 21
-95.5969109999999915
 31
0
  0
LINE
  5
69F
330
1A
100
AcDbEntity
  8
B.Cu
  6
CONTINUOUS
100
AcDbLine
 10
147.796796999999998
 20
-95.5969109999999915
 30
0
 11
147.7967940000000056
 21
-95.5969209999999947
 31
0
  0
LINE
  5
6A0
330
1A
100
AcDbEntity
  8
B.Cu
  6
CONTINUOUS
100
AcDbLine
 10
147.7967940000000056
 20
-95.5969209999999947
 30
0
 11
147.7595000000000027
 21
-95.7844109999999915
 31
0
  0
LINE
  5
6A1
330
1A
100
AcDbEntity
  8
B.Cu
  6
CONTINUOUS
100
AcDbLine
 10
147.7595000000000027
 20
-95.7844109999999915
 30
0
 11
147.7595000000000027
 21
-95.7844139999999982
 31
0
  0
LINE
  5
6A2
330
1A
100
AcDbEntity
  8
B.Cu
  6
CONTINUOUS
100
AcDbLine
 10
147.7595000000000027
 20
-95.7844139999999982
 30
0
 11
147.7595000000000027
 21
-95.9755859999999927
 31
0
  0
LINE
  5
6A3
330
1A
100
AcDbEntity
  8
B.Cu
  6
CONTINUOUS
100
AcDbLine
 10
147.7595000000000027
 20
-95.9755859999999927
 30
0
 11
147.7595000000000027
 21
-95.9755880000000019
 31
0
  0
LINE
  5
6A4
330
1A
100
AcDbEntity
  8
B.Cu
  6
CONTINUOUS
100
AcDbLine
 10
147.7595000000000027
 20
-95.9755880000000019
 30
0
 11
147.7594990000000053
 21
-95.9755880000000019
 31
0
  0
LINE
  5
6A5
330
1A
100
AcDbEntity
  8
B.Cu
  6
CONTINUOUS
100
AcDbLine
 10
147.7594990000000053
 20
-95.9755880000000019
 30
0
 11
147.7967940000000056
 21
-96.1630779999999987
 31
0
  0
LINE
  5
6A6
330
1A
100
AcDbEntity
  8
B.Cu
  6
CONTINUOUS
100
AcDbLine
 10
147.7967940000000056
 20
-96.1630779999999987
 30
0
 11
147.796796999999998
 21
-96.1630880000000019
 31
0
  0
LINE
  5
6A7
330
1A
100
AcDbEntity
  8
B.Cu
  6
CONTINUOUS
100
AcDbLine
 10
147.796796999999998
 20
-96.1630880000000019
 30
0
 11
147.8699509999999862
 21
-96.3396999999999935
 31
0
  0
LINE
  5
6A8
330
1A
100
AcDbEntity
  8
B.Cu
  6
CONTINUOUS
100
AcDbLine
 10
147.8699509999999862
 20
-96.3396999999999935
 30
0
 11
147.9761639999999829
 21
-96.498660000000001
 31
0
  0
LINE
  5
6A9
330
1A
100
AcDbEntity
  8
B.Cu
  6
CONTINUOUS
100
AcDbLine
 10
147.9761639999999829
 20
-96.498660000000001
 30
0
 11
148.1113389999999868
 21
-96.6338349999999906
 31
0
  0
LINE
  5
6AA
330
1A
100
AcDbEntity
  8
B.Cu
  6
CONTINUOUS
100
AcDbLine
 10
148.1113389999999868
 20
-96.6338349999999906
 30
0
 11
148.2702989999999943
 21
-96.7400480000000016
 31
0
  0
LINE
  5
6AB
330
1A
100
AcDbEntity
  8
B.Cu
  6
CONTINUOUS
100
AcDbLine
 10
148.2702989999999943
 20
-96.7400480000000016
 30
0
 11
148.4469110000000001
 21
-96.8132019999999898
 31
0
  0
LINE
  5
6AC
330
1A
100
AcDbEntity
  8
B.Cu
  6
CONTINUOUS
100
AcDbLine
 10
148.4469110000000001
 20
-96.8132019999999898
 30
0
 11
148.4469159999999874
 21
-96.8132039999999989
 31
0
  0
LINE
  5
6AD
330
1A
100
AcDbEntity
  8
B.Cu
  6
CONTINUOUS
100
AcDbLine
 10
148.4469159999999874
 20
-96.8132039999999989
 30
0
 11
148.4469200000000058
 21
-96.8132039999999989
 31
0
  0
LINE
  5
6AE
330
1A
100
AcDbEntity
  8
B.Cu
  6
CONTINUOUS
100
AcDbLine
 10
148.4469200000000058
 20
-96.8132039999999989
 30
0
 11
148.4469210000000032
 21
-96.8132049999999964
 31
0
  0
LINE
  5
6AF
330
1A
100
AcDbEntity
  8
B.Cu
  6
CONTINUOUS
100
AcDbLine
 10
148.4469210000000032
 20
-96.8132049999999964
 30
0
 11
148.6344110000000001
 21
-96.8504999999999967
 31
0
  0
LINE
  5
6B0
330
1A
100
AcDbEntity
  8
B.Cu
  6
CONTINUOUS
100
AcDbLine
 10
148.6344110000000001
 20
-96.8504999999999967
 30
0
 11
148.6344139999999925
 21
-96.8504999999999967
 31
0
  0
LINE
  5
6B1
330
1A
100
AcDbEntity
  8
B.Cu
  6
CONTINUOUS
100
AcDbLine
 10
148.6344139999999925
 20
-96.8504999999999967
 30
0
 11
148.825587999999982
 21
-96.8504999999999967
 31
0
  0
LINE
  5
6B2
330
1A
100
AcDbEntity
  8
B.Cu
  6
CONTINUOUS
100
AcDbLine
 10
148.825587999999982
 20
-96.8504999999999967
 30
0
 11
148.9556570000000022
 21
-96.8246269999999924
 31
0
  0
LINE
  5
6B3
330
1A
100
AcDbEntity
  8
B.Cu
  6
CONTINUOUS
100
AcDbLine
 10
148.9556570000000022
 20
-96.8246269999999924
 30
0
 11
149.0130839999999921
 21
-96.8132039999999989
 31
0
  0
LINE
  5
6B4
330
1A
100
AcDbEntity
  8
B.Cu
  6
CONTINUOUS
100
AcDbLine
 10
149.0130839999999921
 20
-96.8132039999999989
 30
0
 11
149.1880479999999807
 21
-96.7407319999999942
 31
0
  0
LINE
  5
6B5
330
1A
100
AcDbEntity
  8
B.Cu
  6
CONTINUOUS
100
AcDbLine
 10
149.1880479999999807
 20
-96.7407319999999942
 30
0
 11
149.1897019999999827
 21
-96.7400469999999899
 31
0
  0
LINE
  5
6B6
330
1A
100
AcDbEntity
  8
B.Cu
  6
CONTINUOUS
100
AcDbLine
 10
149.1897019999999827
 20
-96.7400469999999899
 30
0
 11
149.1897019999999827
 21
-96.7400459999999924
 31
0
  0
LINE
  5
6B7
330
1A
100
AcDbEntity
  8
B.Cu
  6
CONTINUOUS
100
AcDbLine
 10
149.1897019999999827
 20
-96.7400459999999924
 30
0
 11
149.1897040000000061
 21
-96.7400459999999924
 31
0
  0
LINE
  5
6B8
330
1A
100
AcDbEntity
  8
B.Cu
  6
CONTINUOUS
100
AcDbLine
 10
149.1897040000000061
 20
-96.7400459999999924
 30
0
 11
149.2066079999999886
 21
-96.7287499999999909
 31
0
  0
LINE
  5
6B9
330
1A
100
AcDbEntity
  8
B.Cu
  6
CONTINUOUS
100
AcDbLine
 10
149.2066079999999886
 20
-96.7287499999999909
 30
0
 11
149.2732849999999871
 21
-96.7078719999999947
 31
0
  0
LINE
  5
6BA
330
1A
100
AcDbEntity
  8
B.Cu
  6
CONTINUOUS
100
AcDbLine
 10
149.2732849999999871
 20
-96.7078719999999947
 30
0
 11
149.3406650000000013
 21
-96.7263559999999956
 31
0
  0
LINE
  5
6BB
330
1A
100
AcDbEntity
  8
B.Cu
  6
CONTINUOUS
100
AcDbLine
 10
149.3406650000000013
 20
-96.7263559999999956
 30
0
 11
149.3873559999999827
 21
-96.778334000000001
 31
0
  0
LINE
  5
6BC
330
1A
100
AcDbEntity
  8
B.Cu
  6
CONTINUOUS
100
AcDbLine
 10
149.3873559999999827
 20
-96.778334000000001
 30
0
 11
149.3994999999999891
 21
-96.8318519999999978
 31
0
  0
LINE
  5
6BD
330
1A
100
AcDbEntity
  8
B.Cu
  6
CONTINUOUS
100
AcDbLine
 10
149.3994999999999891
 20
-96.8318519999999978
 30
0
 11
149.3994999999999891
 21
-97.0062819999999988
 31
0
  0
LINE
  5
6BE
330
1A
100
AcDbEntity
  8
B.Cu
  6
CONTINUOUS
100
AcDbLine
 10
149.3994999999999891
 20
-97.0062819999999988
 30
0
 11
149.3812529999999867
 21
-97.0684210000000007
 31
0
  0
LINE
  5
6BF
330
1A
100
AcDbEntity
  8
B.Cu
  6
CONTINUOUS
100
AcDbLine
 10
149.3812529999999867
 20
-97.0684210000000007
 30
0
 11
149.3820949999999925
 21
-97.0688710000000015
 31
0
  0
LINE
  5
6C0
330
1A
100
AcDbEntity
  8
B.Cu
  6
CONTINUOUS
100
AcDbLine
 10
149.3820949999999925
 20
-97.0688710000000015
 30
0
 11
149.379934999999989
 21
-97.0729109999999906
 31
0
  0
LINE
  5
6C1
330
1A
100
AcDbEntity
  8
B.Cu
  6
CONTINUOUS
100
AcDbLine
 10
149.379934999999989
 20
-97.0729109999999906
 30
0
 11
149.3798149999999794
 21
-97.0733209999999929
 31
0
  0
LINE
  5
6C2
330
1A
100
AcDbEntity
  8
B.Cu
  6
CONTINUOUS
100
AcDbLine
 10
149.3798149999999794
 20
-97.0733209999999929
 30
0
 11
149.3792779999999993
 21
-97.0741390000000024
 31
0
  0
LINE
  5
6C3
330
1A
100
AcDbEntity
  8
B.Cu
  6
CONTINUOUS
100
AcDbLine
 10
149.3792779999999993
 20
-97.0741390000000024
 30
0
 11
149.3792229999999961
 21
-97.0742419999999981
 31
0
  0
LINE
  5
6C4
330
1A
100
AcDbEntity
  8
B.Cu
  6
CONTINUOUS
100
AcDbLine
 10
149.3792229999999961
 20
-97.0742419999999981
 30
0
 11
149.3264209999999821
 21
-97.2017189999999971
 31
0
  0
LINE
  5
6C5
330
1A
100
AcDbEntity
  8
B.Cu
  6
CONTINUOUS
100
AcDbLine
 10
149.3264209999999821
 20
-97.2017189999999971
 30
0
 11
149.3264179999999897
 21
-97.2017290000000003
 31
0
  0
LINE
  5
6C6
330
1A
100
AcDbEntity
  8
B.Cu
  6
CONTINUOUS
100
AcDbLine
 10
149.3264179999999897
 20
-97.2017290000000003
 30
0
 11
149.2994999999999948
 21
-97.3370559999999898
 31
0
  0
LINE
  5
6C7
330
1A
100
AcDbEntity
  8
B.Cu
  6
CONTINUOUS
100
AcDbLine
 10
149.2994999999999948
 20
-97.3370559999999898
 30
0
 11
149.2994999999999948
 21
-99.6584799999999973
 31
0
  0
LINE
  5
6C8
330
1A
100
AcDbEntity
  8
B.Cu
  6
CONTINUOUS
100
AcDbLine
 10
149.2994999999999948
 20
-99.6584799999999973
 30
0
 11
149.279814999999985
 21
-99.7255189999999914
 31
0
  0
LINE
  5
6C9
330
1A
100
AcDbEntity
  8
B.Cu
  6
CONTINUOUS
100
AcDbLine
 10
149.279814999999985
 20
-99.7255189999999914
 30
0
 11
149.263181000000003
 21
-99.7461610000000007
 31
0
  0
LINE
  5
6CA
330
1A
100
AcDbEntity
  8
B.Cu
  6
CONTINUOUS
100
AcDbLine
 10
149.263181000000003
 20
-99.7461610000000007
 30
0
 11
140.5658880000000011
 21
-108.443452999999991
 31
0
  0
LINE
  5
6CB
330
1A
100
AcDbEntity
  8
B.Cu
  6
CONTINUOUS
100
AcDbLine
 10
140.5658880000000011
 20
-108.443452999999991
 30
0
 11
140.5658870000000036
 21
-108.4434539999999885
 31
0
  0
LINE
  5
6CC
330
1A
100
AcDbEntity
  8
B.Cu
  6
CONTINUOUS
100
AcDbLine
 10
140.5658870000000036
 20
-108.4434539999999885
 30
0
 11
140.4892219999999838
 21
-108.5581919999999911
 31
0
  0
LINE
  5
6CD
330
1A
100
AcDbEntity
  8
B.Cu
  6
CONTINUOUS
100
AcDbLine
 10
140.4892219999999838
 20
-108.5581919999999911
 30
0
 11
140.4364209999999957
 21
-108.6856669999999951
 31
0
  0
LINE
  5
6CE
330
1A
100
AcDbEntity
  8
B.Cu
  6
CONTINUOUS
100
AcDbLine
 10
140.4364209999999957
 20
-108.6856669999999951
 30
0
 11
140.4364180000000033
 21
-108.6856779999999958
 31
0
  0
LINE
  5
6CF
330
1A
100
AcDbEntity
  8
B.Cu
  6
CONTINUOUS
100
AcDbLine
 10
140.4364180000000033
 20
-108.6856779999999958
 30
0
 11
140.4172969999999907
 21
-108.781809999999993
 31
0
  0
LINE
  5
6D0
330
1A
100
AcDbEntity
  8
B.Cu
  6
CONTINUOUS
100
AcDbLine
 10
140.4172969999999907
 20
-108.781809999999993
 30
0
 11
140.4172969999999907
 21
-108.7818129999999996
 31
0
  0
LINE
  5
6D1
330
1A
100
AcDbEntity
  8
B.Cu
  6
CONTINUOUS
100
AcDbLine
 10
140.4172969999999907
 20
-108.7818129999999996
 30
0
 11
140.40949999999998
 21
-108.8210069999999945
 31
0
  0
LINE
  5
6D2
330
1A
100
AcDbEntity
  8
B.Cu
  6
CONTINUOUS
100
AcDbLine
 10
140.40949999999998
 20
-108.8210069999999945
 30
0
 11
140.40949999999998
 21
-110.3966419999999999
 31
0
  0
LINE
  5
6D3
330
1A
100
AcDbEntity
  8
B.Cu
  6
CONTINUOUS
100
AcDbLine
 10
140.40949999999998
 20
-110.3966419999999999
 30
0
 11
140.3898149999999987
 21
-110.463680999999994
 31
0
  0
LINE
  5
6D4
330
1A
100
AcDbEntity
  8
B.Cu
  6
CONTINUOUS
100
AcDbLine
 10
140.3898149999999987
 20
-110.463680999999994
 30
0
 11
140.3731809999999882
 21
-110.4843229999999892
 31
0
  0
LINE
  5
6D5
330
1A
100
AcDbEntity
  8
B.Cu
  6
CONTINUOUS
100
AcDbLine
 10
140.3731809999999882
 20
-110.4843229999999892
 30
0
 11
140.3561650000000043
 21
-110.5013379999999898
 31
0
  0
LINE
  5
6D6
330
1A
100
AcDbEntity
  8
B.Cu
  6
CONTINUOUS
100
AcDbLine
 10
140.3561650000000043
 20
-110.5013379999999898
 30
0
 11
140.3561640000000068
 21
-110.5013390000000015
 31
0
  0
LINE
  5
6D7
330
1A
100
AcDbEntity
  8
B.Cu
  6
CONTINUOUS
100
AcDbLine
 10
140.3561640000000068
 20
-110.5013390000000015
 30
0
 11
140.2499509999999816
 21
-110.6602989999999949
 31
0
  0
LINE
  5
6D8
330
1A
100
AcDbEntity
  8
B.Cu
  6
CONTINUOUS
100
AcDbLine
 10
140.2499509999999816
 20
-110.6602989999999949
 30
0
 11
140.1767969999999934
 21
-110.8369110000000006
 31
0
  0
LINE
  5
6D9
330
1A
100
AcDbEntity
  8
B.Cu
  6
CONTINUOUS
100
AcDbLine
 10
140.1767969999999934
 20
-110.8369110000000006
 30
0
 11
140.176794000000001
 21
-110.8369209999999896
 31
0
  0
LINE
  5
6DA
330
1A
100
AcDbEntity
  8
B.Cu
  6
CONTINUOUS
100
AcDbLine
 10
140.176794000000001
 20
-110.8369209999999896
 30
0
 11
140.1394999999999982
 21
-111.0244110000000006
 31
0
  0
LINE
  5
6DB
330
1A
100
AcDbEntity
  8
B.Cu
  6
CONTINUOUS
100
AcDbLine
 10
140.1394999999999982
 20
-111.0244110000000006
 30
0
 11
140.1394999999999982
 21
-111.0244139999999931
 31
0
  0
LINE
  5
6DC
330
1A
100
AcDbEntity
  8
B.Cu
  6
CONTINUOUS
100
AcDbLine
 10
140.1394999999999982
 20
-111.0244139999999931
 30
0
 11
140.1394999999999982
 21
-111.2155860000000018
 31
0
  0
LINE
  5
6DD
330
1A
100
AcDbEntity
  8
B.Cu
  6
CONTINUOUS
100
AcDbLine
 10
140.1394999999999982
 20
-111.2155860000000018
 30
0
 11
140.1394999999999982
 21
-111.2155879999999968
 31
0
  0
LINE
  5
6DE
330
1A
100
AcDbEntity
  8
B.Cu
  6
CONTINUOUS
100
AcDbLine
 10
140.1394999999999982
 20
-111.2155879999999968
 30
0
 11
140.1394990000000007
 21
-111.2155879999999968
 31
0
  0
LINE
  5
6DF
330
1A
100
AcDbEntity
  8
B.Cu
  6
CONTINUOUS
100
AcDbLine
 10
140.1394990000000007
 20
-111.2155879999999968
 30
0
 11
140.176794000000001
 21
-111.4030779999999936
 31
0
  0
LINE
  5
6E0
330
1A
100
AcDbEntity
  8
B.Cu
  6
CONTINUOUS
100
AcDbLine
 10
140.176794000000001
 20
-111.4030779999999936
 30
0
 11
140.1767969999999934
 21
-111.4030879999999968
 31
0
  0
LINE
  5
6E1
330
1A
100
AcDbEntity
  8
B.Cu
  6
CONTINUOUS
100
AcDbLine
 10
140.1767969999999934
 20
-111.4030879999999968
 30
0
 11
140.2499509999999816
 21
-111.5796999999999883
 31
0
  0
LINE
  5
6E2
330
1A
100
AcDbEntity
  8
B.Cu
  6
CONTINUOUS
100
AcDbLine
 10
140.2499509999999816
 20
-111.5796999999999883
 30
0
 11
140.3561640000000068
 21
-111.7386599999999959
 31
0
  0
LINE
  5
6E3
330
1A
100
AcDbEntity
  8
B.Cu
  6
CONTINUOUS
100
AcDbLine
 10
140.3561640000000068
 20
-111.7386599999999959
 30
0
 11
140.4913389999999822
 21
-111.8738349999999997
 31
0
  0
LINE
  5
6E4
330
1A
100
AcDbEntity
  8
B.Cu
  6
CONTINUOUS
100
AcDbLine
 10
140.4913389999999822
 20
-111.8738349999999997
 30
0
 11
140.6502989999999897
 21
-111.9800479999999965
 31
0
  0
LINE
  5
6E5
330
1A
100
AcDbEntity
  8
B.Cu
  6
CONTINUOUS
100
AcDbLine
 10
140.6502989999999897
 20
-111.9800479999999965
 30
0
 11
140.8269109999999955
 21
-112.0532019999999989
 31
0
  0
LINE
  5
6E6
330
1A
100
AcDbEntity
  8
B.Cu
  6
CONTINUOUS
100
AcDbLine
 10
140.8269109999999955
 20
-112.0532019999999989
 30
0
 11
140.8269159999999829
 21
-112.0532039999999938
 31
0
  0
LINE
  5
6E7
330
1A
100
AcDbEntity
  8
B.Cu
  6
CONTINUOUS
100
AcDbLine
 10
140.8269159999999829
 20
-112.0532039999999938
 30
0
 11
140.8269200000000012
 21
-112.0532039999999938
 31
0
  0
LINE
  5
6E8
330
1A
100
AcDbEntity
  8
B.Cu
  6
CONTINUOUS
100
AcDbLine
 10
140.8269200000000012
 20
-112.0532039999999938
 30
0
 11
140.8269209999999987
 21
-112.0532049999999913
 31
0
  0
LINE
  5
6E9
330
1A
100
AcDbEntity
  8
B.Cu
  6
CONTINUOUS
100
AcDbLine
 10
140.8269209999999987
 20
-112.0532049999999913
 30
0
 11
141.0144109999999955
 21
-112.0904999999999916
 31
0
  0
LINE
  5
6EA
330
1A
100
AcDbEntity
  8
B.Cu
  6
CONTINUOUS
100
AcDbLine
 10
141.0144109999999955
 20
-112.0904999999999916
 30
0
 11
141.0144139999999879
 21
-112.0904999999999916
 31
0
  0
LINE
  5
6EB
330
1A
100
AcDbEntity
  8
B.Cu
  6
CONTINUOUS
100
AcDbLine
 10
141.0144139999999879
 20
-112.0904999999999916
 30
0
 11
141.2055880000000059
 21
-112.0904999999999916
 31
0
  0
LINE
  5
6EC
330
1A
100
AcDbEntity
  8
B.Cu
  6
CONTINUOUS
100
AcDbLine
 10
141.2055880000000059
 20
-112.0904999999999916
 30
0
 11
141.3763979999999947
 21
-112.0565229999999985
 31
0
  0
LINE
  5
6ED
330
1A
100
AcDbEntity
  8
B.Cu
  6
CONTINUOUS
100
AcDbLine
 10
141.3763979999999947
 20
-112.0565229999999985
 30
0
 11
141.3930839999999876
 21
-112.0532039999999938
 31
0
  0
LINE
  5
6EE
330
1A
100
AcDbEntity
  8
B.Cu
  6
CONTINUOUS
100
AcDbLine
 10
141.3930839999999876
 20
-112.0532039999999938
 30
0
 11
141.4858769999999879
 21
-112.0147679999999895
 31
0
  0
LINE
  5
6EF
330
1A
100
AcDbEntity
  8
B.Cu
  6
CONTINUOUS
100
AcDbLine
 10
141.4858769999999879
 20
-112.0147679999999895
 30
0
 11
141.5696999999999832
 21
-111.9800479999999965
 31
0
  0
LINE
  5
6F0
330
1A
100
AcDbEntity
  8
B.Cu
  6
CONTINUOUS
100
AcDbLine
 10
141.5696999999999832
 20
-111.9800479999999965
 30
0
 11
141.5697009999999807
 21
-111.980046999999999
 31
0
  0
LINE
  5
6F1
330
1A
100
AcDbEntity
  8
B.Cu
  6
CONTINUOUS
100
AcDbLine
 10
141.5697009999999807
 20
-111.980046999999999
 30
0
 11
141.5697040000000015
 21
-111.9800460000000015
 31
0
  0
LINE
  5
6F2
330
1A
100
AcDbEntity
  8
B.Cu
  6
CONTINUOUS
100
AcDbLine
 10
141.5697040000000015
 20
-111.9800460000000015
 30
0
 11
141.7286579999999958
 21
-111.8738369999999946
 31
0
  0
LINE
  5
6F3
330
1A
100
AcDbEntity
  8
B.Cu
  6
CONTINUOUS
100
AcDbLine
 10
141.7286579999999958
 20
-111.8738369999999946
 30
0
 11
141.8638369999999895
 21
-111.7386580000000009
 31
0
  0
LINE
  5
6F4
330
1A
100
AcDbEntity
  8
B.Cu
  6
CONTINUOUS
100
AcDbLine
 10
141.8638369999999895
 20
-111.7386580000000009
 30
0
 11
141.9700459999999964
 21
-111.5797039999999924
 31
0
  0
LINE
  5
6F5
330
1A
100
AcDbEntity
  8
B.Cu
  6
CONTINUOUS
100
AcDbLine
 10
141.9700459999999964
 20
-111.5797039999999924
 30
0
 11
142.0432040000000029
 21
-111.4030839999999927
 31
0
  0
LINE
  5
6F6
330
1A
100
AcDbEntity
  8
B.Cu
  6
CONTINUOUS
100
AcDbLine
 10
142.0432040000000029
 20
-111.4030839999999927
 30
0
 11
142.0805000000000007
 21
-111.2155860000000018
 31
0
  0
LINE
  5
6F7
330
1A
100
AcDbEntity
  8
B.Cu
  6
CONTINUOUS
100
AcDbLine
 10
142.0805000000000007
 20
-111.2155860000000018
 30
0
 11
142.0805000000000007
 21
-111.0244139999999931
 31
0
  0
LINE
  5
6F8
330
1A
100
AcDbEntity
  8
B.Cu
  6
CONTINUOUS
100
AcDbLine
 10
142.0805000000000007
 20
-111.0244139999999931
 30
0
 11
142.0805000000000007
 21
-111.0244110000000006
 31
0
  0
LINE
  5
6F9
330
1A
100
AcDbEntity
  8
B.Cu
  6
CONTINUOUS
100
AcDbLine
 10
142.0805000000000007
 20
-111.0244110000000006
 30
0
 11
142.0432050000000004
 21
-110.8369209999999896
 31
0
  0
LINE
  5
6FA
330
1A
100
AcDbEntity
  8
B.Cu
  6
CONTINUOUS
100
AcDbLine
 10
142.0432050000000004
 20
-110.8369209999999896
 30
0
 11
142.0432040000000029
 21
-110.8369199999999921
 31
0
  0
LINE
  5
6FB
330
1A
100
AcDbEntity
  8
B.Cu
  6
CONTINUOUS
100
AcDbLine
 10
142.0432040000000029
 20
-110.8369199999999921
 30
0
 11
142.0432040000000029
 21
-110.836915999999988
 31
0
  0
LINE
  5
6FC
330
1A
100
AcDbEntity
  8
B.Cu
  6
CONTINUOUS
100
AcDbLine
 10
142.0432040000000029
 20
-110.836915999999988
 30
0
 11
141.9905689999999936
 21
-110.7098429999999922
 31
0
  0
LINE
  5
6FD
330
1A
100
AcDbEntity
  8
B.Cu
  6
CONTINUOUS
100
AcDbLine
 10
141.9905689999999936
 20
-110.7098429999999922
 30
0
 11
141.9700479999999914
 21
-110.6602989999999949
 31
0
  0
LINE
  5
6FE
330
1A
100
AcDbEntity
  8
B.Cu
  6
CONTINUOUS
100
AcDbLine
 10
141.9700479999999914
 20
-110.6602989999999949
 30
0
 11
141.8638349999999946
 21
-110.5013390000000015
 31
0
  0
LINE
  5
6FF
330
1A
100
AcDbEntity
  8
B.Cu
  6
CONTINUOUS
100
AcDbLine
 10
141.8638349999999946
 20
-110.5013390000000015
 30
0
 11
141.8468189999999822
 21
-110.4843229999999892
 31
0
  0
LINE
  5
700
330
1A
100
AcDbEntity
  8
B.Cu
  6
CONTINUOUS
100
AcDbLine
 10
141.8468189999999822
 20
-110.4843229999999892
 30
0
 11
141.8133339999999976
 21
-110.4230000000000018
 31
0
  0
LINE
  5
701
330
1A
100
AcDbEntity
  8
B.Cu
  6
CONTINUOUS
100
AcDbLine
 10
141.8133339999999976
 20
-110.4230000000000018
 30
0
 11
141.8104999999999905
 21
-110.3966419999999999
 31
0
  0
LINE
  5
702
330
1A
100
AcDbEntity
  8
B.Cu
  6
CONTINUOUS
100
AcDbLine
 10
141.8104999999999905
 20
-110.3966419999999999
 30
0
 11
141.8104999999999905
 21
-109.2315189999999916
 31
0
  0
LINE
  5
703
330
1A
100
AcDbEntity
  8
B.Cu
  6
CONTINUOUS
100
AcDbLine
 10
141.8104999999999905
 20
-109.2315189999999916
 30
0
 11
141.8301850000000002
 21
-109.1644799999999975
 31
0
  0
LINE
  5
704
330
1A
100
AcDbEntity
  8
B.Cu
  6
CONTINUOUS
100
AcDbLine
 10
141.8301850000000002
 20
-109.1644799999999975
 30
0
 11
141.8468189999999822
 21
-109.1438379999999881
 31
0
  0
LINE
  5
705
330
1A
100
AcDbEntity
  8
B.Cu
  6
CONTINUOUS
100
AcDbLine
 10
141.8468189999999822
 20
-109.1438379999999881
 30
0
 11
150.5441119999999842
 21
-100.4465450000000004
 31
0
  0
LINE
  5
706
330
1A
100
AcDbEntity
  8
B.Cu
  6
CONTINUOUS
100
AcDbLine
 10
150.5441119999999842
 20
-100.4465450000000004
 30
0
 11
150.5441139999999791
 21
-100.4465429999999913
 31
0
  0
LINE
  5
707
330
1A
100
AcDbEntity
  8
B.Cu
  6
CONTINUOUS
100
AcDbLine
 10
150.5441139999999791
 20
-100.4465429999999913
 30
0
 11
150.6207749999999805
 21
-100.3318110000000019
 31
0
  0
LINE
  5
708
330
1A
100
AcDbEntity
  8
B.Cu
  6
CONTINUOUS
100
AcDbLine
 10
150.6207749999999805
 20
-100.3318110000000019
 30
0
 11
150.673579999999987
 21
-100.2043279999999896
 31
0
  0
LINE
  5
709
330
1A
100
AcDbEntity
  8
B.Cu
  6
CONTINUOUS
100
AcDbLine
 10
150.673579999999987
 20
-100.2043279999999896
 30
0
 11
150.7005000000000052
 21
-100.0689939999999893
 31
0
  0
LINE
  5
70A
330
1A
100
AcDbEntity
  8
B.Cu
  6
CONTINUOUS
100
AcDbLine
 10
150.7005000000000052
 20
-100.0689939999999893
 30
0
 11
150.7005000000000052
 21
-99.9310059999999964
 31
0
  0
LINE
  5
70B
330
1A
100
AcDbEntity
  8
B.Cu
  6
CONTINUOUS
100
AcDbLine
 10
150.7005000000000052
 20
-99.9310059999999964
 30
0
 11
150.7005000000000052
 21
-97.3370589999999964
 31
0
  0
LINE
  5
70C
330
1A
100
AcDbEntity
  8
B.Cu
  6
CONTINUOUS
100
AcDbLine
 10
150.7005000000000052
 20
-97.3370589999999964
 30
0
 11
150.7005000000000052
 21
-97.3370559999999898
 31
0
  0
LINE
  5
70D
330
1A
100
AcDbEntity
  8
B.Cu
  6
CONTINUOUS
100
AcDbLine
 10
150.7005000000000052
 20
-97.3370559999999898
 30
0
 11
150.6735809999999844
 21
-97.2017290000000003
 31
0
  0
LINE
  5
70E
330
1A
100
AcDbEntity
  8
B.Cu
  6
CONTINUOUS
100
AcDbLine
 10
150.6735809999999844
 20
-97.2017290000000003
 30
0
 11
150.673579999999987
 21
-97.2017279999999886
 31
0
  0
LINE
  5
70F
330
1A
100
AcDbEntity
  8
B.Cu
  6
CONTINUOUS
100
AcDbLine
 10
150.673579999999987
 20
-97.2017279999999886
 30
0
 11
150.673579999999987
 21
-97.2017239999999987
 31
0
  0
LINE
  5
710
330
1A
100
AcDbEntity
  8
B.Cu
  6
CONTINUOUS
100
AcDbLine
 10
150.673579999999987
 20
-97.2017239999999987
 30
0
 11
150.6373439999999846
 21
-97.1142419999999902
 31
0
  0
LINE
  5
711
330
1A
100
AcDbEntity
  8
B.Cu
  6
CONTINUOUS
100
AcDbLine
 10
150.6373439999999846
 20
-97.1142419999999902
 30
0
 11
150.6207760000000064
 21
-97.0742419999999981
 31
0
  0
LINE
  5
712
330
1A
100
AcDbEntity
  8
B.Cu
  6
CONTINUOUS
100
AcDbLine
 10
150.6207760000000064
 20
-97.0742419999999981
 30
0
 11
150.6179049999999791
 21
-97.0688710000000015
 31
0
  0
LINE
  5
713
330
1A
100
AcDbEntity
  8
B.Cu
  6
CONTINUOUS
100
AcDbLine
 10
150.6179049999999791
 20
-97.0688710000000015
 30
0
 11
150.6192049999999938
 21
-97.0681749999999965
 31
0
  0
LINE
  5
714
330
1A
100
AcDbEntity
  8
B.Cu
  6
CONTINUOUS
100
AcDbLine
 10
150.6192049999999938
 20
-97.0681749999999965
 30
0
 11
150.6005199999999888
 21
-97.0084899999999948
 31
0
  0
LINE
  5
715
330
1A
100
AcDbEntity
  8
B.Cu
  6
CONTINUOUS
100
AcDbLine
 10
150.6005199999999888
 20
-97.0084899999999948
 30
0
 11
150.6004999999999825
 21
-97.0062819999999988
 31
0
  0
LINE
  5
716
330
1A
100
AcDbEntity
  8
B.Cu
  6
CONTINUOUS
100
AcDbLine
 10
150.6004999999999825
 20
-97.0062819999999988
 30
0
 11
150.6004999999999825
 21
-96.8318519999999978
 31
0
  0
LINE
  5
717
330
1A
100
AcDbEntity
  8
B.Cu
  6
CONTINUOUS
100
AcDbLine
 10
150.6004999999999825
 20
-96.8318519999999978
 30
0
 11
150.6201849999999922
 21
-96.7648129999999895
 31
0
  0
LINE
  5
718
330
1A
100
AcDbEntity
  8
B.Cu
  6
CONTINUOUS
100
AcDbLine
 10
150.6201849999999922
 20
-96.7648129999999895
 30
0
 11
150.6729890000000012
 21
-96.7190579999999898
 31
0
  0
LINE
  5
719
330
1A
100
AcDbEntity
  8
B.Cu
  6
CONTINUOUS
100
AcDbLine
 10
150.6729890000000012
 20
-96.7190579999999898
 30
0
 11
150.7421469999999886
 21
-96.7091139999999996
 31
0
  0
LINE
  5
71A
330
1A
100
AcDbEntity
  8
B.Cu
  6
CONTINUOUS
100
AcDbLine
 10
150.7421469999999886
 20
-96.7091139999999996
 30
0
 11
150.793391999999983
 21
-96.7287510000000026
 31
0
  0
LINE
  5
71B
330
1A
100
AcDbEntity
  8
B.Cu
  6
CONTINUOUS
100
AcDbLine
 10
150.793391999999983
 20
-96.7287510000000026
 30
0
 11
150.8102969999999914
 21
-96.7400469999999899
 31
0
  0
LINE
  5
71C
330
1A
100
AcDbEntity
  8
B.Cu
  6
CONTINUOUS
100
AcDbLine
 10
150.8102969999999914
 20
-96.7400469999999899
 30
0
 11
150.9382329999999968
 21
-96.7930389999999932
 31
0
  0
LINE
  5
71D
330
1A
100
AcDbEntity
  8
B.Cu
  6
CONTINUOUS
100
AcDbLine
 10
150.9382329999999968
 20
-96.7930389999999932
 30
0
 11
150.9869159999999795
 21
-96.8132039999999989
 31
0
  0
LINE
  5
71E
330
1A
100
AcDbEntity
  8
B.Cu
  6
CONTINUOUS
100
AcDbLine
 10
150.9869159999999795
 20
-96.8132039999999989
 30
0
 11
150.9869199999999978
 21
-96.8132039999999989
 31
0
  0
LINE
  5
71F
330
1A
100
AcDbEntity
  8
B.Cu
  6
CONTINUOUS
100
AcDbLine
 10
150.9869199999999978
 20
-96.8132039999999989
 30
0
 11
150.9869209999999953
 21
-96.8132049999999964
 31
0
  0
LINE
  5
720
330
1A
100
AcDbEntity
  8
B.Cu
  6
CONTINUOUS
100
AcDbLine
 10
150.9869209999999953
 20
-96.8132049999999964
 30
0
 11
151.1744109999999921
 21
-96.8504999999999967
 31
0
  0
LINE
  5
721
330
1A
100
AcDbEntity
  8
B.Cu
  6
CONTINUOUS
100
AcDbLine
 10
151.1744109999999921
 20
-96.8504999999999967
 30
0
 11
151.1744139999999845
 21
-96.8504999999999967
 31
0
  0
LINE
  5
722
330
1A
100
AcDbEntity
  8
B.Cu
  6
CONTINUOUS
100
AcDbLine
 10
151.1744139999999845
 20
-96.8504999999999967
 30
0
 11
151.3655880000000025
 21
-96.8504999999999967
 31
0
  0
LINE
  5
723
330
1A
100
AcDbEntity
  8
B.Cu
  6
CONTINUOUS
100
AcDbLine
 10
151.3655880000000025
 20
-96.8504999999999967
 30
0
 11
151.4956569999999942
 21
-96.8246269999999924
 31
0
  0
LINE
  5
724
330
1A
100
AcDbEntity
  8
B.Cu
  6
CONTINUOUS
100
AcDbLine
 10
151.4956569999999942
 20
-96.8246269999999924
 30
0
 11
151.5530839999999841
 21
-96.8132039999999989
 31
0
  0
LINE
  5
725
330
1A
100
AcDbEntity
  8
B.Cu
  6
CONTINUOUS
100
AcDbLine
 10
151.5530839999999841
 20
-96.8132039999999989
 30
0
 11
151.7280480000000011
 21
-96.7407309999999967
 31
0
  0
LINE
  5
726
330
1A
100
AcDbEntity
  8
B.Cu
  6
CONTINUOUS
100
AcDbLine
 10
151.7280480000000011
 20
-96.7407309999999967
 30
0
 11
151.7975169999999991
 21
-96.7332629999999938
 31
0
  0
LINE
  5
727
330
1A
100
AcDbEntity
  8
B.Cu
  6
CONTINUOUS
100
AcDbLine
 10
151.7975169999999991
 20
-96.7332629999999938
 30
0
 11
151.8599959999999953
 21
-96.7645380000000017
 31
0
  0
LINE
  5
728
330
1A
100
AcDbEntity
  8
B.Cu
  6
CONTINUOUS
100
AcDbLine
 10
151.8599959999999953
 20
-96.7645380000000017
 30
0
 11
151.8956479999999942
 21
-96.8246269999999924
 31
0
  0
LINE
  5
729
330
1A
100
AcDbEntity
  8
B.Cu
  6
CONTINUOUS
100
AcDbLine
 10
151.8956479999999942
 20
-96.8246269999999924
 30
0
 11
151.8994999999999891
 21
-96.855292999999989
 31
0
  0
LINE
  5
72A
330
1A
100
AcDbEntity
  8
B.Cu
  6
CONTINUOUS
100
AcDbLine
 10
151.8994999999999891
 20
-96.855292999999989
 30
0
 11
151.8994999999999891
 21
-97.0462819999999908
 31
0
  0
LINE
  5
72B
330
1A
100
AcDbEntity
  8
B.Cu
  6
CONTINUOUS
100
AcDbLine
 10
151.8994999999999891
 20
-97.0462819999999908
 30
0
 11
151.8812529999999867
 21
-97.1084209999999928
 31
0
  0
LINE
  5
72C
330
1A
100
AcDbEntity
  8
B.Cu
  6
CONTINUOUS
100
AcDbLine
 10
151.8812529999999867
 20
-97.1084209999999928
 30
0
 11
151.8820949999999925
 21
-97.1088709999999935
 31
0
  0
LINE
  5
72D
330
1A
100
AcDbEntity
  8
B.Cu
  6
CONTINUOUS
100
AcDbLine
 10
151.8820949999999925
 20
-97.1088709999999935
 30
0
 11
151.879934999999989
 21
-97.1129109999999969
 31
0
  0
LINE
  5
72E
330
1A
100
AcDbEntity
  8
B.Cu
  6
CONTINUOUS
100
AcDbLine
 10
151.879934999999989
 20
-97.1129109999999969
 30
0
 11
151.8798149999999794
 21
-97.1133209999999991
 31
0
  0
LINE
  5
72F
330
1A
100
AcDbEntity
  8
B.Cu
  6
CONTINUOUS
100
AcDbLine
 10
151.8798149999999794
 20
-97.1133209999999991
 30
0
 11
151.8792779999999993
 21
-97.1141389999999944
 31
0
  0
LINE
  5
730
330
1A
100
AcDbEntity
  8
B.Cu
  6
CONTINUOUS
100
AcDbLine
 10
151.8792779999999993
 20
-97.1141389999999944
 30
0
 11
151.8792229999999961
 21
-97.1142419999999902
 31
0
  0
LINE
  5
731
330
1A
100
AcDbEntity
  8
B.Cu
  6
CONTINUOUS
100
AcDbLine
 10
151.8792229999999961
 20
-97.1142419999999902
 30
0
 11
151.8264209999999821
 21
-97.2417189999999891
 31
0
  0
LINE
  5
732
330
1A
100
AcDbEntity
  8
B.Cu
  6
CONTINUOUS
100
AcDbLine
 10
151.8264209999999821
 20
-97.2417189999999891
 30
0
 11
151.8264179999999897
 21
-97.2417289999999923
 31
0
  0
LINE
  5
733
330
1A
100
AcDbEntity
  8
B.Cu
  6
CONTINUOUS
100
AcDbLine
 10
151.8264179999999897
 20
-97.2417289999999923
 30
0
 11
151.7994999999999948
 21
-97.3770559999999961
 31
0
  0
LINE
  5
734
330
1A
100
AcDbEntity
  8
B.Cu
  6
CONTINUOUS
100
AcDbLine
 10
151.7994999999999948
 20
-97.3770559999999961
 30
0
 11
151.7994999999999948
 21
-101.7984799999999979
 31
0
  0
LINE
  5
735
330
1A
100
AcDbEntity
  8
B.Cu
  6
CONTINUOUS
100
AcDbLine
 10
151.7994999999999948
 20
-101.7984799999999979
 30
0
 11
151.779814999999985
 21
-101.8655189999999919
 31
0
  0
LINE
  5
736
330
1A
100
AcDbEntity
  8
B.Cu
  6
CONTINUOUS
100
AcDbLine
 10
151.779814999999985
 20
-101.8655189999999919
 30
0
 11
151.763181000000003
 21
-101.8861610000000013
 31
0
  0
LINE
  5
737
330
1A
100
AcDbEntity
  8
B.Cu
  6
CONTINUOUS
100
AcDbLine
 10
151.763181000000003
 20
-101.8861610000000013
 30
0
 11
145.6458879999999851
 21
-108.0034529999999933
 31
0
  0
LINE
  5
738
330
1A
100
AcDbEntity
  8
B.Cu
  6
CONTINUOUS
100
AcDbLine
 10
145.6458879999999851
 20
-108.0034529999999933
 30
0
 11
145.6458869999999877
 21
-108.0034539999999907
 31
0
  0
LINE
  5
739
330
1A
100
AcDbEntity
  8
B.Cu
  6
CONTINUOUS
100
AcDbLine
 10
145.6458869999999877
 20
-108.0034539999999907
 30
0
 11
145.5692219999999963
 21
-108.1181919999999934
 31
0
  0
LINE
  5
73A
330
1A
100
AcDbEntity
  8
B.Cu
  6
CONTINUOUS
100
AcDbLine
 10
145.5692219999999963
 20
-108.1181919999999934
 30
0
 11
145.5164209999999798
 21
-108.2456669999999974
 31
0
  0
LINE
  5
73B
330
1A
100
AcDbEntity
  8
B.Cu
  6
CONTINUOUS
100
AcDbLine
 10
145.5164209999999798
 20
-108.2456669999999974
 30
0
 11
145.5164179999999874
 21
-108.2456789999999955
 31
0
  0
LINE
  5
73C
330
1A
100
AcDbEntity
  8
B.Cu
  6
CONTINUOUS
100
AcDbLine
 10
145.5164179999999874
 20
-108.2456789999999955
 30
0
 11
145.4960229999999797
 21
-108.3482139999999987
 31
0
  0
LINE
  5
73D
330
1A
100
AcDbEntity
  8
B.Cu
  6
CONTINUOUS
100
AcDbLine
 10
145.4960229999999797
 20
-108.3482139999999987
 30
0
 11
145.4960229999999797
 21
-108.3482169999999911
 31
0
  0
LINE
  5
73E
330
1A
100
AcDbEntity
  8
B.Cu
  6
CONTINUOUS
100
AcDbLine
 10
145.4960229999999797
 20
-108.3482169999999911
 30
0
 11
145.4894999999999925
 21
-108.3810059999999993
 31
0
  0
LINE
  5
73F
330
1A
100
AcDbEntity
  8
B.Cu
  6
CONTINUOUS
100
AcDbLine
 10
145.4894999999999925
 20
-108.3810059999999993
 30
0
 11
145.4894999999999925
 21
-110.3966419999999999
 31
0
  0
LINE
  5
740
330
1A
100
AcDbEntity
  8
B.Cu
  6
CONTINUOUS
100
AcDbLine
 10
145.4894999999999925
 20
-110.3966419999999999
 30
0
 11
145.4698149999999828
 21
-110.463680999999994
 31
0
  0
LINE
  5
741
330
1A
100
AcDbEntity
  8
B.Cu
  6
CONTINUOUS
100
AcDbLine
 10
145.4698149999999828
 20
-110.463680999999994
 30
0
 11
145.4531810000000007
 21
-110.4843229999999892
 31
0
  0
LINE
  5
742
330
1A
100
AcDbEntity
  8
B.Cu
  6
CONTINUOUS
100
AcDbLine
 10
145.4531810000000007
 20
-110.4843229999999892
 30
0
 11
145.4361649999999884
 21
-110.5013379999999898
 31
0
  0
LINE
  5
743
330
1A
100
AcDbEntity
  8
B.Cu
  6
CONTINUOUS
100
AcDbLine
 10
145.4361649999999884
 20
-110.5013379999999898
 30
0
 11
145.4361639999999909
 21
-110.5013390000000015
 31
0
  0
LINE
  5
744
330
1A
100
AcDbEntity
  8
B.Cu
  6
CONTINUOUS
100
AcDbLine
 10
145.4361639999999909
 20
-110.5013390000000015
 30
0
 11
145.3299509999999941
 21
-110.6602989999999949
 31
0
  0
LINE
  5
745
330
1A
100
AcDbEntity
  8
B.Cu
  6
CONTINUOUS
100
AcDbLine
 10
145.3299509999999941
 20
-110.6602989999999949
 30
0
 11
145.2567970000000059
 21
-110.8369110000000006
 31
0
  0
LINE
  5
746
330
1A
100
AcDbEntity
  8
B.Cu
  6
CONTINUOUS
100
AcDbLine
 10
145.2567970000000059
 20
-110.8369110000000006
 30
0
 11
145.2567939999999851
 21
-110.8369209999999896
 31
0
  0
LINE
  5
747
330
1A
100
AcDbEntity
  8
B.Cu
  6
CONTINUOUS
100
AcDbLine
 10
145.2567939999999851
 20
-110.8369209999999896
 30
0
 11
145.2194999999999823
 21
-111.0244110000000006
 31
0
  0
LINE
  5
748
330
1A
100
AcDbEntity
  8
B.Cu
  6
CONTINUOUS
100
AcDbLine
 10
145.2194999999999823
 20
-111.0244110000000006
 30
0
 11
145.2194999999999823
 21
-111.0244139999999931
 31
0
  0
LINE
  5
749
330
1A
100
AcDbEntity
  8
B.Cu
  6
CONTINUOUS
100
AcDbLine
 10
145.2194999999999823
 20
-111.0244139999999931
 30
0
 11
145.2194999999999823
 21
-111.2155860000000018
 31
0
  0
LINE
  5
74A
330
1A
100
AcDbEntity
  8
B.Cu
  6
CONTINUOUS
100
AcDbLine
 10
145.2194999999999823
 20
-111.2155860000000018
 30
0
 11
145.2194999999999823
 21
-111.2155879999999968
 31
0
  0
LINE
  5
74B
330
1A
100
AcDbEntity
  8
B.Cu
  6
CONTINUOUS
100
AcDbLine
 10
145.2194999999999823
 20
-111.2155879999999968
 30
0
 11
145.2194989999999848
 21
-111.2155879999999968
 31
0
  0
LINE
  5
74C
330
1A
100
AcDbEntity
  8
B.Cu
  6
CONTINUOUS
100
AcDbLine
 10
145.2194989999999848
 20
-111.2155879999999968
 30
0
 11
145.2567939999999851
 21
-111.4030779999999936
 31
0
  0
LINE
  5
74D
330
1A
100
AcDbEntity
  8
B.Cu
  6
CONTINUOUS
100
AcDbLine
 10
145.2567939999999851
 20
-111.4030779999999936
 30
0
 11
145.2567970000000059
 21
-111.4030879999999968
 31
0
  0
LINE
  5
74E
330
1A
100
AcDbEntity
  8
B.Cu
  6
CONTINUOUS
100
AcDbLine
 10
145.2567970000000059
 20
-111.4030879999999968
 30
0
 11
145.3299509999999941
 21
-111.5796999999999883
 31
0
  0
LINE
  5
74F
330
1A
100
AcDbEntity
  8
B.Cu
  6
CONTINUOUS
100
AcDbLine
 10
145.3299509999999941
 20
-111.5796999999999883
 30
0
 11
145.4361639999999909
 21
-111.7386599999999959
 31
0
  0
LINE
  5
750
330
1A
100
AcDbEntity
  8
B.Cu
  6
CONTINUOUS
100
AcDbLine
 10
145.4361639999999909
 20
-111.7386599999999959
 30
0
 11
145.5713389999999947
 21
-111.8738349999999997
 31
0
  0
LINE
  5
751
330
1A
100
AcDbEntity
  8
B.Cu
  6
CONTINUOUS
100
AcDbLine
 10
145.5713389999999947
 20
-111.8738349999999997
 30
0
 11
145.7302990000000023
 21
-111.9800479999999965
 31
0
  0
LINE
  5
752
330
1A
100
AcDbEntity
  8
B.Cu
  6
CONTINUOUS
100
AcDbLine
 10
145.7302990000000023
 20
-111.9800479999999965
 30
0
 11
145.9069109999999796
 21
-112.0532019999999989
 31
0
  0
LINE
  5
753
330
1A
100
AcDbEntity
  8
B.Cu
  6
CONTINUOUS
100
AcDbLine
 10
145.9069109999999796
 20
-112.0532019999999989
 30
0
 11
145.9069159999999954
 21
-112.0532039999999938
 31
0
  0
LINE
  5
754
330
1A
100
AcDbEntity
  8
B.Cu
  6
CONTINUOUS
100
AcDbLine
 10
145.9069159999999954
 20
-112.0532039999999938
 30
0
 11
145.9069199999999853
 21
-112.0532039999999938
 31
0
  0
LINE
  5
755
330
1A
100
AcDbEntity
  8
B.Cu
  6
CONTINUOUS
100
AcDbLine
 10
145.9069199999999853
 20
-112.0532039999999938
 30
0
 11
145.9069209999999828
 21
-112.0532049999999913
 31
0
  0
LINE
  5
756
330
1A
100
AcDbEntity
  8
B.Cu
  6
CONTINUOUS
100
AcDbLine
 10
145.9069209999999828
 20
-112.0532049999999913
 30
0
 11
146.0944109999999796
 21
-112.0904999999999916
 31
0
  0
LINE
  5
757
330
1A
100
AcDbEntity
  8
B.Cu
  6
CONTINUOUS
100
AcDbLine
 10
146.0944109999999796
 20
-112.0904999999999916
 30
0
 11
146.0944140000000004
 21
-112.0904999999999916
 31
0
  0
LINE
  5
758
330
1A
100
AcDbEntity
  8
B.Cu
  6
CONTINUOUS
100
AcDbLine
 10
146.0944140000000004
 20
-112.0904999999999916
 30
0
 11
146.28558799999999
 21
-112.0904999999999916
 31
0
  0
LINE
  5
759
330
1A
100
AcDbEntity
  8
B.Cu
  6
CONTINUOUS
100
AcDbLine
 10
146.28558799999999
 20
-112.0904999999999916
 30
0
 11
146.4563980000000072
 21
-112.0565229999999985
 31
0
  0
LINE
  5
75A
330
1A
100
AcDbEntity
  8
B.Cu
  6
CONTINUOUS
100
AcDbLine
 10
146.4563980000000072
 20
-112.0565229999999985
 30
0
 11
146.4730840000000001
 21
-112.0532039999999938
 31
0
  0
LINE
  5
75B
330
1A
100
AcDbEntity
  8
B.Cu
  6
CONTINUOUS
100
AcDbLine
 10
146.4730840000000001
 20
-112.0532039999999938
 30
0
 11
146.5658770000000004
 21
-112.0147679999999895
 31
0
  0
LINE
  5
75C
330
1A
100
AcDbEntity
  8
B.Cu
  6
CONTINUOUS
100
AcDbLine
 10
146.5658770000000004
 20
-112.0147679999999895
 30
0
 11
146.6496999999999957
 21
-111.9800479999999965
 31
0
  0
LINE
  5
75D
330
1A
100
AcDbEntity
  8
B.Cu
  6
CONTINUOUS
100
AcDbLine
 10
146.6496999999999957
 20
-111.9800479999999965
 30
0
 11
146.6497009999999932
 21
-111.980046999999999
 31
0
  0
LINE
  5
75E
330
1A
100
AcDbEntity
  8
B.Cu
  6
CONTINUOUS
100
AcDbLine
 10
146.6497009999999932
 20
-111.980046999999999
 30
0
 11
146.6497039999999856
 21
-111.9800460000000015
 31
0
  0
LINE
  5
75F
330
1A
100
AcDbEntity
  8
B.Cu
  6
CONTINUOUS
100
AcDbLine
 10
146.6497039999999856
 20
-111.9800460000000015
 30
0
 11
146.8086579999999799
 21
-111.8738369999999946
 31
0
  0
LINE
  5
760
330
1A
100
AcDbEntity
  8
B.Cu
  6
CONTINUOUS
100
AcDbLine
 10
146.8086579999999799
 20
-111.8738369999999946
 30
0
 11
146.943837000000002
 21
-111.7386580000000009
 31
0
  0
LINE
  5
761
330
1A
100
AcDbEntity
  8
B.Cu
  6
CONTINUOUS
100
AcDbLine
 10
146.943837000000002
 20
-111.7386580000000009
 30
0
 11
147.0500459999999805
 21
-111.5797039999999924
 31
0
  0
LINE
  5
762
330
1A
100
AcDbEntity
  8
B.Cu
  6
CONTINUOUS
100
AcDbLine
 10
147.0500459999999805
 20
-111.5797039999999924
 30
0
 11
147.123203999999987
 21
-111.4030839999999927
 31
0
  0
LINE
  5
763
330
1A
100
AcDbEntity
  8
B.Cu
  6
CONTINUOUS
100
AcDbLine
 10
147.123203999999987
 20
-111.4030839999999927
 30
0
 11
147.1604999999999848
 21
-111.2155860000000018
 31
0
  0
LINE
  5
764
330
1A
100
AcDbEntity
  8
B.Cu
  6
CONTINUOUS
100
AcDbLine
 10
147.1604999999999848
 20
-111.2155860000000018
 30
0
 11
147.1604999999999848
 21
-111.0244139999999931
 31
0
  0
LINE
  5
765
330
1A
100
AcDbEntity
  8
B.Cu
  6
CONTINUOUS
100
AcDbLine
 10
147.1604999999999848
 20
-111.0244139999999931
 30
0
 11
147.1604999999999848
 21
-111.0244110000000006
 31
0
  0
LINE
  5
766
330
1A
100
AcDbEntity
  8
B.Cu
  6
CONTINUOUS
100
AcDbLine
 10
147.1604999999999848
 20
-111.0244110000000006
 30
0
 11
147.1232049999999845
 21
-110.8369209999999896
 31
0
  0
LINE
  5
767
330
1A
100
AcDbEntity
  8
B.Cu
  6
CONTINUOUS
100
AcDbLine
 10
147.1232049999999845
 20
-110.8369209999999896
 30
0
 11
147.123203999999987
 21
-110.8369199999999921
 31
0
  0
LINE
  5
768
330
1A
100
AcDbEntity
  8
B.Cu
  6
CONTINUOUS
100
AcDbLine
 10
147.123203999999987
 20
-110.8369199999999921
 30
0
 11
147.123203999999987
 21
-110.836915999999988
 31
0
  0
LINE
  5
769
330
1A
100
AcDbEntity
  8
B.Cu
  6
CONTINUOUS
100
AcDbLine
 10
147.123203999999987
 20
-110.836915999999988
 30
0
 11
147.0705690000000061
 21
-110.7098429999999922
 31
0
  0
LINE
  5
76A
330
1A
100
AcDbEntity
  8
B.Cu
  6
CONTINUOUS
100
AcDbLine
 10
147.0705690000000061
 20
-110.7098429999999922
 30
0
 11
147.0500480000000039
 21
-110.6602989999999949
 31
0
  0
LINE
  5
76B
330
1A
100
AcDbEntity
  8
B.Cu
  6
CONTINUOUS
100
AcDbLine
 10
147.0500480000000039
 20
-110.6602989999999949
 30
0
 11
146.9438350000000071
 21
-110.5013390000000015
 31
0
  0
LINE
  5
76C
330
1A
100
AcDbEntity
  8
B.Cu
  6
CONTINUOUS
100
AcDbLine
 10
146.9438350000000071
 20
-110.5013390000000015
 30
0
 11
146.9268189999999947
 21
-110.4843229999999892
 31
0
  0
LINE
  5
76D
330
1A
100
AcDbEntity
  8
B.Cu
  6
CONTINUOUS
100
AcDbLine
 10
146.9268189999999947
 20
-110.4843229999999892
 30
0
 11
146.8933339999999816
 21
-110.4230000000000018
 31
0
  0
LINE
  5
76E
330
1A
100
AcDbEntity
  8
B.Cu
  6
CONTINUOUS
100
AcDbLine
 10
146.8933339999999816
 20
-110.4230000000000018
 30
0
 11
146.890500000000003
 21
-110.3966419999999999
 31
0
  0
LINE
  5
76F
330
1A
100
AcDbEntity
  8
B.Cu
  6
CONTINUOUS
100
AcDbLine
 10
146.890500000000003
 20
-110.3966419999999999
 30
0
 11
146.890500000000003
 21
-108.7915189999999939
 31
0
  0
LINE
  5
770
330
1A
100
AcDbEntity
  8
B.Cu
  6
CONTINUOUS
100
AcDbLine
 10
146.890500000000003
 20
-108.7915189999999939
 30
0
 11
146.9101849999999843
 21
-108.7244799999999998
 31
0
  0
LINE
  5
771
330
1A
100
AcDbEntity
  8
B.Cu
  6
CONTINUOUS
100
AcDbLine
 10
146.9101849999999843
 20
-108.7244799999999998
 30
0
 11
146.9268189999999947
 21
-108.7038379999999904
 31
0
  0
LINE
  5
772
330
1A
100
AcDbEntity
  8
B.Cu
  6
CONTINUOUS
100
AcDbLine
 10
146.9268189999999947
 20
-108.7038379999999904
 30
0
 11
153.0441119999999842
 21
-102.586545000000001
 31
0
  0
LINE
  5
773
330
1A
100
AcDbEntity
  8
B.Cu
  6
CONTINUOUS
100
AcDbLine
 10
153.0441119999999842
 20
-102.586545000000001
 30
0
 11
153.0441139999999791
 21
-102.5865429999999918
 31
0
  0
LINE
  5
774
330
1A
100
AcDbEntity
  8
B.Cu
  6
CONTINUOUS
100
AcDbLine
 10
153.0441139999999791
 20
-102.5865429999999918
 30
0
 11
153.1207749999999805
 21
-102.4718110000000024
 31
0
  0
LINE
  5
775
330
1A
100
AcDbEntity
  8
B.Cu
  6
CONTINUOUS
100
AcDbLine
 10
153.1207749999999805
 20
-102.4718110000000024
 30
0
 11
153.173579999999987
 21
-102.3443279999999902
 31
0
  0
LINE
  5
776
330
1A
100
AcDbEntity
  8
B.Cu
  6
CONTINUOUS
100
AcDbLine
 10
153.173579999999987
 20
-102.3443279999999902
 30
0
 11
153.2005000000000052
 21
-102.2089939999999899
 31
0
  0
LINE
  5
777
330
1A
100
AcDbEntity
  8
B.Cu
  6
CONTINUOUS
100
AcDbLine
 10
153.2005000000000052
 20
-102.2089939999999899
 30
0
 11
153.2005000000000052
 21
-102.071005999999997
 31
0
  0
LINE
  5
778
330
1A
100
AcDbEntity
  8
B.Cu
  6
CONTINUOUS
100
AcDbLine
 10
153.2005000000000052
 20
-102.071005999999997
 30
0
 11
153.2005000000000052
 21
-97.9905189999999919
 31
0
  0
LINE
  5
779
330
1A
100
AcDbEntity
  8
B.Cu
  6
CONTINUOUS
100
AcDbLine
 10
153.2005000000000052
 20
-97.9905189999999919
 30
0
 11
153.2201849999999865
 21
-97.9234799999999979
 31
0
  0
LINE
  5
77A
330
1A
100
AcDbEntity
  8
B.Cu
  6
CONTINUOUS
100
AcDbLine
 10
153.2201849999999865
 20
-97.9234799999999979
 30
0
 11
153.2729889999999955
 21
-97.8777249999999981
 31
0
  0
LINE
  5
77B
330
1A
100
AcDbEntity
  8
B.Cu
  6
CONTINUOUS
100
AcDbLine
 10
153.2729889999999955
 20
-97.8777249999999981
 30
0
 11
153.3421469999999829
 21
-97.8677809999999937
 31
0
  0
LINE
  5
77C
330
1A
100
AcDbEntity
  8
B.Cu
  6
CONTINUOUS
100
AcDbLine
 10
153.3421469999999829
 20
-97.8677809999999937
 30
0
 11
153.4057029999999884
 21
-97.896805999999998
 31
0
  0
LINE
  5
77D
330
1A
100
AcDbEntity
  8
B.Cu
  6
CONTINUOUS
100
AcDbLine
 10
153.4057029999999884
 20
-97.896805999999998
 30
0
 11
153.4121810000000039
 21
-97.9028379999999885
 31
0
  0
LINE
  5
77E
330
1A
100
AcDbEntity
  8
B.Cu
  6
CONTINUOUS
100
AcDbLine
 10
153.4121810000000039
 20
-97.9028379999999885
 30
0
 11
154.3431809999999871
 21
-98.8338380000000001
 31
0
  0
LINE
  5
77F
330
1A
100
AcDbEntity
  8
B.Cu
  6
CONTINUOUS
100
AcDbLine
 10
154.3431809999999871
 20
-98.8338380000000001
 30
0
 11
154.3766660000000002
 21
-98.8951610000000016
 31
0
  0
LINE
  5
780
330
1A
100
AcDbEntity
  8
B.Cu
  6
CONTINUOUS
100
AcDbLine
 10
154.3766660000000002
 20
-98.8951610000000016
 30
0
 11
154.3794999999999789
 21
-98.9215189999999893
 31
0
  0
LINE
  5
781
330
1A
100
AcDbEntity
  8
B.Cu
  6
CONTINUOUS
100
AcDbLine
 10
154.3794999999999789
 20
-98.9215189999999893
 30
0
 11
154.3794999999999789
 21
-108.4889929999999936
 31
0
  0
LINE
  5
782
330
1A
100
AcDbEntity
  8
B.Cu
  6
CONTINUOUS
100
AcDbLine
 10
154.3794999999999789
 20
-108.4889929999999936
 30
0
 11
154.3794999999999789
 21
-108.4889949999999885
 31
0
  0
LINE
  5
783
330
1A
100
AcDbEntity
  8
B.Cu
  6
CONTINUOUS
100
AcDbLine
 10
154.3794999999999789
 20
-108.4889949999999885
 30
0
 11
154.3794989999999814
 21
-108.4889949999999885
 31
0
  0
LINE
  5
784
330
1A
100
AcDbEntity
  8
B.Cu
  6
CONTINUOUS
100
AcDbLine
 10
154.3794989999999814
 20
-108.4889949999999885
 30
0
 11
154.4064180000000022
 21
-108.6243219999999923
 31
0
  0
LINE
  5
785
330
1A
100
AcDbEntity
  8
B.Cu
  6
CONTINUOUS
100
AcDbLine
 10
154.4064180000000022
 20
-108.6243219999999923
 30
0
 11
154.4064209999999946
 21
-108.6243319999999954
 31
0
  0
LINE
  5
786
330
1A
100
AcDbEntity
  8
B.Cu
  6
CONTINUOUS
100
AcDbLine
 10
154.4064209999999946
 20
-108.6243319999999954
 30
0
 11
154.4592219999999827
 21
-108.751806000000002
 31
0
  0
LINE
  5
787
330
1A
100
AcDbEntity
  8
B.Cu
  6
CONTINUOUS
100
AcDbLine
 10
154.4592219999999827
 20
-108.751806000000002
 30
0
 11
154.4620939999999791
 21
-108.7571779999999961
 31
0
  0
LINE
  5
788
330
1A
100
AcDbEntity
  8
B.Cu
  6
CONTINUOUS
100
AcDbLine
 10
154.4620939999999791
 20
-108.7571779999999961
 30
0
 11
154.4607919999999979
 21
-108.757874000000001
 31
0
  0
LINE
  5
789
330
1A
100
AcDbEntity
  8
B.Cu
  6
CONTINUOUS
100
AcDbLine
 10
154.4607919999999979
 20
-108.757874000000001
 30
0
 11
154.4794799999999952
 21
-108.8175540000000012
 31
0
  0
LINE
  5
78A
330
1A
100
AcDbEntity
  8
B.Cu
  6
CONTINUOUS
100
AcDbLine
 10
154.4794799999999952
 20
-108.8175540000000012
 30
0
 11
154.4795000000000016
 21
-108.8197689999999938
 31
0
  0
LINE
  5
78B
330
1A
100
AcDbEntity
  8
B.Cu
  6
CONTINUOUS
100
AcDbLine
 10
154.4795000000000016
 20
-108.8197689999999938
 30
0
 11
154.4795000000000016
 21
-110.1681469999999905
 31
0
  0
LINE
  5
78C
330
1A
100
AcDbEntity
  8
B.Cu
  6
CONTINUOUS
100
AcDbLine
 10
154.4795000000000016
 20
-110.1681469999999905
 30
0
 11
154.4598149999999919
 21
-110.2351859999999988
 31
0
  0
LINE
  5
78D
330
1A
100
AcDbEntity
  8
B.Cu
  6
CONTINUOUS
100
AcDbLine
 10
154.4598149999999919
 20
-110.2351859999999988
 30
0
 11
154.4070109999999829
 21
-110.2809409999999986
 31
0
  0
LINE
  5
78E
330
1A
100
AcDbEntity
  8
B.Cu
  6
CONTINUOUS
100
AcDbLine
 10
154.4070109999999829
 20
-110.2809409999999986
 30
0
 11
154.3378529999999955
 21
-110.2908849999999887
 31
0
  0
LINE
  5
78F
330
1A
100
AcDbEntity
  8
B.Cu
  6
CONTINUOUS
100
AcDbLine
 10
154.3378529999999955
 20
-110.2908849999999887
 30
0
 11
154.2866109999999935
 21
-110.2712499999999949
 31
0
  0
LINE
  5
790
330
1A
100
AcDbEntity
  8
B.Cu
  6
CONTINUOUS
100
AcDbLine
 10
154.2866109999999935
 20
-110.2712499999999949
 30
0
 11
154.2697039999999902
 21
-110.2599529999999959
 31
0
  0
LINE
  5
791
330
1A
100
AcDbEntity
  8
B.Cu
  6
CONTINUOUS
100
AcDbLine
 10
154.2697039999999902
 20
-110.2599529999999959
 30
0
 11
154.2697019999999952
 21
-110.2599519999999984
 31
0
  0
LINE
  5
792
330
1A
100
AcDbEntity
  8
B.Cu
  6
CONTINUOUS
100
AcDbLine
 10
154.2697019999999952
 20
-110.2599519999999984
 30
0
 11
154.0930879999999945
 21
-110.1867969999999985
 31
0
  0
LINE
  5
793
330
1A
100
AcDbEntity
  8
B.Cu
  6
CONTINUOUS
100
AcDbLine
 10
154.0930879999999945
 20
-110.1867969999999985
 30
0
 11
154.0930779999999913
 21
-110.1867939999999919
 31
0
  0
LINE
  5
794
330
1A
100
AcDbEntity
  8
B.Cu
  6
CONTINUOUS
100
AcDbLine
 10
154.0930779999999913
 20
-110.1867939999999919
 30
0
 11
153.9055879999999945
 21
-110.1494999999999891
 31
0
  0
LINE
  5
795
330
1A
100
AcDbEntity
  8
B.Cu
  6
CONTINUOUS
100
AcDbLine
 10
153.9055879999999945
 20
-110.1494999999999891
 30
0
 11
153.9055859999999996
 21
-110.1494999999999891
 31
0
  0
LINE
  5
796
330
1A
100
AcDbEntity
  8
B.Cu
  6
CONTINUOUS
100
AcDbLine
 10
153.9055859999999996
 20
-110.1494999999999891
 30
0
 11
153.714414000000005
 21
-110.1494999999999891
 31
0
  0
LINE
  5
797
330
1A
100
AcDbEntity
  8
B.Cu
  6
CONTINUOUS
100
AcDbLine
 10
153.714414000000005
 20
-110.1494999999999891
 30
0
 11
153.7144119999999816
 21
-110.1494999999999891
 31
0
  0
LINE
  5
798
330
1A
100
AcDbEntity
  8
B.Cu
  6
CONTINUOUS
100
AcDbLine
 10
153.7144119999999816
 20
-110.1494999999999891
 30
0
 11
153.5269209999999873
 21
-110.1867939999999919
 31
0
  0
LINE
  5
799
330
1A
100
AcDbEntity
  8
B.Cu
  6
CONTINUOUS
100
AcDbLine
 10
153.5269209999999873
 20
-110.1867939999999919
 30
0
 11
153.5269109999999841
 21
-110.1867969999999985
 31
0
  0
LINE
  5
79A
330
1A
100
AcDbEntity
  8
B.Cu
  6
CONTINUOUS
100
AcDbLine
 10
153.5269109999999841
 20
-110.1867969999999985
 30
0
 11
153.3502990000000068
 21
-110.2599510000000009
 31
0
  0
LINE
  5
79B
330
1A
100
AcDbEntity
  8
B.Cu
  6
CONTINUOUS
100
AcDbLine
 10
153.3502990000000068
 20
-110.2599510000000009
 30
0
 11
153.1913389999999993
 21
-110.3661639999999977
 31
0
  0
LINE
  5
79C
330
1A
100
AcDbEntity
  8
B.Cu
  6
CONTINUOUS
100
AcDbLine
 10
153.1913389999999993
 20
-110.3661639999999977
 30
0
 11
153.0561639999999954
 21
-110.5013390000000015
 31
0
  0
LINE
  5
79D
330
1A
100
AcDbEntity
  8
B.Cu
  6
CONTINUOUS
100
AcDbLine
 10
153.0561639999999954
 20
-110.5013390000000015
 30
0
 11
152.9499509999999987
 21
-110.6602989999999949
 31
0
  0
LINE
  5
79E
330
1A
100
AcDbEntity
  8
B.Cu
  6
CONTINUOUS
100
AcDbLine
 10
152.9499509999999987
 20
-110.6602989999999949
 30
0
 11
152.8767969999999821
 21
-110.8369110000000006
 31
0
  0
LINE
  5
79F
330
1A
100
AcDbEntity
  8
B.Cu
  6
CONTINUOUS
100
AcDbLine
 10
152.8767969999999821
 20
-110.8369110000000006
 30
0
 11
152.8767939999999896
 21
-110.8369209999999896
 31
0
  0
LINE
  5
7A0
330
1A
100
AcDbEntity
  8
B.Cu
  6
CONTINUOUS
100
AcDbLine
 10
152.8767939999999896
 20
-110.8369209999999896
 30
0
 11
152.8394999999999868
 21
-111.0244110000000006
 31
0
  0
LINE
  5
7A1
330
1A
100
AcDbEntity
  8
B.Cu
  6
CONTINUOUS
100
AcDbLine
 10
152.8394999999999868
 20
-111.0244110000000006
 30
0
 11
152.8394999999999868
 21
-111.0244139999999931
 31
0
  0
LINE
  5
7A2
330
1A
100
AcDbEntity
  8
B.Cu
  6
CONTINUOUS
100
AcDbLine
 10
152.8394999999999868
 20
-111.0244139999999931
 30
0
 11
152.8394999999999868
 21
-111.2155860000000018
 31
0
  0
LINE
  5
7A3
330
1A
100
AcDbEntity
  8
B.Cu
  6
CONTINUOUS
100
AcDbLine
 10
152.8394999999999868
 20
-111.2155860000000018
 30
0
 11
152.8394999999999868
 21
-111.2155879999999968
 31
0
  0
LINE
  5
7A4
330
1A
100
AcDbEntity
  8
B.Cu
  6
CONTINUOUS
100
AcDbLine
 10
152.8394999999999868
 20
-111.2155879999999968
 30
0
 11
152.8394989999999893
 21
-111.2155879999999968
 31
0
  0
LINE
  5
7A5
330
1A
100
AcDbEntity
  8
B.Cu
  6
CONTINUOUS
100
AcDbLine
 10
152.8394989999999893
 20
-111.2155879999999968
 30
0
 11
152.8767939999999896
 21
-111.4030779999999936
 31
0
  0
LINE
  5
7A6
330
1A
100
AcDbEntity
  8
B.Cu
  6
CONTINUOUS
100
AcDbLine
 10
152.8767939999999896
 20
-111.4030779999999936
 30
0
 11
152.8767969999999821
 21
-111.4030879999999968
 31
0
  0
LINE
  5
7A7
330
1A
100
AcDbEntity
  8
B.Cu
  6
CONTINUOUS
100
AcDbLine
 10
152.8767969999999821
 20
-111.4030879999999968
 30
0
 11
152.9499509999999987
 21
-111.5796999999999883
 31
0
  0
LINE
  5
7A8
330
1A
100
AcDbEntity
  8
B.Cu
  6
CONTINUOUS
100
AcDbLine
 10
152.9499509999999987
 20
-111.5796999999999883
 30
0
 11
153.0561639999999954
 21
-111.7386599999999959
 31
0
  0
LINE
  5
7A9
330
1A
100
AcDbEntity
  8
B.Cu
  6
CONTINUOUS
100
AcDbLine
 10
153.0561639999999954
 20
-111.7386599999999959
 30
0
 11
153.0731789999999819
 21
-111.7556739999999991
 31
0
  0
LINE
  5
7AA
330
1A
100
AcDbEntity
  8
B.Cu
  6
CONTINUOUS
100
AcDbLine
 10
153.0731789999999819
 20
-111.7556739999999991
 30
0
 11
153.1066659999999899
 21
-111.816995999999989
 31
0
  0
LINE
  5
7AB
330
1A
100
AcDbEntity
  8
B.Cu
  6
CONTINUOUS
100
AcDbLine
 10
153.1066659999999899
 20
-111.816995999999989
 30
0
 11
153.109499999999997
 21
-111.8433569999999975
 31
0
  0
LINE
  5
7AC
330
1A
100
AcDbEntity
  8
B.Cu
  6
CONTINUOUS
100
AcDbLine
 10
153.109499999999997
 20
-111.8433569999999975
 30
0
 11
153.109499999999997
 21
-118.9910059999999987
 31
0
  0
LINE
  5
7AD
330
1A
100
AcDbEntity
  8
B.Cu
  6
CONTINUOUS
100
AcDbLine
 10
153.109499999999997
 20
-118.9910059999999987
 30
0
 11
153.109499999999997
 21
-119.1289939999999916
 31
0
  0
LINE
  5
7AE
330
1A
100
AcDbEntity
  8
B.Cu
  6
CONTINUOUS
100
AcDbLine
 10
153.109499999999997
 20
-119.1289939999999916
 30
0
 11
153.109499999999997
 21
-119.1289960000000008
 31
0
  0
LINE
  5
7AF
330
1A
100
AcDbEntity
  8
B.Cu
  6
CONTINUOUS
100
AcDbLine
 10
153.109499999999997
 20
-119.1289960000000008
 30
0
 11
153.1094989999999996
 21
-119.1289960000000008
 31
0
  0
LINE
  5
7B0
330
1A
100
AcDbEntity
  8
B.Cu
  6
CONTINUOUS
100
AcDbLine
 10
153.1094989999999996
 20
-119.1289960000000008
 30
0
 11
153.1364179999999919
 21
-119.2643219999999928
 31
0
  0
LINE
  5
7B1
330
1A
100
AcDbEntity
  8
B.Cu
  6
CONTINUOUS
100
AcDbLine
 10
153.1364179999999919
 20
-119.2643219999999928
 30
0
 11
153.1364209999999844
 21
-119.264331999999996
 31
0
  0
LINE
  5
7B2
330
1A
100
AcDbEntity
  8
B.Cu
  6
CONTINUOUS
100
AcDbLine
 10
153.1364209999999844
 20
-119.264331999999996
 30
0
 11
153.1892220000000009
 21
-119.391807
 31
0
  0
LINE
  5
7B3
330
1A
100
AcDbEntity
  8
B.Cu
  6
CONTINUOUS
100
AcDbLine
 10
153.1892220000000009
 20
-119.391807
 30
0
 11
153.2658869999999922
 21
-119.5065449999999885
 31
0
  0
LINE
  5
7B4
330
1A
100
AcDbEntity
  8
B.Cu
  6
CONTINUOUS
100
AcDbLine
 10
153.2658869999999922
 20
-119.5065449999999885
 30
0
 11
153.2658879999999897
 21
-119.5065460000000002
 31
0
  0
LINE
  5
7B5
330
1A
100
AcDbEntity
  8
B.Cu
  6
CONTINUOUS
100
AcDbLine
 10
153.2658879999999897
 20
-119.5065460000000002
 30
0
 11
155.3457909999999913
 21
-121.5864479999999901
 31
0
  0
LINE
  5
7B6
330
1A
100
AcDbEntity
  8
B.Cu
  6
CONTINUOUS
100
AcDbLine
 10
155.3457909999999913
 20
-121.5864479999999901
 30
0
 11
155.3792760000000044
 21
-121.6477709999999917
 31
0
  0
LINE
  5
7B7
330
1A
100
AcDbEntity
  8
B.Cu
  6
CONTINUOUS
100
AcDbLine
 10
155.3792760000000044
 20
-121.6477709999999917
 30
0
 11
155.3805830000000014
 21
-121.6935269999999889
 31
0
  0
LINE
  5
7B8
330
1A
100
AcDbEntity
  8
B.Cu
  6
CONTINUOUS
100
AcDbLine
 10
155.3805830000000014
 20
-121.6935269999999889
 30
0
 11
155.3495000000000061
 21
-121.8897779999999926
 31
0
  0
LINE
  5
7B9
330
1A
100
AcDbEntity
  8
B.Cu
  6
CONTINUOUS
100
AcDbLine
 10
155.3495000000000061
 20
-121.8897779999999926
 30
0
 11
155.3495000000000061
 21
-122.1102209999999957
 31
0
  0
LINE
  5
7BA
330
1A
100
AcDbEntity
  8
B.Cu
  6
CONTINUOUS
100
AcDbLine
 10
155.3495000000000061
 20
-122.1102209999999957
 30
0
 11
155.3839849999999956
 21
-122.3279519999999962
 31
0
  0
LINE
  5
7BB
330
1A
100
AcDbEntity
  8
B.Cu
  6
CONTINUOUS
100
AcDbLine
 10
155.3839849999999956
 20
-122.3279519999999962
 30
0
 11
155.4521029999999939
 21
-122.5376029999999901
 31
0
  0
LINE
  5
7BC
330
1A
100
AcDbEntity
  8
B.Cu
  6
CONTINUOUS
100
AcDbLine
 10
155.4521029999999939
 20
-122.5376029999999901
 30
0
 11
155.4521039999999914
 21
-122.5376059999999967
 31
0
  0
LINE
  5
7BD
330
1A
100
AcDbEntity
  8
B.Cu
  6
CONTINUOUS
100
AcDbLine
 10
155.4521039999999914
 20
-122.5376059999999967
 30
0
 11
155.5521870000000035
 21
-122.7340249999999884
 31
0
  0
LINE
  5
7BE
330
1A
100
AcDbEntity
  8
B.Cu
  6
CONTINUOUS
100
AcDbLine
 10
155.5521870000000035
 20
-122.7340249999999884
 30
0
 11
155.6817519999999888
 21
-122.9123579999999976
 31
0
  0
LINE
  5
7BF
330
1A
100
AcDbEntity
  8
B.Cu
  6
CONTINUOUS
100
AcDbLine
 10
155.6817519999999888
 20
-122.9123579999999976
 30
0
 11
155.6817560000000071
 21
-122.9123629999999991
 31
0
  0
LINE
  5
7C0
330
1A
100
AcDbEntity
  8
B.Cu
  6
CONTINUOUS
100
AcDbLine
 10
155.6817560000000071
 20
-122.9123629999999991
 30
0
 11
155.8376360000000034
 21
-123.0682429999999954
 31
0
  0
LINE
  5
7C1
330
1A
100
AcDbEntity
  8
B.Cu
  6
CONTINUOUS
100
AcDbLine
 10
155.8376360000000034
 20
-123.0682429999999954
 30
0
 11
155.8376409999999908
 21
-123.0682469999999995
 31
0
  0
LINE
  5
7C2
330
1A
100
AcDbEntity
  8
B.Cu
  6
CONTINUOUS
100
AcDbLine
 10
155.8376409999999908
 20
-123.0682469999999995
 30
0
 11
155.9826180000000022
 21
-123.173577999999992
 31
0
  0
LINE
  5
7C3
330
1A
100
AcDbEntity
  8
B.Cu
  6
CONTINUOUS
100
AcDbLine
 10
155.9826180000000022
 20
-123.173577999999992
 30
0
 11
156.0159779999999898
 21
-123.1978149999999914
 31
0
  0
LINE
  5
7C4
330
1A
100
AcDbEntity
  8
B.Cu
  6
CONTINUOUS
100
AcDbLine
 10
156.0159779999999898
 20
-123.1978149999999914
 30
0
 11
156.1443749999999966
 21
-123.2632369999999895
 31
0
  0
LINE
  5
7C5
330
1A
100
AcDbEntity
  8
B.Cu
  6
CONTINUOUS
100
AcDbLine
 10
156.1443749999999966
 20
-123.2632369999999895
 30
0
 11
156.2123929999999916
 21
-123.2978949999999969
 31
0
  0
LINE
  5
7C6
330
1A
100
AcDbEntity
  8
B.Cu
  6
CONTINUOUS
100
AcDbLine
 10
156.2123929999999916
 20
-123.2978949999999969
 30
0
 11
156.212395999999984
 21
-123.2978959999999944
 31
0
  0
LINE
  5
7C7
330
1A
100
AcDbEntity
  8
B.Cu
  6
CONTINUOUS
100
AcDbLine
 10
156.212395999999984
 20
-123.2978959999999944
 30
0
 11
156.3172209999999893
 21
-123.3319549999999936
 31
0
  0
LINE
  5
7C8
330
1A
100
AcDbEntity
  8
B.Cu
  6
CONTINUOUS
100
AcDbLine
 10
156.3172209999999893
 20
-123.3319549999999936
 30
0
 11
156.422048999999987
 21
-123.3660149999999902
 31
0
  0
LINE
  5
7C9
330
1A
100
AcDbEntity
  8
B.Cu
  6
CONTINUOUS
100
AcDbLine
 10
156.422048999999987
 20
-123.3660149999999902
 30
0
 11
156.6397780000000068
 21
-123.4004999999999939
 31
0
  0
LINE
  5
7CA
330
1A
100
AcDbEntity
  8
B.Cu
  6
CONTINUOUS
100
AcDbLine
 10
156.6397780000000068
 20
-123.4004999999999939
 30
0
 11
156.6397790000000043
 21
-123.4004999999999939
 31
0
  0
LINE
  5
7CB
330
1A
100
AcDbEntity
  8
B.Cu
  6
CONTINUOUS
100
AcDbLine
 10
156.6397790000000043
 20
-123.4004999999999939
 30
0
 11
156.8602209999999957
 21
-123.4004999999999939
 31
0
  0
LINE
  5
7CC
330
1A
100
AcDbEntity
  8
B.Cu
  6
CONTINUOUS
100
AcDbLine
 10
156.8602209999999957
 20
-123.4004999999999939
 30
0
 11
156.8602219999999932
 21
-123.4004999999999939
 31
0
  0
LINE
  5
7CD
330
1A
100
AcDbEntity
  8
B.Cu
  6
CONTINUOUS
100
AcDbLine
 10
156.8602219999999932
 20
-123.4004999999999939
 30
0
 11
157.0779509999999846
 21
-123.3660149999999902
 31
0
  0
LINE
  5
7CE
330
1A
100
AcDbEntity
  8
B.Cu
  6
CONTINUOUS
100
AcDbLine
 10
157.0779509999999846
 20
-123.3660149999999902
 30
0
 11
157.2876059999999825
 21
-123.2978949999999969
 31
0
  0
LINE
  5
7CF
330
1A
100
AcDbEntity
  8
B.Cu
  6
CONTINUOUS
100
AcDbLine
 10
157.2876059999999825
 20
-123.2978949999999969
 30
0
 11
157.4840219999999817
 21
-123.1978149999999914
 31
0
  0
LINE
  5
7D0
330
1A
100
AcDbEntity
  8
B.Cu
  6
CONTINUOUS
100
AcDbLine
 10
157.4840219999999817
 20
-123.1978149999999914
 30
0
 11
157.6623649999999941
 21
-123.0682419999999979
 31
0
  0
LINE
  5
7D1
330
1A
100
AcDbEntity
  8
B.Cu
  6
CONTINUOUS
100
AcDbLine
 10
157.6623649999999941
 20
-123.0682419999999979
 30
0
 11
157.8182419999999979
 21
-122.9123649999999941
 31
0
  0
LINE
  5
7D2
330
1A
100
AcDbEntity
  8
B.Cu
  6
CONTINUOUS
100
AcDbLine
 10
157.8182419999999979
 20
-122.9123649999999941
 30
0
 11
157.9350340000000017
 21
-122.7516129999999919
 31
0
  0
LINE
  5
7D3
330
1A
100
AcDbEntity
  8
B.Cu
  6
CONTINUOUS
100
AcDbLine
 10
157.9350340000000017
 20
-122.7516129999999919
 30
0
 11
157.9903620000000046
 21
-122.7089489999999898
 31
0
  0
LINE
  5
7D4
330
1A
100
AcDbEntity
  8
B.Cu
  6
CONTINUOUS
100
AcDbLine
 10
157.9903620000000046
 20
-122.7089489999999898
 30
0
 11
158.0353509999999915
 21
-122.700499999999991
 31
0
  0
LINE
  5
7D5
330
1A
100
AcDbEntity
  8
B.Cu
  6
CONTINUOUS
100
AcDbLine
 10
158.0353509999999915
 20
-122.700499999999991
 30
0
 11
161.9646489999999801
 21
-122.700499999999991
 31
0
  0
LINE
  5
7D6
330
1A
100
AcDbEntity
  8
B.Cu
  6
CONTINUOUS
100
AcDbLine
 10
161.9646489999999801
 20
-122.700499999999991
 30
0
 11
162.0316880000000026
 21
-122.7201850000000007
 31
0
  0
LINE
  5
7D7
330
1A
100
AcDbEntity
  8
B.Cu
  6
CONTINUOUS
100
AcDbLine
 10
162.0316880000000026
 20
-122.7201850000000007
 30
0
 11
162.0649640000000034
 21
-122.7516109999999969
 31
0
  0
LINE
  5
7D8
330
1A
100
AcDbEntity
  8
B.Cu
  6
CONTINUOUS
100
AcDbLine
 10
162.0649640000000034
 20
-122.7516109999999969
 30
0
 11
162.1817529999999863
 21
-122.9123579999999976
 31
0
  0
LINE
  5
7D9
330
1A
100
AcDbEntity
  8
B.Cu
  6
CONTINUOUS
100
AcDbLine
 10
162.1817529999999863
 20
-122.9123579999999976
 30
0
 11
162.1817580000000021
 21
-122.9123649999999941
 31
0
  0
LINE
  5
7DA
330
1A
100
AcDbEntity
  8
B.Cu
  6
CONTINUOUS
100
AcDbLine
 10
162.1817580000000021
 20
-122.9123649999999941
 30
0
 11
162.3376360000000034
 21
-123.0682429999999954
 31
0
  0
LINE
  5
7DB
330
1A
100
AcDbEntity
  8
B.Cu
  6
CONTINUOUS
100
AcDbLine
 10
162.3376360000000034
 20
-123.0682429999999954
 30
0
 11
162.3376409999999908
 21
-123.0682469999999995
 31
0
  0
LINE
  5
7DC
330
1A
100
AcDbEntity
  8
B.Cu
  6
CONTINUOUS
100
AcDbLine
 10
162.3376409999999908
 20
-123.0682469999999995
 30
0
 11
162.4826180000000022
 21
-123.173577999999992
 31
0
  0
LINE
  5
7DD
330
1A
100
AcDbEntity
  8
B.Cu
  6
CONTINUOUS
100
AcDbLine
 10
162.4826180000000022
 20
-123.173577999999992
 30
0
 11
162.5159779999999898
 21
-123.1978149999999914
 31
0
  0
LINE
  5
7DE
330
1A
100
AcDbEntity
  8
B.Cu
  6
CONTINUOUS
100
AcDbLine
 10
162.5159779999999898
 20
-123.1978149999999914
 30
0
 11
162.6443749999999966
 21
-123.2632369999999895
 31
0
  0
LINE
  5
7DF
330
1A
100
AcDbEntity
  8
B.Cu
  6
CONTINUOUS
100
AcDbLine
 10
162.6443749999999966
 20
-123.2632369999999895
 30
0
 11
162.7123929999999916
 21
-123.2978949999999969
 31
0
  0
LINE
  5
7E0
330
1A
100
AcDbEntity
  8
B.Cu
  6
CONTINUOUS
100
AcDbLine
 10
162.7123929999999916
 20
-123.2978949999999969
 30
0
 11
162.712395999999984
 21
-123.2978959999999944
 31
0
  0
LINE
  5
7E1
330
1A
100
AcDbEntity
  8
B.Cu
  6
CONTINUOUS
100
AcDbLine
 10
162.712395999999984
 20
-123.2978959999999944
 30
0
 11
162.8172209999999893
 21
-123.3319549999999936
 31
0
  0
LINE
  5
7E2
330
1A
100
AcDbEntity
  8
B.Cu
  6
CONTINUOUS
100
AcDbLine
 10
162.8172209999999893
 20
-123.3319549999999936
 30
0
 11
162.922048999999987
 21
-123.3660149999999902
 31
0
  0
LINE
  5
7E3
330
1A
100
AcDbEntity
  8
B.Cu
  6
CONTINUOUS
100
AcDbLine
 10
162.922048999999987
 20
-123.3660149999999902
 30
0
 11
163.1397779999999784
 21
-123.4004999999999939
 31
0
  0
LINE
  5
7E4
330
1A
100
AcDbEntity
  8
B.Cu
  6
CONTINUOUS
100
AcDbLine
 10
163.1397779999999784
 20
-123.4004999999999939
 30
0
 11
163.1397790000000043
 21
-123.4004999999999939
 31
0
  0
LINE
  5
7E5
330
1A
100
AcDbEntity
  8
B.Cu
  6
CONTINUOUS
100
AcDbLine
 10
163.1397790000000043
 20
-123.4004999999999939
 30
0
 11
163.3602209999999957
 21
-123.4004999999999939
 31
0
  0
LINE
  5
7E6
330
1A
100
AcDbEntity
  8
B.Cu
  6
CONTINUOUS
100
AcDbLine
 10
163.3602209999999957
 20
-123.4004999999999939
 30
0
 11
163.3602219999999932
 21
-123.4004999999999939
 31
0
  0
LINE
  5
7E7
330
1A
100
AcDbEntity
  8
B.Cu
  6
CONTINUOUS
100
AcDbLine
 10
163.3602219999999932
 20
-123.4004999999999939
 30
0
 11
163.5779509999999846
 21
-123.3660149999999902
 31
0
  0
LINE
  5
7E8
330
1A
100
AcDbEntity
  8
B.Cu
  6
CONTINUOUS
100
AcDbLine
 10
163.5779509999999846
 20
-123.3660149999999902
 30
0
 11
163.7876059999999825
 21
-123.2978949999999969
 31
0
  0
LINE
  5
7E9
330
1A
100
AcDbEntity
  8
B.Cu
  6
CONTINUOUS
100
AcDbLine
 10
163.7876059999999825
 20
-123.2978949999999969
 30
0
 11
163.9840219999999817
 21
-123.1978149999999914
 31
0
  0
LINE
  5
7EA
330
1A
100
AcDbEntity
  8
B.Cu
  6
CONTINUOUS
100
AcDbLine
 10
163.9840219999999817
 20
-123.1978149999999914
 30
0
 11
164.1623649999999941
 21
-123.0682419999999979
 31
0
  0
LINE
  5
7EB
330
1A
100
AcDbEntity
  8
B.Cu
  6
CONTINUOUS
100
AcDbLine
 10
164.1623649999999941
 20
-123.0682419999999979
 30
0
 11
164.3182419999999979
 21
-122.9123649999999941
 31
0
  0
LINE
  5
7EC
330
1A
100
AcDbEntity
  8
B.Cu
  6
CONTINUOUS
100
AcDbLine
 10
164.3182419999999979
 20
-122.9123649999999941
 30
0
 11
164.4478149999999914
 21
-122.734021999999996
 31
0
  0
LINE
  5
7ED
330
1A
100
AcDbEntity
  8
B.Cu
  6
CONTINUOUS
100
AcDbLine
 10
164.4478149999999914
 20
-122.734021999999996
 30
0
 11
164.5478949999999827
 21
-122.5376059999999967
 31
0
  0
LINE
  5
7EE
330
1A
100
AcDbEntity
  8
B.Cu
  6
CONTINUOUS
100
AcDbLine
 10
164.5478949999999827
 20
-122.5376059999999967
 30
0
 11
164.6160150000000044
 21
-122.3279509999999988
 31
0
  0
LINE
  5
7EF
330
1A
100
AcDbEntity
  8
B.Cu
  6
CONTINUOUS
100
AcDbLine
 10
164.6160150000000044
 20
-122.3279509999999988
 30
0
 11
164.6504999999999939
 21
-122.1102219999999932
 31
0
  0
LINE
  5
7F0
330
1A
100
AcDbEntity
  8
B.Cu
  6
CONTINUOUS
100
AcDbLine
 10
164.6504999999999939
 20
-122.1102219999999932
 30
0
 11
164.6504999999999939
 21
-121.8897779999999926
 31
0
  0
LINE
  5
7F1
330
1A
100
AcDbEntity
  8
B.Cu
  6
CONTINUOUS
100
AcDbLine
 10
164.6504999999999939
 20
-121.8897779999999926
 30
0
 11
164.6160150000000044
 21
-121.6720490000000012
 31
0
  0
LINE
  5
7F2
330
1A
100
AcDbEntity
  8
B.Cu
  6
CONTINUOUS
100
AcDbLine
 10
164.6160150000000044
 20
-121.6720490000000012
 30
0
 11
164.5478949999999827
 21
-121.4623939999999891
 31
0
  0
LINE
  5
7F3
330
1A
100
AcDbEntity
  8
B.Cu
  6
CONTINUOUS
100
AcDbLine
 10
164.5478949999999827
 20
-121.4623939999999891
 30
0
 11
164.5478949999999827
 21
-121.4623929999999916
 31
0
  0
LINE
  5
7F4
330
1A
100
AcDbEntity
  8
B.Cu
  6
CONTINUOUS
100
AcDbLine
 10
164.5478949999999827
 20
-121.4623929999999916
 30
0
 11
164.4548649999999839
 21
-121.2798149999999993
 31
0
  0
LINE
  5
7F5
330
1A
100
AcDbEntity
  8
B.Cu
  6
CONTINUOUS
100
AcDbLine
 10
164.4548649999999839
 20
-121.2798149999999993
 30
0
 11
164.4478149999999914
 21
-121.2659779999999898
 31
0
  0
LINE
  5
7F6
330
1A
100
AcDbEntity
  8
B.Cu
  6
CONTINUOUS
100
AcDbLine
 10
164.4478149999999914
 20
-121.2659779999999898
 30
0
 11
164.4070309999999893
 21
-121.2098429999999922
 31
0
  0
LINE
  5
7F7
330
1A
100
AcDbEntity
  8
B.Cu
  6
CONTINUOUS
100
AcDbLine
 10
164.4070309999999893
 20
-121.2098429999999922
 30
0
 11
164.3182469999999853
 21
-121.0876409999999908
 31
0
  0
LINE
  5
7F8
330
1A
100
AcDbEntity
  8
B.Cu
  6
CONTINUOUS
100
AcDbLine
 10
164.3182469999999853
 20
-121.0876409999999908
 30
0
 11
164.3182429999999954
 21
-121.0876359999999892
 31
0
  0
LINE
  5
7F9
330
1A
100
AcDbEntity
  8
B.Cu
  6
CONTINUOUS
100
AcDbLine
 10
164.3182429999999954
 20
-121.0876359999999892
 30
0
 11
164.1623629999999991
 21
-120.9317559999999929
 31
0
  0
LINE
  5
7FA
330
1A
100
AcDbEntity
  8
B.Cu
  6
CONTINUOUS
100
AcDbLine
 10
164.1623629999999991
 20
-120.9317559999999929
 30
0
 11
164.1623579999999833
 21
-120.9317519999999888
 31
0
  0
LINE
  5
7FB
330
1A
100
AcDbEntity
  8
B.Cu
  6
CONTINUOUS
100
AcDbLine
 10
164.1623579999999833
 20
-120.9317519999999888
 30
0
 11
163.9840250000000026
 21
-120.8021869999999893
 31
0
  0
LINE
  5
7FC
330
1A
100
AcDbEntity
  8
B.Cu
  6
CONTINUOUS
100
AcDbLine
 10
163.9840250000000026
 20
-120.8021869999999893
 30
0
 11
163.9840240000000051
 21
-120.8021859999999919
 31
0
  0
LINE
  5
7FD
330
1A
100
AcDbEntity
  8
B.Cu
  6
CONTINUOUS
100
AcDbLine
 10
163.9840240000000051
 20
-120.8021859999999919
 30
0
 11
163.9840219999999817
 21
-120.8021849999999944
 31
0
  0
LINE
  5
7FE
330
1A
100
AcDbEntity
  8
B.Cu
  6
CONTINUOUS
100
AcDbLine
 10
163.9840219999999817
 20
-120.8021849999999944
 30
0
 11
163.8825860000000034
 21
-120.7504999999999882
 31
0
  0
LINE
  5
7FF
330
1A
100
AcDbEntity
  8
B.Cu
  6
CONTINUOUS
100
AcDbLine
 10
163.8825860000000034
 20
-120.7504999999999882
 30
0
 11
163.7876059999999825
 21
-120.7021039999999914
 31
0
  0
LINE
  5
800
330
1A
100
AcDbEntity
  8
B.Cu
  6
CONTINUOUS
100
AcDbLine
 10
163.7876059999999825
 20
-120.7021039999999914
 30
0
 11
163.7876029999999901
 21
-120.7021029999999939
 31
0
  0
LINE
  5
801
330
1A
100
AcDbEntity
  8
B.Cu
  6
CONTINUOUS
100
AcDbLine
 10
163.7876029999999901
 20
-120.7021029999999939
 30
0
 11
163.577951999999982
 21
-120.6339849999999956
 31
0
  0
LINE
  5
802
330
1A
100
AcDbEntity
  8
B.Cu
  6
CONTINUOUS
100
AcDbLine
 10
163.577951999999982
 20
-120.6339849999999956
 30
0
 11
163.4690860000000043
 21
-120.6167419999999879
 31
0
  0
LINE
  5
803
330
1A
100
AcDbEntity
  8
B.Cu
  6
CONTINUOUS
100
AcDbLine
 10
163.4690860000000043
 20
-120.6167419999999879
 30
0
 11
163.3602219999999932
 21
-120.5994999999999919
 31
0
  0
LINE
  5
804
330
1A
100
AcDbEntity
  8
B.Cu
  6
CONTINUOUS
100
AcDbLine
 10
163.3602219999999932
 20
-120.5994999999999919
 30
0
 11
163.1397779999999784
 21
-120.5994999999999919
 31
0
  0
LINE
  5
805
330
1A
100
AcDbEntity
  8
B.Cu
  6
CONTINUOUS
100
AcDbLine
 10
163.1397779999999784
 20
-120.5994999999999919
 30
0
 11
163.067200999999983
 21
-120.6109949999999884
 31
0
  0
LINE
  5
806
330
1A
100
AcDbEntity
  8
B.Cu
  6
CONTINUOUS
100
AcDbLine
 10
163.067200999999983
 20
-120.6109949999999884
 30
0
 11
162.9220469999999921
 21
-120.6339849999999956
 31
0
  0
LINE
  5
807
330
1A
100
AcDbEntity
  8
B.Cu
  6
CONTINUOUS
100
AcDbLine
 10
162.9220469999999921
 20
-120.6339849999999956
 30
0
 11
162.712395999999984
 21
-120.7021029999999939
 31
0
  0
LINE
  5
808
330
1A
100
AcDbEntity
  8
B.Cu
  6
CONTINUOUS
100
AcDbLine
 10
162.712395999999984
 20
-120.7021029999999939
 30
0
 11
162.7123929999999916
 21
-120.7021039999999914
 31
0
  0
LINE
  5
809
330
1A
100
AcDbEntity
  8
B.Cu
  6
CONTINUOUS
100
AcDbLine
 10
162.7123929999999916
 20
-120.7021039999999914
 30
0
 11
162.5159739999999999
 21
-120.8021869999999893
 31
0
  0
LINE
  5
80A
330
1A
100
AcDbEntity
  8
B.Cu
  6
CONTINUOUS
100
AcDbLine
 10
162.5159739999999999
 20
-120.8021869999999893
 30
0
 11
162.3376409999999908
 21
-120.9317519999999888
 31
0
  0
LINE
  5
80B
330
1A
100
AcDbEntity
  8
B.Cu
  6
CONTINUOUS
100
AcDbLine
 10
162.3376409999999908
 20
-120.9317519999999888
 30
0
 11
162.3376360000000034
 21
-120.9317559999999929
 31
0
  0
LINE
  5
80C
330
1A
100
AcDbEntity
  8
B.Cu
  6
CONTINUOUS
100
AcDbLine
 10
162.3376360000000034
 20
-120.9317559999999929
 30
0
 11
162.1817580000000021
 21
-121.0876339999999942
 31
0
  0
LINE
  5
80D
330
1A
100
AcDbEntity
  8
B.Cu
  6
CONTINUOUS
100
AcDbLine
 10
162.1817580000000021
 20
-121.0876339999999942
 30
0
 11
162.1329969999999889
 21
-121.1547470000000004
 31
0
  0
LINE
  5
80E
330
1A
100
AcDbEntity
  8
B.Cu
  6
CONTINUOUS
100
AcDbLine
 10
162.1329969999999889
 20
-121.1547470000000004
 30
0
 11
162.0649650000000008
 21
-121.2483859999999964
 31
0
  0
LINE
  5
80F
330
1A
100
AcDbEntity
  8
B.Cu
  6
CONTINUOUS
100
AcDbLine
 10
162.0649650000000008
 20
-121.2483859999999964
 30
0
 11
162.0096379999999954
 21
-121.291050999999996
 31
0
  0
LINE
  5
810
330
1A
100
AcDbEntity
  8
B.Cu
  6
CONTINUOUS
100
AcDbLine
 10
162.0096379999999954
 20
-121.291050999999996
 30
0
 11
161.9646489999999801
 21
-121.2994999999999948
 31
0
  0
LINE
  5
811
330
1A
100
AcDbEntity
  8
B.Cu
  6
CONTINUOUS
100
AcDbLine
 10
161.9646489999999801
 20
-121.2994999999999948
 30
0
 11
158.0353509999999915
 21
-121.2994999999999948
 31
0
  0
LINE
  5
812
330
1A
100
AcDbEntity
  8
B.Cu
  6
CONTINUOUS
100
AcDbLine
 10
158.0353509999999915
 20
-121.2994999999999948
 30
0
 11
157.9683119999999974
 21
-121.2798149999999993
 31
0
  0
LINE
  5
813
330
1A
100
AcDbEntity
  8
B.Cu
  6
CONTINUOUS
100
AcDbLine
 10
157.9683119999999974
 20
-121.2798149999999993
 30
0
 11
157.9350349999999992
 21
-121.2483879999999914
 31
0
  0
LINE
  5
814
330
1A
100
AcDbEntity
  8
B.Cu
  6
CONTINUOUS
100
AcDbLine
 10
157.9350349999999992
 20
-121.2483879999999914
 30
0
 11
157.8182419999999979
 21
-121.0876349999999917
 31
0
  0
LINE
  5
815
330
1A
100
AcDbEntity
  8
B.Cu
  6
CONTINUOUS
100
AcDbLine
 10
157.8182419999999979
 20
-121.0876349999999917
 30
0
 11
157.6623649999999941
 21
-120.9317579999999879
 31
0
  0
LINE
  5
816
330
1A
100
AcDbEntity
  8
B.Cu
  6
CONTINUOUS
100
AcDbLine
 10
157.6623649999999941
 20
-120.9317579999999879
 30
0
 11
157.6623629999999991
 21
-120.9317559999999929
 31
0
  0
LINE
  5
817
330
1A
100
AcDbEntity
  8
B.Cu
  6
CONTINUOUS
100
AcDbLine
 10
157.6623629999999991
 20
-120.9317559999999929
 30
0
 11
157.6623579999999833
 21
-120.9317519999999888
 31
0
  0
LINE
  5
818
330
1A
100
AcDbEntity
  8
B.Cu
  6
CONTINUOUS
100
AcDbLine
 10
157.6623579999999833
 20
-120.9317519999999888
 30
0
 11
157.4840250000000026
 21
-120.8021869999999893
 31
0
  0
LINE
  5
819
330
1A
100
AcDbEntity
  8
B.Cu
  6
CONTINUOUS
100
AcDbLine
 10
157.4840250000000026
 20
-120.8021869999999893
 30
0
 11
157.4840240000000051
 21
-120.8021859999999919
 31
0
  0
LINE
  5
81A
330
1A
100
AcDbEntity
  8
B.Cu
  6
CONTINUOUS
100
AcDbLine
 10
157.4840240000000051
 20
-120.8021859999999919
 30
0
 11
157.4840219999999817
 21
-120.8021849999999944
 31
0
  0
LINE
  5
81B
330
1A
100
AcDbEntity
  8
B.Cu
  6
CONTINUOUS
100
AcDbLine
 10
157.4840219999999817
 20
-120.8021849999999944
 30
0
 11
157.3825860000000034
 21
-120.7504999999999882
 31
0
  0
LINE
  5
81C
330
1A
100
AcDbEntity
  8
B.Cu
  6
CONTINUOUS
100
AcDbLine
 10
157.3825860000000034
 20
-120.7504999999999882
 30
0
 11
157.2876059999999825
 21
-120.7021039999999914
 31
0
  0
LINE
  5
81D
330
1A
100
AcDbEntity
  8
B.Cu
  6
CONTINUOUS
100
AcDbLine
 10
157.2876059999999825
 20
-120.7021039999999914
 30
0
 11
157.2876029999999901
 21
-120.7021029999999939
 31
0
  0
LINE
  5
81E
330
1A
100
AcDbEntity
  8
B.Cu
  6
CONTINUOUS
100
AcDbLine
 10
157.2876029999999901
 20
-120.7021029999999939
 30
0
 11
157.077951999999982
 21
-120.6339849999999956
 31
0
  0
LINE
  5
81F
330
1A
100
AcDbEntity
  8
B.Cu
  6
CONTINUOUS
100
AcDbLine
 10
157.077951999999982
 20
-120.6339849999999956
 30
0
 11
156.9690860000000043
 21
-120.6167419999999879
 31
0
  0
LINE
  5
820
330
1A
100
AcDbEntity
  8
B.Cu
  6
CONTINUOUS
100
AcDbLine
 10
156.9690860000000043
 20
-120.6167419999999879
 30
0
 11
156.8602219999999932
 21
-120.5994999999999919
 31
0
  0
LINE
  5
821
330
1A
100
AcDbEntity
  8
B.Cu
  6
CONTINUOUS
100
AcDbLine
 10
156.8602219999999932
 20
-120.5994999999999919
 30
0
 11
156.6397780000000068
 21
-120.5994999999999919
 31
0
  0
LINE
  5
822
330
1A
100
AcDbEntity
  8
B.Cu
  6
CONTINUOUS
100
AcDbLine
 10
156.6397780000000068
 20
-120.5994999999999919
 30
0
 11
156.5548770000000047
 21
-120.6129459999999938
 31
0
  0
LINE
  5
823
330
1A
100
AcDbEntity
  8
B.Cu
  6
CONTINUOUS
100
AcDbLine
 10
156.5548770000000047
 20
-120.6129459999999938
 30
0
 11
156.4435269999999889
 21
-120.6305830000000014
 31
0
  0
LINE
  5
824
330
1A
100
AcDbEntity
  8
B.Cu
  6
CONTINUOUS
100
AcDbLine
 10
156.4435269999999889
 20
-120.6305830000000014
 30
0
 11
156.3742330000000038
 21
-120.6216280000000012
 31
0
  0
LINE
  5
825
330
1A
100
AcDbEntity
  8
B.Cu
  6
CONTINUOUS
100
AcDbLine
 10
156.3742330000000038
 20
-120.6216280000000012
 30
0
 11
156.3364479999999901
 21
-120.5957909999999913
 31
0
  0
LINE
  5
826
330
1A
100
AcDbEntity
  8
B.Cu
  6
CONTINUOUS
100
AcDbLine
 10
156.3364479999999901
 20
-120.5957909999999913
 30
0
 11
154.5468189999999993
 21
-118.8061620000000005
 31
0
  0
LINE
  5
827
330
1A
100
AcDbEntity
  8
B.Cu
  6
CONTINUOUS
100
AcDbLine
 10
154.5468189999999993
 20
-118.8061620000000005
 30
0
 11
154.5133339999999862
 21
-118.7448389999999989
 31
0
  0
LINE
  5
828
330
1A
100
AcDbEntity
  8
B.Cu
  6
CONTINUOUS
100
AcDbLine
 10
154.5133339999999862
 20
-118.7448389999999989
 30
0
 11
154.5104999999999791
 21
-118.718480999999997
 31
0
  0
LINE
  5
829
330
1A
100
AcDbEntity
  8
B.Cu
  6
CONTINUOUS
100
AcDbLine
 10
154.5104999999999791
 20
-118.718480999999997
 30
0
 11
154.5104999999999791
 21
-117.3819469999999967
 31
0
  0
LINE
  5
82A
330
1A
100
AcDbEntity
  8
B.Cu
  6
CONTINUOUS
100
AcDbLine
 10
154.5104999999999791
 20
-117.3819469999999967
 30
0
 11
154.5104999999999791
 21
-112.2251490000000018
 31
0
  0
LINE
  5
82B
330
1A
100
AcDbEntity
  8
B.Cu
  6
CONTINUOUS
100
AcDbLine
 10
154.5104999999999791
 20
-112.2251490000000018
 30
0
 11
154.5301849999999888
 21
-112.1581099999999935
 31
0
  0
LINE
  5
82C
330
1A
100
AcDbEntity
  8
B.Cu
  6
CONTINUOUS
100
AcDbLine
 10
154.5301849999999888
 20
-112.1581099999999935
 30
0
 11
154.5829889999999978
 21
-112.1123549999999938
 31
0
  0
LINE
  5
82D
330
1A
100
AcDbEntity
  8
B.Cu
  6
CONTINUOUS
100
AcDbLine
 10
154.5829889999999978
 20
-112.1123549999999938
 30
0
 11
154.6521469999999852
 21
-112.1024109999999894
 31
0
  0
LINE
  5
82E
330
1A
100
AcDbEntity
  8
B.Cu
  6
CONTINUOUS
100
AcDbLine
 10
154.6521469999999852
 20
-112.1024109999999894
 30
0
 11
154.7157029999999907
 21
-112.1314359999999937
 31
0
  0
LINE
  5
82F
330
1A
100
AcDbEntity
  8
B.Cu
  6
CONTINUOUS
100
AcDbLine
 10
154.7157029999999907
 20
-112.1314359999999937
 30
0
 11
154.7221810000000062
 21
-112.1374679999999984
 31
0
  0
LINE
  5
830
330
1A
100
AcDbEntity
  8
B.Cu
  6
CONTINUOUS
100
AcDbLine
 10
154.7221810000000062
 20
-112.1374679999999984
 30
0
 11
155.7266500000000065
 21
-113.1419379999999961
 31
0
  0
LINE
  5
831
330
1A
100
AcDbEntity
  8
B.Cu
  6
CONTINUOUS
100
AcDbLine
 10
155.7266500000000065
 20
-113.1419379999999961
 30
0
 11
155.7576829999999859
 21
-113.1987709999999936
 31
0
  0
LINE
  5
832
330
1A
100
AcDbEntity
  8
B.Cu
  6
CONTINUOUS
100
AcDbLine
 10
155.7576829999999859
 20
-113.1987709999999936
 30
0
 11
155.7585980000000063
 21
-113.1984939999999966
 31
0
  0
LINE
  5
833
330
1A
100
AcDbEntity
  8
B.Cu
  6
CONTINUOUS
100
AcDbLine
 10
155.7585980000000063
 20
-113.1984939999999966
 30
0
 11
155.7599299999999971
 21
-113.2028869999999898
 31
0
  0
LINE
  5
834
330
1A
100
AcDbEntity
  8
B.Cu
  6
CONTINUOUS
100
AcDbLine
 10
155.7599299999999971
 20
-113.2028869999999898
 30
0
 11
155.7601349999999911
 21
-113.2032609999999977
 31
0
  0
LINE
  5
835
330
1A
100
AcDbEntity
  8
B.Cu
  6
CONTINUOUS
100
AcDbLine
 10
155.7601349999999911
 20
-113.2032609999999977
 30
0
 11
155.7603340000000003
 21
-113.2042149999999907
 31
0
  0
LINE
  5
836
330
1A
100
AcDbEntity
  8
B.Cu
  6
CONTINUOUS
100
AcDbLine
 10
155.7603340000000003
 20
-113.2042149999999907
 30
0
 11
155.7603679999999997
 21
-113.2043299999999988
 31
0
  0
LINE
  5
837
330
1A
100
AcDbEntity
  8
B.Cu
  6
CONTINUOUS
100
AcDbLine
 10
155.7603679999999997
 20
-113.2043299999999988
 30
0
 11
155.8131689999999878
 21
-113.3318039999999911
 31
0
  0
LINE
  5
838
330
1A
100
AcDbEntity
  8
B.Cu
  6
CONTINUOUS
100
AcDbLine
 10
155.8131689999999878
 20
-113.3318039999999911
 30
0
 11
155.8131759999999986
 21
-113.3318170000000009
 31
0
  0
LINE
  5
839
330
1A
100
AcDbEntity
  8
B.Cu
  6
CONTINUOUS
100
AcDbLine
 10
155.8131759999999986
 20
-113.3318170000000009
 30
0
 11
155.8898329999999817
 21
-113.4465409999999963
 31
0
  0
LINE
  5
83A
330
1A
100
AcDbEntity
  8
B.Cu
  6
CONTINUOUS
100
AcDbLine
 10
155.8898329999999817
 20
-113.4465409999999963
 30
0
 11
155.8898360000000025
 21
-113.4465450000000004
 31
0
  0
LINE
  5
83B
330
1A
100
AcDbEntity
  8
B.Cu
  6
CONTINUOUS
100
AcDbLine
 10
155.8898360000000025
 20
-113.4465450000000004
 30
0
 11
155.987402000000003
 21
-113.5441110000000009
 31
0
  0
LINE
  5
83C
330
1A
100
AcDbEntity
  8
B.Cu
  6
CONTINUOUS
100
AcDbLine
 10
155.987402000000003
 20
-113.5441110000000009
 30
0
 11
155.9874059999999929
 21
-113.5441139999999933
 31
0
  0
LINE
  5
83D
330
1A
100
AcDbEntity
  8
B.Cu
  6
CONTINUOUS
100
AcDbLine
 10
155.9874059999999929
 20
-113.5441139999999933
 30
0
 11
156.1021299999999883
 21
-113.6207709999999906
 31
0
  0
LINE
  5
83E
330
1A
100
AcDbEntity
  8
B.Cu
  6
CONTINUOUS
100
AcDbLine
 10
156.1021299999999883
 20
-113.6207709999999906
 30
0
 11
156.1021429999999839
 21
-113.6207780000000014
 31
0
  0
LINE
  5
83F
330
1A
100
AcDbEntity
  8
B.Cu
  6
CONTINUOUS
100
AcDbLine
 10
156.1021429999999839
 20
-113.6207780000000014
 30
0
 11
156.2296149999999955
 21
-113.673577999999992
 31
0
  0
LINE
  5
840
330
1A
100
AcDbEntity
  8
B.Cu
  6
CONTINUOUS
100
AcDbLine
 10
156.2296149999999955
 20
-113.673577999999992
 30
0
 11
156.2296199999999828
 21
-113.6735800000000012
 31
0
  0
LINE
  5
841
330
1A
100
AcDbEntity
  8
B.Cu
  6
CONTINUOUS
100
AcDbLine
 10
156.2296199999999828
 20
-113.6735800000000012
 30
0
 11
156.2296240000000012
 21
-113.6735800000000012
 31
0
  0
LINE
  5
842
330
1A
100
AcDbEntity
  8
B.Cu
  6
CONTINUOUS
100
AcDbLine
 10
156.2296240000000012
 20
-113.6735800000000012
 30
0
 11
156.2296249999999986
 21
-113.6735809999999987
 31
0
  0
LINE
  5
843
330
1A
100
AcDbEntity
  8
B.Cu
  6
CONTINUOUS
100
AcDbLine
 10
156.2296249999999986
 20
-113.6735809999999987
 30
0
 11
156.3649519999999882
 21
-113.700499999999991
 31
0
  0
LINE
  5
844
330
1A
100
AcDbEntity
  8
B.Cu
  6
CONTINUOUS
100
AcDbLine
 10
156.3649519999999882
 20
-113.700499999999991
 30
0
 11
156.3649549999999806
 21
-113.700499999999991
 31
0
  0
LINE
  5
845
330
1A
100
AcDbEntity
  8
B.Cu
  6
CONTINUOUS
100
AcDbLine
 10
156.3649549999999806
 20
-113.700499999999991
 30
0
 11
160.5689959999999985
 21
-113.700499999999991
 31
0
  0
LINE
  5
846
330
1A
100
AcDbEntity
  8
B.Cu
  6
CONTINUOUS
100
AcDbLine
 10
160.5689959999999985
 20
-113.700499999999991
 30
0
 11
160.6600399999999809
 21
-113.6823890000000006
 31
0
  0
LINE
  5
847
330
1A
100
AcDbEntity
  8
B.Cu
  6
CONTINUOUS
100
AcDbLine
 10
160.6600399999999809
 20
-113.6823890000000006
 30
0
 11
160.7043280000000038
 21
-113.6735800000000012
 31
0
  0
LINE
  5
848
330
1A
100
AcDbEntity
  8
B.Cu
  6
CONTINUOUS
100
AcDbLine
 10
160.7043280000000038
 20
-113.6735800000000012
 30
0
 11
160.768068999999997
 21
-113.6471769999999992
 31
0
  0
LINE
  5
849
330
1A
100
AcDbEntity
  8
B.Cu
  6
CONTINUOUS
100
AcDbLine
 10
160.768068999999997
 20
-113.6471769999999992
 30
0
 11
160.8318069999999977
 21
-113.6207769999999897
 31
0
  0
LINE
  5
84A
330
1A
100
AcDbEntity
  8
B.Cu
  6
CONTINUOUS
100
AcDbLine
 10
160.8318069999999977
 20
-113.6207769999999897
 30
0
 11
160.8318079999999952
 21
-113.6207759999999922
 31
0
  0
LINE
  5
84B
330
1A
100
AcDbEntity
  8
B.Cu
  6
CONTINUOUS
100
AcDbLine
 10
160.8318079999999952
 20
-113.6207759999999922
 30
0
 11
160.8318109999999876
 21
-113.6207749999999947
 31
0
  0
LINE
  5
84C
330
1A
100
AcDbEntity
  8
B.Cu
  6
CONTINUOUS
100
AcDbLine
 10
160.8318109999999876
 20
-113.6207749999999947
 30
0
 11
160.9465429999999913
 21
-113.5441139999999933
 31
0
  0
LINE
  5
84D
330
1A
100
AcDbEntity
  8
B.Cu
  6
CONTINUOUS
100
AcDbLine
 10
160.9465429999999913
 20
-113.5441139999999933
 30
0
 11
163.0441139999999791
 21
-111.4465429999999913
 31
0
  0
LINE
  5
84E
330
1A
100
AcDbEntity
  8
B.Cu
  6
CONTINUOUS
100
AcDbLine
 10
163.0441139999999791
 20
-111.4465429999999913
 30
0
 11
163.1207749999999805
 21
-111.3318110000000019
 31
0
  0
LINE
  5
84F
330
1A
100
AcDbEntity
  8
B.Cu
  6
CONTINUOUS
100
AcDbLine
 10
163.1207749999999805
 20
-111.3318110000000019
 30
0
 11
163.173579999999987
 21
-111.2043279999999896
 31
0
  0
LINE
  5
850
330
1A
100
AcDbEntity
  8
B.Cu
  6
CONTINUOUS
100
AcDbLine
 10
163.173579999999987
 20
-111.2043279999999896
 30
0
 11
163.1812970000000007
 21
-111.1655329999999964
 31
0
  0
LINE
  5
851
330
1A
100
AcDbEntity
  8
B.Cu
  6
CONTINUOUS
100
AcDbLine
 10
163.1812970000000007
 20
-111.1655329999999964
 30
0
 11
163.2005000000000052
 21
-111.0689929999999919
 31
0
  0
LINE
  5
852
330
1A
100
AcDbEntity
  8
B.Cu
  6
CONTINUOUS
100
AcDbLine
 10
163.2005000000000052
 20
-111.0689929999999919
 30
0
 11
163.2005000000000052
 21
-85.8819469999999967
 31
0
  0
LINE
  5
853
330
1A
100
AcDbEntity
  8
B.Cu
  6
CONTINUOUS
100
AcDbLine
 10
163.2005000000000052
 20
-85.8819469999999967
 30
0
 11
163.2005000000000052
 21
-79.4310069999999939
 31
0
  0
LINE
  5
854
330
1A
100
AcDbEntity
  8
B.Cu
  6
CONTINUOUS
100
AcDbLine
 10
163.2005000000000052
 20
-79.4310069999999939
 30
0
 11
163.2005000000000052
 21
-79.4310040000000015
 31
0
  0
LINE
  5
855
330
1A
100
AcDbEntity
  8
B.Cu
  6
CONTINUOUS
100
AcDbLine
 10
163.2005000000000052
 20
-79.4310040000000015
 30
0
 11
163.1735809999999844
 21
-79.2956769999999977
 31
0
  0
LINE
  5
856
330
1A
100
AcDbEntity
  8
B.Cu
  6
CONTINUOUS
100
AcDbLine
 10
163.1735809999999844
 20
-79.2956769999999977
 30
0
 11
163.173579999999987
 21
-79.2956760000000003
 31
0
  0
LINE
  5
857
330
1A
100
AcDbEntity
  8
B.Cu
  6
CONTINUOUS
100
AcDbLine
 10
163.173579999999987
 20
-79.2956760000000003
 30
0
 11
163.173579999999987
 21
-79.2956719999999962
 31
0
  0
LINE
  5
858
330
1A
100
AcDbEntity
  8
B.Cu
  6
CONTINUOUS
100
AcDbLine
 10
163.173579999999987
 20
-79.2956719999999962
 30
0
 11
163.1587169999999958
 21
-79.2597889999999978
 31
0
  0
LINE
  5
859
330
1A
100
AcDbEntity
  8
B.Cu
  6
CONTINUOUS
100
AcDbLine
 10
163.1587169999999958
 20
-79.2597889999999978
 30
0
 11
163.1207780000000014
 21
-79.1681949999999972
 31
0
  0
LINE
  5
85A
330
1A
100
AcDbEntity
  8
B.Cu
  6
CONTINUOUS
100
AcDbLine
 10
163.1207780000000014
 20
-79.1681949999999972
 30
0
 11
163.1207709999999906
 21
-79.1681820000000016
 31
0
  0
LINE
  5
85B
330
1A
100
AcDbEntity
  8
B.Cu
  6
CONTINUOUS
100
AcDbLine
 10
163.1207709999999906
 20
-79.1681820000000016
 30
0
 11
163.044115000000005
 21
-79.0534589999999895
 31
0
  0
LINE
  5
85C
330
1A
100
AcDbEntity
  8
B.Cu
  6
CONTINUOUS
100
AcDbLine
 10
163.044115000000005
 20
-79.0534589999999895
 30
0
 11
162.9965809999999919
 21
-79.0059249999999906
 31
0
  0
LINE
  5
85D
330
1A
100
AcDbEntity
  8
B.Cu
  6
CONTINUOUS
100
AcDbLine
 10
162.9965809999999919
 20
-79.0059249999999906
 30
0
 11
162.9465419999999938
 21
-78.9558859999999925
 31
0
  0
LINE
  5
85E
330
1A
100
AcDbEntity
  8
B.Cu
  6
CONTINUOUS
100
AcDbLine
 10
162.9465419999999938
 20
-78.9558859999999925
 30
0
 11
161.6328110000000038
 21
-77.6421550000000025
 31
0
  0
LINE
  5
85F
330
1A
100
AcDbEntity
  8
B.Cu
  6
CONTINUOUS
100
AcDbLine
 10
161.6328110000000038
 20
-77.6421550000000025
 30
0
 11
157.4711149999999975
 21
-73.4804570000000012
 31
0
  0
LINE
  5
860
330
1A
100
AcDbEntity
  8
B.Cu
  6
CONTINUOUS
100
AcDbLine
 10
157.4711149999999975
 20
-73.4804570000000012
 30
0
 11
157.388306
 21
-73.3976480000000038
 31
0
  0
LINE
  5
861
330
1A
100
AcDbEntity
  8
B.Cu
  6
CONTINUOUS
100
AcDbLine
 10
157.388306
 20
-73.3976480000000038
 30
0
 11
156.9465449999999862
 21
-72.9558869999999899
 31
0
  0
LINE
  5
862
330
1A
100
AcDbEntity
  8
B.Cu
  6
CONTINUOUS
100
AcDbLine
 10
156.9465449999999862
 20
-72.9558869999999899
 30
0
 11
156.8318069999999977
 21
-72.8792219999999986
 31
0
  0
LINE
  5
863
330
1A
100
AcDbEntity
  8
B.Cu
  6
CONTINUOUS
100
AcDbLine
 10
156.8318069999999977
 20
-72.8792219999999986
 30
0
 11
156.7043319999999937
 21
-72.8264209999999963
 31
0
  0
LINE
  5
864
330
1A
100
AcDbEntity
  8
B.Cu
  6
CONTINUOUS
100
AcDbLine
 10
156.7043319999999937
 20
-72.8264209999999963
 30
0
 11
156.7043219999999906
 21
-72.8264179999999897
 31
0
  0
LINE
  5
865
330
1A
100
AcDbEntity
  8
B.Cu
  6
CONTINUOUS
100
AcDbLine
 10
156.7043219999999906
 20
-72.8264179999999897
 30
0
 11
156.5689959999999985
 21
-72.7994999999999948
 31
0
  0
LINE
  5
866
330
1A
100
AcDbEntity
  8
B.Cu
  6
CONTINUOUS
100
AcDbLine
 10
156.5689959999999985
 20
-72.7994999999999948
 30
0
 11
156.5689940000000036
 21
-72.7994999999999948
 31
0
  0
LINE
  5
867
330
1A
100
AcDbEntity
  8
B.Cu
  6
CONTINUOUS
100
AcDbLine
 10
156.5689940000000036
 20
-72.7994999999999948
 30
0
 11
156.5689930000000061
 21
-72.7994999999999948
 31
0
  0
LINE
  5
868
330
1A
100
AcDbEntity
  8
B.Cu
  6
CONTINUOUS
100
AcDbLine
 10
156.5689930000000061
 20
-72.7994999999999948
 30
0
 11
152.1089939999999956
 21
-72.7994999999999948
 31
0
  0
LINE
  5
869
330
1A
100
AcDbEntity
  8
B.Cu
  6
CONTINUOUS
100
AcDbLine
 10
152.1089939999999956
 20
-72.7994999999999948
 30
0
 11
151.9710059999999885
 21
-72.7994999999999948
 31
0
  0
LINE
  5
86A
330
1A
100
AcDbEntity
  8
B.Cu
  6
CONTINUOUS
100
AcDbLine
 10
151.9710059999999885
 20
-72.7994999999999948
 30
0
 11
151.9710039999999935
 21
-72.7994999999999948
 31
0
  0
LINE
  5
86B
330
1A
100
AcDbEntity
  8
B.Cu
  6
CONTINUOUS
100
AcDbLine
 10
151.9710039999999935
 20
-72.7994999999999948
 30
0
 11
151.835677000000004
 21
-72.8264179999999897
 31
0
  0
LINE
  5
86C
330
1A
100
AcDbEntity
  8
B.Cu
  6
CONTINUOUS
100
AcDbLine
 10
151.835677000000004
 20
-72.8264179999999897
 30
0
 11
151.8356670000000008
 21
-72.8264209999999963
 31
0
  0
LINE
  5
86D
330
1A
100
AcDbEntity
  8
B.Cu
  6
CONTINUOUS
100
AcDbLine
 10
151.8356670000000008
 20
-72.8264209999999963
 30
0
 11
151.7081919999999968
 21
-72.8792219999999986
 31
0
  0
LINE
  5
86E
330
1A
100
AcDbEntity
  8
B.Cu
  6
CONTINUOUS
100
AcDbLine
 10
151.7081919999999968
 20
-72.8792219999999986
 30
0
 11
151.5934539999999799
 21
-72.9558869999999899
 31
0
  0
LINE
  5
86F
330
1A
100
AcDbEntity
  8
B.Cu
  6
CONTINUOUS
100
AcDbLine
 10
151.5934539999999799
 20
-72.9558869999999899
 30
0
 11
150.4158869999999979
 21
-74.1334540000000004
 31
0
  0
LINE
  5
870
330
1A
100
AcDbEntity
  8
B.Cu
  6
CONTINUOUS
100
AcDbLine
 10
150.4158869999999979
 20
-74.1334540000000004
 30
0
 11
150.3392220000000066
 21
-74.2481920000000031
 31
0
  0
LINE
  5
871
330
1A
100
AcDbEntity
  8
B.Cu
  6
CONTINUOUS
100
AcDbLine
 10
150.3392220000000066
 20
-74.2481920000000031
 30
0
 11
150.28642099999999
 21
-74.3756669999999929
 31
0
  0
LINE
  5
872
330
1A
100
AcDbEntity
  8
B.Cu
  6
CONTINUOUS
100
AcDbLine
 10
150.28642099999999
 20
-74.3756669999999929
 30
0
 11
150.2864179999999976
 21
-74.375678999999991
 31
0
  0
LINE
  5
873
330
1A
100
AcDbEntity
  8
B.Cu
  6
CONTINUOUS
100
AcDbLine
 10
150.2864179999999976
 20
-74.375678999999991
 30
0
 11
150.2632879999999886
 21
-74.4919629999999984
 31
0
  0
LINE
  5
874
330
1A
100
AcDbEntity
  8
B.Cu
  6
CONTINUOUS
100
AcDbLine
 10
150.2632879999999886
 20
-74.4919629999999984
 30
0
 11
150.2595000000000027
 21
-74.5110059999999947
 31
0
  0
LINE
  5
875
330
1A
100
AcDbEntity
  8
B.Cu
  6
CONTINUOUS
100
AcDbLine
 10
150.2595000000000027
 20
-74.5110059999999947
 30
0
 11
150.2595000000000027
 21
-74.9000580000000014
 31
0
  0
LINE
  5
876
330
1A
100
AcDbEntity
  8
B.Cu
  6
CONTINUOUS
100
AcDbLine
 10
150.2595000000000027
 20
-74.9000580000000014
 30
0
 11
150.239814999999993
 21
-74.9670969999999954
 31
0
  0
LINE
  5
877
330
1A
100
AcDbEntity
  8
B.Cu
  6
CONTINUOUS
100
AcDbLine
 10
150.239814999999993
 20
-74.9670969999999954
 30
0
 11
150.2083869999999877
 21
-75.0003749999999911
 31
0
  0
LINE
  5
878
330
1A
100
AcDbEntity
  8
B.Cu
  6
CONTINUOUS
100
AcDbLine
 10
150.2083869999999877
 20
-75.0003749999999911
 30
0
 11
150.1453539999999975
 21
-75.0461710000000011
 31
0
  0
LINE
  5
879
330
1A
100
AcDbEntity
  8
B.Cu
  6
CONTINUOUS
100
AcDbLine
 10
150.1453539999999975
 20
-75.0461710000000011
 30
0
 11
150.0061739999999872
 21
-75.1853509999999972
 31
0
  0
LINE
  5
87A
330
1A
100
AcDbEntity
  8
B.Cu
  6
CONTINUOUS
100
AcDbLine
 10
150.0061739999999872
 20
-75.1853509999999972
 30
0
 11
150.0061739999999872
 21
-75.1853519999999946
 31
0
  0
LINE
  5
87B
330
1A
100
AcDbEntity
  8
B.Cu
  6
CONTINUOUS
100
AcDbLine
 10
150.0061739999999872
 20
-75.1853519999999946
 30
0
 11
150.0061719999999923
 21
-75.1853539999999896
 31
0
  0
LINE
  5
87C
330
1A
100
AcDbEntity
  8
B.Cu
  6
CONTINUOUS
100
AcDbLine
 10
150.0061719999999923
 20
-75.1853539999999896
 30
0
 11
149.9603759999999966
 21
-75.2483859999999964
 31
0
  0
LINE
  5
87D
330
1A
100
AcDbEntity
  8
B.Cu
  6
CONTINUOUS
100
AcDbLine
 10
149.9603759999999966
 20
-75.2483859999999964
 30
0
 11
149.8904760000000067
 21
-75.3445940000000007
 31
0
  0
LINE
  5
87E
330
1A
100
AcDbEntity
  8
B.Cu
  6
CONTINUOUS
100
AcDbLine
 10
149.8904760000000067
 20
-75.3445940000000007
 30
0
 11
149.8004849999999806
 21
-75.521213000000003
 31
0
  0
LINE
  5
87F
330
1A
100
AcDbEntity
  8
B.Cu
  6
CONTINUOUS
100
AcDbLine
 10
149.8004849999999806
 20
-75.521213000000003
 30
0
 11
149.7525109999999984
 21
-75.5720089999999942
 31
0
  0
LINE
  5
880
330
1A
100
AcDbEntity
  8
B.Cu
  6
CONTINUOUS
100
AcDbLine
 10
149.7525109999999984
 20
-75.5720089999999942
 30
0
 11
149.6846899999999891
 21
-75.5888039999999961
 31
0
  0
LINE
  5
881
330
1A
100
AcDbEntity
  8
B.Cu
  6
CONTINUOUS
100
AcDbLine
 10
149.6846899999999891
 20
-75.5888039999999961
 30
0
 11
149.6185549999999864
 21
-75.5662669999999963
 31
0
  0
LINE
  5
882
330
1A
100
AcDbEntity
  8
B.Cu
  6
CONTINUOUS
100
AcDbLine
 10
149.6185549999999864
 20
-75.5662669999999963
 30
0
 11
149.5795149999999865
 21
-75.521213000000003
 31
0
  0
LINE
  5
883
330
1A
100
AcDbEntity
  8
B.Cu
  6
CONTINUOUS
100
AcDbLine
 10
149.5795149999999865
 20
-75.521213000000003
 30
0
 11
149.5462289999999825
 21
-75.4558859999999925
 31
0
  0
LINE
  5
884
330
1A
100
AcDbEntity
  8
B.Cu
  6
CONTINUOUS
100
AcDbLine
 10
149.5462289999999825
 20
-75.4558859999999925
 30
0
 11
149.4895239999999887
 21
-75.3445949999999982
 31
0
  0
LINE
  5
885
330
1A
100
AcDbEntity
  8
B.Cu
  6
CONTINUOUS
100
AcDbLine
 10
149.4895239999999887
 20
-75.3445949999999982
 30
0
 11
149.3738280000000032
 21
-75.1853539999999896
 31
0
  0
LINE
  5
886
330
1A
100
AcDbEntity
  8
B.Cu
  6
CONTINUOUS
100
AcDbLine
 10
149.3738280000000032
 20
-75.1853539999999896
 30
0
 11
149.2346459999999979
 21
-75.0461719999999985
 31
0
  0
LINE
  5
887
330
1A
100
AcDbEntity
  8
B.Cu
  6
CONTINUOUS
100
AcDbLine
 10
149.2346459999999979
 20
-75.0461719999999985
 30
0
 11
149.1716129999999794
 21
-75.0003749999999911
 31
0
  0
LINE
  5
888
330
1A
100
AcDbEntity
  8
B.Cu
  6
CONTINUOUS
100
AcDbLine
 10
149.1716129999999794
 20
-75.0003749999999911
 30
0
 11
149.1289479999999799
 21
-74.9450449999999933
 31
0
  0
LINE
  5
889
330
1A
100
AcDbEntity
  8
B.Cu
  6
CONTINUOUS
100
AcDbLine
 10
149.1289479999999799
 20
-74.9450449999999933
 30
0
 11
149.1204999999999927
 21
-74.9000580000000014
 31
0
  0
LINE
  5
88A
330
1A
100
AcDbEntity
  8
B.Cu
  6
CONTINUOUS
100
AcDbLine
 10
149.1204999999999927
 20
-74.9000580000000014
 30
0
 11
149.1204999999999927
 21
-74.3510040000000032
 31
0
  0
LINE
  5
88B
330
1A
100
AcDbEntity
  8
B.Cu
  6
CONTINUOUS
100
AcDbLine
 10
149.1204999999999927
 20
-74.3510040000000032
 30
0
 11
149.0935810000000004
 21
-74.2156769999999995
 31
0
  0
LINE
  5
88C
330
1A
100
AcDbEntity
  8
B.Cu
  6
CONTINUOUS
100
AcDbLine
 10
149.0935810000000004
 20
-74.2156769999999995
 30
0
 11
149.0935800000000029
 21
-74.215676000000002
 31
0
  0
LINE
  5
88D
330
1A
100
AcDbEntity
  8
B.Cu
  6
CONTINUOUS
100
AcDbLine
 10
149.0935800000000029
 20
-74.215676000000002
 30
0
 11
149.0935800000000029
 21
-74.2156719999999979
 31
0
  0
LINE
  5
88E
330
1A
100
AcDbEntity
  8
B.Cu
  6
CONTINUOUS
100
AcDbLine
 10
149.0935800000000029
 20
-74.2156719999999979
 30
0
 11
149.0935779999999795
 21
-74.2156669999999963
 31
0
  0
LINE
  5
88F
330
1A
100
AcDbEntity
  8
B.Cu
  6
CONTINUOUS
100
AcDbLine
 10
149.0935779999999795
 20
-74.2156669999999963
 30
0
 11
149.0407779999999889
 21
-74.0881949999999989
 31
0
  0
LINE
  5
890
330
1A
100
AcDbEntity
  8
B.Cu
  6
CONTINUOUS
100
AcDbLine
 10
149.0407779999999889
 20
-74.0881949999999989
 30
0
 11
149.0407710000000066
 21
-74.0881820000000033
 31
0
  0
LINE
  5
891
330
1A
100
AcDbEntity
  8
B.Cu
  6
CONTINUOUS
100
AcDbLine
 10
149.0407710000000066
 20
-74.0881820000000033
 30
0
 11
148.9641149999999925
 21
-73.9734589999999912
 31
0
  0
LINE
  5
892
330
1A
100
AcDbEntity
  8
B.Cu
  6
CONTINUOUS
100
AcDbLine
 10
148.9641149999999925
 20
-73.9734589999999912
 30
0
 11
148.964113999999995
 21
-73.9734579999999937
 31
0
  0
LINE
  5
893
330
1A
100
AcDbEntity
  8
B.Cu
  6
CONTINUOUS
100
AcDbLine
 10
148.964113999999995
 20
-73.9734579999999937
 30
0
 11
148.8665419999999813
 21
-73.8758859999999942
 31
0
  0
LINE
  5
894
330
1A
100
AcDbEntity
  8
B.Cu
  6
CONTINUOUS
100
AcDbLine
 10
148.8665419999999813
 20
-73.8758859999999942
 30
0
 11
148.795189999999991
 21
-73.8045339999999896
 31
0
  0
LINE
  5
895
330
1A
100
AcDbEntity
  8
B.Cu
  6
CONTINUOUS
100
AcDbLine
 10
148.795189999999991
 20
-73.8045339999999896
 30
0
 11
147.9465459999999837
 21
-72.9558880000000016
 31
0
  0
LINE
  5
896
330
1A
100
AcDbEntity
  8
B.Cu
  6
CONTINUOUS
100
AcDbLine
 10
147.9465459999999837
 20
-72.9558880000000016
 30
0
 11
147.9465449999999862
 21
-72.9558869999999899
 31
0
  0
LINE
  5
897
330
1A
100
AcDbEntity
  8
B.Cu
  6
CONTINUOUS
100
AcDbLine
 10
147.9465449999999862
 20
-72.9558869999999899
 30
0
 11
147.8318069999999977
 21
-72.8792219999999986
 31
0
  0
LINE
  5
898
330
1A
100
AcDbEntity
  8
B.Cu
  6
CONTINUOUS
100
AcDbLine
 10
147.8318069999999977
 20
-72.8792219999999986
 30
0
 11
147.7043319999999937
 21
-72.8264209999999963
 31
0
  0
LINE
  5
899
330
1A
100
AcDbEntity
  8
B.Cu
  6
CONTINUOUS
100
AcDbLine
 10
147.7043319999999937
 20
-72.8264209999999963
 30
0
 11
147.7043219999999906
 21
-72.8264179999999897
 31
0
  0
LINE
  5
89A
330
1A
100
AcDbEntity
  8
B.Cu
  6
CONTINUOUS
100
AcDbLine
 10
147.7043219999999906
 20
-72.8264179999999897
 30
0
 11
147.5689959999999985
 21
-72.7994999999999948
 31
0
  0
LINE
  5
89B
330
1A
100
AcDbEntity
  8
B.Cu
  6
CONTINUOUS
100
AcDbLine
 10
147.5689959999999985
 20
-72.7994999999999948
 30
0
 11
147.5689940000000036
 21
-72.7994999999999948
 31
0
  0
LINE
  5
89C
330
1A
100
AcDbEntity
  8
B.Cu
  6
CONTINUOUS
100
AcDbLine
 10
147.5689940000000036
 20
-72.7994999999999948
 30
0
 11
147.5689930000000061
 21
-72.7994999999999948
 31
0
  0
LINE
  5
89D
330
1A
100
AcDbEntity
  8
B.Cu
  6
CONTINUOUS
100
AcDbLine
 10
147.5689930000000061
 20
-72.7994999999999948
 30
0
 11
139.9310069999999939
 21
-72.7994999999999948
 31
0
  0
LINE
  5
89E
330
1A
100
AcDbEntity
  8
B.Cu
  6
CONTINUOUS
100
AcDbLine
 10
139.9310069999999939
 20
-72.7994999999999948
 30
0
 11
139.931003000000004
 21
-72.7994999999999948
 31
0
  0
LINE
  5
89F
330
1A
100
AcDbEntity
  8
B.Cu
  6
CONTINUOUS
100
AcDbLine
 10
139.931003000000004
 20
-72.7994999999999948
 30
0
 11
139.8225899999999911
 21
-72.8210649999999902
 31
0
  0
LINE
  5
8A0
330
1A
100
AcDbEntity
  8
B.Cu
  6
CONTINUOUS
100
AcDbLine
 10
139.8225899999999911
 20
-72.8210649999999902
 30
0
 11
139.8225889999999936
 21
-72.8210649999999902
 31
0
  0
LINE
  5
8A1
330
1A
100
AcDbEntity
  8
B.Cu
  6
CONTINUOUS
100
AcDbLine
 10
139.8225889999999936
 20
-72.8210649999999902
 30
0
 11
139.8091310000000078
 21
-72.8237419999999958
 31
0
  0
LINE
  5
8A2
330
1A
100
AcDbEntity
  8
B.Cu
  6
CONTINUOUS
100
AcDbLine
 10
139.8091310000000078
 20
-72.8237419999999958
 30
0
 11
139.7956729999999936
 21
-72.8264190000000013
 31
0
  0
LINE
  5
8A3
330
1A
100
AcDbEntity
  8
B.Cu
  6
CONTINUOUS
100
AcDbLine
 10
139.7956729999999936
 20
-72.8264190000000013
 30
0
 11
139.7428659999999923
 21
-72.8482910000000032
 31
0
  0
LINE
  5
8A4
330
1A
100
AcDbEntity
  8
B.Cu
  6
CONTINUOUS
100
AcDbLine
 10
139.7428659999999923
 20
-72.8482910000000032
 30
0
 11
139.7428659999999923
 21
-72.8482920000000007
 31
0
  0
LINE
  5
8A5
330
1A
100
AcDbEntity
  8
B.Cu
  6
CONTINUOUS
100
AcDbLine
 10
139.7428659999999923
 20
-72.8482920000000007
 30
0
 11
139.6957740000000001
 21
-72.8677979999999934
 31
0
  0
LINE
  5
8A6
330
1A
100
AcDbEntity
  8
B.Cu
  6
CONTINUOUS
100
AcDbLine
 10
139.6957740000000001
 20
-72.8677979999999934
 30
0
 11
139.6681859999999915
 21
-72.8792260000000027
 31
0
  0
LINE
  5
8A7
330
1A
100
AcDbEntity
  8
B.Cu
  6
CONTINUOUS
100
AcDbLine
 10
139.6681859999999915
 20
-72.8792260000000027
 30
0
 11
139.6580339999999865
 21
-72.8860099999999989
 31
0
  0
LINE
  5
8A8
330
1A
100
AcDbEntity
  8
B.Cu
  6
CONTINUOUS
100
AcDbLine
 10
139.6580339999999865
 20
-72.8860099999999989
 30
0
 11
139.6579229999999825
 21
-72.8860839999999968
 31
0
  0
LINE
  5
8A9
330
1A
100
AcDbEntity
  8
B.Cu
  6
CONTINUOUS
100
AcDbLine
 10
139.6579229999999825
 20
-72.8860839999999968
 30
0
 11
139.5534569999999803
 21
-72.9558859999999925
 31
0
  0
LINE
  5
8AA
330
1A
100
AcDbEntity
  8
B.Cu
  6
CONTINUOUS
100
AcDbLine
 10
139.5534569999999803
 20
-72.9558859999999925
 30
0
 11
139.5534529999999904
 21
-72.9558889999999991
 31
0
  0
LINE
  5
8AB
330
1A
100
AcDbEntity
  8
B.Cu
  6
CONTINUOUS
100
AcDbLine
 10
139.5534529999999904
 20
-72.9558889999999991
 30
0
 11
133.4558899999999824
 21
-79.0534509999999955
 31
0
  0
LINE
  5
8AC
330
1A
100
AcDbEntity
  8
B.Cu
  6
CONTINUOUS
100
AcDbLine
 10
133.4558899999999824
 20
-79.0534509999999955
 30
0
 11
133.4558869999999899
 21
-79.0534540000000021
 31
0
  0
LINE
  5
8AD
330
1A
100
AcDbEntity
  8
B.Cu
  6
CONTINUOUS
100
AcDbLine
 10
133.4558869999999899
 20
-79.0534540000000021
 30
0
 11
133.3983429999999828
 21
-79.1395770000000027
 31
0
  0
LINE
  5
8AE
330
1A
100
AcDbEntity
  8
B.Cu
  6
CONTINUOUS
100
AcDbLine
 10
133.3983429999999828
 20
-79.1395770000000027
 30
0
 11
133.3983419999999853
 21
-79.1395780000000002
 31
0
  0
LINE
  5
8AF
330
1A
100
AcDbEntity
  8
B.Cu
  6
CONTINUOUS
100
AcDbLine
 10
133.3983419999999853
 20
-79.1395780000000002
 30
0
 11
133.3792289999999809
 21
-79.1681809999999899
 31
0
  0
LINE
  5
8B0
330
1A
100
AcDbEntity
  8
B.Cu
  6
CONTINUOUS
100
AcDbLine
 10
133.3792289999999809
 20
-79.1681809999999899
 30
0
 11
133.3792210000000011
 21
-79.1681949999999972
 31
0
  0
LINE
  5
8B1
330
1A
100
AcDbEntity
  8
B.Cu
  6
CONTINUOUS
100
AcDbLine
 10
133.3792210000000011
 20
-79.1681949999999972
 30
0
 11
133.3264209999999821
 21
-79.2956669999999946
 31
0
  0
LINE
  5
8B2
330
1A
100
AcDbEntity
  8
B.Cu
  6
CONTINUOUS
100
AcDbLine
 10
133.3264209999999821
 20
-79.2956669999999946
 30
0
 11
133.3264179999999897
 21
-79.2956769999999977
 31
0
  0
LINE
  5
8B3
330
1A
100
AcDbEntity
  8
B.Cu
  6
CONTINUOUS
100
AcDbLine
 10
133.3264179999999897
 20
-79.2956769999999977
 30
0
 11
133.2994999999999948
 21
-79.4310040000000015
 31
0
  0
LINE
  5
8B4
330
1A
100
AcDbEntity
  8
B.Cu
  6
CONTINUOUS
100
AcDbLine
 10
133.2994999999999948
 20
-79.4310040000000015
 30
0
 11
133.2994999999999948
 21
-79.4310069999999939
 31
0
  0
LINE
  5
8B5
330
1A
100
AcDbEntity
  8
B.Cu
  6
CONTINUOUS
100
AcDbLine
 10
133.2994999999999948
 20
-79.4310069999999939
 30
0
 11
133.2994999999999948
 21
-84.4310059999999964
 31
0
  0
LINE
  5
8B6
330
1A
100
AcDbEntity
  8
B.Cu
  6
CONTINUOUS
100
AcDbLine
 10
133.2994999999999948
 20
-84.4310059999999964
 30
0
 11
133.2994999999999948
 21
-84.5689939999999893
 31
0
  0
LINE
  5
8B7
330
1A
100
AcDbEntity
  8
B.Cu
  6
CONTINUOUS
100
AcDbLine
 10
133.2994999999999948
 20
-84.5689939999999893
 30
0
 11
133.2994999999999948
 21
-84.5689959999999985
 31
0
  0
LINE
  5
8B8
330
1A
100
AcDbEntity
  8
B.Cu
  6
CONTINUOUS
100
AcDbLine
 10
133.2994999999999948
 20
-84.5689959999999985
 30
0
 11
133.2994989999999973
 21
-84.5689959999999985
 31
0
  0
LINE
  5
8B9
330
1A
100
AcDbEntity
  8
B.Cu
  6
CONTINUOUS
100
AcDbLine
 10
133.2994989999999973
 20
-84.5689959999999985
 30
0
 11
133.3264179999999897
 21
-84.7043219999999906
 31
0
  0
LINE
  5
8BA
330
1A
100
AcDbEntity
  8
B.Cu
  6
CONTINUOUS
100
AcDbLine
 10
134.5995000000000061
 20
-120.5315169999999938
 30
0
 11
134.6055199999999843
 21
-120.5695229999999896
 31
0
  0
LINE
  5
8BB
330
1A
100
AcDbEntity
  8
B.Cu
  6
CONTINUOUS
100
AcDbLine
 10
134.6055199999999843
 20
-120.5695229999999896
 30
0
 11
134.6143539999999916
 21
-120.6253039999999999
 31
0
  0
LINE
  5
8BC
330
1A
100
AcDbEntity
  8
B.Cu
  6
CONTINUOUS
100
AcDbLine
 10
134.6143539999999916
 20
-120.6253039999999999
 30
0
 11
134.6719499999999812
 21
-120.7383419999999887
 31
0
  0
LINE
  5
8BD
330
1A
100
AcDbEntity
  8
B.Cu
  6
CONTINUOUS
100
AcDbLine
 10
134.6719499999999812
 20
-120.7383419999999887
 30
0
 11
134.6719520000000045
 21
-120.7383439999999979
 31
0
  0
LINE
  5
8BE
330
1A
100
AcDbEntity
  8
B.Cu
  6
CONTINUOUS
100
AcDbLine
 10
134.6719520000000045
 20
-120.7383439999999979
 30
0
 11
134.6719539999999995
 21
-120.7383469999999903
 31
0
  0
LINE
  5
8BF
330
1A
100
AcDbEntity
  8
B.Cu
  6
CONTINUOUS
100
AcDbLine
 10
134.6719539999999995
 20
-120.7383469999999903
 30
0
 11
134.761651999999998
 21
-120.8280449999999888
 31
0
  0
LINE
  5
8C0
330
1A
100
AcDbEntity
  8
B.Cu
  6
CONTINUOUS
100
AcDbLine
 10
134.761651999999998
 20
-120.8280449999999888
 30
0
 11
134.7616539999999929
 21
-120.8280460000000005
 31
0
  0
LINE
  5
8C1
330
1A
100
AcDbEntity
  8
B.Cu
  6
CONTINUOUS
100
AcDbLine
 10
134.7616539999999929
 20
-120.8280460000000005
 30
0
 11
134.7616579999999828
 21
-120.8280499999999904
 31
0
  0
LINE
  5
8C2
330
1A
100
AcDbEntity
  8
B.Cu
  6
CONTINUOUS
100
AcDbLine
 10
134.7616579999999828
 20
-120.8280499999999904
 30
0
 11
134.8746940000000052
 21
-120.8856449999999967
 31
0
  0
LINE
  5
8C3
330
1A
100
AcDbEntity
  8
B.Cu
  6
CONTINUOUS
100
AcDbLine
 10
134.8746940000000052
 20
-120.8856449999999967
 30
0
 11
134.8746979999999951
 21
-120.8856469999999916
 31
0
  0
LINE
  5
8C4
330
1A
100
AcDbEntity
  8
B.Cu
  6
CONTINUOUS
100
AcDbLine
 10
134.8746979999999951
 20
-120.8856469999999916
 30
0
 11
134.9684749999999838
 21
-120.9004989999999964
 31
0
  0
LINE
  5
8C5
330
1A
100
AcDbEntity
  8
B.Cu
  6
CONTINUOUS
100
AcDbLine
 10
134.9684749999999838
 20
-120.9004989999999964
 30
0
 11
134.968480999999997
 21
-120.9004999999999939
 31
0
  0
LINE
  5
8C6
330
1A
100
AcDbEntity
  8
B.Cu
  6
CONTINUOUS
100
AcDbLine
 10
134.968480999999997
 20
-120.9004999999999939
 30
0
 11
135.1754999999999995
 21
-120.9004989999999964
 31
0
  0
LINE
  5
8C7
330
1A
100
AcDbEntity
  8
B.Cu
  6
CONTINUOUS
100
AcDbLine
 10
135.1754999999999995
 20
-120.9004989999999964
 30
0
 11
135.2425389999999936
 21
-120.9201829999999944
 31
0
  0
LINE
  5
8C8
330
1A
100
AcDbEntity
  8
B.Cu
  6
CONTINUOUS
100
AcDbLine
 10
135.2425389999999936
 20
-120.9201829999999944
 30
0
 11
135.2882940000000076
 21
-120.9729869999999892
 31
0
  0
LINE
  5
8C9
330
1A
100
AcDbEntity
  8
B.Cu
  6
CONTINUOUS
100
AcDbLine
 10
135.2882940000000076
 20
-120.9729869999999892
 30
0
 11
135.2994999999999948
 21
-121.0244989999999916
 31
0
  0
LINE
  5
8CA
330
1A
100
AcDbEntity
  8
B.Cu
  6
CONTINUOUS
100
AcDbLine
 10
135.2994999999999948
 20
-121.0244989999999916
 30
0
 11
135.2994999999999948
 21
-121.4310059999999964
 31
0
  0
LINE
  5
8CB
330
1A
100
AcDbEntity
  8
B.Cu
  6
CONTINUOUS
100
AcDbLine
 10
135.2994999999999948
 20
-121.4310059999999964
 30
0
 11
135.2994999999999948
 21
-121.5689939999999893
 31
0
  0
LINE
  5
8CC
330
1A
100
AcDbEntity
  8
B.Cu
  6
CONTINUOUS
100
AcDbLine
 10
135.2994999999999948
 20
-121.5689939999999893
 30
0
 11
135.2994999999999948
 21
-121.5689959999999985
 31
0
  0
LINE
  5
8CD
330
1A
100
AcDbEntity
  8
B.Cu
  6
CONTINUOUS
100
AcDbLine
 10
135.2994999999999948
 20
-121.5689959999999985
 30
0
 11
135.2994989999999973
 21
-121.5689959999999985
 31
0
  0
LINE
  5
8CE
330
1A
100
AcDbEntity
  8
B.Cu
  6
CONTINUOUS
100
AcDbLine
 10
135.2994989999999973
 20
-121.5689959999999985
 30
0
 11
135.3264179999999897
 21
-121.7043219999999906
 31
0
  0
LINE
  5
8CF
330
1A
100
AcDbEntity
  8
B.Cu
  6
CONTINUOUS
100
AcDbLine
 10
135.3264179999999897
 20
-121.7043219999999906
 30
0
 11
135.3264209999999821
 21
-121.7043319999999937
 31
0
  0
LINE
  5
8D0
330
1A
100
AcDbEntity
  8
B.Cu
  6
CONTINUOUS
100
AcDbLine
 10
135.3264209999999821
 20
-121.7043319999999937
 30
0
 11
135.3792219999999986
 21
-121.8318069999999977
 31
0
  0
LINE
  5
8D1
330
1A
100
AcDbEntity
  8
B.Cu
  6
CONTINUOUS
100
AcDbLine
 10
135.3792219999999986
 20
-121.8318069999999977
 30
0
 11
135.4558869999999899
 21
-121.9465450000000004
 31
0
  0
LINE
  5
8D2
330
1A
100
AcDbEntity
  8
B.Cu
  6
CONTINUOUS
100
AcDbLine
 10
135.4558869999999899
 20
-121.9465450000000004
 30
0
 11
136.5534539999999879
 21
-123.0441119999999984
 31
0
  0
LINE
  5
8D3
330
1A
100
AcDbEntity
  8
B.Cu
  6
CONTINUOUS
100
AcDbLine
 10
136.5534539999999879
 20
-123.0441119999999984
 30
0
 11
136.6681920000000048
 21
-123.1207769999999897
 31
0
  0
LINE
  5
8D4
330
1A
100
AcDbEntity
  8
B.Cu
  6
CONTINUOUS
100
AcDbLine
 10
136.6681920000000048
 20
-123.1207769999999897
 30
0
 11
136.7956669999999804
 21
-123.173577999999992
 31
0
  0
LINE
  5
8D5
330
1A
100
AcDbEntity
  8
B.Cu
  6
CONTINUOUS
100
AcDbLine
 10
136.7956669999999804
 20
-123.173577999999992
 30
0
 11
136.7956719999999962
 21
-123.1735800000000012
 31
0
  0
LINE
  5
8D6
330
1A
100
AcDbEntity
  8
B.Cu
  6
CONTINUOUS
100
AcDbLine
 10
136.7956719999999962
 20
-123.1735800000000012
 30
0
 11
136.7956759999999861
 21
-123.1735800000000012
 31
0
  0
LINE
  5
8D7
330
1A
100
AcDbEntity
  8
B.Cu
  6
CONTINUOUS
100
AcDbLine
 10
136.7956759999999861
 20
-123.1735800000000012
 30
0
 11
136.7956769999999835
 21
-123.1735809999999987
 31
0
  0
LINE
  5
8D8
330
1A
100
AcDbEntity
  8
B.Cu
  6
CONTINUOUS
100
AcDbLine
 10
136.7956769999999835
 20
-123.1735809999999987
 30
0
 11
136.931003000000004
 21
-123.200499999999991
 31
0
  0
LINE
  5
8D9
330
1A
100
AcDbEntity
  8
B.Cu
  6
CONTINUOUS
100
AcDbLine
 10
136.931003000000004
 20
-123.200499999999991
 30
0
 11
136.9310059999999964
 21
-123.200499999999991
 31
0
  0
LINE
  5
8DA
330
1A
100
AcDbEntity
  8
B.Cu
  6
CONTINUOUS
100
AcDbLine
 10
136.9310059999999964
 20
-123.200499999999991
 30
0
 11
142.0689959999999985
 21
-123.200499999999991
 31
0
  0
LINE
  5
8DB
330
1A
100
AcDbEntity
  8
B.Cu
  6
CONTINUOUS
100
AcDbLine
 10
142.0689959999999985
 20
-123.200499999999991
 30
0
 11
142.1600399999999809
 21
-123.1823890000000006
 31
0
  0
LINE
  5
8DC
330
1A
100
AcDbEntity
  8
B.Cu
  6
CONTINUOUS
100
AcDbLine
 10
142.1600399999999809
 20
-123.1823890000000006
 30
0
 11
142.2043280000000038
 21
-123.1735800000000012
 31
0
  0
LINE
  5
8DD
330
1A
100
AcDbEntity
  8
B.Cu
  6
CONTINUOUS
100
AcDbLine
 10
142.2043280000000038
 20
-123.1735800000000012
 30
0
 11
142.268068999999997
 21
-123.1471769999999992
 31
0
  0
LINE
  5
8DE
330
1A
100
AcDbEntity
  8
B.Cu
  6
CONTINUOUS
100
AcDbLine
 10
142.268068999999997
 20
-123.1471769999999992
 30
0
 11
142.3318069999999977
 21
-123.1207769999999897
 31
0
  0
LINE
  5
8DF
330
1A
100
AcDbEntity
  8
B.Cu
  6
CONTINUOUS
100
AcDbLine
 10
142.3318069999999977
 20
-123.1207769999999897
 30
0
 11
142.3318079999999952
 21
-123.1207759999999922
 31
0
  0
LINE
  5
8E0
330
1A
100
AcDbEntity
  8
B.Cu
  6
CONTINUOUS
100
AcDbLine
 10
142.3318079999999952
 20
-123.1207759999999922
 30
0
 11
142.3318109999999876
 21
-123.1207749999999947
 31
0
  0
LINE
  5
8E1
330
1A
100
AcDbEntity
  8
B.Cu
  6
CONTINUOUS
100
AcDbLine
 10
142.3318109999999876
 20
-123.1207749999999947
 30
0
 11
142.4465429999999913
 21
-123.0441139999999933
 31
0
  0
LINE
  5
8E2
330
1A
100
AcDbEntity
  8
B.Cu
  6
CONTINUOUS
100
AcDbLine
 10
142.4465429999999913
 20
-123.0441139999999933
 30
0
 11
143.5441140000000075
 21
-121.9465429999999913
 31
0
  0
LINE
  5
8E3
330
1A
100
AcDbEntity
  8
B.Cu
  6
CONTINUOUS
100
AcDbLine
 10
143.5441140000000075
 20
-121.9465429999999913
 30
0
 11
143.6207749999999805
 21
-121.8318109999999876
 31
0
  0
LINE
  5
8E4
330
1A
100
AcDbEntity
  8
B.Cu
  6
CONTINUOUS
100
AcDbLine
 10
143.6207749999999805
 20
-121.8318109999999876
 30
0
 11
143.6353330000000028
 21
-121.7966659999999877
 31
0
  0
LINE
  5
8E5
330
1A
100
AcDbEntity
  8
B.Cu
  6
CONTINUOUS
100
AcDbLine
 10
143.6353330000000028
 20
-121.7966659999999877
 30
0
 11
143.6570099999999854
 21
-121.744332
 31
0
  0
LINE
  5
8E6
330
1A
100
AcDbEntity
  8
B.Cu
  6
CONTINUOUS
100
AcDbLine
 10
143.6570099999999854
 20
-121.744332
 30
0
 11
143.673579999999987
 21
-121.7043279999999896
 31
0
  0
LINE
  5
8E7
330
1A
100
AcDbEntity
  8
B.Cu
  6
CONTINUOUS
100
AcDbLine
 10
143.673579999999987
 20
-121.7043279999999896
 30
0
 11
143.6925430000000006
 21
-121.6089959999999905
 31
0
  0
LINE
  5
8E8
330
1A
100
AcDbEntity
  8
B.Cu
  6
CONTINUOUS
100
AcDbLine
 10
143.6925430000000006
 20
-121.6089959999999905
 30
0
 11
143.7005000000000052
 21
-121.5689959999999985
 31
0
  0
LINE
  5
8E9
330
1A
100
AcDbEntity
  8
B.Cu
  6
CONTINUOUS
100
AcDbLine
 10
143.7005000000000052
 20
-121.5689959999999985
 30
0
 11
143.7005000000000052
 21
-120.5999399999999895
 31
0
  0
LINE
  5
8EA
330
1A
100
AcDbEntity
  8
B.Cu
  6
CONTINUOUS
100
AcDbLine
 10
143.7005000000000052
 20
-120.5999399999999895
 30
0
 11
143.7201849999999865
 21
-120.5329009999999954
 31
0
  0
LINE
  5
8EB
330
1A
100
AcDbEntity
  8
B.Cu
  6
CONTINUOUS
100
AcDbLine
 10
143.7201849999999865
 20
-120.5329009999999954
 30
0
 11
143.751609000000002
 21
-120.4996259999999921
 31
0
  0
LINE
  5
8EC
330
1A
100
AcDbEntity
  8
B.Cu
  6
CONTINUOUS
100
AcDbLine
 10
143.751609000000002
 20
-120.4996259999999921
 30
0
 11
143.814645999999982
 21
-120.4538280000000015
 31
0
  0
LINE
  5
8ED
330
1A
100
AcDbEntity
  8
B.Cu
  6
CONTINUOUS
100
AcDbLine
 10
143.814645999999982
 20
-120.4538280000000015
 30
0
 11
143.9538279999999872
 21
-120.3146459999999962
 31
0
  0
LINE
  5
8EE
330
1A
100
AcDbEntity
  8
B.Cu
  6
CONTINUOUS
100
AcDbLine
 10
143.9538279999999872
 20
-120.3146459999999962
 30
0
 11
144.0695240000000013
 21
-120.1554049999999876
 31
0
  0
LINE
  5
8EF
330
1A
100
AcDbEntity
  8
B.Cu
  6
CONTINUOUS
100
AcDbLine
 10
144.0695240000000013
 20
-120.1554049999999876
 30
0
 11
144.1588840000000005
 21
-119.9800249999999977
 31
0
  0
LINE
  5
8F0
330
1A
100
AcDbEntity
  8
B.Cu
  6
CONTINUOUS
100
AcDbLine
 10
144.1588840000000005
 20
-119.9800249999999977
 30
0
 11
144.159514999999999
 21
-119.978786999999997
 31
0
  0
LINE
  5
8F1
330
1A
100
AcDbEntity
  8
B.Cu
  6
CONTINUOUS
100
AcDbLine
 10
144.159514999999999
 20
-119.978786999999997
 30
0
 11
144.2074889999999812
 21
-119.9279899999999941
 31
0
  0
LINE
  5
8F2
330
1A
100
AcDbEntity
  8
B.Cu
  6
CONTINUOUS
100
AcDbLine
 10
144.2074889999999812
 20
-119.9279899999999941
 30
0
 11
144.2753099999999904
 21
-119.9111949999999922
 31
0
  0
LINE
  5
8F3
330
1A
100
AcDbEntity
  8
B.Cu
  6
CONTINUOUS
100
AcDbLine
 10
144.2753099999999904
 20
-119.9111949999999922
 30
0
 11
144.3414449999999931
 21
-119.933731999999992
 31
0
  0
LINE
  5
8F4
330
1A
100
AcDbEntity
  8
B.Cu
  6
CONTINUOUS
100
AcDbLine
 10
144.3414449999999931
 20
-119.933731999999992
 30
0
 11
144.3804849999999931
 21
-119.978786999999997
 31
0
  0
LINE
  5
8F5
330
1A
100
AcDbEntity
  8
B.Cu
  6
CONTINUOUS
100
AcDbLine
 10
144.3804849999999931
 20
-119.978786999999997
 30
0
 11
144.4704739999999958
 21
-120.1554029999999926
 31
0
  0
LINE
  5
8F6
330
1A
100
AcDbEntity
  8
B.Cu
  6
CONTINUOUS
100
AcDbLine
 10
144.4704739999999958
 20
-120.1554029999999926
 30
0
 11
144.4745450000000062
 21
-120.1610060000000004
 31
0
  0
LINE
  5
8F7
330
1A
100
AcDbEntity
  8
B.Cu
  6
CONTINUOUS
100
AcDbLine
 10
144.4745450000000062
 20
-120.1610060000000004
 30
0
 11
144.5861720000000048
 21
-120.3146459999999962
 31
0
  0
LINE
  5
8F8
330
1A
100
AcDbEntity
  8
B.Cu
  6
CONTINUOUS
100
AcDbLine
 10
144.5861720000000048
 20
-120.3146459999999962
 30
0
 11
144.7253539999999816
 21
-120.4538280000000015
 31
0
  0
LINE
  5
8F9
330
1A
100
AcDbEntity
  8
B.Cu
  6
CONTINUOUS
100
AcDbLine
 10
144.7253539999999816
 20
-120.4538280000000015
 30
0
 11
144.7883879999999976
 21
-120.4996239999999972
 31
0
  0
LINE
  5
8FA
330
1A
100
AcDbEntity
  8
B.Cu
  6
CONTINUOUS
100
AcDbLine
 10
144.7883879999999976
 20
-120.4996239999999972
 30
0
 11
144.8310510000000022
 21
-120.5549509999999884
 31
0
  0
LINE
  5
8FB
330
1A
100
AcDbEntity
  8
B.Cu
  6
CONTINUOUS
100
AcDbLine
 10
144.8310510000000022
 20
-120.5549509999999884
 30
0
 11
144.8394999999999868
 21
-120.5999399999999895
 31
0
  0
LINE
  5
8FC
330
1A
100
AcDbEntity
  8
B.Cu
  6
CONTINUOUS
100
AcDbLine
 10
144.8394999999999868
 20
-120.5999399999999895
 30
0
 11
144.8394999999999868
 21
-121.4710059999999885
 31
0
  0
LINE
  5
8FD
330
1A
100
AcDbEntity
  8
B.Cu
  6
CONTINUOUS
100
AcDbLine
 10
144.8394999999999868
 20
-121.4710059999999885
 30
0
 11
144.8394999999999868
 21
-121.6089939999999956
 31
0
  0
LINE
  5
8FE
330
1A
100
AcDbEntity
  8
B.Cu
  6
CONTINUOUS
100
AcDbLine
 10
144.8394999999999868
 20
-121.6089939999999956
 30
0
 11
144.8394999999999868
 21
-121.6089959999999905
 31
0
  0
LINE
  5
8FF
330
1A
100
AcDbEntity
  8
B.Cu
  6
CONTINUOUS
100
AcDbLine
 10
144.8394999999999868
 20
-121.6089959999999905
 30
0
 11
144.8394989999999893
 21
-121.6089959999999905
 31
0
  0
LINE
  5
900
330
1A
100
AcDbEntity
  8
B.Cu
  6
CONTINUOUS
100
AcDbLine
 10
144.8394989999999893
 20
-121.6089959999999905
 30
0
 11
144.8664179999999817
 21
-121.7443219999999968
 31
0
  0
LINE
  5
901
330
1A
100
AcDbEntity
  8
B.Cu
  6
CONTINUOUS
100
AcDbLine
 10
144.8664179999999817
 20
-121.7443219999999968
 30
0
 11
144.8664210000000026
 21
-121.744332
 31
0
  0
LINE
  5
902
330
1A
100
AcDbEntity
  8
B.Cu
  6
CONTINUOUS
100
AcDbLine
 10
144.8664210000000026
 20
-121.744332
 30
0
 11
144.9192219999999907
 21
-121.8718069999999898
 31
0
  0
LINE
  5
903
330
1A
100
AcDbEntity
  8
B.Cu
  6
CONTINUOUS
100
AcDbLine
 10
144.9192219999999907
 20
-121.8718069999999898
 30
0
 11
144.995886999999982
 21
-121.9865449999999925
 31
0
  0
LINE
  5
904
330
1A
100
AcDbEntity
  8
B.Cu
  6
CONTINUOUS
100
AcDbLine
 10
144.995886999999982
 20
-121.9865449999999925
 30
0
 11
145.5534539999999879
 21
-122.5441119999999984
 31
0
  0
LINE
  5
905
330
1A
100
AcDbEntity
  8
B.Cu
  6
CONTINUOUS
100
AcDbLine
 10
145.5534539999999879
 20
-122.5441119999999984
 30
0
 11
145.6681899999999814
 21
-122.6207759999999922
 31
0
  0
LINE
  5
906
330
1A
100
AcDbEntity
  8
B.Cu
  6
CONTINUOUS
100
AcDbLine
 10
145.6681899999999814
 20
-122.6207759999999922
 30
0
 11
145.7667899999999861
 21
-122.6616169999999926
 31
0
  0
LINE
  5
907
330
1A
100
AcDbEntity
  8
B.Cu
  6
CONTINUOUS
100
AcDbLine
 10
145.7667899999999861
 20
-122.6616169999999926
 30
0
 11
145.7956709999999987
 21
-122.6735800000000012
 31
0
  0
LINE
  5
908
330
1A
100
AcDbEntity
  8
B.Cu
  6
CONTINUOUS
100
AcDbLine
 10
145.7956709999999987
 20
-122.6735800000000012
 30
0
 11
145.7956719999999962
 21
-122.6735800000000012
 31
0
  0
LINE
  5
909
330
1A
100
AcDbEntity
  8
B.Cu
  6
CONTINUOUS
100
AcDbLine
 10
145.7956719999999962
 20
-122.6735800000000012
 30
0
 11
145.7956769999999835
 21
-122.6735819999999961
 31
0
  0
LINE
  5
90A
330
1A
100
AcDbEntity
  8
B.Cu
  6
CONTINUOUS
100
AcDbLine
 10
145.7956769999999835
 20
-122.6735819999999961
 30
0
 11
145.822544999999991
 21
-122.6789249999999925
 31
0
  0
LINE
  5
90B
330
1A
100
AcDbEntity
  8
B.Cu
  6
CONTINUOUS
100
AcDbLine
 10
145.822544999999991
 20
-122.6789249999999925
 30
0
 11
145.8225510000000043
 21
-122.6789259999999899
 31
0
  0
LINE
  5
90C
330
1A
100
AcDbEntity
  8
B.Cu
  6
CONTINUOUS
100
AcDbLine
 10
145.8225510000000043
 20
-122.6789259999999899
 30
0
 11
145.8225909999999885
 21
-122.6789339999999982
 31
0
  0
LINE
  5
90D
330
1A
100
AcDbEntity
  8
B.Cu
  6
CONTINUOUS
100
AcDbLine
 10
145.8225909999999885
 20
-122.6789339999999982
 30
0
 11
145.9129369999999994
 21
-122.696905000000001
 31
0
  0
LINE
  5
90E
330
1A
100
AcDbEntity
  8
B.Cu
  6
CONTINUOUS
100
AcDbLine
 10
145.9129369999999994
 20
-122.696905000000001
 30
0
 11
145.9310059999999964
 21
-122.700499999999991
 31
0
  0
LINE
  5
90F
330
1A
100
AcDbEntity
  8
B.Cu
  6
CONTINUOUS
100
AcDbLine
 10
145.9310059999999964
 20
-122.700499999999991
 30
0
 11
145.9310069999999939
 21
-122.700499999999991
 31
0
  0
LINE
  5
910
330
1A
100
AcDbEntity
  8
B.Cu
  6
CONTINUOUS
100
AcDbLine
 10
145.9310069999999939
 20
-122.700499999999991
 30
0
 11
149.5689959999999985
 21
-122.700499999999991
 31
0
  0
LINE
  5
911
330
1A
100
AcDbEntity
  8
B.Cu
  6
CONTINUOUS
100
AcDbLine
 10
149.5689959999999985
 20
-122.700499999999991
 30
0
 11
149.677457000000004
 21
-122.6789249999999925
 31
0
  0
LINE
  5
912
330
1A
100
AcDbEntity
  8
B.Cu
  6
CONTINUOUS
100
AcDbLine
 10
149.677457000000004
 20
-122.6789249999999925
 30
0
 11
149.7043280000000038
 21
-122.6735800000000012
 31
0
  0
LINE
  5
913
330
1A
100
AcDbEntity
  8
B.Cu
  6
CONTINUOUS
100
AcDbLine
 10
149.7043280000000038
 20
-122.6735800000000012
 30
0
 11
149.768068999999997
 21
-122.6471769999999992
 31
0
  0
LINE
  5
914
330
1A
100
AcDbEntity
  8
B.Cu
  6
CONTINUOUS
100
AcDbLine
 10
149.768068999999997
 20
-122.6471769999999992
 30
0
 11
149.8318069999999977
 21
-122.6207769999999897
 31
0
  0
LINE
  5
915
330
1A
100
AcDbEntity
  8
B.Cu
  6
CONTINUOUS
100
AcDbLine
 10
149.8318069999999977
 20
-122.6207769999999897
 30
0
 11
149.8318079999999952
 21
-122.6207759999999922
 31
0
  0
LINE
  5
916
330
1A
100
AcDbEntity
  8
B.Cu
  6
CONTINUOUS
100
AcDbLine
 10
149.8318079999999952
 20
-122.6207759999999922
 30
0
 11
149.8318109999999876
 21
-122.6207749999999947
 31
0
  0
LINE
  5
917
330
1A
100
AcDbEntity
  8
B.Cu
  6
CONTINUOUS
100
AcDbLine
 10
149.8318109999999876
 20
-122.6207749999999947
 30
0
 11
149.9465429999999913
 21
-122.5441139999999933
 31
0
  0
LINE
  5
918
330
1A
100
AcDbEntity
  8
B.Cu
  6
CONTINUOUS
100
AcDbLine
 10
149.9465429999999913
 20
-122.5441139999999933
 30
0
 11
151.8141139999999893
 21
-120.6765429999999952
 31
0
  0
LINE
  5
919
330
1A
100
AcDbEntity
  8
B.Cu
  6
CONTINUOUS
100
AcDbLine
 10
151.8141139999999893
 20
-120.6765429999999952
 30
0
 11
151.8907749999999908
 21
-120.5618109999999916
 31
0
  0
LINE
  5
91A
330
1A
100
AcDbEntity
  8
B.Cu
  6
CONTINUOUS
100
AcDbLine
 10
151.8907749999999908
 20
-120.5618109999999916
 30
0
 11
151.8936170000000061
 21
-120.5549509999999884
 31
0
  0
LINE
  5
91B
330
1A
100
AcDbEntity
  8
B.Cu
  6
CONTINUOUS
100
AcDbLine
 10
151.8936170000000061
 20
-120.5549509999999884
 30
0
 11
151.9355039999999804
 21
-120.4538249999999948
 31
0
  0
LINE
  5
91C
330
1A
100
AcDbEntity
  8
B.Cu
  6
CONTINUOUS
100
AcDbLine
 10
151.9355039999999804
 20
-120.4538249999999948
 30
0
 11
151.9435799999999972
 21
-120.4343279999999936
 31
0
  0
LINE
  5
91D
330
1A
100
AcDbEntity
  8
B.Cu
  6
CONTINUOUS
100
AcDbLine
 10
151.9435799999999972
 20
-120.4343279999999936
 30
0
 11
151.9561339999999916
 21
-120.3712149999999923
 31
0
  0
LINE
  5
91E
330
1A
100
AcDbEntity
  8
B.Cu
  6
CONTINUOUS
100
AcDbLine
 10
151.9561339999999916
 20
-120.3712149999999923
 30
0
 11
151.970499999999987
 21
-120.2989959999999883
 31
0
  0
LINE
  5
91F
330
1A
100
AcDbEntity
  8
B.Cu
  6
CONTINUOUS
100
AcDbLine
 10
151.970499999999987
 20
-120.2989959999999883
 30
0
 11
151.970499999999987
 21
-111.8433569999999975
 31
0
  0
LINE
  5
920
330
1A
100
AcDbEntity
  8
B.Cu
  6
CONTINUOUS
100
AcDbLine
 10
151.970499999999987
 20
-111.8433569999999975
 30
0
 11
151.9901849999999968
 21
-111.7763179999999892
 31
0
  0
LINE
  5
921
330
1A
100
AcDbEntity
  8
B.Cu
  6
CONTINUOUS
100
AcDbLine
 10
151.9901849999999968
 20
-111.7763179999999892
 30
0
 11
152.0068210000000022
 21
-111.7556739999999991
 31
0
  0
LINE
  5
922
330
1A
100
AcDbEntity
  8
B.Cu
  6
CONTINUOUS
100
AcDbLine
 10
152.0068210000000022
 20
-111.7556739999999991
 30
0
 11
152.0238349999999912
 21
-111.7386599999999959
 31
0
  0
LINE
  5
923
330
1A
100
AcDbEntity
  8
B.Cu
  6
CONTINUOUS
100
AcDbLine
 10
152.0238349999999912
 20
-111.7386599999999959
 30
0
 11
152.0238369999999861
 21
-111.7386580000000009
 31
0
  0
LINE
  5
924
330
1A
100
AcDbEntity
  8
B.Cu
  6
CONTINUOUS
100
AcDbLine
 10
152.0238369999999861
 20
-111.7386580000000009
 30
0
 11
152.130045999999993
 21
-111.5797039999999924
 31
0
  0
LINE
  5
925
330
1A
100
AcDbEntity
  8
B.Cu
  6
CONTINUOUS
100
AcDbLine
 10
152.130045999999993
 20
-111.5797039999999924
 30
0
 11
152.2032039999999995
 21
-111.4030839999999927
 31
0
  0
LINE
  5
926
330
1A
100
AcDbEntity
  8
B.Cu
  6
CONTINUOUS
100
AcDbLine
 10
152.2032039999999995
 20
-111.4030839999999927
 30
0
 11
152.2404999999999973
 21
-111.2155860000000018
 31
0
  0
LINE
  5
927
330
1A
100
AcDbEntity
  8
B.Cu
  6
CONTINUOUS
100
AcDbLine
 10
152.2404999999999973
 20
-111.2155860000000018
 30
0
 11
152.2404999999999973
 21
-111.0244139999999931
 31
0
  0
LINE
  5
928
330
1A
100
AcDbEntity
  8
B.Cu
  6
CONTINUOUS
100
AcDbLine
 10
152.2404999999999973
 20
-111.0244139999999931
 30
0
 11
152.2404999999999973
 21
-111.0244110000000006
 31
0
  0
LINE
  5
929
330
1A
100
AcDbEntity
  8
B.Cu
  6
CONTINUOUS
100
AcDbLine
 10
152.2404999999999973
 20
-111.0244110000000006
 30
0
 11
152.203204999999997
 21
-110.8369209999999896
 31
0
  0
LINE
  5
92A
330
1A
100
AcDbEntity
  8
B.Cu
  6
CONTINUOUS
100
AcDbLine
 10
152.203204999999997
 20
-110.8369209999999896
 30
0
 11
152.2032039999999995
 21
-110.8369199999999921
 31
0
  0
LINE
  5
92B
330
1A
100
AcDbEntity
  8
B.Cu
  6
CONTINUOUS
100
AcDbLine
 10
152.2032039999999995
 20
-110.8369199999999921
 30
0
 11
152.2032039999999995
 21
-110.836915999999988
 31
0
  0
LINE
  5
92C
330
1A
100
AcDbEntity
  8
B.Cu
  6
CONTINUOUS
100
AcDbLine
 10
152.2032039999999995
 20
-110.836915999999988
 30
0
 11
152.1505689999999902
 21
-110.7098429999999922
 31
0
  0
LINE
  5
92D
330
1A
100
AcDbEntity
  8
B.Cu
  6
CONTINUOUS
100
AcDbLine
 10
152.1505689999999902
 20
-110.7098429999999922
 30
0
 11
152.130047999999988
 21
-110.6602989999999949
 31
0
  0
LINE
  5
92E
330
1A
100
AcDbEntity
  8
B.Cu
  6
CONTINUOUS
100
AcDbLine
 10
152.130047999999988
 20
-110.6602989999999949
 30
0
 11
152.0238349999999912
 21
-110.5013390000000015
 31
0
  0
LINE
  5
92F
330
1A
100
AcDbEntity
  8
B.Cu
  6
CONTINUOUS
100
AcDbLine
 10
152.0238349999999912
 20
-110.5013390000000015
 30
0
 11
151.8886599999999873
 21
-110.3661639999999977
 31
0
  0
LINE
  5
930
330
1A
100
AcDbEntity
  8
B.Cu
  6
CONTINUOUS
100
AcDbLine
 10
151.8886599999999873
 20
-110.3661639999999977
 30
0
 11
151.7296999999999798
 21
-110.2599510000000009
 31
0
  0
LINE
  5
931
330
1A
100
AcDbEntity
  8
B.Cu
  6
CONTINUOUS
100
AcDbLine
 10
151.7296999999999798
 20
-110.2599510000000009
 30
0
 11
151.5530880000000025
 21
-110.1867969999999985
 31
0
  0
LINE
  5
932
330
1A
100
AcDbEntity
  8
B.Cu
  6
CONTINUOUS
100
AcDbLine
 10
151.5530880000000025
 20
-110.1867969999999985
 30
0
 11
151.5530779999999993
 21
-110.1867939999999919
 31
0
  0
LINE
  5
933
330
1A
100
AcDbEntity
  8
B.Cu
  6
CONTINUOUS
100
AcDbLine
 10
151.5530779999999993
 20
-110.1867939999999919
 30
0
 11
151.3655880000000025
 21
-110.1494999999999891
 31
0
  0
LINE
  5
934
330
1A
100
AcDbEntity
  8
B.Cu
  6
CONTINUOUS
100
AcDbLine
 10
151.3655880000000025
 20
-110.1494999999999891
 30
0
 11
151.3655859999999791
 21
-110.1494999999999891
 31
0
  0
LINE
  5
935
330
1A
100
AcDbEntity
  8
B.Cu
  6
CONTINUOUS
100
AcDbLine
 10
151.3655859999999791
 20
-110.1494999999999891
 30
0
 11
151.1744139999999845
 21
-110.1494999999999891
 31
0
  0
LINE
  5
936
330
1A
100
AcDbEntity
  8
B.Cu
  6
CONTINUOUS
100
AcDbLine
 10
151.1744139999999845
 20
-110.1494999999999891
 30
0
 11
151.1744119999999896
 21
-110.1494999999999891
 31
0
  0
LINE
  5
937
330
1A
100
AcDbEntity
  8
B.Cu
  6
CONTINUOUS
100
AcDbLine
 10
151.1744119999999896
 20
-110.1494999999999891
 30
0
 11
150.9869209999999953
 21
-110.1867939999999919
 31
0
  0
LINE
  5
938
330
1A
100
AcDbEntity
  8
B.Cu
  6
CONTINUOUS
100
AcDbLine
 10
150.9869209999999953
 20
-110.1867939999999919
 30
0
 11
150.9869109999999921
 21
-110.1867969999999985
 31
0
  0
LINE
  5
939
330
1A
100
AcDbEntity
  8
B.Cu
  6
CONTINUOUS
100
AcDbLine
 10
150.9869109999999921
 20
-110.1867969999999985
 30
0
 11
150.8102989999999863
 21
-110.2599510000000009
 31
0
  0
LINE
  5
93A
330
1A
100
AcDbEntity
  8
B.Cu
  6
CONTINUOUS
100
AcDbLine
 10
150.8102989999999863
 20
-110.2599510000000009
 30
0
 11
150.6513390000000072
 21
-110.3661639999999977
 31
0
  0
LINE
  5
93B
330
1A
100
AcDbEntity
  8
B.Cu
  6
CONTINUOUS
100
AcDbLine
 10
150.6513390000000072
 20
-110.3661639999999977
 30
0
 11
150.5161640000000034
 21
-110.5013390000000015
 31
0
  0
LINE
  5
93C
330
1A
100
AcDbEntity
  8
B.Cu
  6
CONTINUOUS
100
AcDbLine
 10
150.5161640000000034
 20
-110.5013390000000015
 30
0
 11
150.4099510000000066
 21
-110.6602989999999949
 31
0
  0
LINE
  5
93D
330
1A
100
AcDbEntity
  8
B.Cu
  6
CONTINUOUS
100
AcDbLine
 10
150.4099510000000066
 20
-110.6602989999999949
 30
0
 11
150.33679699999999
 21
-110.8369110000000006
 31
0
  0
LINE
  5
93E
330
1A
100
AcDbEntity
  8
B.Cu
  6
CONTINUOUS
100
AcDbLine
 10
150.33679699999999
 20
-110.8369110000000006
 30
0
 11
150.3367939999999976
 21
-110.8369209999999896
 31
0
  0
LINE
  5
93F
330
1A
100
AcDbEntity
  8
B.Cu
  6
CONTINUOUS
100
AcDbLine
 10
150.3367939999999976
 20
-110.8369209999999896
 30
0
 11
150.2994999999999948
 21
-111.0244110000000006
 31
0
  0
LINE
  5
940
330
1A
100
AcDbEntity
  8
B.Cu
  6
CONTINUOUS
100
AcDbLine
 10
150.2994999999999948
 20
-111.0244110000000006
 30
0
 11
150.2994999999999948
 21
-111.0244139999999931
 31
0
  0
LINE
  5
941
330
1A
100
AcDbEntity
  8
B.Cu
  6
CONTINUOUS
100
AcDbLine
 10
150.2994999999999948
 20
-111.0244139999999931
 30
0
 11
150.2994999999999948
 21
-111.2155860000000018
 31
0
  0
LINE
  5
942
330
1A
100
AcDbEntity
  8
B.Cu
  6
CONTINUOUS
100
AcDbLine
 10
150.2994999999999948
 20
-111.2155860000000018
 30
0
 11
150.2994999999999948
 21
-111.2155879999999968
 31
0
  0
LINE
  5
943
330
1A
100
AcDbEntity
  8
B.Cu
  6
CONTINUOUS
100
AcDbLine
 10
150.2994999999999948
 20
-111.2155879999999968
 30
0
 11
150.2994989999999973
 21
-111.2155879999999968
 31
0
  0
LINE
  5
944
330
1A
100
AcDbEntity
  8
B.Cu
  6
CONTINUOUS
100
AcDbLine
 10
150.2994989999999973
 20
-111.2155879999999968
 30
0
 11
150.3367939999999976
 21
-111.4030779999999936
 31
0
  0
LINE
  5
945
330
1A
100
AcDbEntity
  8
B.Cu
  6
CONTINUOUS
100
AcDbLine
 10
150.3367939999999976
 20
-111.4030779999999936
 30
0
 11
150.33679699999999
 21
-111.4030879999999968
 31
0
  0
LINE
  5
946
330
1A
100
AcDbEntity
  8
B.Cu
  6
CONTINUOUS
100
AcDbLine
 10
150.33679699999999
 20
-111.4030879999999968
 30
0
 11
150.4099510000000066
 21
-111.5796999999999883
 31
0
  0
LINE
  5
947
330
1A
100
AcDbEntity
  8
B.Cu
  6
CONTINUOUS
100
AcDbLine
 10
150.4099510000000066
 20
-111.5796999999999883
 30
0
 11
150.5161640000000034
 21
-111.7386599999999959
 31
0
  0
LINE
  5
948
330
1A
100
AcDbEntity
  8
B.Cu
  6
CONTINUOUS
100
AcDbLine
 10
150.5161640000000034
 20
-111.7386599999999959
 30
0
 11
150.5331789999999899
 21
-111.7556739999999991
 31
0
  0
LINE
  5
949
330
1A
100
AcDbEntity
  8
B.Cu
  6
CONTINUOUS
100
AcDbLine
 10
150.5331789999999899
 20
-111.7556739999999991
 30
0
 11
150.5666659999999979
 21
-111.816995999999989
 31
0
  0
LINE
  5
94A
330
1A
100
AcDbEntity
  8
B.Cu
  6
CONTINUOUS
100
AcDbLine
 10
150.5666659999999979
 20
-111.816995999999989
 30
0
 11
150.569500000000005
 21
-111.8433569999999975
 31
0
  0
LINE
  5
94B
330
1A
100
AcDbEntity
  8
B.Cu
  6
CONTINUOUS
100
AcDbLine
 10
150.569500000000005
 20
-111.8433569999999975
 30
0
 11
150.569500000000005
 21
-119.8884809999999987
 31
0
  0
LINE
  5
94C
330
1A
100
AcDbEntity
  8
B.Cu
  6
CONTINUOUS
100
AcDbLine
 10
150.569500000000005
 20
-119.8884809999999987
 30
0
 11
150.5498149999999953
 21
-119.9555199999999928
 31
0
  0
LINE
  5
94D
330
1A
100
AcDbEntity
  8
B.Cu
  6
CONTINUOUS
100
AcDbLine
 10
150.5498149999999953
 20
-119.9555199999999928
 30
0
 11
150.5331809999999848
 21
-119.976161999999988
 31
0
  0
LINE
  5
94E
330
1A
100
AcDbEntity
  8
B.Cu
  6
CONTINUOUS
100
AcDbLine
 10
150.5331809999999848
 20
-119.976161999999988
 30
0
 11
149.2461619999999982
 21
-121.2631809999999888
 31
0
  0
LINE
  5
94F
330
1A
100
AcDbEntity
  8
B.Cu
  6
CONTINUOUS
100
AcDbLine
 10
149.2461619999999982
 20
-121.2631809999999888
 30
0
 11
149.1848389999999824
 21
-121.2966659999999877
 31
0
  0
LINE
  5
950
330
1A
100
AcDbEntity
  8
B.Cu
  6
CONTINUOUS
100
AcDbLine
 10
149.1848389999999824
 20
-121.2966659999999877
 30
0
 11
149.1584809999999948
 21
-121.2994999999999948
 31
0
  0
LINE
  5
951
330
1A
100
AcDbEntity
  8
B.Cu
  6
CONTINUOUS
100
AcDbLine
 10
149.1584809999999948
 20
-121.2994999999999948
 30
0
 11
146.3644999999999925
 21
-121.2994999999999948
 31
0
  0
LINE
  5
952
330
1A
100
AcDbEntity
  8
B.Cu
  6
CONTINUOUS
100
AcDbLine
 10
146.3644999999999925
 20
-121.2994999999999948
 30
0
 11
146.2974609999999984
 21
-121.2798149999999993
 31
0
  0
LINE
  5
953
330
1A
100
AcDbEntity
  8
B.Cu
  6
CONTINUOUS
100
AcDbLine
 10
146.2974609999999984
 20
-121.2798149999999993
 30
0
 11
146.2517059999999844
 21
-121.2270109999999903
 31
0
  0
LINE
  5
954
330
1A
100
AcDbEntity
  8
B.Cu
  6
CONTINUOUS
100
AcDbLine
 10
146.2517059999999844
 20
-121.2270109999999903
 30
0
 11
146.2404999999999973
 21
-121.1754999999999995
 31
0
  0
LINE
  5
955
330
1A
100
AcDbEntity
  8
B.Cu
  6
CONTINUOUS
100
AcDbLine
 10
146.2404999999999973
 20
-121.1754999999999995
 30
0
 11
146.2404999999999973
 21
-120.5999399999999895
 31
0
  0
LINE
  5
956
330
1A
100
AcDbEntity
  8
B.Cu
  6
CONTINUOUS
100
AcDbLine
 10
146.2404999999999973
 20
-120.5999399999999895
 30
0
 11
146.260185000000007
 21
-120.5329009999999954
 31
0
  0
LINE
  5
957
330
1A
100
AcDbEntity
  8
B.Cu
  6
CONTINUOUS
100
AcDbLine
 10
146.260185000000007
 20
-120.5329009999999954
 30
0
 11
146.291608999999994
 21
-120.4996259999999921
 31
0
  0
LINE
  5
958
330
1A
100
AcDbEntity
  8
B.Cu
  6
CONTINUOUS
100
AcDbLine
 10
146.291608999999994
 20
-120.4996259999999921
 30
0
 11
146.3546460000000025
 21
-120.4538280000000015
 31
0
  0
LINE
  5
959
330
1A
100
AcDbEntity
  8
B.Cu
  6
CONTINUOUS
100
AcDbLine
 10
146.3546460000000025
 20
-120.4538280000000015
 30
0
 11
146.4938279999999793
 21
-120.3146459999999962
 31
0
  0
LINE
  5
95A
330
1A
100
AcDbEntity
  8
B.Cu
  6
CONTINUOUS
100
AcDbLine
 10
146.4938279999999793
 20
-120.3146459999999962
 30
0
 11
146.6095239999999933
 21
-120.1554049999999876
 31
0
  0
LINE
  5
95B
330
1A
100
AcDbEntity
  8
B.Cu
  6
CONTINUOUS
100
AcDbLine
 10
146.6095239999999933
 20
-120.1554049999999876
 30
0
 11
146.6988839999999925
 21
-119.9800249999999977
 31
0
  0
LINE
  5
95C
330
1A
100
AcDbEntity
  8
B.Cu
  6
CONTINUOUS
100
AcDbLine
 10
146.6988839999999925
 20
-119.9800249999999977
 30
0
 11
146.699514999999991
 21
-119.978786999999997
 31
0
  0
LINE
  5
95D
330
1A
100
AcDbEntity
  8
B.Cu
  6
CONTINUOUS
100
AcDbLine
 10
146.699514999999991
 20
-119.978786999999997
 30
0
 11
146.7474890000000016
 21
-119.9279899999999941
 31
0
  0
LINE
  5
95E
330
1A
100
AcDbEntity
  8
B.Cu
  6
CONTINUOUS
100
AcDbLine
 10
146.7474890000000016
 20
-119.9279899999999941
 30
0
 11
146.8153099999999824
 21
-119.9111949999999922
 31
0
  0
LINE
  5
95F
330
1A
100
AcDbEntity
  8
B.Cu
  6
CONTINUOUS
100
AcDbLine
 10
146.8153099999999824
 20
-119.9111949999999922
 30
0
 11
146.8814449999999852
 21
-119.933731999999992
 31
0
  0
LINE
  5
960
330
1A
100
AcDbEntity
  8
B.Cu
  6
CONTINUOUS
100
AcDbLine
 10
146.8814449999999852
 20
-119.933731999999992
 30
0
 11
146.9204849999999851
 21
-119.978786999999997
 31
0
  0
LINE
  5
961
330
1A
100
AcDbEntity
  8
B.Cu
  6
CONTINUOUS
100
AcDbLine
 10
146.9204849999999851
 20
-119.978786999999997
 30
0
 11
147.0104739999999879
 21
-120.1554029999999926
 31
0
  0
LINE
  5
962
330
1A
100
AcDbEntity
  8
B.Cu
  6
CONTINUOUS
100
AcDbLine
 10
147.0104739999999879
 20
-120.1554029999999926
 30
0
 11
147.0145449999999983
 21
-120.1610060000000004
 31
0
  0
LINE
  5
963
330
1A
100
AcDbEntity
  8
B.Cu
  6
CONTINUOUS
100
AcDbLine
 10
147.0145449999999983
 20
-120.1610060000000004
 30
0
 11
147.1261719999999968
 21
-120.3146459999999962
 31
0
  0
LINE
  5
964
330
1A
100
AcDbEntity
  8
B.Cu
  6
CONTINUOUS
100
AcDbLine
 10
147.1261719999999968
 20
-120.3146459999999962
 30
0
 11
147.2653540000000021
 21
-120.4538280000000015
 31
0
  0
LINE
  5
965
330
1A
100
AcDbEntity
  8
B.Cu
  6
CONTINUOUS
100
AcDbLine
 10
147.2653540000000021
 20
-120.4538280000000015
 30
0
 11
147.4245949999999823
 21
-120.5695240000000013
 31
0
  0
LINE
  5
966
330
1A
100
AcDbEntity
  8
B.Cu
  6
CONTINUOUS
100
AcDbLine
 10
147.4245949999999823
 20
-120.5695240000000013
 30
0
 11
147.483427000000006
 21
-120.5994999999999919
 31
0
  0
LINE
  5
967
330
1A
100
AcDbEntity
  8
B.Cu
  6
CONTINUOUS
100
AcDbLine
 10
147.483427000000006
 20
-120.5994999999999919
 30
0
 11
147.5999699999999848
 21
-120.6588819999999913
 31
0
  0
LINE
  5
968
330
1A
100
AcDbEntity
  8
B.Cu
  6
CONTINUOUS
100
AcDbLine
 10
147.5999699999999848
 20
-120.6588819999999913
 30
0
 11
147.5999719999999797
 21
-120.6588819999999913
 31
0
  0
LINE
  5
969
330
1A
100
AcDbEntity
  8
B.Cu
  6
CONTINUOUS
100
AcDbLine
 10
147.5999719999999797
 20
-120.6588819999999913
 30
0
 11
147.5999750000000006
 21
-120.6588840000000005
 31
0
  0
LINE
  5
96A
330
1A
100
AcDbEntity
  8
B.Cu
  6
CONTINUOUS
100
AcDbLine
 10
147.5999750000000006
 20
-120.6588840000000005
 30
0
 11
147.6543299999999874
 21
-120.6765449999999902
 31
0
  0
LINE
  5
96B
330
1A
100
AcDbEntity
  8
B.Cu
  6
CONTINUOUS
100
AcDbLine
 10
147.6543299999999874
 20
-120.6765449999999902
 30
0
 11
147.7871729999999957
 21
-120.7197089999999946
 31
0
  0
LINE
  5
96C
330
1A
100
AcDbEntity
  8
B.Cu
  6
CONTINUOUS
100
AcDbLine
 10
147.7871729999999957
 20
-120.7197089999999946
 30
0
 11
147.9815779999999847
 21
-120.7504999999999882
 31
0
  0
LINE
  5
96D
330
1A
100
AcDbEntity
  8
B.Cu
  6
CONTINUOUS
100
AcDbLine
 10
147.9815779999999847
 20
-120.7504999999999882
 30
0
 11
147.9815830000000005
 21
-120.7504999999999882
 31
0
  0
LINE
  5
96E
330
1A
100
AcDbEntity
  8
B.Cu
  6
CONTINUOUS
100
AcDbLine
 10
147.9815830000000005
 20
-120.7504999999999882
 30
0
 11
148.1784219999999834
 21
-120.7504999999999882
 31
0
  0
LINE
  5
96F
330
1A
100
AcDbEntity
  8
B.Cu
  6
CONTINUOUS
100
AcDbLine
 10
148.1784219999999834
 20
-120.7504999999999882
 30
0
 11
148.3728260000000034
 21
-120.7197089999999946
 31
0
  0
LINE
  5
970
330
1A
100
AcDbEntity
  8
B.Cu
  6
CONTINUOUS
100
AcDbLine
 10
148.3728260000000034
 20
-120.7197089999999946
 30
0
 11
148.4113549999999861
 21
-120.7071899999999971
 31
0
  0
LINE
  5
971
330
1A
100
AcDbEntity
  8
B.Cu
  6
CONTINUOUS
100
AcDbLine
 10
148.4113549999999861
 20
-120.7071899999999971
 30
0
 11
148.560024999999996
 21
-120.6588840000000005
 31
0
  0
LINE
  5
972
330
1A
100
AcDbEntity
  8
B.Cu
  6
CONTINUOUS
100
AcDbLine
 10
148.560024999999996
 20
-120.6588840000000005
 30
0
 11
148.7354049999999859
 21
-120.5695240000000013
 31
0
  0
LINE
  5
973
330
1A
100
AcDbEntity
  8
B.Cu
  6
CONTINUOUS
100
AcDbLine
 10
148.7354049999999859
 20
-120.5695240000000013
 30
0
 11
148.8946459999999945
 21
-120.4538280000000015
 31
0
  0
LINE
  5
974
330
1A
100
AcDbEntity
  8
B.Cu
  6
CONTINUOUS
100
AcDbLine
 10
148.8946459999999945
 20
-120.4538280000000015
 30
0
 11
149.0338279999999997
 21
-120.3146459999999962
 31
0
  0
LINE
  5
975
330
1A
100
AcDbEntity
  8
B.Cu
  6
CONTINUOUS
100
AcDbLine
 10
149.0338279999999997
 20
-120.3146459999999962
 30
0
 11
149.1495239999999853
 21
-120.1554049999999876
 31
0
  0
LINE
  5
976
330
1A
100
AcDbEntity
  8
B.Cu
  6
CONTINUOUS
100
AcDbLine
 10
149.1495239999999853
 20
-120.1554049999999876
 30
0
 11
149.2388839999999846
 21
-119.9800249999999977
 31
0
  0
LINE
  5
977
330
1A
100
AcDbEntity
  8
B.Cu
  6
CONTINUOUS
100
AcDbLine
 10
149.2388839999999846
 20
-119.9800249999999977
 30
0
 11
149.2997090000000071
 21
-119.7928259999999909
 31
0
  0
LINE
  5
978
330
1A
100
AcDbEntity
  8
B.Cu
  6
CONTINUOUS
100
AcDbLine
 10
149.2997090000000071
 20
-119.7928259999999909
 30
0
 11
149.3155209999999897
 21
-119.6929930000000013
 31
0
  0
LINE
  5
979
330
1A
100
AcDbEntity
  8
B.Cu
  6
CONTINUOUS
100
AcDbLine
 10
149.3155209999999897
 20
-119.6929930000000013
 30
0
 11
149.3305000000000007
 21
-119.5984219999999993
 31
0
  0
LINE
  5
97A
330
1A
100
AcDbEntity
  8
B.Cu
  6
CONTINUOUS
100
AcDbLine
 10
149.3305000000000007
 20
-119.5984219999999993
 30
0
 11
149.3305000000000007
 21
-119.401576999999989
 31
0
  0
LINE
  5
97B
330
1A
100
AcDbEntity
  8
B.Cu
  6
CONTINUOUS
100
AcDbLine
 10
149.3305000000000007
 20
-119.401576999999989
 30
0
 11
149.2997090000000071
 21
-119.2071729999999974
 31
0
  0
LINE
  5
97C
330
1A
100
AcDbEntity
  8
B.Cu
  6
CONTINUOUS
100
AcDbLine
 10
149.2997090000000071
 20
-119.2071729999999974
 30
0
 11
149.2388819999999896
 21
-119.0199700000000007
 31
0
  0
LINE
  5
97D
330
1A
100
AcDbEntity
  8
B.Cu
  6
CONTINUOUS
100
AcDbLine
 10
149.2388819999999896
 20
-119.0199700000000007
 30
0
 11
149.1495229999999879
 21
-118.8445940000000007
 31
0
  0
LINE
  5
97E
330
1A
100
AcDbEntity
  8
B.Cu
  6
CONTINUOUS
100
AcDbLine
 10
149.1495229999999879
 20
-118.8445940000000007
 30
0
 11
149.0338279999999997
 21
-118.6853539999999896
 31
0
  0
LINE
  5
97F
330
1A
100
AcDbEntity
  8
B.Cu
  6
CONTINUOUS
100
AcDbLine
 10
149.0338279999999997
 20
-118.6853539999999896
 30
0
 11
148.8946459999999945
 21
-118.5461719999999985
 31
0
  0
LINE
  5
980
330
1A
100
AcDbEntity
  8
B.Cu
  6
CONTINUOUS
100
AcDbLine
 10
148.8946459999999945
 20
-118.5461719999999985
 30
0
 11
148.8495110000000068
 21
-118.5133790000000005
 31
0
  0
LINE
  5
981
330
1A
100
AcDbEntity
  8
B.Cu
  6
CONTINUOUS
100
AcDbLine
 10
148.8495110000000068
 20
-118.5133790000000005
 30
0
 11
148.7516139999999893
 21
-118.4422519999999963
 31
0
  0
LINE
  5
982
330
1A
100
AcDbEntity
  8
B.Cu
  6
CONTINUOUS
100
AcDbLine
 10
148.7516139999999893
 20
-118.4422519999999963
 30
0
 11
148.7089479999999924
 21
-118.386921000000001
 31
0
  0
LINE
  5
983
330
1A
100
AcDbEntity
  8
B.Cu
  6
CONTINUOUS
100
AcDbLine
 10
148.7089479999999924
 20
-118.386921000000001
 30
0
 11
148.7005000000000052
 21
-118.3419339999999949
 31
0
  0
LINE
  5
984
330
1A
100
AcDbEntity
  8
B.Cu
  6
CONTINUOUS
100
AcDbLine
 10
148.7005000000000052
 20
-118.3419339999999949
 30
0
 11
148.7005000000000052
 21
-117.341518999999991
 31
0
  0
LINE
  5
985
330
1A
100
AcDbEntity
  8
B.Cu
  6
CONTINUOUS
100
AcDbLine
 10
148.7005000000000052
 20
-117.341518999999991
 30
0
 11
148.7201849999999865
 21
-117.2744799999999969
 31
0
  0
LINE
  5
986
330
1A
100
AcDbEntity
  8
B.Cu
  6
CONTINUOUS
100
AcDbLine
 10
148.7201849999999865
 20
-117.2744799999999969
 30
0
 11
148.736818999999997
 21
-117.2538380000000018
 31
0
  0
LINE
  5
987
330
1A
100
AcDbEntity
  8
B.Cu
  6
CONTINUOUS
100
AcDbLine
 10
148.736818999999997
 20
-117.2538380000000018
 30
0
 11
149.2741120000000024
 21
-116.7165449999999964
 31
0
  0
LINE
  5
988
330
1A
100
AcDbEntity
  8
B.Cu
  6
CONTINUOUS
100
AcDbLine
 10
149.2741120000000024
 20
-116.7165449999999964
 30
0
 11
149.2741139999999973
 21
-116.7165430000000015
 31
0
  0
LINE
  5
989
330
1A
100
AcDbEntity
  8
B.Cu
  6
CONTINUOUS
100
AcDbLine
 10
149.2741139999999973
 20
-116.7165430000000015
 30
0
 11
149.3507749999999987
 21
-116.6018109999999979
 31
0
  0
LINE
  5
98A
330
1A
100
AcDbEntity
  8
B.Cu
  6
CONTINUOUS
100
AcDbLine
 10
149.3507749999999987
 20
-116.6018109999999979
 30
0
 11
149.3708059999999875
 21
-116.5534529999999904
 31
0
  0
LINE
  5
98B
330
1A
100
AcDbEntity
  8
B.Cu
  6
CONTINUOUS
100
AcDbLine
 10
149.3708059999999875
 20
-116.5534529999999904
 30
0
 11
149.4035779999999818
 21
-116.4743319999999898
 31
0
  0
LINE
  5
98C
330
1A
100
AcDbEntity
  8
B.Cu
  6
CONTINUOUS
100
AcDbLine
 10
149.4035779999999818
 20
-116.4743319999999898
 30
0
 11
149.4035800000000052
 21
-116.4743279999999999
 31
0
  0
LINE
  5
98D
330
1A
100
AcDbEntity
  8
B.Cu
  6
CONTINUOUS
100
AcDbLine
 10
149.4035800000000052
 20
-116.4743279999999999
 30
0
 11
149.430499999999995
 21
-116.3389939999999996
 31
0
  0
LINE
  5
98E
330
1A
100
AcDbEntity
  8
B.Cu
  6
CONTINUOUS
100
AcDbLine
 10
149.430499999999995
 20
-116.3389939999999996
 30
0
 11
149.430499999999995
 21
-116.2010059999999925
 31
0
  0
LINE
  5
98F
330
1A
100
AcDbEntity
  8
B.Cu
  6
CONTINUOUS
100
AcDbLine
 10
149.430499999999995
 20
-116.2010059999999925
 30
0
 11
149.430499999999995
 21
-111.8433569999999975
 31
0
  0
LINE
  5
990
330
1A
100
AcDbEntity
  8
B.Cu
  6
CONTINUOUS
100
AcDbLine
 10
149.430499999999995
 20
-111.8433569999999975
 30
0
 11
149.4501850000000047
 21
-111.7763179999999892
 31
0
  0
LINE
  5
991
330
1A
100
AcDbEntity
  8
B.Cu
  6
CONTINUOUS
100
AcDbLine
 10
149.4501850000000047
 20
-111.7763179999999892
 30
0
 11
149.4668209999999817
 21
-111.7556739999999991
 31
0
  0
LINE
  5
992
330
1A
100
AcDbEntity
  8
B.Cu
  6
CONTINUOUS
100
AcDbLine
 10
149.4668209999999817
 20
-111.7556739999999991
 30
0
 11
149.4838349999999991
 21
-111.7386599999999959
 31
0
  0
LINE
  5
993
330
1A
100
AcDbEntity
  8
B.Cu
  6
CONTINUOUS
100
AcDbLine
 10
149.4838349999999991
 20
-111.7386599999999959
 30
0
 11
149.4838369999999941
 21
-111.7386580000000009
 31
0
  0
LINE
  5
994
330
1A
100
AcDbEntity
  8
B.Cu
  6
CONTINUOUS
100
AcDbLine
 10
149.4838369999999941
 20
-111.7386580000000009
 30
0
 11
149.590046000000001
 21
-111.5797039999999924
 31
0
  0
LINE
  5
995
330
1A
100
AcDbEntity
  8
B.Cu
  6
CONTINUOUS
100
AcDbLine
 10
149.590046000000001
 20
-111.5797039999999924
 30
0
 11
149.663203999999979
 21
-111.4030839999999927
 31
0
  0
LINE
  5
996
330
1A
100
AcDbEntity
  8
B.Cu
  6
CONTINUOUS
100
AcDbLine
 10
149.663203999999979
 20
-111.4030839999999927
 30
0
 11
149.7005000000000052
 21
-111.2155860000000018
 31
0
  0
LINE
  5
997
330
1A
100
AcDbEntity
  8
B.Cu
  6
CONTINUOUS
100
AcDbLine
 10
149.7005000000000052
 20
-111.2155860000000018
 30
0
 11
149.7005000000000052
 21
-111.0244139999999931
 31
0
  0
LINE
  5
998
330
1A
100
AcDbEntity
  8
B.Cu
  6
CONTINUOUS
100
AcDbLine
 10
149.7005000000000052
 20
-111.0244139999999931
 30
0
 11
149.7005000000000052
 21
-111.0244110000000006
 31
0
  0
LINE
  5
999
330
1A
100
AcDbEntity
  8
B.Cu
  6
CONTINUOUS
100
AcDbLine
 10
149.7005000000000052
 20
-111.0244110000000006
 30
0
 11
149.6632050000000049
 21
-110.8369209999999896
 31
0
  0
LINE
  5
99A
330
1A
100
AcDbEntity
  8
B.Cu
  6
CONTINUOUS
100
AcDbLine
 10
149.6632050000000049
 20
-110.8369209999999896
 30
0
 11
149.663203999999979
 21
-110.8369199999999921
 31
0
  0
LINE
  5
99B
330
1A
100
AcDbEntity
  8
B.Cu
  6
CONTINUOUS
100
AcDbLine
 10
149.663203999999979
 20
-110.8369199999999921
 30
0
 11
149.663203999999979
 21
-110.836915999999988
 31
0
  0
LINE
  5
99C
330
1A
100
AcDbEntity
  8
B.Cu
  6
CONTINUOUS
100
AcDbLine
 10
149.663203999999979
 20
-110.836915999999988
 30
0
 11
149.6105689999999981
 21
-110.7098429999999922
 31
0
  0
LINE
  5
99D
330
1A
100
AcDbEntity
  8
B.Cu
  6
CONTINUOUS
100
AcDbLine
 10
149.6105689999999981
 20
-110.7098429999999922
 30
0
 11
149.5900479999999959
 21
-110.6602989999999949
 31
0
  0
LINE
  5
99E
330
1A
100
AcDbEntity
  8
B.Cu
  6
CONTINUOUS
100
AcDbLine
 10
149.5900479999999959
 20
-110.6602989999999949
 30
0
 11
149.4838349999999991
 21
-110.5013390000000015
 31
0
  0
LINE
  5
99F
330
1A
100
AcDbEntity
  8
B.Cu
  6
CONTINUOUS
100
AcDbLine
 10
149.4838349999999991
 20
-110.5013390000000015
 30
0
 11
149.3486599999999953
 21
-110.3661639999999977
 31
0
  0
LINE
  5
9A0
330
1A
100
AcDbEntity
  8
B.Cu
  6
CONTINUOUS
100
AcDbLine
 10
149.3486599999999953
 20
-110.3661639999999977
 30
0
 11
149.1896999999999878
 21
-110.2599510000000009
 31
0
  0
LINE
  5
9A1
330
1A
100
AcDbEntity
  8
B.Cu
  6
CONTINUOUS
100
AcDbLine
 10
149.1896999999999878
 20
-110.2599510000000009
 30
0
 11
149.013087999999982
 21
-110.1867969999999985
 31
0
  0
LINE
  5
9A2
330
1A
100
AcDbEntity
  8
B.Cu
  6
CONTINUOUS
100
AcDbLine
 10
149.013087999999982
 20
-110.1867969999999985
 30
0
 11
149.0130780000000073
 21
-110.1867939999999919
 31
0
  0
LINE
  5
9A3
330
1A
100
AcDbEntity
  8
B.Cu
  6
CONTINUOUS
100
AcDbLine
 10
149.0130780000000073
 20
-110.1867939999999919
 30
0
 11
148.825587999999982
 21
-110.1494999999999891
 31
0
  0
LINE
  5
9A4
330
1A
100
AcDbEntity
  8
B.Cu
  6
CONTINUOUS
100
AcDbLine
 10
148.825587999999982
 20
-110.1494999999999891
 30
0
 11
148.8255859999999871
 21
-110.1494999999999891
 31
0
  0
LINE
  5
9A5
330
1A
100
AcDbEntity
  8
B.Cu
  6
CONTINUOUS
100
AcDbLine
 10
148.8255859999999871
 20
-110.1494999999999891
 30
0
 11
148.6344139999999925
 21
-110.1494999999999891
 31
0
  0
LINE
  5
9A6
330
1A
100
AcDbEntity
  8
B.Cu
  6
CONTINUOUS
100
AcDbLine
 10
148.6344139999999925
 20
-110.1494999999999891
 30
0
 11
148.6344119999999975
 21
-110.1494999999999891
 31
0
  0
LINE
  5
9A7
330
1A
100
AcDbEntity
  8
B.Cu
  6
CONTINUOUS
100
AcDbLine
 10
148.6344119999999975
 20
-110.1494999999999891
 30
0
 11
148.4469210000000032
 21
-110.1867939999999919
 31
0
  0
LINE
  5
9A8
330
1A
100
AcDbEntity
  8
B.Cu
  6
CONTINUOUS
100
AcDbLine
 10
148.4469210000000032
 20
-110.1867939999999919
 30
0
 11
148.4469110000000001
 21
-110.1867969999999985
 31
0
  0
LINE
  5
9A9
330
1A
100
AcDbEntity
  8
B.Cu
  6
CONTINUOUS
100
AcDbLine
 10
148.4469110000000001
 20
-110.1867969999999985
 30
0
 11
148.2702989999999943
 21
-110.2599510000000009
 31
0
  0
LINE
  5
9AA
330
1A
100
AcDbEntity
  8
B.Cu
  6
CONTINUOUS
100
AcDbLine
 10
148.2702989999999943
 20
-110.2599510000000009
 30
0
 11
148.1113389999999868
 21
-110.3661639999999977
 31
0
  0
LINE
  5
9AB
330
1A
100
AcDbEntity
  8
B.Cu
  6
CONTINUOUS
100
AcDbLine
 10
148.1113389999999868
 20
-110.3661639999999977
 30
0
 11
147.9761639999999829
 21
-110.5013390000000015
 31
0
  0
LINE
  5
9AC
330
1A
100
AcDbEntity
  8
B.Cu
  6
CONTINUOUS
100
AcDbLine
 10
147.9761639999999829
 20
-110.5013390000000015
 30
0
 11
147.8699509999999862
 21
-110.6602989999999949
 31
0
  0
LINE
  5
9AD
330
1A
100
AcDbEntity
  8
B.Cu
  6
CONTINUOUS
100
AcDbLine
 10
147.8699509999999862
 20
-110.6602989999999949
 30
0
 11
147.796796999999998
 21
-110.8369110000000006
 31
0
  0
LINE
  5
9AE
330
1A
100
AcDbEntity
  8
B.Cu
  6
CONTINUOUS
100
AcDbLine
 10
147.796796999999998
 20
-110.8369110000000006
 30
0
 11
147.7967940000000056
 21
-110.8369209999999896
 31
0
  0
LINE
  5
9AF
330
1A
100
AcDbEntity
  8
B.Cu
  6
CONTINUOUS
100
AcDbLine
 10
147.7967940000000056
 20
-110.8369209999999896
 30
0
 11
147.7595000000000027
 21
-111.0244110000000006
 31
0
  0
LINE
  5
9B0
330
1A
100
AcDbEntity
  8
B.Cu
  6
CONTINUOUS
100
AcDbLine
 10
147.7595000000000027
 20
-111.0244110000000006
 30
0
 11
147.7595000000000027
 21
-111.0244139999999931
 31
0
  0
LINE
  5
9B1
330
1A
100
AcDbEntity
  8
B.Cu
  6
CONTINUOUS
100
AcDbLine
 10
147.7595000000000027
 20
-111.0244139999999931
 30
0
 11
147.7595000000000027
 21
-111.2155860000000018
 31
0
  0
LINE
  5
9B2
330
1A
100
AcDbEntity
  8
B.Cu
  6
CONTINUOUS
100
AcDbLine
 10
147.7595000000000027
 20
-111.2155860000000018
 30
0
 11
147.7595000000000027
 21
-111.2155879999999968
 31
0
  0
LINE
  5
9B3
330
1A
100
AcDbEntity
  8
B.Cu
  6
CONTINUOUS
100
AcDbLine
 10
147.7595000000000027
 20
-111.2155879999999968
 30
0
 11
147.7594990000000053
 21
-111.2155879999999968
 31
0
  0
LINE
  5
9B4
330
1A
100
AcDbEntity
  8
B.Cu
  6
CONTINUOUS
100
AcDbLine
 10
147.7594990000000053
 20
-111.2155879999999968
 30
0
 11
147.7967940000000056
 21
-111.4030779999999936
 31
0
  0
LINE
  5
9B5
330
1A
100
AcDbEntity
  8
B.Cu
  6
CONTINUOUS
100
AcDbLine
 10
147.7967940000000056
 20
-111.4030779999999936
 30
0
 11
147.796796999999998
 21
-111.4030879999999968
 31
0
  0
LINE
  5
9B6
330
1A
100
AcDbEntity
  8
B.Cu
  6
CONTINUOUS
100
AcDbLine
 10
147.796796999999998
 20
-111.4030879999999968
 30
0
 11
147.8699509999999862
 21
-111.5796999999999883
 31
0
  0
LINE
  5
9B7
330
1A
100
AcDbEntity
  8
B.Cu
  6
CONTINUOUS
100
AcDbLine
 10
147.8699509999999862
 20
-111.5796999999999883
 30
0
 11
147.9761639999999829
 21
-111.7386599999999959
 31
0
  0
LINE
  5
9B8
330
1A
100
AcDbEntity
  8
B.Cu
  6
CONTINUOUS
100
AcDbLine
 10
147.9761639999999829
 20
-111.7386599999999959
 30
0
 11
147.9931789999999978
 21
-111.7556739999999991
 31
0
  0
LINE
  5
9B9
330
1A
100
AcDbEntity
  8
B.Cu
  6
CONTINUOUS
100
AcDbLine
 10
147.9931789999999978
 20
-111.7556739999999991
 30
0
 11
148.0266660000000059
 21
-111.816995999999989
 31
0
  0
LINE
  5
9BA
330
1A
100
AcDbEntity
  8
B.Cu
  6
CONTINUOUS
100
AcDbLine
 10
148.0266660000000059
 20
-111.816995999999989
 30
0
 11
148.0294999999999845
 21
-111.8433569999999975
 31
0
  0
LINE
  5
9BB
330
1A
100
AcDbEntity
  8
B.Cu
  6
CONTINUOUS
100
AcDbLine
 10
148.0294999999999845
 20
-111.8433569999999975
 30
0
 11
148.0294999999999845
 21
-115.9284799999999933
 31
0
  0
LINE
  5
9BC
330
1A
100
AcDbEntity
  8
B.Cu
  6
CONTINUOUS
100
AcDbLine
 10
148.0294999999999845
 20
-115.9284799999999933
 30
0
 11
148.0098150000000032
 21
-115.9955190000000016
 31
0
  0
LINE
  5
9BD
330
1A
100
AcDbEntity
  8
B.Cu
  6
CONTINUOUS
100
AcDbLine
 10
148.0098150000000032
 20
-115.9955190000000016
 30
0
 11
147.9931809999999928
 21
-116.0161609999999968
 31
0
  0
LINE
  5
9BE
330
1A
100
AcDbEntity
  8
B.Cu
  6
CONTINUOUS
100
AcDbLine
 10
147.9931809999999928
 20
-116.0161609999999968
 30
0
 11
147.4558879999999874
 21
-116.5534529999999904
 31
0
  0
LINE
  5
9BF
330
1A
100
AcDbEntity
  8
B.Cu
  6
CONTINUOUS
100
AcDbLine
 10
147.4558879999999874
 20
-116.5534529999999904
 30
0
 11
147.4558839999999975
 21
-116.553457999999992
 31
0
  0
LINE
  5
9C0
330
1A
100
AcDbEntity
  8
B.Cu
  6
CONTINUOUS
100
AcDbLine
 10
147.4558839999999975
 20
-116.553457999999992
 30
0
 11
147.4300209999999822
 21
-116.5921649999999943
 31
0
  0
LINE
  5
9C1
330
1A
100
AcDbEntity
  8
B.Cu
  6
CONTINUOUS
100
AcDbLine
 10
147.4300209999999822
 20
-116.5921649999999943
 30
0
 11
147.4235769999999945
 21
-116.6018109999999979
 31
0
  0
LINE
  5
9C2
330
1A
100
AcDbEntity
  8
B.Cu
  6
CONTINUOUS
100
AcDbLine
 10
147.4235769999999945
 20
-116.6018109999999979
 30
0
 11
147.4041449999999998
 21
-116.6308930000000004
 31
0
  0
LINE
  5
9C3
330
1A
100
AcDbEntity
  8
B.Cu
  6
CONTINUOUS
100
AcDbLine
 10
147.4041449999999998
 20
-116.6308930000000004
 30
0
 11
147.3792229999999961
 21
-116.6681909999999931
 31
0
  0
LINE
  5
9C4
330
1A
100
AcDbEntity
  8
B.Cu
  6
CONTINUOUS
100
AcDbLine
 10
147.3792229999999961
 20
-116.6681909999999931
 30
0
 11
147.3264209999999821
 21
-116.7956669999999946
 31
0
  0
LINE
  5
9C5
330
1A
100
AcDbEntity
  8
B.Cu
  6
CONTINUOUS
100
AcDbLine
 10
147.3264209999999821
 20
-116.7956669999999946
 30
0
 11
147.3264179999999897
 21
-116.7956769999999977
 31
0
  0
LINE
  5
9C6
330
1A
100
AcDbEntity
  8
B.Cu
  6
CONTINUOUS
100
AcDbLine
 10
147.3264179999999897
 20
-116.7956769999999977
 30
0
 11
147.2994999999999948
 21
-116.9310040000000015
 31
0
  0
LINE
  5
9C7
330
1A
100
AcDbEntity
  8
B.Cu
  6
CONTINUOUS
100
AcDbLine
 10
147.2994999999999948
 20
-116.9310040000000015
 30
0
 11
147.2994999999999948
 21
-118.4606639999999942
 31
0
  0
LINE
  5
9C8
330
1A
100
AcDbEntity
  8
B.Cu
  6
CONTINUOUS
100
AcDbLine
 10
147.2994999999999948
 20
-118.4606639999999942
 30
0
 11
147.279814999999985
 21
-118.5277029999999883
 31
0
  0
LINE
  5
9C9
330
1A
100
AcDbEntity
  8
B.Cu
  6
CONTINUOUS
100
AcDbLine
 10
147.279814999999985
 20
-118.5277029999999883
 30
0
 11
147.263181000000003
 21
-118.5483449999999976
 31
0
  0
LINE
  5
9CA
330
1A
100
AcDbEntity
  8
B.Cu
  6
CONTINUOUS
100
AcDbLine
 10
147.263181000000003
 20
-118.5483449999999976
 30
0
 11
147.1261739999999918
 21
-118.6853509999999972
 31
0
  0
LINE
  5
9CB
330
1A
100
AcDbEntity
  8
B.Cu
  6
CONTINUOUS
100
AcDbLine
 10
147.1261739999999918
 20
-118.6853509999999972
 30
0
 11
147.1261739999999918
 21
-118.6853519999999946
 31
0
  0
LINE
  5
9CC
330
1A
100
AcDbEntity
  8
B.Cu
  6
CONTINUOUS
100
AcDbLine
 10
147.1261739999999918
 20
-118.6853519999999946
 30
0
 11
147.1261719999999968
 21
-118.6853539999999896
 31
0
  0
LINE
  5
9CD
330
1A
100
AcDbEntity
  8
B.Cu
  6
CONTINUOUS
100
AcDbLine
 10
147.1261719999999968
 20
-118.6853539999999896
 30
0
 11
147.1143169999999998
 21
-118.7016709999999904
 31
0
  0
LINE
  5
9CE
330
1A
100
AcDbEntity
  8
B.Cu
  6
CONTINUOUS
100
AcDbLine
 10
147.1143169999999998
 20
-118.7016709999999904
 30
0
 11
147.0104759999999828
 21
-118.8445940000000007
 31
0
  0
LINE
  5
9CF
330
1A
100
AcDbEntity
  8
B.Cu
  6
CONTINUOUS
100
AcDbLine
 10
147.0104759999999828
 20
-118.8445940000000007
 30
0
 11
146.9204849999999851
 21
-119.0212129999999888
 31
0
  0
LINE
  5
9D0
330
1A
100
AcDbEntity
  8
B.Cu
  6
CONTINUOUS
100
AcDbLine
 10
146.9204849999999851
 20
-119.0212129999999888
 30
0
 11
146.8725110000000029
 21
-119.0720089999999942
 31
0
  0
LINE
  5
9D1
330
1A
100
AcDbEntity
  8
B.Cu
  6
CONTINUOUS
100
AcDbLine
 10
146.8725110000000029
 20
-119.0720089999999942
 30
0
 11
146.8046899999999937
 21
-119.0888039999999961
 31
0
  0
LINE
  5
9D2
330
1A
100
AcDbEntity
  8
B.Cu
  6
CONTINUOUS
100
AcDbLine
 10
146.8046899999999937
 20
-119.0888039999999961
 30
0
 11
146.738554999999991
 21
-119.0662669999999963
 31
0
  0
LINE
  5
9D3
330
1A
100
AcDbEntity
  8
B.Cu
  6
CONTINUOUS
100
AcDbLine
 10
146.738554999999991
 20
-119.0662669999999963
 30
0
 11
146.699514999999991
 21
-119.0212129999999888
 31
0
  0
LINE
  5
9D4
330
1A
100
AcDbEntity
  8
B.Cu
  6
CONTINUOUS
100
AcDbLine
 10
146.699514999999991
 20
-119.0212129999999888
 30
0
 11
146.6095229999999958
 21
-118.8445940000000007
 31
0
  0
LINE
  5
9D5
330
1A
100
AcDbEntity
  8
B.Cu
  6
CONTINUOUS
100
AcDbLine
 10
146.6095229999999958
 20
-118.8445940000000007
 30
0
 11
146.4938279999999793
 21
-118.6853539999999896
 31
0
  0
LINE
  5
9D6
330
1A
100
AcDbEntity
  8
B.Cu
  6
CONTINUOUS
100
AcDbLine
 10
146.4938279999999793
 20
-118.6853539999999896
 30
0
 11
146.3546460000000025
 21
-118.5461719999999985
 31
0
  0
LINE
  5
9D7
330
1A
100
AcDbEntity
  8
B.Cu
  6
CONTINUOUS
100
AcDbLine
 10
146.3546460000000025
 20
-118.5461719999999985
 30
0
 11
146.1954049999999938
 21
-118.4304759999999987
 31
0
  0
LINE
  5
9D8
330
1A
100
AcDbEntity
  8
B.Cu
  6
CONTINUOUS
100
AcDbLine
 10
146.1954049999999938
 20
-118.4304759999999987
 30
0
 11
146.1604999999999848
 21
-118.4126909999999953
 31
0
  0
LINE
  5
9D9
330
1A
100
AcDbEntity
  8
B.Cu
  6
CONTINUOUS
100
AcDbLine
 10
146.1604999999999848
 20
-118.4126909999999953
 30
0
 11
146.0200289999999939
 21
-118.341116999999997
 31
0
  0
LINE
  5
9DA
330
1A
100
AcDbEntity
  8
B.Cu
  6
CONTINUOUS
100
AcDbLine
 10
146.0200289999999939
 20
-118.341116999999997
 30
0
 11
145.832825999999983
 21
-118.2802899999999937
 31
0
  0
LINE
  5
9DB
330
1A
100
AcDbEntity
  8
B.Cu
  6
CONTINUOUS
100
AcDbLine
 10
145.832825999999983
 20
-118.2802899999999937
 30
0
 11
145.6384219999999914
 21
-118.2494999999999976
 31
0
  0
LINE
  5
9DC
330
1A
100
AcDbEntity
  8
B.Cu
  6
CONTINUOUS
100
AcDbLine
 10
145.6384219999999914
 20
-118.2494999999999976
 30
0
 11
145.638417000000004
 21
-118.2494999999999976
 31
0
  0
LINE
  5
9DD
330
1A
100
AcDbEntity
  8
B.Cu
  6
CONTINUOUS
100
AcDbLine
 10
145.638417000000004
 20
-118.2494999999999976
 30
0
 11
145.4415829999999801
 21
-118.2494999999999976
 31
0
  0
LINE
  5
9DE
330
1A
100
AcDbEntity
  8
B.Cu
  6
CONTINUOUS
100
AcDbLine
 10
145.4415829999999801
 20
-118.2494999999999976
 30
0
 11
145.4415779999999927
 21
-118.2494999999999976
 31
0
  0
LINE
  5
9DF
330
1A
100
AcDbEntity
  8
B.Cu
  6
CONTINUOUS
100
AcDbLine
 10
145.4415779999999927
 20
-118.2494999999999976
 30
0
 11
145.2471730000000036
 21
-118.2802899999999937
 31
0
  0
LINE
  5
9E0
330
1A
100
AcDbEntity
  8
B.Cu
  6
CONTINUOUS
100
AcDbLine
 10
145.2471730000000036
 20
-118.2802899999999937
 30
0
 11
145.0599699999999928
 21
-118.341116999999997
 31
0
  0
LINE
  5
9E1
330
1A
100
AcDbEntity
  8
B.Cu
  6
CONTINUOUS
100
AcDbLine
 10
145.0599699999999928
 20
-118.341116999999997
 30
0
 11
144.8845939999999928
 21
-118.4304759999999987
 31
0
  0
LINE
  5
9E2
330
1A
100
AcDbEntity
  8
B.Cu
  6
CONTINUOUS
100
AcDbLine
 10
144.8845939999999928
 20
-118.4304759999999987
 30
0
 11
144.7937409999999829
 21
-118.4964849999999927
 31
0
  0
LINE
  5
9E3
330
1A
100
AcDbEntity
  8
B.Cu
  6
CONTINUOUS
100
AcDbLine
 10
144.7937409999999829
 20
-118.4964849999999927
 30
0
 11
144.7253539999999816
 21
-118.5461719999999985
 31
0
  0
LINE
  5
9E4
330
1A
100
AcDbEntity
  8
B.Cu
  6
CONTINUOUS
100
AcDbLine
 10
144.7253539999999816
 20
-118.5461719999999985
 30
0
 11
144.7253519999999867
 21
-118.5461739999999935
 31
0
  0
LINE
  5
9E5
330
1A
100
AcDbEntity
  8
B.Cu
  6
CONTINUOUS
100
AcDbLine
 10
144.7253519999999867
 20
-118.5461739999999935
 30
0
 11
144.7253509999999892
 21
-118.5461739999999935
 31
0
  0
LINE
  5
9E6
330
1A
100
AcDbEntity
  8
B.Cu
  6
CONTINUOUS
100
AcDbLine
 10
144.7253509999999892
 20
-118.5461739999999935
 30
0
 11
144.5861739999999998
 21
-118.6853509999999972
 31
0
  0
LINE
  5
9E7
330
1A
100
AcDbEntity
  8
B.Cu
  6
CONTINUOUS
100
AcDbLine
 10
144.5861739999999998
 20
-118.6853509999999972
 30
0
 11
144.5861739999999998
 21
-118.6853519999999946
 31
0
  0
LINE
  5
9E8
330
1A
100
AcDbEntity
  8
B.Cu
  6
CONTINUOUS
100
AcDbLine
 10
144.5861739999999998
 20
-118.6853519999999946
 30
0
 11
144.5861720000000048
 21
-118.6853539999999896
 31
0
  0
LINE
  5
9E9
330
1A
100
AcDbEntity
  8
B.Cu
  6
CONTINUOUS
100
AcDbLine
 10
144.5861720000000048
 20
-118.6853539999999896
 30
0
 11
144.5743169999999793
 21
-118.7016709999999904
 31
0
  0
LINE
  5
9EA
330
1A
100
AcDbEntity
  8
B.Cu
  6
CONTINUOUS
100
AcDbLine
 10
144.5743169999999793
 20
-118.7016709999999904
 30
0
 11
144.4704759999999908
 21
-118.8445940000000007
 31
0
  0
LINE
  5
9EB
330
1A
100
AcDbEntity
  8
B.Cu
  6
CONTINUOUS
100
AcDbLine
 10
144.4704759999999908
 20
-118.8445940000000007
 30
0
 11
144.3804849999999931
 21
-119.0212129999999888
 31
0
  0
LINE
  5
9EC
330
1A
100
AcDbEntity
  8
B.Cu
  6
CONTINUOUS
100
AcDbLine
 10
144.3804849999999931
 20
-119.0212129999999888
 30
0
 11
144.3325109999999825
 21
-119.0720089999999942
 31
0
  0
LINE
  5
9ED
330
1A
100
AcDbEntity
  8
B.Cu
  6
CONTINUOUS
100
AcDbLine
 10
144.3325109999999825
 20
-119.0720089999999942
 30
0
 11
144.2646900000000016
 21
-119.0888039999999961
 31
0
  0
LINE
  5
9EE
330
1A
100
AcDbEntity
  8
B.Cu
  6
CONTINUOUS
100
AcDbLine
 10
144.2646900000000016
 20
-119.0888039999999961
 30
0
 11
144.1985549999999989
 21
-119.0662669999999963
 31
0
  0
LINE
  5
9EF
330
1A
100
AcDbEntity
  8
B.Cu
  6
CONTINUOUS
100
AcDbLine
 10
144.1985549999999989
 20
-119.0662669999999963
 30
0
 11
144.159514999999999
 21
-119.0212129999999888
 31
0
  0
LINE
  5
9F0
330
1A
100
AcDbEntity
  8
B.Cu
  6
CONTINUOUS
100
AcDbLine
 10
144.159514999999999
 20
-119.0212129999999888
 30
0
 11
144.0695230000000038
 21
-118.8445940000000007
 31
0
  0
LINE
  5
9F1
330
1A
100
AcDbEntity
  8
B.Cu
  6
CONTINUOUS
100
AcDbLine
 10
144.0695230000000038
 20
-118.8445940000000007
 30
0
 11
143.9538279999999872
 21
-118.6853539999999896
 31
0
  0
LINE
  5
9F2
330
1A
100
AcDbEntity
  8
B.Cu
  6
CONTINUOUS
100
AcDbLine
 10
143.9538279999999872
 20
-118.6853539999999896
 30
0
 11
143.814645999999982
 21
-118.5461719999999985
 31
0
  0
LINE
  5
9F3
330
1A
100
AcDbEntity
  8
B.Cu
  6
CONTINUOUS
100
AcDbLine
 10
143.814645999999982
 20
-118.5461719999999985
 30
0
 11
143.6554050000000018
 21
-118.4304759999999987
 31
0
  0
LINE
  5
9F4
330
1A
100
AcDbEntity
  8
B.Cu
  6
CONTINUOUS
100
AcDbLine
 10
143.6554050000000018
 20
-118.4304759999999987
 30
0
 11
143.6204999999999927
 21
-118.4126909999999953
 31
0
  0
LINE
  5
9F5
330
1A
100
AcDbEntity
  8
B.Cu
  6
CONTINUOUS
100
AcDbLine
 10
143.6204999999999927
 20
-118.4126909999999953
 30
0
 11
143.4800290000000018
 21
-118.341116999999997
 31
0
  0
LINE
  5
9F6
330
1A
100
AcDbEntity
  8
B.Cu
  6
CONTINUOUS
100
AcDbLine
 10
143.4800290000000018
 20
-118.341116999999997
 30
0
 11
143.2928259999999909
 21
-118.2802899999999937
 31
0
  0
LINE
  5
9F7
330
1A
100
AcDbEntity
  8
B.Cu
  6
CONTINUOUS
100
AcDbLine
 10
143.2928259999999909
 20
-118.2802899999999937
 30
0
 11
143.0984219999999993
 21
-118.2494999999999976
 31
0
  0
LINE
  5
9F8
330
1A
100
AcDbEntity
  8
B.Cu
  6
CONTINUOUS
100
AcDbLine
 10
143.0984219999999993
 20
-118.2494999999999976
 30
0
 11
143.0984169999999835
 21
-118.2494999999999976
 31
0
  0
LINE
  5
9F9
330
1A
100
AcDbEntity
  8
B.Cu
  6
CONTINUOUS
100
AcDbLine
 10
143.0984169999999835
 20
-118.2494999999999976
 30
0
 11
142.901582999999988
 21
-118.2494999999999976
 31
0
  0
LINE
  5
9FA
330
1A
100
AcDbEntity
  8
B.Cu
  6
CONTINUOUS
100
AcDbLine
 10
142.901582999999988
 20
-118.2494999999999976
 30
0
 11
142.9015780000000007
 21
-118.2494999999999976
 31
0
  0
LINE
  5
9FB
330
1A
100
AcDbEntity
  8
B.Cu
  6
CONTINUOUS
100
AcDbLine
 10
142.9015780000000007
 20
-118.2494999999999976
 30
0
 11
142.7071729999999832
 21
-118.2802899999999937
 31
0
  0
LINE
  5
9FC
330
1A
100
AcDbEntity
  8
B.Cu
  6
CONTINUOUS
100
AcDbLine
 10
142.7071729999999832
 20
-118.2802899999999937
 30
0
 11
142.5199700000000007
 21
-118.341116999999997
 31
0
  0
LINE
  5
9FD
330
1A
100
AcDbEntity
  8
B.Cu
  6
CONTINUOUS
100
AcDbLine
 10
142.5199700000000007
 20
-118.341116999999997
 30
0
 11
142.3445940000000007
 21
-118.4304759999999987
 31
0
  0
LINE
  5
9FE
330
1A
100
AcDbEntity
  8
B.Cu
  6
CONTINUOUS
100
AcDbLine
 10
142.3445940000000007
 20
-118.4304759999999987
 30
0
 11
142.2537409999999909
 21
-118.4964849999999927
 31
0
  0
LINE
  5
9FF
330
1A
100
AcDbEntity
  8
B.Cu
  6
CONTINUOUS
100
AcDbLine
 10
142.2537409999999909
 20
-118.4964849999999927
 30
0
 11
142.1853539999999896
 21
-118.5461719999999985
 31
0
  0
LINE
  5
A00
330
1A
100
AcDbEntity
  8
B.Cu
  6
CONTINUOUS
100
AcDbLine
 10
142.1853539999999896
 20
-118.5461719999999985
 30
0
 11
142.1853519999999946
 21
-118.5461739999999935
 31
0
  0
LINE
  5
A01
330
1A
100
AcDbEntity
  8
B.Cu
  6
CONTINUOUS
100
AcDbLine
 10
142.1853519999999946
 20
-118.5461739999999935
 30
0
 11
142.1853509999999972
 21
-118.5461739999999935
 31
0
  0
LINE
  5
A02
330
1A
100
AcDbEntity
  8
B.Cu
  6
CONTINUOUS
100
AcDbLine
 10
142.1853509999999972
 20
-118.5461739999999935
 30
0
 11
142.0461709999999869
 21
-118.6853539999999896
 31
0
  0
LINE
  5
A03
330
1A
100
AcDbEntity
  8
B.Cu
  6
CONTINUOUS
100
AcDbLine
 10
142.0461709999999869
 20
-118.6853539999999896
 30
0
 11
142.0343169999999873
 21
-118.7016709999999904
 31
0
  0
LINE
  5
A04
330
1A
100
AcDbEntity
  8
B.Cu
  6
CONTINUOUS
100
AcDbLine
 10
142.0343169999999873
 20
-118.7016709999999904
 30
0
 11
141.9789869999999894
 21
-118.7443359999999899
 31
0
  0
LINE
  5
A05
330
1A
100
AcDbEntity
  8
B.Cu
  6
CONTINUOUS
100
AcDbLine
 10
141.9789869999999894
 20
-118.7443359999999899
 30
0
 11
141.909372999999988
 21
-118.7503139999999888
 31
0
  0
LINE
  5
A06
330
1A
100
AcDbEntity
  8
B.Cu
  6
CONTINUOUS
100
AcDbLine
 10
141.909372999999988
 20
-118.7503139999999888
 30
0
 11
141.8475789999999961
 21
-118.7177069999999901
 31
0
  0
LINE
  5
A07
330
1A
100
AcDbEntity
  8
B.Cu
  6
CONTINUOUS
100
AcDbLine
 10
141.8475789999999961
 20
-118.7177069999999901
 30
0
 11
141.8132219999999961
 21
-118.6568679999999887
 31
0
  0
LINE
  5
A08
330
1A
100
AcDbEntity
  8
B.Cu
  6
CONTINUOUS
100
AcDbLine
 10
141.8132219999999961
 20
-118.6568679999999887
 30
0
 11
141.8100000000000023
 21
-118.628783999999996
 31
0
  0
LINE
  5
A09
330
1A
100
AcDbEntity
  8
B.Cu
  6
CONTINUOUS
100
AcDbLine
 10
141.8100000000000023
 20
-118.628783999999996
 30
0
 11
141.8100000000000023
 21
-118.6021719999999959
 31
0
  0
LINE
  5
A0A
330
1A
100
AcDbEntity
  8
B.Cu
  6
CONTINUOUS
100
AcDbLine
 10
141.8100000000000023
 20
-118.6021719999999959
 30
0
 11
141.8099990000000048
 21
-118.6021549999999962
 31
0
  0
LINE
  5
A0B
330
1A
100
AcDbEntity
  8
B.Cu
  6
CONTINUOUS
100
AcDbLine
 10
141.8099990000000048
 20
-118.6021549999999962
 30
0
 11
141.8035979999999938
 21
-118.542626999999996
 31
0
  0
LINE
  5
A0C
330
1A
100
AcDbEntity
  8
B.Cu
  6
CONTINUOUS
100
AcDbLine
 10
141.8035979999999938
 20
-118.542626999999996
 30
0
 11
141.8035959999999989
 21
-118.5426199999999994
 31
0
  0
LINE
  5
A0D
330
1A
100
AcDbEntity
  8
B.Cu
  6
CONTINUOUS
100
AcDbLine
 10
141.8035959999999989
 20
-118.5426199999999994
 30
0
 11
141.7533540000000016
 21
-118.4079129999999935
 31
0
  0
LINE
  5
A0E
330
1A
100
AcDbEntity
  8
B.Cu
  6
CONTINUOUS
100
AcDbLine
 10
141.7533540000000016
 20
-118.4079129999999935
 30
0
 11
141.7533499999999833
 21
-118.407905999999997
 31
0
  0
LINE
  5
A0F
330
1A
100
AcDbEntity
  8
B.Cu
  6
CONTINUOUS
100
AcDbLine
 10
141.7533499999999833
 20
-118.407905999999997
 30
0
 11
141.6671900000000051
 21
-118.2928119999999979
 31
0
  0
LINE
  5
A10
330
1A
100
AcDbEntity
  8
B.Cu
  6
CONTINUOUS
100
AcDbLine
 10
141.6671900000000051
 20
-118.2928119999999979
 30
0
 11
141.6671869999999842
 21
-118.2928089999999912
 31
0
  0
LINE
  5
A11
330
1A
100
AcDbEntity
  8
B.Cu
  6
CONTINUOUS
100
AcDbLine
 10
141.6671869999999842
 20
-118.2928089999999912
 30
0
 11
141.5520929999999851
 21
-118.2066489999999988
 31
0
  0
LINE
  5
A12
330
1A
100
AcDbEntity
  8
B.Cu
  6
CONTINUOUS
100
AcDbLine
 10
141.5520929999999851
 20
-118.2066489999999988
 30
0
 11
141.5520860000000027
 21
-118.2066449999999946
 31
0
  0
LINE
  5
A13
330
1A
100
AcDbEntity
  8
B.Cu
  6
CONTINUOUS
100
AcDbLine
 10
141.5520860000000027
 20
-118.2066449999999946
 30
0
 11
141.4173789999999826
 21
-118.1564029999999974
 31
0
  0
LINE
  5
A14
330
1A
100
AcDbEntity
  8
B.Cu
  6
CONTINUOUS
100
AcDbLine
 10
141.4173789999999826
 20
-118.1564029999999974
 30
0
 11
141.4173720000000003
 21
-118.1564009999999882
 31
0
  0
LINE
  5
A15
330
1A
100
AcDbEntity
  8
B.Cu
  6
CONTINUOUS
100
AcDbLine
 10
141.4173720000000003
 20
-118.1564009999999882
 30
0
 11
141.3578440000000001
 21
-118.1499999999999915
 31
0
  0
LINE
  5
A16
330
1A
100
AcDbEntity
  8
B.Cu
  6
CONTINUOUS
100
AcDbLine
 10
141.3578440000000001
 20
-118.1499999999999915
 30
0
 11
140.7099999999999795
 21
-118.1499999999999915
 31
0
  0
LINE
  5
A17
330
1A
100
AcDbEntity
  8
B.Cu
  6
CONTINUOUS
100
AcDbLine
 10
140.7099999999999795
 20
-118.1499999999999915
 30
0
 11
140.7099999999999795
 21
-118.6499999999999915
 31
0
  0
LINE
  5
A18
330
1A
100
AcDbEntity
  8
B.Cu
  6
CONTINUOUS
100
AcDbLine
 10
140.7099999999999795
 20
-118.6499999999999915
 30
0
 11
141.3100000000000023
 21
-118.6499999999999915
 31
0
  0
LINE
  5
A19
330
1A
100
AcDbEntity
  8
B.Cu
  6
CONTINUOUS
100
AcDbLine
 10
141.3100000000000023
 20
-118.6499999999999915
 30
0
 11
141.3100000000000023
 21
-120.3499999999999943
 31
0
  0
LINE
  5
A1A
330
1A
100
AcDbEntity
  8
B.Cu
  6
CONTINUOUS
100
AcDbLine
 10
141.3100000000000023
 20
-120.3499999999999943
 30
0
 11
140.7099999999999795
 21
-120.3499999999999943
 31
0
  0
LINE
  5
A1B
330
1A
100
AcDbEntity
  8
B.Cu
  6
CONTINUOUS
100
AcDbLine
 10
140.7099999999999795
 20
-120.3499999999999943
 30
0
 11
140.7099999999999795
 21
-120.8499999999999943
 31
0
  0
LINE
  5
A1C
330
1A
100
AcDbEntity
  8
B.Cu
  6
CONTINUOUS
100
AcDbLine
 10
140.7099999999999795
 20
-120.8499999999999943
 30
0
 11
141.3578279999999836
 21
-120.8499999999999943
 31
0
  0
LINE
  5
A1D
330
1A
100
AcDbEntity
  8
B.Cu
  6
CONTINUOUS
100
AcDbLine
 10
141.3578279999999836
 20
-120.8499999999999943
 30
0
 11
141.3578440000000001
 21
-120.8499989999999968
 31
0
  0
LINE
  5
A1E
330
1A
100
AcDbEntity
  8
B.Cu
  6
CONTINUOUS
100
AcDbLine
 10
141.3578440000000001
 20
-120.8499989999999968
 30
0
 11
141.4173720000000003
 21
-120.8435980000000001
 31
0
  0
LINE
  5
A1F
330
1A
100
AcDbEntity
  8
B.Cu
  6
CONTINUOUS
100
AcDbLine
 10
141.4173720000000003
 20
-120.8435980000000001
 30
0
 11
141.4173789999999826
 21
-120.8435959999999909
 31
0
  0
LINE
  5
A20
330
1A
100
AcDbEntity
  8
B.Cu
  6
CONTINUOUS
100
AcDbLine
 10
141.4173789999999826
 20
-120.8435959999999909
 30
0
 11
141.5520860000000027
 21
-120.7933539999999937
 31
0
  0
LINE
  5
A21
330
1A
100
AcDbEntity
  8
B.Cu
  6
CONTINUOUS
100
AcDbLine
 10
141.5520860000000027
 20
-120.7933539999999937
 30
0
 11
141.5520929999999851
 21
-120.7933499999999896
 31
0
  0
LINE
  5
A22
330
1A
100
AcDbEntity
  8
B.Cu
  6
CONTINUOUS
100
AcDbLine
 10
141.5520929999999851
 20
-120.7933499999999896
 30
0
 11
141.6671869999999842
 21
-120.7071899999999971
 31
0
  0
LINE
  5
A23
330
1A
100
AcDbEntity
  8
B.Cu
  6
CONTINUOUS
100
AcDbLine
 10
141.6671869999999842
 20
-120.7071899999999971
 30
0
 11
141.6671900000000051
 21
-120.7071869999999905
 31
0
  0
LINE
  5
A24
330
1A
100
AcDbEntity
  8
B.Cu
  6
CONTINUOUS
100
AcDbLine
 10
141.6671900000000051
 20
-120.7071869999999905
 30
0
 11
141.7533499999999833
 21
-120.5920929999999913
 31
0
  0
LINE
  5
A25
330
1A
100
AcDbEntity
  8
B.Cu
  6
CONTINUOUS
100
AcDbLine
 10
141.7533499999999833
 20
-120.5920929999999913
 30
0
 11
141.7533540000000016
 21
-120.5920859999999948
 31
0
  0
LINE
  5
A26
330
1A
100
AcDbEntity
  8
B.Cu
  6
CONTINUOUS
100
AcDbLine
 10
141.7533540000000016
 20
-120.5920859999999948
 30
0
 11
141.8035959999999989
 21
-120.4573789999999889
 31
0
  0
LINE
  5
A27
330
1A
100
AcDbEntity
  8
B.Cu
  6
CONTINUOUS
100
AcDbLine
 10
141.8035959999999989
 20
-120.4573789999999889
 30
0
 11
141.8035979999999938
 21
-120.4573719999999923
 31
0
  0
LINE
  5
A28
330
1A
100
AcDbEntity
  8
B.Cu
  6
CONTINUOUS
100
AcDbLine
 10
141.8035979999999938
 20
-120.4573719999999923
 30
0
 11
141.8099990000000048
 21
-120.3978439999999921
 31
0
  0
LINE
  5
A29
330
1A
100
AcDbEntity
  8
B.Cu
  6
CONTINUOUS
100
AcDbLine
 10
141.8099990000000048
 20
-120.3978439999999921
 30
0
 11
141.8100000000000023
 21
-120.3978269999999924
 31
0
  0
LINE
  5
A2A
330
1A
100
AcDbEntity
  8
B.Cu
  6
CONTINUOUS
100
AcDbLine
 10
141.8100000000000023
 20
-120.3978269999999924
 30
0
 11
141.8100000000000023
 21
-120.3712149999999923
 31
0
  0
LINE
  5
A2B
330
1A
100
AcDbEntity
  8
B.Cu
  6
CONTINUOUS
100
AcDbLine
 10
141.8100000000000023
 20
-120.3712149999999923
 30
0
 11
141.8296849999999836
 21
-120.3041759999999982
 31
0
  0
LINE
  5
A2C
330
1A
100
AcDbEntity
  8
B.Cu
  6
CONTINUOUS
100
AcDbLine
 10
141.8296849999999836
 20
-120.3041759999999982
 30
0
 11
141.8824889999999925
 21
-120.2584209999999985
 31
0
  0
LINE
  5
A2D
330
1A
100
AcDbEntity
  8
B.Cu
  6
CONTINUOUS
100
AcDbLine
 10
141.8824889999999925
 20
-120.2584209999999985
 30
0
 11
141.9516469999999799
 21
-120.2484769999999941
 31
0
  0
LINE
  5
A2E
330
1A
100
AcDbEntity
  8
B.Cu
  6
CONTINUOUS
100
AcDbLine
 10
141.9516469999999799
 20
-120.2484769999999941
 30
0
 11
142.0152029999999854
 21
-120.2775019999999984
 31
0
  0
LINE
  5
A2F
330
1A
100
AcDbEntity
  8
B.Cu
  6
CONTINUOUS
100
AcDbLine
 10
142.0152029999999854
 20
-120.2775019999999984
 30
0
 11
142.0343159999999898
 21
-120.2983270000000005
 31
0
  0
LINE
  5
A30
330
1A
100
AcDbEntity
  8
B.Cu
  6
CONTINUOUS
100
AcDbLine
 10
142.0343159999999898
 20
-120.2983270000000005
 30
0
 11
142.0461719999999843
 21
-120.3146459999999962
 31
0
  0
LINE
  5
A31
330
1A
100
AcDbEntity
  8
B.Cu
  6
CONTINUOUS
100
AcDbLine
 10
142.0461719999999843
 20
-120.3146459999999962
 30
0
 11
142.1853539999999896
 21
-120.4538280000000015
 31
0
  0
LINE
  5
A32
330
1A
100
AcDbEntity
  8
B.Cu
  6
CONTINUOUS
100
AcDbLine
 10
142.1853539999999896
 20
-120.4538280000000015
 30
0
 11
142.2483880000000056
 21
-120.4996239999999972
 31
0
  0
LINE
  5
A33
330
1A
100
AcDbEntity
  8
B.Cu
  6
CONTINUOUS
100
AcDbLine
 10
142.2483880000000056
 20
-120.4996239999999972
 30
0
 11
142.2910509999999817
 21
-120.5549509999999884
 31
0
  0
LINE
  5
A34
330
1A
100
AcDbEntity
  8
B.Cu
  6
CONTINUOUS
100
AcDbLine
 10
142.2910509999999817
 20
-120.5549509999999884
 30
0
 11
142.2994999999999948
 21
-120.5999399999999895
 31
0
  0
LINE
  5
A35
330
1A
100
AcDbEntity
  8
B.Cu
  6
CONTINUOUS
100
AcDbLine
 10
142.2994999999999948
 20
-120.5999399999999895
 30
0
 11
142.2994999999999948
 21
-121.1584809999999948
 31
0
  0
LINE
  5
A36
330
1A
100
AcDbEntity
  8
B.Cu
  6
CONTINUOUS
100
AcDbLine
 10
142.2994999999999948
 20
-121.1584809999999948
 30
0
 11
142.279814999999985
 21
-121.2255199999999888
 31
0
  0
LINE
  5
A37
330
1A
100
AcDbEntity
  8
B.Cu
  6
CONTINUOUS
100
AcDbLine
 10
142.279814999999985
 20
-121.2255199999999888
 30
0
 11
142.263181000000003
 21
-121.2461619999999982
 31
0
  0
LINE
  5
A38
330
1A
100
AcDbEntity
  8
B.Cu
  6
CONTINUOUS
100
AcDbLine
 10
142.263181000000003
 20
-121.2461619999999982
 30
0
 11
141.7461619999999982
 21
-121.7631809999999888
 31
0
  0
LINE
  5
A39
330
1A
100
AcDbEntity
  8
B.Cu
  6
CONTINUOUS
100
AcDbLine
 10
141.7461619999999982
 20
-121.7631809999999888
 30
0
 11
141.6848389999999824
 21
-121.7966659999999877
 31
0
  0
LINE
  5
A3A
330
1A
100
AcDbEntity
  8
B.Cu
  6
CONTINUOUS
100
AcDbLine
 10
141.6848389999999824
 20
-121.7966659999999877
 30
0
 11
141.6584809999999948
 21
-121.7994999999999948
 31
0
  0
LINE
  5
A3B
330
1A
100
AcDbEntity
  8
B.Cu
  6
CONTINUOUS
100
AcDbLine
 10
141.6584809999999948
 20
-121.7994999999999948
 30
0
 11
137.3415190000000052
 21
-121.7994999999999948
 31
0
  0
LINE
  5
A3C
330
1A
100
AcDbEntity
  8
B.Cu
  6
CONTINUOUS
100
AcDbLine
 10
137.3415190000000052
 20
-121.7994999999999948
 30
0
 11
137.2744799999999827
 21
-121.7798149999999993
 31
0
  0
LINE
  5
A3D
330
1A
100
AcDbEntity
  8
B.Cu
  6
CONTINUOUS
100
AcDbLine
 10
137.2744799999999827
 20
-121.7798149999999993
 30
0
 11
137.2538380000000018
 21
-121.7631809999999888
 31
0
  0
LINE
  5
A3E
330
1A
100
AcDbEntity
  8
B.Cu
  6
CONTINUOUS
100
AcDbLine
 10
137.2538380000000018
 20
-121.7631809999999888
 30
0
 11
136.736818999999997
 21
-121.2461619999999982
 31
0
  0
LINE
  5
A3F
330
1A
100
AcDbEntity
  8
B.Cu
  6
CONTINUOUS
100
AcDbLine
 10
136.736818999999997
 20
-121.2461619999999982
 30
0
 11
136.7033339999999839
 21
-121.1848389999999966
 31
0
  0
LINE
  5
A40
330
1A
100
AcDbEntity
  8
B.Cu
  6
CONTINUOUS
100
AcDbLine
 10
136.7033339999999839
 20
-121.1848389999999966
 30
0
 11
136.7005000000000052
 21
-121.1584809999999948
 31
0
  0
LINE
  5
A41
330
1A
100
AcDbEntity
  8
B.Cu
  6
CONTINUOUS
100
AcDbLine
 10
136.7005000000000052
 20
-121.1584809999999948
 30
0
 11
136.7005000000000052
 21
-121.0244989999999916
 31
0
  0
LINE
  5
A42
330
1A
100
AcDbEntity
  8
B.Cu
  6
CONTINUOUS
100
AcDbLine
 10
136.7005000000000052
 20
-121.0244989999999916
 30
0
 11
136.7201849999999865
 21
-120.9574599999999975
 31
0
  0
LINE
  5
A43
330
1A
100
AcDbEntity
  8
B.Cu
  6
CONTINUOUS
100
AcDbLine
 10
136.7201849999999865
 20
-120.9574599999999975
 30
0
 11
136.7729889999999955
 21
-120.9117049999999978
 31
0
  0
LINE
  5
A44
330
1A
100
AcDbEntity
  8
B.Cu
  6
CONTINUOUS
100
AcDbLine
 10
136.7729889999999955
 20
-120.9117049999999978
 30
0
 11
136.8245000000000005
 21
-120.9004989999999964
 31
0
  0
LINE
  5
A45
330
1A
100
AcDbEntity
  8
B.Cu
  6
CONTINUOUS
100
AcDbLine
 10
136.8245000000000005
 20
-120.9004989999999964
 30
0
 11
137.0315169999999796
 21
-120.9004989999999964
 31
0
  0
LINE
  5
A46
330
1A
100
AcDbEntity
  8
B.Cu
  6
CONTINUOUS
100
AcDbLine
 10
137.0315169999999796
 20
-120.9004989999999964
 30
0
 11
137.0315180000000055
 21
-120.9004989999999964
 31
0
  0
LINE
  5
A47
330
1A
100
AcDbEntity
  8
B.Cu
  6
CONTINUOUS
100
AcDbLine
 10
137.0315180000000055
 20
-120.9004989999999964
 30
0
 11
137.1253039999999999
 21
-120.8856459999999942
 31
0
  0
LINE
  5
A48
330
1A
100
AcDbEntity
  8
B.Cu
  6
CONTINUOUS
100
AcDbLine
 10
137.1253039999999999
 20
-120.8856459999999942
 30
0
 11
137.2383419999999887
 21
-120.8280499999999904
 31
0
  0
LINE
  5
A49
330
1A
100
AcDbEntity
  8
B.Cu
  6
CONTINUOUS
100
AcDbLine
 10
137.2383419999999887
 20
-120.8280499999999904
 30
0
 11
137.3280499999999904
 21
-120.7383419999999887
 31
0
  0
LINE
  5
A4A
330
1A
100
AcDbEntity
  8
B.Cu
  6
CONTINUOUS
100
AcDbLine
 10
137.3280499999999904
 20
-120.7383419999999887
 30
0
 11
137.3856459999999799
 21
-120.6253039999999999
 31
0
  0
LINE
  5
A4B
330
1A
100
AcDbEntity
  8
B.Cu
  6
CONTINUOUS
100
AcDbLine
 10
137.3856459999999799
 20
-120.6253039999999999
 30
0
 11
137.3856459999999799
 21
-120.6253019999999907
 31
0
  0
LINE
  5
A4C
330
1A
100
AcDbEntity
  8
B.Cu
  6
CONTINUOUS
100
AcDbLine
 10
137.3856459999999799
 20
-120.6253019999999907
 30
0
 11
137.3856470000000058
 21
-120.6253009999999932
 31
0
  0
LINE
  5
A4D
330
1A
100
AcDbEntity
  8
B.Cu
  6
CONTINUOUS
100
AcDbLine
 10
137.3856470000000058
 20
-120.6253009999999932
 30
0
 11
137.4004999999999939
 21
-120.5315239999999903
 31
0
  0
LINE
  5
A4E
330
1A
100
AcDbEntity
  8
B.Cu
  6
CONTINUOUS
100
AcDbLine
 10
137.4004999999999939
 20
-120.5315239999999903
 30
0
 11
137.4004999999999939
 21
-119.6986379999999883
 31
0
  0
LINE
  5
A4F
330
1A
100
AcDbEntity
  8
B.Cu
  6
CONTINUOUS
100
AcDbLine
 10
137.4004999999999939
 20
-119.6986379999999883
 30
0
 11
137.4004989999999964
 21
-118.5988509999999962
 31
0
  0
LINE
  5
A50
330
1A
100
AcDbEntity
  8
B.Cu
  6
CONTINUOUS
100
AcDbLine
 10
137.4004989999999964
 20
-118.5988509999999962
 30
0
 11
137.4004989999999964
 21
-118.4684819999999945
 31
0
  0
LINE
  5
A51
330
1A
100
AcDbEntity
  8
B.Cu
  6
CONTINUOUS
100
AcDbLine
 10
137.4004989999999964
 20
-118.4684819999999945
 30
0
 11
137.3963449999999966
 21
-118.4422519999999963
 31
0
  0
LINE
  5
A52
330
1A
100
AcDbEntity
  8
B.Cu
  6
CONTINUOUS
100
AcDbLine
 10
137.3963449999999966
 20
-118.4422519999999963
 30
0
 11
137.3856459999999799
 21
-118.3746960000000001
 31
0
  0
LINE
  5
A53
330
1A
100
AcDbEntity
  8
B.Cu
  6
CONTINUOUS
100
AcDbLine
 10
137.3856459999999799
 20
-118.3746960000000001
 30
0
 11
137.3280499999999904
 21
-118.2616579999999971
 31
0
  0
LINE
  5
A54
330
1A
100
AcDbEntity
  8
B.Cu
  6
CONTINUOUS
100
AcDbLine
 10
137.3280499999999904
 20
-118.2616579999999971
 30
0
 11
137.3280460000000005
 21
-118.2616539999999929
 31
0
  0
LINE
  5
A55
330
1A
100
AcDbEntity
  8
B.Cu
  6
CONTINUOUS
100
AcDbLine
 10
137.3280460000000005
 20
-118.2616539999999929
 30
0
 11
137.328045000000003
 21
-118.261651999999998
 31
0
  0
LINE
  5
A56
330
1A
100
AcDbEntity
  8
B.Cu
  6
CONTINUOUS
100
AcDbLine
 10
137.328045000000003
 20
-118.261651999999998
 30
0
 11
137.2383470000000045
 21
-118.1719539999999995
 31
0
  0
LINE
  5
A57
330
1A
100
AcDbEntity
  8
B.Cu
  6
CONTINUOUS
100
AcDbLine
 10
137.2383470000000045
 20
-118.1719539999999995
 30
0
 11
137.2383439999999837
 21
-118.1719519999999903
 31
0
  0
LINE
  5
A58
330
1A
100
AcDbEntity
  8
B.Cu
  6
CONTINUOUS
100
AcDbLine
 10
137.2383439999999837
 20
-118.1719519999999903
 30
0
 11
137.2383419999999887
 21
-118.1719499999999954
 31
0
  0
LINE
  5
A59
330
1A
100
AcDbEntity
  8
B.Cu
  6
CONTINUOUS
100
AcDbLine
 10
137.2383419999999887
 20
-118.1719499999999954
 30
0
 11
137.1615170000000035
 21
-118.1328049999999905
 31
0
  0
LINE
  5
A5A
330
1A
100
AcDbEntity
  8
B.Cu
  6
CONTINUOUS
100
AcDbLine
 10
137.1615170000000035
 20
-118.1328049999999905
 30
0
 11
137.1253010000000074
 21
-118.1143519999999967
 31
0
  0
LINE
  5
A5B
330
1A
100
AcDbEntity
  8
B.Cu
  6
CONTINUOUS
100
AcDbLine
 10
137.1253010000000074
 20
-118.1143519999999967
 30
0
 11
137.0315239999999903
 21
-118.0994999999999919
 31
0
  0
LINE
  5
A5C
330
1A
100
AcDbEntity
  8
B.Cu
  6
CONTINUOUS
100
AcDbLine
 10
137.0315239999999903
 20
-118.0994999999999919
 30
0
 11
134.9684819999999945
 21
-118.0994999999999919
 31
0
  0
LINE
  5
A5D
330
1A
100
AcDbEntity
  8
B.Cu
  6
CONTINUOUS
100
AcDbLine
 10
134.9684819999999945
 20
-118.0994999999999919
 30
0
 11
134.8875189999999975
 21
-118.1123229999999893
 31
0
  0
LINE
  5
A5E
330
1A
100
AcDbEntity
  8
B.Cu
  6
CONTINUOUS
100
AcDbLine
 10
134.8875189999999975
 20
-118.1123229999999893
 30
0
 11
134.8746960000000001
 21
-118.1143539999999916
 31
0
  0
LINE
  5
A5F
330
1A
100
AcDbEntity
  8
B.Cu
  6
CONTINUOUS
100
AcDbLine
 10
134.8746960000000001
 20
-118.1143539999999916
 30
0
 11
134.7616579999999828
 21
-118.1719499999999954
 31
0
  0
LINE
  5
A60
330
1A
100
AcDbEntity
  8
B.Cu
  6
CONTINUOUS
100
AcDbLine
 10
134.7616579999999828
 20
-118.1719499999999954
 30
0
 11
134.7616569999999854
 21
-118.1719509999999929
 31
0
  0
LINE
  5
A61
330
1A
100
AcDbEntity
  8
B.Cu
  6
CONTINUOUS
100
AcDbLine
 10
134.7616569999999854
 20
-118.1719509999999929
 30
0
 11
134.761651999999998
 21
-118.1719539999999995
 31
0
  0
LINE
  5
A62
330
1A
100
AcDbEntity
  8
B.Cu
  6
CONTINUOUS
100
AcDbLine
 10
134.761651999999998
 20
-118.1719539999999995
 30
0
 11
134.6719539999999995
 21
-118.261651999999998
 31
0
  0
LINE
  5
A63
330
1A
100
AcDbEntity
  8
B.Cu
  6
CONTINUOUS
100
AcDbLine
 10
134.6719539999999995
 20
-118.261651999999998
 30
0
 11
134.6719510000000071
 21
-118.2616569999999996
 31
0
  0
LINE
  5
A64
330
1A
100
AcDbEntity
  8
B.Cu
  6
CONTINUOUS
100
AcDbLine
 10
134.6719510000000071
 20
-118.2616569999999996
 30
0
 11
134.6719499999999812
 21
-118.2616579999999971
 31
0
  0
LINE
  5
A65
330
1A
100
AcDbEntity
  8
B.Cu
  6
CONTINUOUS
100
AcDbLine
 10
134.6719499999999812
 20
-118.2616579999999971
 30
0
 11
134.6560780000000079
 21
-118.2928089999999912
 31
0
  0
LINE
  5
A66
330
1A
100
AcDbEntity
  8
B.Cu
  6
CONTINUOUS
100
AcDbLine
 10
134.6560780000000079
 20
-118.2928089999999912
 30
0
 11
134.6143519999999967
 21
-118.3746979999999951
 31
0
  0
LINE
  5
A67
330
1A
100
AcDbEntity
  8
B.Cu
  6
CONTINUOUS
100
AcDbLine
 10
134.6143519999999967
 20
-118.3746979999999951
 30
0
 11
134.5995000000000061
 21
-118.468474999999998
 31
0
  0
LINE
  5
A68
330
1A
100
AcDbEntity
  8
B.Cu
  6
CONTINUOUS
100
AcDbLine
 10
134.5995000000000061
 20
-118.468474999999998
 30
0
 11
134.5995000000000061
 21
-120.5315169999999938
 31
0
  0
LINE
  5
A69
330
1A
100
AcDbEntity
  8
B.Cu
  6
CONTINUOUS
100
AcDbLine
 10
139.1099999999999852
 20
-119.75
 30
0
 11
139.1099999999999852
 21
-120.3978439999999921
 31
0
  0
LINE
  5
A6A
330
1A
100
AcDbEntity
  8
B.Cu
  6
CONTINUOUS
100
AcDbLine
 10
139.1099999999999852
 20
-120.3978439999999921
 30
0
 11
139.1164009999999962
 21
-120.4573719999999923
 31
0
  0
LINE
  5
A6B
330
1A
100
AcDbEntity
  8
B.Cu
  6
CONTINUOUS
100
AcDbLine
 10
139.1164009999999962
 20
-120.4573719999999923
 30
0
 11
139.1164029999999912
 21
-120.4573789999999889
 31
0
  0
LINE
  5
A6C
330
1A
100
AcDbEntity
  8
B.Cu
  6
CONTINUOUS
100
AcDbLine
 10
139.1164029999999912
 20
-120.4573789999999889
 30
0
 11
139.1666449999999884
 21
-120.5920859999999948
 31
0
  0
LINE
  5
A6D
330
1A
100
AcDbEntity
  8
B.Cu
  6
CONTINUOUS
100
AcDbLine
 10
139.1666449999999884
 20
-120.5920859999999948
 30
0
 11
139.1666490000000067
 21
-120.5920929999999913
 31
0
  0
LINE
  5
A6E
330
1A
100
AcDbEntity
  8
B.Cu
  6
CONTINUOUS
100
AcDbLine
 10
139.1666490000000067
 20
-120.5920929999999913
 30
0
 11
139.252808999999985
 21
-120.7071869999999905
 31
0
  0
LINE
  5
A6F
330
1A
100
AcDbEntity
  8
B.Cu
  6
CONTINUOUS
100
AcDbLine
 10
139.252808999999985
 20
-120.7071869999999905
 30
0
 11
139.2528120000000058
 21
-120.7071899999999971
 31
0
  0
LINE
  5
A70
330
1A
100
AcDbEntity
  8
B.Cu
  6
CONTINUOUS
100
AcDbLine
 10
139.2528120000000058
 20
-120.7071899999999971
 30
0
 11
139.367906000000005
 21
-120.7933499999999896
 31
0
  0
LINE
  5
A71
330
1A
100
AcDbEntity
  8
B.Cu
  6
CONTINUOUS
100
AcDbLine
 10
139.367906000000005
 20
-120.7933499999999896
 30
0
 11
139.3679129999999873
 21
-120.7933539999999937
 31
0
  0
LINE
  5
A72
330
1A
100
AcDbEntity
  8
B.Cu
  6
CONTINUOUS
100
AcDbLine
 10
139.3679129999999873
 20
-120.7933539999999937
 30
0
 11
139.5026200000000074
 21
-120.8435959999999909
 31
0
  0
LINE
  5
A73
330
1A
100
AcDbEntity
  8
B.Cu
  6
CONTINUOUS
100
AcDbLine
 10
139.5026200000000074
 20
-120.8435959999999909
 30
0
 11
139.5026269999999897
 21
-120.8435980000000001
 31
0
  0
LINE
  5
A74
330
1A
100
AcDbEntity
  8
B.Cu
  6
CONTINUOUS
100
AcDbLine
 10
139.5026269999999897
 20
-120.8435980000000001
 30
0
 11
139.56215499999999
 21
-120.8499989999999968
 31
0
  0
LINE
  5
A75
330
1A
100
AcDbEntity
  8
B.Cu
  6
CONTINUOUS
100
AcDbLine
 10
139.56215499999999
 20
-120.8499989999999968
 30
0
 11
139.5621720000000039
 21
-120.8499999999999943
 31
0
  0
LINE
  5
A76
330
1A
100
AcDbEntity
  8
B.Cu
  6
CONTINUOUS
100
AcDbLine
 10
139.5621720000000039
 20
-120.8499999999999943
 30
0
 11
140.2099999999999795
 21
-120.8499999999999943
 31
0
  0
LINE
  5
A77
330
1A
100
AcDbEntity
  8
B.Cu
  6
CONTINUOUS
100
AcDbLine
 10
140.2099999999999795
 20
-120.8499999999999943
 30
0
 11
140.2099999999999795
 21
-120.3499999999999943
 31
0
  0
LINE
  5
A78
330
1A
100
AcDbEntity
  8
B.Cu
  6
CONTINUOUS
100
AcDbLine
 10
140.2099999999999795
 20
-120.3499999999999943
 30
0
 11
139.6099999999999852
 21
-120.3499999999999943
 31
0
  0
LINE
  5
A79
330
1A
100
AcDbEntity
  8
B.Cu
  6
CONTINUOUS
100
AcDbLine
 10
139.6099999999999852
 20
-120.3499999999999943
 30
0
 11
139.6099999999999852
 21
-119.75
 31
0
  0
LINE
  5
A7A
330
1A
100
AcDbEntity
  8
B.Cu
  6
CONTINUOUS
100
AcDbLine
 10
139.6099999999999852
 20
-119.75
 30
0
 11
139.1099999999999852
 21
-119.75
 31
0
  0
LINE
  5
A7B
330
1A
100
AcDbEntity
  8
B.Cu
  6
CONTINUOUS
100
AcDbLine
 10
139.5026269999999897
 20
-118.1564009999999882
 30
0
 11
139.5026200000000074
 21
-118.1564029999999974
 31
0
  0
LINE
  5
A7C
330
1A
100
AcDbEntity
  8
B.Cu
  6
CONTINUOUS
100
AcDbLine
 10
139.5026200000000074
 20
-118.1564029999999974
 30
0
 11
139.3679129999999873
 21
-118.2066449999999946
 31
0
  0
LINE
  5
A7D
330
1A
100
AcDbEntity
  8
B.Cu
  6
CONTINUOUS
100
AcDbLine
 10
139.3679129999999873
 20
-118.2066449999999946
 30
0
 11
139.367906000000005
 21
-118.2066489999999988
 31
0
  0
LINE
  5
A7E
330
1A
100
AcDbEntity
  8
B.Cu
  6
CONTINUOUS
100
AcDbLine
 10
139.367906000000005
 20
-118.2066489999999988
 30
0
 11
139.2528120000000058
 21
-118.2928089999999912
 31
0
  0
LINE
  5
A7F
330
1A
100
AcDbEntity
  8
B.Cu
  6
CONTINUOUS
100
AcDbLine
 10
139.2528120000000058
 20
-118.2928089999999912
 30
0
 11
139.252808999999985
 21
-118.2928119999999979
 31
0
  0
LINE
  5
A80
330
1A
100
AcDbEntity
  8
B.Cu
  6
CONTINUOUS
100
AcDbLine
 10
139.252808999999985
 20
-118.2928119999999979
 30
0
 11
139.1666490000000067
 21
-118.407905999999997
 31
0
  0
LINE
  5
A81
330
1A
100
AcDbEntity
  8
B.Cu
  6
CONTINUOUS
100
AcDbLine
 10
139.1666490000000067
 20
-118.407905999999997
 30
0
 11
139.1666449999999884
 21
-118.4079129999999935
 31
0
  0
LINE
  5
A82
330
1A
100
AcDbEntity
  8
B.Cu
  6
CONTINUOUS
100
AcDbLine
 10
139.1666449999999884
 20
-118.4079129999999935
 30
0
 11
139.1164029999999912
 21
-118.5426199999999994
 31
0
  0
LINE
  5
A83
330
1A
100
AcDbEntity
  8
B.Cu
  6
CONTINUOUS
100
AcDbLine
 10
139.1164029999999912
 20
-118.5426199999999994
 30
0
 11
139.1164009999999962
 21
-118.542626999999996
 31
0
  0
LINE
  5
A84
330
1A
100
AcDbEntity
  8
B.Cu
  6
CONTINUOUS
100
AcDbLine
 10
139.1164009999999962
 20
-118.542626999999996
 30
0
 11
139.1099999999999852
 21
-118.6021549999999962
 31
0
  0
LINE
  5
A85
330
1A
100
AcDbEntity
  8
B.Cu
  6
CONTINUOUS
100
AcDbLine
 10
139.1099999999999852
 20
-118.6021549999999962
 30
0
 11
139.1099999999999852
 21
-119.25
 31
0
  0
LINE
  5
A86
330
1A
100
AcDbEntity
  8
B.Cu
  6
CONTINUOUS
100
AcDbLine
 10
139.1099999999999852
 20
-119.25
 30
0
 11
139.6099999999999852
 21
-119.25
 31
0
  0
LINE
  5
A87
330
1A
100
AcDbEntity
  8
B.Cu
  6
CONTINUOUS
100
AcDbLine
 10
139.6099999999999852
 20
-119.25
 30
0
 11
139.6099999999999852
 21
-118.6499999999999915
 31
0
  0
LINE
  5
A88
330
1A
100
AcDbEntity
  8
B.Cu
  6
CONTINUOUS
100
AcDbLine
 10
139.6099999999999852
 20
-118.6499999999999915
 30
0
 11
140.2099999999999795
 21
-118.6499999999999915
 31
0
  0
LINE
  5
A89
330
1A
100
AcDbEntity
  8
B.Cu
  6
CONTINUOUS
100
AcDbLine
 10
140.2099999999999795
 20
-118.6499999999999915
 30
0
 11
140.2099999999999795
 21
-118.1499999999999915
 31
0
  0
LINE
  5
A8A
330
1A
100
AcDbEntity
  8
B.Cu
  6
CONTINUOUS
100
AcDbLine
 10
140.2099999999999795
 20
-118.1499999999999915
 30
0
 11
139.56215499999999
 21
-118.1499999999999915
 31
0
  0
LINE
  5
A8B
330
1A
100
AcDbEntity
  8
B.Cu
  6
CONTINUOUS
100
AcDbLine
 10
139.56215499999999
 20
-118.1499999999999915
 30
0
 11
139.5026269999999897
 21
-118.1564009999999882
 31
0
  0
LINE
  5
A8C
330
1A
100
AcDbEntity
  8
B.Cu
  6
CONTINUOUS
100
AcDbLine
 10
155.8808929999999862
 20
-118.7226579999999956
 30
0
 11
155.9638280000000066
 21
-118.782913999999991
 31
0
  0
LINE
  5
A8D
330
1A
100
AcDbEntity
  8
B.Cu
  6
CONTINUOUS
100
AcDbLine
 10
155.9638280000000066
 20
-118.782913999999991
 30
0
 11
156.1741969999999924
 21
-118.8901019999999988
 31
0
  0
LINE
  5
A8E
330
1A
100
AcDbEntity
  8
B.Cu
  6
CONTINUOUS
100
AcDbLine
 10
156.1741969999999924
 20
-118.8901019999999988
 30
0
 11
156.3987520000000018
 21
-118.9630650000000003
 31
0
  0
LINE
  5
A8F
330
1A
100
AcDbEntity
  8
B.Cu
  6
CONTINUOUS
100
AcDbLine
 10
156.3987520000000018
 20
-118.9630650000000003
 30
0
 11
156.3987510000000043
 21
-118.9630650000000003
 31
0
  0
LINE
  5
A90
330
1A
100
AcDbEntity
  8
B.Cu
  6
CONTINUOUS
100
AcDbLine
 10
156.3987510000000043
 20
-118.9630650000000003
 30
0
 11
156.6319479999999942
 21
-119.
 31
0
  0
LINE
  5
A91
330
1A
100
AcDbEntity
  8
B.Cu
  6
CONTINUOUS
100
AcDbLine
 10
156.6319479999999942
 20
-119.
 30
0
 11
156.8680520000000058
 21
-119.
 31
0
  0
LINE
  5
A92
330
1A
100
AcDbEntity
  8
B.Cu
  6
CONTINUOUS
100
AcDbLine
 10
156.8680520000000058
 20
-119.
 30
0
 11
157.1012470000000008
 21
-118.9630650000000003
 31
0
  0
LINE
  5
A93
330
1A
100
AcDbEntity
  8
B.Cu
  6
CONTINUOUS
100
AcDbLine
 10
157.1012470000000008
 20
-118.9630650000000003
 30
0
 11
157.3258019999999817
 21
-118.8901019999999988
 31
0
  0
LINE
  5
A94
330
1A
100
AcDbEntity
  8
B.Cu
  6
CONTINUOUS
100
AcDbLine
 10
157.3258019999999817
 20
-118.8901019999999988
 30
0
 11
157.5361629999999877
 21
-118.7829179999999951
 31
0
  0
LINE
  5
A95
330
1A
100
AcDbEntity
  8
B.Cu
  6
CONTINUOUS
100
AcDbLine
 10
157.5361629999999877
 20
-118.7829179999999951
 30
0
 11
157.536169000000001
 21
-118.782913999999991
 31
0
  0
LINE
  5
A96
330
1A
100
AcDbEntity
  8
B.Cu
  6
CONTINUOUS
100
AcDbLine
 10
157.536169000000001
 20
-118.782913999999991
 30
0
 11
157.619103999999993
 21
-118.7226579999999956
 31
0
  0
LINE
  5
A97
330
1A
100
AcDbEntity
  8
B.Cu
  6
CONTINUOUS
100
AcDbLine
 10
157.619103999999993
 20
-118.7226579999999956
 30
0
 11
157.6191049999999905
 21
-118.7226579999999956
 31
0
  0
LINE
  5
A98
330
1A
100
AcDbEntity
  8
B.Cu
  6
CONTINUOUS
100
AcDbLine
 10
157.6191049999999905
 20
-118.7226579999999956
 30
0
 11
157.2555480000000045
 21
-118.3591009999999955
 31
0
  0
LINE
  5
A99
330
1A
100
AcDbEntity
  8
B.Cu
  6
CONTINUOUS
100
AcDbLine
 10
157.2555480000000045
 20
-118.3591009999999955
 30
0
 11
157.2213969999999961
 21
-118.3819209999999913
 31
0
  0
LINE
  5
A9A
330
1A
100
AcDbEntity
  8
B.Cu
  6
CONTINUOUS
100
AcDbLine
 10
157.2213969999999961
 20
-118.3819209999999913
 30
0
 11
157.040284999999983
 21
-118.4569399999999888
 31
0
  0
LINE
  5
A9B
330
1A
100
AcDbEntity
  8
B.Cu
  6
CONTINUOUS
100
AcDbLine
 10
157.040284999999983
 20
-118.4569399999999888
 30
0
 11
156.8480169999999987
 21
-118.4951849999999922
 31
0
  0
LINE
  5
A9C
330
1A
100
AcDbEntity
  8
B.Cu
  6
CONTINUOUS
100
AcDbLine
 10
156.8480169999999987
 20
-118.4951849999999922
 30
0
 11
156.6519830000000013
 21
-118.4951849999999922
 31
0
  0
LINE
  5
A9D
330
1A
100
AcDbEntity
  8
B.Cu
  6
CONTINUOUS
100
AcDbLine
 10
156.6519830000000013
 20
-118.4951849999999922
 30
0
 11
156.4597149999999885
 21
-118.4569399999999888
 31
0
  0
LINE
  5
A9E
330
1A
100
AcDbEntity
  8
B.Cu
  6
CONTINUOUS
100
AcDbLine
 10
156.4597149999999885
 20
-118.4569399999999888
 30
0
 11
156.2786030000000039
 21
-118.3819209999999913
 31
0
  0
LINE
  5
A9F
330
1A
100
AcDbEntity
  8
B.Cu
  6
CONTINUOUS
100
AcDbLine
 10
156.2786030000000039
 20
-118.3819209999999913
 30
0
 11
156.2444500000000005
 21
-118.359099999999998
 31
0
  0
LINE
  5
AA0
330
1A
100
AcDbEntity
  8
B.Cu
  6
CONTINUOUS
100
AcDbLine
 10
156.2444500000000005
 20
-118.359099999999998
 30
0
 11
155.8808929999999862
 21
-118.7226579999999956
 31
0
  0
LINE
  5
AA1
330
1A
100
AcDbEntity
  8
B.Cu
  6
CONTINUOUS
100
AcDbLine
 10
162.3808929999999862
 20
-118.7226579999999956
 30
0
 11
162.4638280000000066
 21
-118.782913999999991
 31
0
  0
LINE
  5
AA2
330
1A
100
AcDbEntity
  8
B.Cu
  6
CONTINUOUS
100
AcDbLine
 10
162.4638280000000066
 20
-118.782913999999991
 30
0
 11
162.6741969999999924
 21
-118.8901019999999988
 31
0
  0
LINE
  5
AA3
330
1A
100
AcDbEntity
  8
B.Cu
  6
CONTINUOUS
100
AcDbLine
 10
162.6741969999999924
 20
-118.8901019999999988
 30
0
 11
162.8987520000000018
 21
-118.9630650000000003
 31
0
  0
LINE
  5
AA4
330
1A
100
AcDbEntity
  8
B.Cu
  6
CONTINUOUS
100
AcDbLine
 10
162.8987520000000018
 20
-118.9630650000000003
 30
0
 11
162.8987510000000043
 21
-118.9630650000000003
 31
0
  0
LINE
  5
AA5
330
1A
100
AcDbEntity
  8
B.Cu
  6
CONTINUOUS
100
AcDbLine
 10
162.8987510000000043
 20
-118.9630650000000003
 30
0
 11
163.1319479999999942
 21
-119.
 31
0
  0
LINE
  5
AA6
330
1A
100
AcDbEntity
  8
B.Cu
  6
CONTINUOUS
100
AcDbLine
 10
163.1319479999999942
 20
-119.
 30
0
 11
163.3680520000000058
 21
-119.
 31
0
  0
LINE
  5
AA7
330
1A
100
AcDbEntity
  8
B.Cu
  6
CONTINUOUS
100
AcDbLine
 10
163.3680520000000058
 20
-119.
 30
0
 11
163.6012470000000008
 21
-118.9630650000000003
 31
0
  0
LINE
  5
AA8
330
1A
100
AcDbEntity
  8
B.Cu
  6
CONTINUOUS
100
AcDbLine
 10
163.6012470000000008
 20
-118.9630650000000003
 30
0
 11
163.8258019999999817
 21
-118.8901019999999988
 31
0
  0
LINE
  5
AA9
330
1A
100
AcDbEntity
  8
B.Cu
  6
CONTINUOUS
100
AcDbLine
 10
163.8258019999999817
 20
-118.8901019999999988
 30
0
 11
164.0361629999999877
 21
-118.7829179999999951
 31
0
  0
LINE
  5
AAA
330
1A
100
AcDbEntity
  8
B.Cu
  6
CONTINUOUS
100
AcDbLine
 10
164.0361629999999877
 20
-118.7829179999999951
 30
0
 11
164.036169000000001
 21
-118.782913999999991
 31
0
  0
LINE
  5
AAB
330
1A
100
AcDbEntity
  8
B.Cu
  6
CONTINUOUS
100
AcDbLine
 10
164.036169000000001
 20
-118.782913999999991
 30
0
 11
164.119103999999993
 21
-118.7226579999999956
 31
0
  0
LINE
  5
AAC
330
1A
100
AcDbEntity
  8
B.Cu
  6
CONTINUOUS
100
AcDbLine
 10
164.119103999999993
 20
-118.7226579999999956
 30
0
 11
164.1191049999999905
 21
-118.7226579999999956
 31
0
  0
LINE
  5
AAD
330
1A
100
AcDbEntity
  8
B.Cu
  6
CONTINUOUS
100
AcDbLine
 10
164.1191049999999905
 20
-118.7226579999999956
 30
0
 11
163.7555480000000045
 21
-118.3591009999999955
 31
0
  0
LINE
  5
AAE
330
1A
100
AcDbEntity
  8
B.Cu
  6
CONTINUOUS
100
AcDbLine
 10
163.7555480000000045
 20
-118.3591009999999955
 30
0
 11
163.7213969999999961
 21
-118.3819209999999913
 31
0
  0
LINE
  5
AAF
330
1A
100
AcDbEntity
  8
B.Cu
  6
CONTINUOUS
100
AcDbLine
 10
163.7213969999999961
 20
-118.3819209999999913
 30
0
 11
163.540284999999983
 21
-118.4569399999999888
 31
0
  0
LINE
  5
AB0
330
1A
100
AcDbEntity
  8
B.Cu
  6
CONTINUOUS
100
AcDbLine
 10
163.540284999999983
 20
-118.4569399999999888
 30
0
 11
163.3480169999999987
 21
-118.4951849999999922
 31
0
  0
LINE
  5
AB1
330
1A
100
AcDbEntity
  8
B.Cu
  6
CONTINUOUS
100
AcDbLine
 10
163.3480169999999987
 20
-118.4951849999999922
 30
0
 11
163.1519830000000013
 21
-118.4951849999999922
 31
0
  0
LINE
  5
AB2
330
1A
100
AcDbEntity
  8
B.Cu
  6
CONTINUOUS
100
AcDbLine
 10
163.1519830000000013
 20
-118.4951849999999922
 30
0
 11
162.9597149999999885
 21
-118.4569399999999888
 31
0
  0
LINE
  5
AB3
330
1A
100
AcDbEntity
  8
B.Cu
  6
CONTINUOUS
100
AcDbLine
 10
162.9597149999999885
 20
-118.4569399999999888
 30
0
 11
162.7786030000000039
 21
-118.3819209999999913
 31
0
  0
LINE
  5
AB4
330
1A
100
AcDbEntity
  8
B.Cu
  6
CONTINUOUS
100
AcDbLine
 10
162.7786030000000039
 20
-118.3819209999999913
 30
0
 11
162.7444500000000005
 21
-118.359099999999998
 31
0
  0
LINE
  5
AB5
330
1A
100
AcDbEntity
  8
B.Cu
  6
CONTINUOUS
100
AcDbLine
 10
162.7444500000000005
 20
-118.359099999999998
 30
0
 11
162.3808929999999862
 21
-118.7226579999999956
 31
0
  0
LINE
  5
AB6
330
1A
100
AcDbEntity
  8
B.Cu
  6
CONTINUOUS
100
AcDbLine
 10
157.6090999999999838
 20
-116.9944500000000005
 30
0
 11
157.6319210000000055
 21
-117.0286029999999897
 31
0
  0
LINE
  5
AB7
330
1A
100
AcDbEntity
  8
B.Cu
  6
CONTINUOUS
100
AcDbLine
 10
157.6319210000000055
 20
-117.0286029999999897
 30
0
 11
157.706940000000003
 21
-117.2097149999999885
 31
0
  0
LINE
  5
AB8
330
1A
100
AcDbEntity
  8
B.Cu
  6
CONTINUOUS
100
AcDbLine
 10
157.706940000000003
 20
-117.2097149999999885
 30
0
 11
157.7451849999999922
 21
-117.4019830000000013
 31
0
  0
LINE
  5
AB9
330
1A
100
AcDbEntity
  8
B.Cu
  6
CONTINUOUS
100
AcDbLine
 10
157.7451849999999922
 20
-117.4019830000000013
 30
0
 11
157.7451849999999922
 21
-117.5980169999999987
 31
0
  0
LINE
  5
ABA
330
1A
100
AcDbEntity
  8
B.Cu
  6
CONTINUOUS
100
AcDbLine
 10
157.7451849999999922
 20
-117.5980169999999987
 30
0
 11
157.706940000000003
 21
-117.7902849999999972
 31
0
  0
LINE
  5
ABB
330
1A
100
AcDbEntity
  8
B.Cu
  6
CONTINUOUS
100
AcDbLine
 10
157.706940000000003
 20
-117.7902849999999972
 30
0
 11
157.6319210000000055
 21
-117.9713969999999961
 31
0
  0
LINE
  5
ABC
330
1A
100
AcDbEntity
  8
B.Cu
  6
CONTINUOUS
100
AcDbLine
 10
157.6319210000000055
 20
-117.9713969999999961
 30
0
 11
157.6091009999999812
 21
-118.0055479999999903
 31
0
  0
LINE
  5
ABD
330
1A
100
AcDbEntity
  8
B.Cu
  6
CONTINUOUS
100
AcDbLine
 10
157.6091009999999812
 20
-118.0055479999999903
 30
0
 11
157.9726579999999956
 21
-118.3691049999999905
 31
0
  0
LINE
  5
ABE
330
1A
100
AcDbEntity
  8
B.Cu
  6
CONTINUOUS
100
AcDbLine
 10
157.9726579999999956
 20
-118.3691049999999905
 30
0
 11
157.9726579999999956
 21
-118.369103999999993
 31
0
  0
LINE
  5
ABF
330
1A
100
AcDbEntity
  8
B.Cu
  6
CONTINUOUS
100
AcDbLine
 10
157.9726579999999956
 20
-118.369103999999993
 30
0
 11
158.0329140000000052
 21
-118.286169000000001
 31
0
  0
LINE
  5
AC0
330
1A
100
AcDbEntity
  8
B.Cu
  6
CONTINUOUS
100
AcDbLine
 10
158.0329140000000052
 20
-118.286169000000001
 30
0
 11
158.0329179999999951
 21
-118.2861629999999877
 31
0
  0
LINE
  5
AC1
330
1A
100
AcDbEntity
  8
B.Cu
  6
CONTINUOUS
100
AcDbLine
 10
158.0329179999999951
 20
-118.2861629999999877
 30
0
 11
158.1401019999999846
 21
-118.0758019999999959
 31
0
  0
LINE
  5
AC2
330
1A
100
AcDbEntity
  8
B.Cu
  6
CONTINUOUS
100
AcDbLine
 10
158.1401019999999846
 20
-118.0758019999999959
 30
0
 11
158.2130650000000003
 21
-117.8512470000000008
 31
0
  0
LINE
  5
AC3
330
1A
100
AcDbEntity
  8
B.Cu
  6
CONTINUOUS
100
AcDbLine
 10
158.2130650000000003
 20
-117.8512470000000008
 30
0
 11
158.25
 21
-117.6180519999999916
 31
0
  0
LINE
  5
AC4
330
1A
100
AcDbEntity
  8
B.Cu
  6
CONTINUOUS
100
AcDbLine
 10
158.25
 20
-117.6180519999999916
 30
0
 11
158.25
 21
-117.3819469999999967
 31
0
  0
LINE
  5
AC5
330
1A
100
AcDbEntity
  8
B.Cu
  6
CONTINUOUS
100
AcDbLine
 10
158.25
 20
-117.3819469999999967
 30
0
 11
158.2130650000000003
 21
-117.1487520000000018
 31
0
  0
LINE
  5
AC6
330
1A
100
AcDbEntity
  8
B.Cu
  6
CONTINUOUS
100
AcDbLine
 10
158.2130650000000003
 20
-117.1487520000000018
 30
0
 11
158.1401019999999846
 21
-116.9241969999999924
 31
0
  0
LINE
  5
AC7
330
1A
100
AcDbEntity
  8
B.Cu
  6
CONTINUOUS
100
AcDbLine
 10
158.1401019999999846
 20
-116.9241969999999924
 30
0
 11
158.0329140000000052
 21
-116.7138279999999924
 31
0
  0
LINE
  5
AC8
330
1A
100
AcDbEntity
  8
B.Cu
  6
CONTINUOUS
100
AcDbLine
 10
158.0329140000000052
 20
-116.7138279999999924
 30
0
 11
157.9726579999999956
 21
-116.6308939999999978
 31
0
  0
LINE
  5
AC9
330
1A
100
AcDbEntity
  8
B.Cu
  6
CONTINUOUS
100
AcDbLine
 10
157.9726579999999956
 20
-116.6308939999999978
 30
0
 11
157.9726579999999956
 21
-116.6308930000000004
 31
0
  0
LINE
  5
ACA
330
1A
100
AcDbEntity
  8
B.Cu
  6
CONTINUOUS
100
AcDbLine
 10
157.9726579999999956
 20
-116.6308930000000004
 30
0
 11
157.6090999999999838
 21
-116.9944500000000005
 31
0
  0
LINE
  5
ACB
330
1A
100
AcDbEntity
  8
B.Cu
  6
CONTINUOUS
100
AcDbLine
 10
164.1090999999999838
 20
-116.9944500000000005
 30
0
 11
164.1319210000000055
 21
-117.0286029999999897
 31
0
  0
LINE
  5
ACC
330
1A
100
AcDbEntity
  8
B.Cu
  6
CONTINUOUS
100
AcDbLine
 10
164.1319210000000055
 20
-117.0286029999999897
 30
0
 11
164.206940000000003
 21
-117.2097149999999885
 31
0
  0
LINE
  5
ACD
330
1A
100
AcDbEntity
  8
B.Cu
  6
CONTINUOUS
100
AcDbLine
 10
164.206940000000003
 20
-117.2097149999999885
 30
0
 11
164.2451849999999922
 21
-117.4019830000000013
 31
0
  0
LINE
  5
ACE
330
1A
100
AcDbEntity
  8
B.Cu
  6
CONTINUOUS
100
AcDbLine
 10
164.2451849999999922
 20
-117.4019830000000013
 30
0
 11
164.2451849999999922
 21
-117.5980169999999987
 31
0
  0
LINE
  5
ACF
330
1A
100
AcDbEntity
  8
B.Cu
  6
CONTINUOUS
100
AcDbLine
 10
164.2451849999999922
 20
-117.5980169999999987
 30
0
 11
164.206940000000003
 21
-117.7902849999999972
 31
0
  0
LINE
  5
AD0
330
1A
100
AcDbEntity
  8
B.Cu
  6
CONTINUOUS
100
AcDbLine
 10
164.206940000000003
 20
-117.7902849999999972
 30
0
 11
164.1319210000000055
 21
-117.9713969999999961
 31
0
  0
LINE
  5
AD1
330
1A
100
AcDbEntity
  8
B.Cu
  6
CONTINUOUS
100
AcDbLine
 10
164.1319210000000055
 20
-117.9713969999999961
 30
0
 11
164.1091009999999812
 21
-118.0055479999999903
 31
0
  0
LINE
  5
AD2
330
1A
100
AcDbEntity
  8
B.Cu
  6
CONTINUOUS
100
AcDbLine
 10
164.1091009999999812
 20
-118.0055479999999903
 30
0
 11
164.4726579999999956
 21
-118.3691049999999905
 31
0
  0
LINE
  5
AD3
330
1A
100
AcDbEntity
  8
B.Cu
  6
CONTINUOUS
100
AcDbLine
 10
164.4726579999999956
 20
-118.3691049999999905
 30
0
 11
164.4726579999999956
 21
-118.369103999999993
 31
0
  0
LINE
  5
AD4
330
1A
100
AcDbEntity
  8
B.Cu
  6
CONTINUOUS
100
AcDbLine
 10
164.4726579999999956
 20
-118.369103999999993
 30
0
 11
164.5329140000000052
 21
-118.286169000000001
 31
0
  0
LINE
  5
AD5
330
1A
100
AcDbEntity
  8
B.Cu
  6
CONTINUOUS
100
AcDbLine
 10
164.5329140000000052
 20
-118.286169000000001
 30
0
 11
164.5329179999999951
 21
-118.2861629999999877
 31
0
  0
LINE
  5
AD6
330
1A
100
AcDbEntity
  8
B.Cu
  6
CONTINUOUS
100
AcDbLine
 10
164.5329179999999951
 20
-118.2861629999999877
 30
0
 11
164.6401019999999846
 21
-118.0758019999999959
 31
0
  0
LINE
  5
AD7
330
1A
100
AcDbEntity
  8
B.Cu
  6
CONTINUOUS
100
AcDbLine
 10
164.6401019999999846
 20
-118.0758019999999959
 30
0
 11
164.7130650000000003
 21
-117.8512470000000008
 31
0
  0
LINE
  5
AD8
330
1A
100
AcDbEntity
  8
B.Cu
  6
CONTINUOUS
100
AcDbLine
 10
164.7130650000000003
 20
-117.8512470000000008
 30
0
 11
164.75
 21
-117.6180519999999916
 31
0
  0
LINE
  5
AD9
330
1A
100
AcDbEntity
  8
B.Cu
  6
CONTINUOUS
100
AcDbLine
 10
164.75
 20
-117.6180519999999916
 30
0
 11
164.75
 21
-117.3819469999999967
 31
0
  0
LINE
  5
ADA
330
1A
100
AcDbEntity
  8
B.Cu
  6
CONTINUOUS
100
AcDbLine
 10
164.75
 20
-117.3819469999999967
 30
0
 11
164.7130650000000003
 21
-117.1487520000000018
 31
0
  0
LINE
  5
ADB
330
1A
100
AcDbEntity
  8
B.Cu
  6
CONTINUOUS
100
AcDbLine
 10
164.7130650000000003
 20
-117.1487520000000018
 30
0
 11
164.6401019999999846
 21
-116.9241969999999924
 31
0
  0
LINE
  5
ADC
330
1A
100
AcDbEntity
  8
B.Cu
  6
CONTINUOUS
100
AcDbLine
 10
164.6401019999999846
 20
-116.9241969999999924
 30
0
 11
164.5329140000000052
 21
-116.7138279999999924
 31
0
  0
LINE
  5
ADD
330
1A
100
AcDbEntity
  8
B.Cu
  6
CONTINUOUS
100
AcDbLine
 10
164.5329140000000052
 20
-116.7138279999999924
 30
0
 11
164.4726579999999956
 21
-116.6308939999999978
 31
0
  0
LINE
  5
ADE
330
1A
100
AcDbEntity
  8
B.Cu
  6
CONTINUOUS
100
AcDbLine
 10
164.4726579999999956
 20
-116.6308939999999978
 30
0
 11
164.4726579999999956
 21
-116.6308930000000004
 31
0
  0
LINE
  5
ADF
330
1A
100
AcDbEntity
  8
B.Cu
  6
CONTINUOUS
100
AcDbLine
 10
164.4726579999999956
 20
-116.6308930000000004
 30
0
 11
164.1090999999999838
 21
-116.9944500000000005
 31
0
  0
LINE
  5
AE0
330
1A
100
AcDbEntity
  8
B.Cu
  6
CONTINUOUS
100
AcDbLine
 10
156.3987520000000018
 20
-116.036933999999988
 30
0
 11
156.1741969999999924
 21
-116.1098969999999895
 31
0
  0
LINE
  5
AE1
330
1A
100
AcDbEntity
  8
B.Cu
  6
CONTINUOUS
100
AcDbLine
 10
156.1741969999999924
 20
-116.1098969999999895
 30
0
 11
155.9638300000000015
 21
-116.2170839999999998
 31
0
  0
LINE
  5
AE2
330
1A
100
AcDbEntity
  8
B.Cu
  6
CONTINUOUS
100
AcDbLine
 10
155.9638300000000015
 20
-116.2170839999999998
 30
0
 11
155.8808939999999836
 21
-116.2773399999999953
 31
0
  0
LINE
  5
AE3
330
1A
100
AcDbEntity
  8
B.Cu
  6
CONTINUOUS
100
AcDbLine
 10
155.8808939999999836
 20
-116.2773399999999953
 30
0
 11
156.2444519999999955
 21
-116.6408979999999929
 31
0
  0
LINE
  5
AE4
330
1A
100
AcDbEntity
  8
B.Cu
  6
CONTINUOUS
100
AcDbLine
 10
156.2444519999999955
 20
-116.6408979999999929
 30
0
 11
156.2786030000000039
 21
-116.6180789999999945
 31
0
  0
LINE
  5
AE5
330
1A
100
AcDbEntity
  8
B.Cu
  6
CONTINUOUS
100
AcDbLine
 10
156.2786030000000039
 20
-116.6180789999999945
 30
0
 11
156.4597149999999885
 21
-116.543059999999997
 31
0
  0
LINE
  5
AE6
330
1A
100
AcDbEntity
  8
B.Cu
  6
CONTINUOUS
100
AcDbLine
 10
156.4597149999999885
 20
-116.543059999999997
 30
0
 11
156.6519830000000013
 21
-116.5048149999999936
 31
0
  0
LINE
  5
AE7
330
1A
100
AcDbEntity
  8
B.Cu
  6
CONTINUOUS
100
AcDbLine
 10
156.6519830000000013
 20
-116.5048149999999936
 30
0
 11
156.8480169999999987
 21
-116.5048149999999936
 31
0
  0
LINE
  5
AE8
330
1A
100
AcDbEntity
  8
B.Cu
  6
CONTINUOUS
100
AcDbLine
 10
156.8480169999999987
 20
-116.5048149999999936
 30
0
 11
157.040284999999983
 21
-116.543059999999997
 31
0
  0
LINE
  5
AE9
330
1A
100
AcDbEntity
  8
B.Cu
  6
CONTINUOUS
100
AcDbLine
 10
157.040284999999983
 20
-116.543059999999997
 30
0
 11
157.2213969999999961
 21
-116.6180789999999945
 31
0
  0
LINE
  5
AEA
330
1A
100
AcDbEntity
  8
B.Cu
  6
CONTINUOUS
100
AcDbLine
 10
157.2213969999999961
 20
-116.6180789999999945
 30
0
 11
157.2555470000000071
 21
-116.6408969999999954
 31
0
  0
LINE
  5
AEB
330
1A
100
AcDbEntity
  8
B.Cu
  6
CONTINUOUS
100
AcDbLine
 10
157.2555470000000071
 20
-116.6408969999999954
 30
0
 11
157.6191049999999905
 21
-116.2773399999999953
 31
0
  0
LINE
  5
AEC
330
1A
100
AcDbEntity
  8
B.Cu
  6
CONTINUOUS
100
AcDbLine
 10
157.6191049999999905
 20
-116.2773399999999953
 30
0
 11
157.619103999999993
 21
-116.2773389999999978
 31
0
  0
LINE
  5
AED
330
1A
100
AcDbEntity
  8
B.Cu
  6
CONTINUOUS
100
AcDbLine
 10
157.619103999999993
 20
-116.2773389999999978
 30
0
 11
157.5361739999999884
 21
-116.2170869999999923
 31
0
  0
LINE
  5
AEE
330
1A
100
AcDbEntity
  8
B.Cu
  6
CONTINUOUS
100
AcDbLine
 10
157.5361739999999884
 20
-116.2170869999999923
 30
0
 11
157.3258019999999817
 21
-116.1098969999999895
 31
0
  0
LINE
  5
AEF
330
1A
100
AcDbEntity
  8
B.Cu
  6
CONTINUOUS
100
AcDbLine
 10
157.3258019999999817
 20
-116.1098969999999895
 30
0
 11
157.1012470000000008
 21
-116.036933999999988
 31
0
  0
LINE
  5
AF0
330
1A
100
AcDbEntity
  8
B.Cu
  6
CONTINUOUS
100
AcDbLine
 10
157.1012470000000008
 20
-116.036933999999988
 30
0
 11
157.1012479999999982
 21
-116.036933999999988
 31
0
  0
LINE
  5
AF1
330
1A
100
AcDbEntity
  8
B.Cu
  6
CONTINUOUS
100
AcDbLine
 10
157.1012479999999982
 20
-116.036933999999988
 30
0
 11
156.8680520000000058
 21
-116.
 31
0
  0
LINE
  5
AF2
330
1A
100
AcDbEntity
  8
B.Cu
  6
CONTINUOUS
100
AcDbLine
 10
156.8680520000000058
 20
-116.
 30
0
 11
156.6319479999999942
 21
-116.
 31
0
  0
LINE
  5
AF3
330
1A
100
AcDbEntity
  8
B.Cu
  6
CONTINUOUS
100
AcDbLine
 10
156.6319479999999942
 20
-116.
 30
0
 11
156.3987520000000018
 21
-116.036933999999988
 31
0
  0
LINE
  5
AF4
330
1A
100
AcDbEntity
  8
B.Cu
  6
CONTINUOUS
100
AcDbLine
 10
162.8987520000000018
 20
-116.036933999999988
 30
0
 11
162.6741969999999924
 21
-116.1098969999999895
 31
0
  0
LINE
  5
AF5
330
1A
100
AcDbEntity
  8
B.Cu
  6
CONTINUOUS
100
AcDbLine
 10
162.6741969999999924
 20
-116.1098969999999895
 30
0
 11
162.4638300000000015
 21
-116.2170839999999998
 31
0
  0
LINE
  5
AF6
330
1A
100
AcDbEntity
  8
B.Cu
  6
CONTINUOUS
100
AcDbLine
 10
162.4638300000000015
 20
-116.2170839999999998
 30
0
 11
162.3808939999999836
 21
-116.2773399999999953
 31
0
  0
LINE
  5
AF7
330
1A
100
AcDbEntity
  8
B.Cu
  6
CONTINUOUS
100
AcDbLine
 10
162.3808939999999836
 20
-116.2773399999999953
 30
0
 11
162.7444519999999955
 21
-116.6408979999999929
 31
0
  0
LINE
  5
AF8
330
1A
100
AcDbEntity
  8
B.Cu
  6
CONTINUOUS
100
AcDbLine
 10
162.7444519999999955
 20
-116.6408979999999929
 30
0
 11
162.7786030000000039
 21
-116.6180789999999945
 31
0
  0
LINE
  5
AF9
330
1A
100
AcDbEntity
  8
B.Cu
  6
CONTINUOUS
100
AcDbLine
 10
162.7786030000000039
 20
-116.6180789999999945
 30
0
 11
162.9597149999999885
 21
-116.543059999999997
 31
0
  0
LINE
  5
AFA
330
1A
100
AcDbEntity
  8
B.Cu
  6
CONTINUOUS
100
AcDbLine
 10
162.9597149999999885
 20
-116.543059999999997
 30
0
 11
163.1519830000000013
 21
-116.5048149999999936
 31
0
  0
LINE
  5
AFB
330
1A
100
AcDbEntity
  8
B.Cu
  6
CONTINUOUS
100
AcDbLine
 10
163.1519830000000013
 20
-116.5048149999999936
 30
0
 11
163.3480169999999987
 21
-116.5048149999999936
 31
0
  0
LINE
  5
AFC
330
1A
100
AcDbEntity
  8
B.Cu
  6
CONTINUOUS
100
AcDbLine
 10
163.3480169999999987
 20
-116.5048149999999936
 30
0
 11
163.540284999999983
 21
-116.543059999999997
 31
0
  0
LINE
  5
AFD
330
1A
100
AcDbEntity
  8
B.Cu
  6
CONTINUOUS
100
AcDbLine
 10
163.540284999999983
 20
-116.543059999999997
 30
0
 11
163.7213969999999961
 21
-116.6180789999999945
 31
0
  0
LINE
  5
AFE
330
1A
100
AcDbEntity
  8
B.Cu
  6
CONTINUOUS
100
AcDbLine
 10
163.7213969999999961
 20
-116.6180789999999945
 30
0
 11
163.7555469999999787
 21
-116.6408969999999954
 31
0
  0
LINE
  5
AFF
330
1A
100
AcDbEntity
  8
B.Cu
  6
CONTINUOUS
100
AcDbLine
 10
163.7555469999999787
 20
-116.6408969999999954
 30
0
 11
164.1191049999999905
 21
-116.2773399999999953
 31
0
  0
LINE
  5
B00
330
1A
100
AcDbEntity
  8
B.Cu
  6
CONTINUOUS
100
AcDbLine
 10
164.1191049999999905
 20
-116.2773399999999953
 30
0
 11
164.119103999999993
 21
-116.2773380000000003
 31
0
  0
LINE
  5
B01
330
1A
100
AcDbEntity
  8
B.Cu
  6
CONTINUOUS
100
AcDbLine
 10
164.119103999999993
 20
-116.2773380000000003
 30
0
 11
164.0361739999999884
 21
-116.2170869999999923
 31
0
  0
LINE
  5
B02
330
1A
100
AcDbEntity
  8
B.Cu
  6
CONTINUOUS
100
AcDbLine
 10
164.0361739999999884
 20
-116.2170869999999923
 30
0
 11
163.8258019999999817
 21
-116.1098969999999895
 31
0
  0
LINE
  5
B03
330
1A
100
AcDbEntity
  8
B.Cu
  6
CONTINUOUS
100
AcDbLine
 10
163.8258019999999817
 20
-116.1098969999999895
 30
0
 11
163.6012470000000008
 21
-116.036933999999988
 31
0
  0
LINE
  5
B04
330
1A
100
AcDbEntity
  8
B.Cu
  6
CONTINUOUS
100
AcDbLine
 10
163.6012470000000008
 20
-116.036933999999988
 30
0
 11
163.6012479999999982
 21
-116.036933999999988
 31
0
  0
LINE
  5
B05
330
1A
100
AcDbEntity
  8
B.Cu
  6
CONTINUOUS
100
AcDbLine
 10
163.6012479999999982
 20
-116.036933999999988
 30
0
 11
163.3680520000000058
 21
-116.
 31
0
  0
LINE
  5
B06
330
1A
100
AcDbEntity
  8
B.Cu
  6
CONTINUOUS
100
AcDbLine
 10
163.3680520000000058
 20
-116.
 30
0
 11
163.1319479999999942
 21
-116.
 31
0
  0
LINE
  5
B07
330
1A
100
AcDbEntity
  8
B.Cu
  6
CONTINUOUS
100
AcDbLine
 10
163.1319479999999942
 20
-116.
 30
0
 11
162.8987520000000018
 21
-116.036933999999988
 31
0
  0
LINE
  5
B08
330
1A
100
AcDbEntity
  8
B.Cu
  6
CONTINUOUS
100
AcDbLine
 10
143.0905129999999872
 20
-96.7930389999999932
 30
0
 11
143.1431639999999845
 21
-96.8282200000000017
 31
0
  0
LINE
  5
B09
330
1A
100
AcDbEntity
  8
B.Cu
  6
CONTINUOUS
100
AcDbLine
 10
143.1431639999999845
 20
-96.8282200000000017
 30
0
 11
143.1431670000000054
 21
-96.8282219999999967
 31
0
  0
LINE
  5
B0A
330
1A
100
AcDbEntity
  8
B.Cu
  6
CONTINUOUS
100
AcDbLine
 10
143.1431670000000054
 20
-96.8282219999999967
 30
0
 11
143.3378919999999823
 21
-96.9088789999999989
 31
0
  0
LINE
  5
B0B
330
1A
100
AcDbEntity
  8
B.Cu
  6
CONTINUOUS
100
AcDbLine
 10
143.3378919999999823
 20
-96.9088789999999989
 30
0
 11
143.3378979999999956
 21
-96.9088809999999938
 31
0
  0
LINE
  5
B0C
330
1A
100
AcDbEntity
  8
B.Cu
  6
CONTINUOUS
100
AcDbLine
 10
143.3378979999999956
 20
-96.9088809999999938
 30
0
 11
143.5446110000000033
 21
-96.9499999999999886
 31
0
  0
LINE
  5
B0D
330
1A
100
AcDbEntity
  8
B.Cu
  6
CONTINUOUS
100
AcDbLine
 10
143.5446110000000033
 20
-96.9499999999999886
 30
0
 11
143.7553879999999822
 21
-96.9499999999999886
 31
0
  0
LINE
  5
B0E
330
1A
100
AcDbEntity
  8
B.Cu
  6
CONTINUOUS
100
AcDbLine
 10
143.7553879999999822
 20
-96.9499999999999886
 30
0
 11
143.9621009999999899
 21
-96.9088809999999938
 31
0
  0
LINE
  5
B0F
330
1A
100
AcDbEntity
  8
B.Cu
  6
CONTINUOUS
100
AcDbLine
 10
143.9621009999999899
 20
-96.9088809999999938
 30
0
 11
143.9621070000000032
 21
-96.9088789999999989
 31
0
  0
LINE
  5
B10
330
1A
100
AcDbEntity
  8
B.Cu
  6
CONTINUOUS
100
AcDbLine
 10
143.9621070000000032
 20
-96.9088789999999989
 30
0
 11
144.1568299999999851
 21
-96.8282229999999942
 31
0
  0
LINE
  5
B11
330
1A
100
AcDbEntity
  8
B.Cu
  6
CONTINUOUS
100
AcDbLine
 10
144.1568299999999851
 20
-96.8282229999999942
 30
0
 11
144.2094850000000008
 21
-96.7930389999999932
 31
0
  0
LINE
  5
B12
330
1A
100
AcDbEntity
  8
B.Cu
  6
CONTINUOUS
100
AcDbLine
 10
144.2094850000000008
 20
-96.7930389999999932
 30
0
 11
143.8325820000000022
 21
-96.4161359999999945
 31
0
  0
LINE
  5
B13
330
1A
100
AcDbEntity
  8
B.Cu
  6
CONTINUOUS
100
AcDbLine
 10
143.8325820000000022
 20
-96.4161359999999945
 30
0
 11
143.7244000000000028
 21
-96.4451239999999927
 31
0
  0
LINE
  5
B14
330
1A
100
AcDbEntity
  8
B.Cu
  6
CONTINUOUS
100
AcDbLine
 10
143.7244000000000028
 20
-96.4451239999999927
 30
0
 11
143.5755999999999801
 21
-96.4451239999999927
 31
0
  0
LINE
  5
B15
330
1A
100
AcDbEntity
  8
B.Cu
  6
CONTINUOUS
100
AcDbLine
 10
143.5755999999999801
 20
-96.4451239999999927
 30
0
 11
143.4674159999999858
 21
-96.416134999999997
 31
0
  0
LINE
  5
B16
330
1A
100
AcDbEntity
  8
B.Cu
  6
CONTINUOUS
100
AcDbLine
 10
143.4674159999999858
 20
-96.416134999999997
 30
0
 11
143.0905129999999872
 21
-96.7930389999999932
 31
0
  0
LINE
  5
B17
330
1A
100
AcDbEntity
  8
B.Cu
  6
CONTINUOUS
100
AcDbLine
 10
137.8264179999999897
 20
-89.7043219999999906
 30
0
 11
137.8264209999999821
 21
-89.7043319999999937
 31
0
  0
LINE
  5
B18
330
1A
100
AcDbEntity
  8
B.Cu
  6
CONTINUOUS
100
AcDbLine
 10
137.8264209999999821
 20
-89.7043319999999937
 30
0
 11
137.8792219999999986
 21
-89.8318069999999977
 31
0
  0
LINE
  5
B19
330
1A
100
AcDbEntity
  8
B.Cu
  6
CONTINUOUS
100
AcDbLine
 10
137.8792219999999986
 20
-89.8318069999999977
 30
0
 11
137.9558869999999899
 21
-89.9465450000000004
 31
0
  0
LINE
  5
B1A
330
1A
100
AcDbEntity
  8
B.Cu
  6
CONTINUOUS
100
AcDbLine
 10
137.9558869999999899
 20
-89.9465450000000004
 30
0
 11
137.9558879999999874
 21
-89.9465459999999979
 31
0
  0
LINE
  5
B1B
330
1A
100
AcDbEntity
  8
B.Cu
  6
CONTINUOUS
100
AcDbLine
 10
137.9558879999999874
 20
-89.9465459999999979
 30
0
 11
139.7705969999999809
 21
-91.7612539999999939
 31
0
  0
LINE
  5
B1C
330
1A
100
AcDbEntity
  8
B.Cu
  6
CONTINUOUS
100
AcDbLine
 10
139.7705969999999809
 20
-91.7612539999999939
 30
0
 11
139.804081999999994
 21
-91.8225769999999955
 31
0
  0
LINE
  5
B1D
330
1A
100
AcDbEntity
  8
B.Cu
  6
CONTINUOUS
100
AcDbLine
 10
139.804081999999994
 20
-91.8225769999999955
 30
0
 11
139.805388999999991
 21
-91.8683329999999927
 31
0
  0
LINE
  5
B1E
330
1A
100
AcDbEntity
  8
B.Cu
  6
CONTINUOUS
100
AcDbLine
 10
139.805388999999991
 20
-91.8683329999999927
 30
0
 11
139.7994999999999948
 21
-91.9055129999999991
 31
0
  0
LINE
  5
B1F
330
1A
100
AcDbEntity
  8
B.Cu
  6
CONTINUOUS
100
AcDbLine
 10
139.7994999999999948
 20
-91.9055129999999991
 30
0
 11
139.7994999999999948
 21
-92.0944859999999892
 31
0
  0
LINE
  5
B20
330
1A
100
AcDbEntity
  8
B.Cu
  6
CONTINUOUS
100
AcDbLine
 10
139.7994999999999948
 20
-92.0944859999999892
 30
0
 11
139.8290590000000009
 21
-92.2811179999999922
 31
0
  0
LINE
  5
B21
330
1A
100
AcDbEntity
  8
B.Cu
  6
CONTINUOUS
100
AcDbLine
 10
139.8290590000000009
 20
-92.2811179999999922
 30
0
 11
139.8874539999999911
 21
-92.4608360000000005
 31
0
  0
LINE
  5
B22
330
1A
100
AcDbEntity
  8
B.Cu
  6
CONTINUOUS
100
AcDbLine
 10
139.8874539999999911
 20
-92.4608360000000005
 30
0
 11
139.9166799999999853
 21
-92.518193999999994
 31
0
  0
LINE
  5
B23
330
1A
100
AcDbEntity
  8
B.Cu
  6
CONTINUOUS
100
AcDbLine
 10
139.9166799999999853
 20
-92.518193999999994
 30
0
 11
139.9732400000000041
 21
-92.6291989999999998
 31
0
  0
LINE
  5
B24
330
1A
100
AcDbEntity
  8
B.Cu
  6
CONTINUOUS
100
AcDbLine
 10
139.9732400000000041
 20
-92.6291989999999998
 30
0
 11
140.0843099999999879
 21
-92.7820729999999969
 31
0
  0
LINE
  5
B25
330
1A
100
AcDbEntity
  8
B.Cu
  6
CONTINUOUS
100
AcDbLine
 10
140.0843099999999879
 20
-92.7820729999999969
 30
0
 11
140.2179270000000031
 21
-92.9156899999999979
 31
0
  0
LINE
  5
B26
330
1A
100
AcDbEntity
  8
B.Cu
  6
CONTINUOUS
100
AcDbLine
 10
140.2179270000000031
 20
-92.9156899999999979
 30
0
 11
140.2179299999999955
 21
-92.9156919999999928
 31
0
  0
LINE
  5
B27
330
1A
100
AcDbEntity
  8
B.Cu
  6
CONTINUOUS
100
AcDbLine
 10
140.2179299999999955
 20
-92.9156919999999928
 30
0
 11
140.3583849999999984
 21
-93.0177389999999917
 31
0
  0
LINE
  5
B28
330
1A
100
AcDbEntity
  8
B.Cu
  6
CONTINUOUS
100
AcDbLine
 10
140.3583849999999984
 20
-93.0177389999999917
 30
0
 11
140.4010509999999954
 21
-93.0730689999999896
 31
0
  0
LINE
  5
B29
330
1A
100
AcDbEntity
  8
B.Cu
  6
CONTINUOUS
100
AcDbLine
 10
140.4010509999999954
 20
-93.0730689999999896
 30
0
 11
140.40949999999998
 21
-93.1180569999999932
 31
0
  0
LINE
  5
B2A
330
1A
100
AcDbEntity
  8
B.Cu
  6
CONTINUOUS
100
AcDbLine
 10
140.40949999999998
 20
-93.1180569999999932
 30
0
 11
140.40949999999998
 21
-95.1566419999999908
 31
0
  0
LINE
  5
B2B
330
1A
100
AcDbEntity
  8
B.Cu
  6
CONTINUOUS
100
AcDbLine
 10
140.40949999999998
 20
-95.1566419999999908
 30
0
 11
140.3898149999999987
 21
-95.2236809999999991
 31
0
  0
LINE
  5
B2C
330
1A
100
AcDbEntity
  8
B.Cu
  6
CONTINUOUS
100
AcDbLine
 10
140.3898149999999987
 20
-95.2236809999999991
 30
0
 11
140.3731809999999882
 21
-95.2443229999999943
 31
0
  0
LINE
  5
B2D
330
1A
100
AcDbEntity
  8
B.Cu
  6
CONTINUOUS
100
AcDbLine
 10
140.3731809999999882
 20
-95.2443229999999943
 30
0
 11
140.3561650000000043
 21
-95.261337999999995
 31
0
  0
LINE
  5
B2E
330
1A
100
AcDbEntity
  8
B.Cu
  6
CONTINUOUS
100
AcDbLine
 10
140.3561650000000043
 20
-95.261337999999995
 30
0
 11
140.3561640000000068
 21
-95.2613389999999924
 31
0
  0
LINE
  5
B2F
330
1A
100
AcDbEntity
  8
B.Cu
  6
CONTINUOUS
100
AcDbLine
 10
140.3561640000000068
 20
-95.2613389999999924
 30
0
 11
140.2499509999999816
 21
-95.420299
 31
0
  0
LINE
  5
B30
330
1A
100
AcDbEntity
  8
B.Cu
  6
CONTINUOUS
100
AcDbLine
 10
140.2499509999999816
 20
-95.420299
 30
0
 11
140.1767969999999934
 21
-95.5969109999999915
 31
0
  0
LINE
  5
B31
330
1A
100
AcDbEntity
  8
B.Cu
  6
CONTINUOUS
100
AcDbLine
 10
140.1767969999999934
 20
-95.5969109999999915
 30
0
 11
140.176794000000001
 21
-95.5969209999999947
 31
0
  0
LINE
  5
B32
330
1A
100
AcDbEntity
  8
B.Cu
  6
CONTINUOUS
100
AcDbLine
 10
140.176794000000001
 20
-95.5969209999999947
 30
0
 11
140.1394999999999982
 21
-95.7844109999999915
 31
0
  0
LINE
  5
B33
330
1A
100
AcDbEntity
  8
B.Cu
  6
CONTINUOUS
100
AcDbLine
 10
140.1394999999999982
 20
-95.7844109999999915
 30
0
 11
140.1394999999999982
 21
-95.7844139999999982
 31
0
  0
LINE
  5
B34
330
1A
100
AcDbEntity
  8
B.Cu
  6
CONTINUOUS
100
AcDbLine
 10
140.1394999999999982
 20
-95.7844139999999982
 30
0
 11
140.1394999999999982
 21
-95.9755859999999927
 31
0
  0
LINE
  5
B35
330
1A
100
AcDbEntity
  8
B.Cu
  6
CONTINUOUS
100
AcDbLine
 10
140.1394999999999982
 20
-95.9755859999999927
 30
0
 11
140.1394999999999982
 21
-95.9755880000000019
 31
0
  0
LINE
  5
B36
330
1A
100
AcDbEntity
  8
B.Cu
  6
CONTINUOUS
100
AcDbLine
 10
140.1394999999999982
 20
-95.9755880000000019
 30
0
 11
140.1394990000000007
 21
-95.9755880000000019
 31
0
  0
LINE
  5
B37
330
1A
100
AcDbEntity
  8
B.Cu
  6
CONTINUOUS
100
AcDbLine
 10
140.1394990000000007
 20
-95.9755880000000019
 30
0
 11
140.176794000000001
 21
-96.1630779999999987
 31
0
  0
LINE
  5
B38
330
1A
100
AcDbEntity
  8
B.Cu
  6
CONTINUOUS
100
AcDbLine
 10
140.176794000000001
 20
-96.1630779999999987
 30
0
 11
140.1767969999999934
 21
-96.1630880000000019
 31
0
  0
LINE
  5
B39
330
1A
100
AcDbEntity
  8
B.Cu
  6
CONTINUOUS
100
AcDbLine
 10
140.1767969999999934
 20
-96.1630880000000019
 30
0
 11
140.2499509999999816
 21
-96.3396999999999935
 31
0
  0
LINE
  5
B3A
330
1A
100
AcDbEntity
  8
B.Cu
  6
CONTINUOUS
100
AcDbLine
 10
140.2499509999999816
 20
-96.3396999999999935
 30
0
 11
140.3561640000000068
 21
-96.498660000000001
 31
0
  0
LINE
  5
B3B
330
1A
100
AcDbEntity
  8
B.Cu
  6
CONTINUOUS
100
AcDbLine
 10
140.3561640000000068
 20
-96.498660000000001
 30
0
 11
140.4913389999999822
 21
-96.6338349999999906
 31
0
  0
LINE
  5
B3C
330
1A
100
AcDbEntity
  8
B.Cu
  6
CONTINUOUS
100
AcDbLine
 10
140.4913389999999822
 20
-96.6338349999999906
 30
0
 11
140.6502989999999897
 21
-96.7400480000000016
 31
0
  0
LINE
  5
B3D
330
1A
100
AcDbEntity
  8
B.Cu
  6
CONTINUOUS
100
AcDbLine
 10
140.6502989999999897
 20
-96.7400480000000016
 30
0
 11
140.8269109999999955
 21
-96.8132019999999898
 31
0
  0
LINE
  5
B3E
330
1A
100
AcDbEntity
  8
B.Cu
  6
CONTINUOUS
100
AcDbLine
 10
140.8269109999999955
 20
-96.8132019999999898
 30
0
 11
140.8269159999999829
 21
-96.8132039999999989
 31
0
  0
LINE
  5
B3F
330
1A
100
AcDbEntity
  8
B.Cu
  6
CONTINUOUS
100
AcDbLine
 10
140.8269159999999829
 20
-96.8132039999999989
 30
0
 11
140.8269200000000012
 21
-96.8132039999999989
 31
0
  0
LINE
  5
B40
330
1A
100
AcDbEntity
  8
B.Cu
  6
CONTINUOUS
100
AcDbLine
 10
140.8269200000000012
 20
-96.8132039999999989
 30
0
 11
140.8269209999999987
 21
-96.8132049999999964
 31
0
  0
LINE
  5
B41
330
1A
100
AcDbEntity
  8
B.Cu
  6
CONTINUOUS
100
AcDbLine
 10
140.8269209999999987
 20
-96.8132049999999964
 30
0
 11
141.0144109999999955
 21
-96.8504999999999967
 31
0
  0
LINE
  5
B42
330
1A
100
AcDbEntity
  8
B.Cu
  6
CONTINUOUS
100
AcDbLine
 10
141.0144109999999955
 20
-96.8504999999999967
 30
0
 11
141.0144139999999879
 21
-96.8504999999999967
 31
0
  0
LINE
  5
B43
330
1A
100
AcDbEntity
  8
B.Cu
  6
CONTINUOUS
100
AcDbLine
 10
141.0144139999999879
 20
-96.8504999999999967
 30
0
 11
141.2055880000000059
 21
-96.8504999999999967
 31
0
  0
LINE
  5
B44
330
1A
100
AcDbEntity
  8
B.Cu
  6
CONTINUOUS
100
AcDbLine
 10
141.2055880000000059
 20
-96.8504999999999967
 30
0
 11
141.3356569999999977
 21
-96.8246269999999924
 31
0
  0
LINE
  5
B45
330
1A
100
AcDbEntity
  8
B.Cu
  6
CONTINUOUS
100
AcDbLine
 10
141.3356569999999977
 20
-96.8246269999999924
 30
0
 11
141.3930839999999876
 21
-96.8132039999999989
 31
0
  0
LINE
  5
B46
330
1A
100
AcDbEntity
  8
B.Cu
  6
CONTINUOUS
100
AcDbLine
 10
141.3930839999999876
 20
-96.8132039999999989
 30
0
 11
141.5105749999999887
 21
-96.7645380000000017
 31
0
  0
LINE
  5
B47
330
1A
100
AcDbEntity
  8
B.Cu
  6
CONTINUOUS
100
AcDbLine
 10
141.5105749999999887
 20
-96.7645380000000017
 30
0
 11
141.5696999999999832
 21
-96.7400480000000016
 31
0
  0
LINE
  5
B48
330
1A
100
AcDbEntity
  8
B.Cu
  6
CONTINUOUS
100
AcDbLine
 10
141.5696999999999832
 20
-96.7400480000000016
 30
0
 11
141.5697009999999807
 21
-96.7400469999999899
 31
0
  0
LINE
  5
B49
330
1A
100
AcDbEntity
  8
B.Cu
  6
CONTINUOUS
100
AcDbLine
 10
141.5697009999999807
 20
-96.7400469999999899
 30
0
 11
141.5697040000000015
 21
-96.7400459999999924
 31
0
  0
LINE
  5
B4A
330
1A
100
AcDbEntity
  8
B.Cu
  6
CONTINUOUS
100
AcDbLine
 10
141.5697040000000015
 20
-96.7400459999999924
 30
0
 11
141.7286579999999958
 21
-96.6338369999999998
 31
0
  0
LINE
  5
B4B
330
1A
100
AcDbEntity
  8
B.Cu
  6
CONTINUOUS
100
AcDbLine
 10
141.7286579999999958
 20
-96.6338369999999998
 30
0
 11
141.8638369999999895
 21
-96.4986579999999918
 31
0
  0
LINE
  5
B4C
330
1A
100
AcDbEntity
  8
B.Cu
  6
CONTINUOUS
100
AcDbLine
 10
141.8638369999999895
 20
-96.4986579999999918
 30
0
 11
141.9700459999999964
 21
-96.3397039999999976
 31
0
  0
LINE
  5
B4D
330
1A
100
AcDbEntity
  8
B.Cu
  6
CONTINUOUS
100
AcDbLine
 10
141.9700459999999964
 20
-96.3397039999999976
 30
0
 11
142.0432040000000029
 21
-96.1630839999999978
 31
0
  0
LINE
  5
B4E
330
1A
100
AcDbEntity
  8
B.Cu
  6
CONTINUOUS
100
AcDbLine
 10
142.0432040000000029
 20
-96.1630839999999978
 30
0
 11
142.0672669999999869
 21
-96.042113999999998
 31
0
  0
LINE
  5
B4F
330
1A
100
AcDbEntity
  8
B.Cu
  6
CONTINUOUS
100
AcDbLine
 10
142.0672669999999869
 20
-96.042113999999998
 30
0
 11
142.0785510000000045
 21
-95.9853880000000004
 31
0
  0
LINE
  5
B50
330
1A
100
AcDbEntity
  8
B.Cu
  6
CONTINUOUS
100
AcDbLine
 10
142.0785510000000045
 20
-95.9853880000000004
 30
0
 11
142.0805000000000007
 21
-95.9755880000000019
 31
0
  0
LINE
  5
B51
330
1A
100
AcDbEntity
  8
B.Cu
  6
CONTINUOUS
100
AcDbLine
 10
142.0805000000000007
 20
-95.9755880000000019
 30
0
 11
142.0805000000000007
 21
-95.7844109999999915
 31
0
  0
LINE
  5
B52
330
1A
100
AcDbEntity
  8
B.Cu
  6
CONTINUOUS
100
AcDbLine
 10
142.0805000000000007
 20
-95.7844109999999915
 30
0
 11
142.0432050000000004
 21
-95.5969209999999947
 31
0
  0
LINE
  5
B53
330
1A
100
AcDbEntity
  8
B.Cu
  6
CONTINUOUS
100
AcDbLine
 10
142.0432050000000004
 20
-95.5969209999999947
 30
0
 11
142.0432040000000029
 21
-95.5969199999999972
 31
0
  0
LINE
  5
B54
330
1A
100
AcDbEntity
  8
B.Cu
  6
CONTINUOUS
100
AcDbLine
 10
142.0432040000000029
 20
-95.5969199999999972
 30
0
 11
142.0432040000000029
 21
-95.5969159999999931
 31
0
  0
LINE
  5
B55
330
1A
100
AcDbEntity
  8
B.Cu
  6
CONTINUOUS
100
AcDbLine
 10
142.0432040000000029
 20
-95.5969159999999931
 30
0
 11
142.0432019999999795
 21
-95.5969109999999915
 31
0
  0
LINE
  5
B56
330
1A
100
AcDbEntity
  8
B.Cu
  6
CONTINUOUS
100
AcDbLine
 10
142.0432019999999795
 20
-95.5969109999999915
 30
0
 11
141.9700479999999914
 21
-95.420299
 31
0
  0
LINE
  5
B57
330
1A
100
AcDbEntity
  8
B.Cu
  6
CONTINUOUS
100
AcDbLine
 10
141.9700479999999914
 20
-95.420299
 30
0
 11
141.8638349999999946
 21
-95.2613389999999924
 31
0
  0
LINE
  5
B58
330
1A
100
AcDbEntity
  8
B.Cu
  6
CONTINUOUS
100
AcDbLine
 10
141.8638349999999946
 20
-95.2613389999999924
 30
0
 11
141.8468189999999822
 21
-95.2443229999999943
 31
0
  0
LINE
  5
B59
330
1A
100
AcDbEntity
  8
B.Cu
  6
CONTINUOUS
100
AcDbLine
 10
141.8468189999999822
 20
-95.2443229999999943
 30
0
 11
141.8321149999999875
 21
-95.2173949999999962
 31
0
  0
LINE
  5
B5A
330
1A
100
AcDbEntity
  8
B.Cu
  6
CONTINUOUS
100
AcDbLine
 10
141.8321149999999875
 20
-95.2173949999999962
 30
0
 11
141.8155229999999847
 21
-95.1915769999999952
 31
0
  0
LINE
  5
B5B
330
1A
100
AcDbEntity
  8
B.Cu
  6
CONTINUOUS
100
AcDbLine
 10
141.8155229999999847
 20
-95.1915769999999952
 30
0
 11
141.8146309999999914
 21
-95.1853759999999909
 31
0
  0
LINE
  5
B5C
330
1A
100
AcDbEntity
  8
B.Cu
  6
CONTINUOUS
100
AcDbLine
 10
141.8146309999999914
 20
-95.1853759999999909
 30
0
 11
141.8133339999999976
 21
-95.1829999999999927
 31
0
  0
LINE
  5
B5D
330
1A
100
AcDbEntity
  8
B.Cu
  6
CONTINUOUS
100
AcDbLine
 10
141.8133339999999976
 20
-95.1829999999999927
 30
0
 11
141.8104999999999905
 21
-95.1566419999999908
 31
0
  0
LINE
  5
B5E
330
1A
100
AcDbEntity
  8
B.Cu
  6
CONTINUOUS
100
AcDbLine
 10
141.8104999999999905
 20
-95.1566419999999908
 30
0
 11
141.8104999999999905
 21
-92.9386250000000018
 31
0
  0
LINE
  5
B5F
330
1A
100
AcDbEntity
  8
B.Cu
  6
CONTINUOUS
100
AcDbLine
 10
141.8104999999999905
 20
-92.9386250000000018
 30
0
 11
141.8301850000000002
 21
-92.8715859999999935
 31
0
  0
LINE
  5
B60
330
1A
100
AcDbEntity
  8
B.Cu
  6
CONTINUOUS
100
AcDbLine
 10
141.8301850000000002
 20
-92.8715859999999935
 30
0
 11
141.8468189999999822
 21
-92.8509439999999984
 31
0
  0
LINE
  5
B61
330
1A
100
AcDbEntity
  8
B.Cu
  6
CONTINUOUS
100
AcDbLine
 10
141.8468189999999822
 20
-92.8509439999999984
 30
0
 11
141.9156899999999837
 21
-92.7820729999999969
 31
0
  0
LINE
  5
B62
330
1A
100
AcDbEntity
  8
B.Cu
  6
CONTINUOUS
100
AcDbLine
 10
141.9156899999999837
 20
-92.7820729999999969
 30
0
 11
142.0267599999999959
 21
-92.6291989999999998
 31
0
  0
LINE
  5
B63
330
1A
100
AcDbEntity
  8
B.Cu
  6
CONTINUOUS
100
AcDbLine
 10
142.0267599999999959
 20
-92.6291989999999998
 30
0
 11
142.1125470000000064
 21
-92.4608319999999964
 31
0
  0
LINE
  5
B64
330
1A
100
AcDbEntity
  8
B.Cu
  6
CONTINUOUS
100
AcDbLine
 10
142.1125470000000064
 20
-92.4608319999999964
 30
0
 11
142.1709400000000016
 21
-92.2811179999999922
 31
0
  0
LINE
  5
B65
330
1A
100
AcDbEntity
  8
B.Cu
  6
CONTINUOUS
100
AcDbLine
 10
142.1709400000000016
 20
-92.2811179999999922
 30
0
 11
142.2005000000000052
 21
-92.0944859999999892
 31
0
  0
LINE
  5
B66
330
1A
100
AcDbEntity
  8
B.Cu
  6
CONTINUOUS
100
AcDbLine
 10
142.2005000000000052
 20
-92.0944859999999892
 30
0
 11
142.2005000000000052
 21
-91.9055129999999991
 31
0
  0
LINE
  5
B67
330
1A
100
AcDbEntity
  8
B.Cu
  6
CONTINUOUS
100
AcDbLine
 10
142.2005000000000052
 20
-91.9055129999999991
 30
0
 11
142.1709400000000016
 21
-91.7188809999999961
 31
0
  0
LINE
  5
B68
330
1A
100
AcDbEntity
  8
B.Cu
  6
CONTINUOUS
100
AcDbLine
 10
142.1709400000000016
 20
-91.7188809999999961
 30
0
 11
142.1438459999999964
 21
-91.6354970000000009
 31
0
  0
LINE
  5
B69
330
1A
100
AcDbEntity
  8
B.Cu
  6
CONTINUOUS
100
AcDbLine
 10
142.1438459999999964
 20
-91.6354970000000009
 30
0
 11
142.1125470000000064
 21
-91.5391679999999894
 31
0
  0
LINE
  5
B6A
330
1A
100
AcDbEntity
  8
B.Cu
  6
CONTINUOUS
100
AcDbLine
 10
142.1125470000000064
 20
-91.5391679999999894
 30
0
 11
142.112544999999983
 21
-91.539164999999997
 31
0
  0
LINE
  5
B6B
330
1A
100
AcDbEntity
  8
B.Cu
  6
CONTINUOUS
100
AcDbLine
 10
142.112544999999983
 20
-91.539164999999997
 30
0
 11
142.112544999999983
 21
-91.5391630000000021
 31
0
  0
LINE
  5
B6C
330
1A
100
AcDbEntity
  8
B.Cu
  6
CONTINUOUS
100
AcDbLine
 10
142.112544999999983
 20
-91.5391630000000021
 30
0
 11
142.0672899999999856
 21
-91.4503469999999936
 31
0
  0
LINE
  5
B6D
330
1A
100
AcDbEntity
  8
B.Cu
  6
CONTINUOUS
100
AcDbLine
 10
142.0672899999999856
 20
-91.4503469999999936
 30
0
 11
142.0267599999999959
 21
-91.3708010000000002
 31
0
  0
LINE
  5
B6E
330
1A
100
AcDbEntity
  8
B.Cu
  6
CONTINUOUS
100
AcDbLine
 10
142.0267599999999959
 20
-91.3708010000000002
 30
0
 11
141.9156899999999837
 21
-91.2179269999999889
 31
0
  0
LINE
  5
B6F
330
1A
100
AcDbEntity
  8
B.Cu
  6
CONTINUOUS
100
AcDbLine
 10
141.9156899999999837
 20
-91.2179269999999889
 30
0
 11
141.7820729999999969
 21
-91.0843100000000021
 31
0
  0
LINE
  5
B70
330
1A
100
AcDbEntity
  8
B.Cu
  6
CONTINUOUS
100
AcDbLine
 10
141.7820729999999969
 20
-91.0843100000000021
 30
0
 11
141.6291989999999998
 21
-90.9732399999999899
 31
0
  0
LINE
  5
B71
330
1A
100
AcDbEntity
  8
B.Cu
  6
CONTINUOUS
100
AcDbLine
 10
141.6291989999999998
 20
-90.9732399999999899
 30
0
 11
141.6289319999999918
 21
-90.9731039999999922
 31
0
  0
LINE
  5
B72
330
1A
100
AcDbEntity
  8
B.Cu
  6
CONTINUOUS
100
AcDbLine
 10
141.6289319999999918
 20
-90.9731039999999922
 30
0
 11
141.4608360000000005
 21
-90.8874539999999911
 31
0
  0
LINE
  5
B73
330
1A
100
AcDbEntity
  8
B.Cu
  6
CONTINUOUS
100
AcDbLine
 10
141.4608360000000005
 20
-90.8874539999999911
 30
0
 11
141.2811179999999922
 21
-90.8290590000000009
 31
0
  0
LINE
  5
B74
330
1A
100
AcDbEntity
  8
B.Cu
  6
CONTINUOUS
100
AcDbLine
 10
141.2811179999999922
 20
-90.8290590000000009
 30
0
 11
141.0944859999999892
 21
-90.7994999999999948
 31
0
  0
LINE
  5
B75
330
1A
100
AcDbEntity
  8
B.Cu
  6
CONTINUOUS
100
AcDbLine
 10
141.0944859999999892
 20
-90.7994999999999948
 30
0
 11
141.0944810000000018
 21
-90.7994999999999948
 31
0
  0
LINE
  5
B76
330
1A
100
AcDbEntity
  8
B.Cu
  6
CONTINUOUS
100
AcDbLine
 10
141.0944810000000018
 20
-90.7994999999999948
 30
0
 11
140.9055189999999982
 21
-90.7994999999999948
 31
0
  0
LINE
  5
B77
330
1A
100
AcDbEntity
  8
B.Cu
  6
CONTINUOUS
100
AcDbLine
 10
140.9055189999999982
 20
-90.7994999999999948
 30
0
 11
140.9055139999999824
 21
-90.7994999999999948
 31
0
  0
LINE
  5
B78
330
1A
100
AcDbEntity
  8
B.Cu
  6
CONTINUOUS
100
AcDbLine
 10
140.9055139999999824
 20
-90.7994999999999948
 30
0
 11
140.8683330000000069
 21
-90.805388999999991
 31
0
  0
LINE
  5
B79
330
1A
100
AcDbEntity
  8
B.Cu
  6
CONTINUOUS
100
AcDbLine
 10
140.8683330000000069
 20
-90.805388999999991
 30
0
 11
140.7990399999999909
 21
-90.7964350000000024
 31
0
  0
LINE
  5
B7A
330
1A
100
AcDbEntity
  8
B.Cu
  6
CONTINUOUS
100
AcDbLine
 10
140.7990399999999909
 20
-90.7964350000000024
 30
0
 11
140.7612539999999797
 21
-90.7705969999999951
 31
0
  0
LINE
  5
B7B
330
1A
100
AcDbEntity
  8
B.Cu
  6
CONTINUOUS
100
AcDbLine
 10
140.7612539999999797
 20
-90.7705969999999951
 30
0
 11
139.236818999999997
 21
-89.2461619999999982
 31
0
  0
LINE
  5
B7C
330
1A
100
AcDbEntity
  8
B.Cu
  6
CONTINUOUS
100
AcDbLine
 10
139.236818999999997
 20
-89.2461619999999982
 30
0
 11
139.2033339999999839
 21
-89.1848389999999966
 31
0
  0
LINE
  5
B7D
330
1A
100
AcDbEntity
  8
B.Cu
  6
CONTINUOUS
100
AcDbLine
 10
139.2033339999999839
 20
-89.1848389999999966
 30
0
 11
139.2005000000000052
 21
-89.1584809999999948
 31
0
  0
LINE
  5
B7E
330
1A
100
AcDbEntity
  8
B.Cu
  6
CONTINUOUS
100
AcDbLine
 10
139.2005000000000052
 20
-89.1584809999999948
 30
0
 11
139.2005000000000052
 21
-86.897681999999989
 31
0
  0
LINE
  5
B7F
330
1A
100
AcDbEntity
  8
B.Cu
  6
CONTINUOUS
100
AcDbLine
 10
139.2005000000000052
 20
-86.897681999999989
 30
0
 11
139.2005000000000052
 21
-86.341518999999991
 31
0
  0
LINE
  5
B80
330
1A
100
AcDbEntity
  8
B.Cu
  6
CONTINUOUS
100
AcDbLine
 10
139.2005000000000052
 20
-86.341518999999991
 30
0
 11
139.2201849999999865
 21
-86.2744799999999969
 31
0
  0
LINE
  5
B81
330
1A
100
AcDbEntity
  8
B.Cu
  6
CONTINUOUS
100
AcDbLine
 10
139.2201849999999865
 20
-86.2744799999999969
 30
0
 11
139.236818999999997
 21
-86.2538380000000018
 31
0
  0
LINE
  5
B82
330
1A
100
AcDbEntity
  8
B.Cu
  6
CONTINUOUS
100
AcDbLine
 10
139.236818999999997
 20
-86.2538380000000018
 30
0
 11
141.0441119999999842
 21
-84.4465450000000004
 31
0
  0
LINE
  5
B83
330
1A
100
AcDbEntity
  8
B.Cu
  6
CONTINUOUS
100
AcDbLine
 10
141.0441119999999842
 20
-84.4465450000000004
 30
0
 11
141.0441140000000075
 21
-84.4465429999999913
 31
0
  0
LINE
  5
B84
330
1A
100
AcDbEntity
  8
B.Cu
  6
CONTINUOUS
100
AcDbLine
 10
141.0441140000000075
 20
-84.4465429999999913
 30
0
 11
141.1207749999999805
 21
-84.3318110000000019
 31
0
  0
LINE
  5
B85
330
1A
100
AcDbEntity
  8
B.Cu
  6
CONTINUOUS
100
AcDbLine
 10
141.1207749999999805
 20
-84.3318110000000019
 30
0
 11
141.173579999999987
 21
-84.2043279999999896
 31
0
  0
LINE
  5
B86
330
1A
100
AcDbEntity
  8
B.Cu
  6
CONTINUOUS
100
AcDbLine
 10
141.173579999999987
 20
-84.2043279999999896
 30
0
 11
141.2005000000000052
 21
-84.0689929999999919
 31
0
  0
LINE
  5
B87
330
1A
100
AcDbEntity
  8
B.Cu
  6
CONTINUOUS
100
AcDbLine
 10
141.2005000000000052
 20
-84.0689929999999919
 30
0
 11
141.2005000000000052
 21
-83.5244989999999916
 31
0
  0
LINE
  5
B88
330
1A
100
AcDbEntity
  8
B.Cu
  6
CONTINUOUS
100
AcDbLine
 10
141.2005000000000052
 20
-83.5244989999999916
 30
0
 11
141.2201849999999865
 21
-83.4574599999999975
 31
0
  0
LINE
  5
B89
330
1A
100
AcDbEntity
  8
B.Cu
  6
CONTINUOUS
100
AcDbLine
 10
141.2201849999999865
 20
-83.4574599999999975
 30
0
 11
141.2729889999999955
 21
-83.4117049999999978
 31
0
  0
LINE
  5
B8A
330
1A
100
AcDbEntity
  8
B.Cu
  6
CONTINUOUS
100
AcDbLine
 10
141.2729889999999955
 20
-83.4117049999999978
 30
0
 11
141.3245000000000005
 21
-83.4004989999999964
 31
0
  0
LINE
  5
B8B
330
1A
100
AcDbEntity
  8
B.Cu
  6
CONTINUOUS
100
AcDbLine
 10
141.3245000000000005
 20
-83.4004989999999964
 30
0
 11
141.5315169999999796
 21
-83.4004989999999964
 31
0
  0
LINE
  5
B8C
330
1A
100
AcDbEntity
  8
B.Cu
  6
CONTINUOUS
100
AcDbLine
 10
141.5315169999999796
 20
-83.4004989999999964
 30
0
 11
141.5315180000000055
 21
-83.4004989999999964
 31
0
  0
LINE
  5
B8D
330
1A
100
AcDbEntity
  8
B.Cu
  6
CONTINUOUS
100
AcDbLine
 10
141.5315180000000055
 20
-83.4004989999999964
 30
0
 11
141.6253039999999999
 21
-83.3856459999999942
 31
0
  0
LINE
  5
B8E
330
1A
100
AcDbEntity
  8
B.Cu
  6
CONTINUOUS
100
AcDbLine
 10
141.6253039999999999
 20
-83.3856459999999942
 30
0
 11
141.7383419999999887
 21
-83.3280499999999904
 31
0
  0
LINE
  5
B8F
330
1A
100
AcDbEntity
  8
B.Cu
  6
CONTINUOUS
100
AcDbLine
 10
141.7383419999999887
 20
-83.3280499999999904
 30
0
 11
141.8280499999999904
 21
-83.2383420000000029
 31
0
  0
LINE
  5
B90
330
1A
100
AcDbEntity
  8
B.Cu
  6
CONTINUOUS
100
AcDbLine
 10
141.8280499999999904
 20
-83.2383420000000029
 30
0
 11
141.8856459999999799
 21
-83.1253039999999999
 31
0
  0
LINE
  5
B91
330
1A
100
AcDbEntity
  8
B.Cu
  6
CONTINUOUS
100
AcDbLine
 10
141.8856459999999799
 20
-83.1253039999999999
 30
0
 11
141.8856459999999799
 21
-83.1253019999999907
 31
0
  0
LINE
  5
B92
330
1A
100
AcDbEntity
  8
B.Cu
  6
CONTINUOUS
100
AcDbLine
 10
141.8856459999999799
 20
-83.1253019999999907
 30
0
 11
141.8856470000000058
 21
-83.1253009999999932
 31
0
  0
LINE
  5
B93
330
1A
100
AcDbEntity
  8
B.Cu
  6
CONTINUOUS
100
AcDbLine
 10
141.8856470000000058
 20
-83.1253009999999932
 30
0
 11
141.9004989999999964
 21
-83.0315239999999903
 31
0
  0
LINE
  5
B94
330
1A
100
AcDbEntity
  8
B.Cu
  6
CONTINUOUS
100
AcDbLine
 10
141.9004989999999964
 20
-83.0315239999999903
 30
0
 11
141.9004999999999939
 21
-83.031519000000003
 31
0
  0
LINE
  5
B95
330
1A
100
AcDbEntity
  8
B.Cu
  6
CONTINUOUS
100
AcDbLine
 10
141.9004999999999939
 20
-83.031519000000003
 30
0
 11
141.9004989999999964
 21
-80.9684819999999945
 31
0
  0
LINE
  5
B96
330
1A
100
AcDbEntity
  8
B.Cu
  6
CONTINUOUS
100
AcDbLine
 10
141.9004989999999964
 20
-80.9684819999999945
 30
0
 11
141.8856459999999799
 21
-80.8746960000000001
 31
0
  0
LINE
  5
B97
330
1A
100
AcDbEntity
  8
B.Cu
  6
CONTINUOUS
100
AcDbLine
 10
141.8856459999999799
 20
-80.8746960000000001
 30
0
 11
141.8280499999999904
 21
-80.7616579999999971
 31
0
  0
LINE
  5
B98
330
1A
100
AcDbEntity
  8
B.Cu
  6
CONTINUOUS
100
AcDbLine
 10
141.8280499999999904
 20
-80.7616579999999971
 30
0
 11
141.8280460000000005
 21
-80.7616539999999929
 31
0
  0
LINE
  5
B99
330
1A
100
AcDbEntity
  8
B.Cu
  6
CONTINUOUS
100
AcDbLine
 10
141.8280460000000005
 20
-80.7616539999999929
 30
0
 11
141.828045000000003
 21
-80.761651999999998
 31
0
  0
LINE
  5
B9A
330
1A
100
AcDbEntity
  8
B.Cu
  6
CONTINUOUS
100
AcDbLine
 10
141.828045000000003
 20
-80.761651999999998
 30
0
 11
141.7383470000000045
 21
-80.6719539999999995
 31
0
  0
LINE
  5
B9B
330
1A
100
AcDbEntity
  8
B.Cu
  6
CONTINUOUS
100
AcDbLine
 10
141.7383470000000045
 20
-80.6719539999999995
 30
0
 11
141.7383439999999837
 21
-80.6719519999999903
 31
0
  0
LINE
  5
B9C
330
1A
100
AcDbEntity
  8
B.Cu
  6
CONTINUOUS
100
AcDbLine
 10
141.7383439999999837
 20
-80.6719519999999903
 30
0
 11
141.7383419999999887
 21
-80.6719499999999954
 31
0
  0
LINE
  5
B9D
330
1A
100
AcDbEntity
  8
B.Cu
  6
CONTINUOUS
100
AcDbLine
 10
141.7383419999999887
 20
-80.6719499999999954
 30
0
 11
141.6615170000000035
 21
-80.6328049999999905
 31
0
  0
LINE
  5
B9E
330
1A
100
AcDbEntity
  8
B.Cu
  6
CONTINUOUS
100
AcDbLine
 10
141.6615170000000035
 20
-80.6328049999999905
 30
0
 11
141.6253010000000074
 21
-80.6143519999999967
 31
0
  0
LINE
  5
B9F
330
1A
100
AcDbEntity
  8
B.Cu
  6
CONTINUOUS
100
AcDbLine
 10
141.6253010000000074
 20
-80.6143519999999967
 30
0
 11
141.5315239999999903
 21
-80.5994999999999919
 31
0
  0
LINE
  5
BA0
330
1A
100
AcDbEntity
  8
B.Cu
  6
CONTINUOUS
100
AcDbLine
 10
141.5315239999999903
 20
-80.5994999999999919
 30
0
 11
139.4684819999999945
 21
-80.5994999999999919
 31
0
  0
LINE
  5
BA1
330
1A
100
AcDbEntity
  8
B.Cu
  6
CONTINUOUS
100
AcDbLine
 10
139.4684819999999945
 20
-80.5994999999999919
 30
0
 11
139.3875189999999975
 21
-80.6123229999999893
 31
0
  0
LINE
  5
BA2
330
1A
100
AcDbEntity
  8
B.Cu
  6
CONTINUOUS
100
AcDbLine
 10
139.3875189999999975
 20
-80.6123229999999893
 30
0
 11
139.3746960000000001
 21
-80.6143539999999916
 31
0
  0
LINE
  5
BA3
330
1A
100
AcDbEntity
  8
B.Cu
  6
CONTINUOUS
100
AcDbLine
 10
139.3746960000000001
 20
-80.6143539999999916
 30
0
 11
139.2616579999999828
 21
-80.6719499999999954
 31
0
  0
LINE
  5
BA4
330
1A
100
AcDbEntity
  8
B.Cu
  6
CONTINUOUS
100
AcDbLine
 10
139.2616579999999828
 20
-80.6719499999999954
 30
0
 11
139.2616569999999854
 21
-80.6719509999999929
 31
0
  0
LINE
  5
BA5
330
1A
100
AcDbEntity
  8
B.Cu
  6
CONTINUOUS
100
AcDbLine
 10
139.2616569999999854
 20
-80.6719509999999929
 30
0
 11
139.261651999999998
 21
-80.6719539999999995
 31
0
  0
LINE
  5
BA6
330
1A
100
AcDbEntity
  8
B.Cu
  6
CONTINUOUS
100
AcDbLine
 10
139.261651999999998
 20
-80.6719539999999995
 30
0
 11
139.1719539999999995
 21
-80.761651999999998
 31
0
  0
LINE
  5
BA7
330
1A
100
AcDbEntity
  8
B.Cu
  6
CONTINUOUS
100
AcDbLine
 10
139.1719539999999995
 20
-80.761651999999998
 30
0
 11
139.1719510000000071
 21
-80.7616569999999996
 31
0
  0
LINE
  5
BA8
330
1A
100
AcDbEntity
  8
B.Cu
  6
CONTINUOUS
100
AcDbLine
 10
139.1719510000000071
 20
-80.7616569999999996
 30
0
 11
139.1143519999999967
 21
-80.8746979999999951
 31
0
  0
LINE
  5
BA9
330
1A
100
AcDbEntity
  8
B.Cu
  6
CONTINUOUS
100
AcDbLine
 10
139.1143519999999967
 20
-80.8746979999999951
 30
0
 11
139.0995000000000061
 21
-80.968474999999998
 31
0
  0
LINE
  5
BAA
330
1A
100
AcDbEntity
  8
B.Cu
  6
CONTINUOUS
100
AcDbLine
 10
139.0995000000000061
 20
-80.968474999999998
 30
0
 11
139.0995000000000061
 21
-83.0315169999999938
 31
0
  0
LINE
  5
BAB
330
1A
100
AcDbEntity
  8
B.Cu
  6
CONTINUOUS
100
AcDbLine
 10
139.0995000000000061
 20
-83.0315169999999938
 30
0
 11
139.110291999999987
 21
-83.0996569999999934
 31
0
  0
LINE
  5
BAC
330
1A
100
AcDbEntity
  8
B.Cu
  6
CONTINUOUS
100
AcDbLine
 10
139.110291999999987
 20
-83.0996569999999934
 30
0
 11
139.1143539999999916
 21
-83.1253039999999999
 31
0
  0
LINE
  5
BAD
330
1A
100
AcDbEntity
  8
B.Cu
  6
CONTINUOUS
100
AcDbLine
 10
139.1143539999999916
 20
-83.1253039999999999
 30
0
 11
139.1719499999999812
 21
-83.2383420000000029
 31
0
  0
LINE
  5
BAE
330
1A
100
AcDbEntity
  8
B.Cu
  6
CONTINUOUS
100
AcDbLine
 10
139.1719499999999812
 20
-83.2383420000000029
 30
0
 11
139.1719520000000045
 21
-83.2383439999999979
 31
0
  0
LINE
  5
BAF
330
1A
100
AcDbEntity
  8
B.Cu
  6
CONTINUOUS
100
AcDbLine
 10
139.1719520000000045
 20
-83.2383439999999979
 30
0
 11
139.1719539999999995
 21
-83.2383469999999903
 31
0
  0
LINE
  5
BB0
330
1A
100
AcDbEntity
  8
B.Cu
  6
CONTINUOUS
100
AcDbLine
 10
139.1719539999999995
 20
-83.2383469999999903
 30
0
 11
139.261651999999998
 21
-83.328045000000003
 31
0
  0
LINE
  5
BB1
330
1A
100
AcDbEntity
  8
B.Cu
  6
CONTINUOUS
100
AcDbLine
 10
139.261651999999998
 20
-83.328045000000003
 30
0
 11
139.2616539999999929
 21
-83.3280460000000005
 31
0
  0
LINE
  5
BB2
330
1A
100
AcDbEntity
  8
B.Cu
  6
CONTINUOUS
100
AcDbLine
 10
139.2616539999999929
 20
-83.3280460000000005
 30
0
 11
139.2616579999999828
 21
-83.3280499999999904
 31
0
  0
LINE
  5
BB3
330
1A
100
AcDbEntity
  8
B.Cu
  6
CONTINUOUS
100
AcDbLine
 10
139.2616579999999828
 20
-83.3280499999999904
 30
0
 11
139.3746940000000052
 21
-83.3856449999999967
 31
0
  0
LINE
  5
BB4
330
1A
100
AcDbEntity
  8
B.Cu
  6
CONTINUOUS
100
AcDbLine
 10
139.3746940000000052
 20
-83.3856449999999967
 30
0
 11
139.3746979999999951
 21
-83.3856469999999916
 31
0
  0
LINE
  5
BB5
330
1A
100
AcDbEntity
  8
B.Cu
  6
CONTINUOUS
100
AcDbLine
 10
139.3746979999999951
 20
-83.3856469999999916
 30
0
 11
139.4684749999999838
 21
-83.4004989999999964
 31
0
  0
LINE
  5
BB6
330
1A
100
AcDbEntity
  8
B.Cu
  6
CONTINUOUS
100
AcDbLine
 10
139.4684749999999838
 20
-83.4004989999999964
 30
0
 11
139.468480999999997
 21
-83.4004999999999939
 31
0
  0
LINE
  5
BB7
330
1A
100
AcDbEntity
  8
B.Cu
  6
CONTINUOUS
100
AcDbLine
 10
139.468480999999997
 20
-83.4004999999999939
 30
0
 11
139.6754999999999995
 21
-83.4004989999999964
 31
0
  0
LINE
  5
BB8
330
1A
100
AcDbEntity
  8
B.Cu
  6
CONTINUOUS
100
AcDbLine
 10
139.6754999999999995
 20
-83.4004989999999964
 30
0
 11
139.7425389999999936
 21
-83.4201829999999944
 31
0
  0
LINE
  5
BB9
330
1A
100
AcDbEntity
  8
B.Cu
  6
CONTINUOUS
100
AcDbLine
 10
139.7425389999999936
 20
-83.4201829999999944
 30
0
 11
139.7882940000000076
 21
-83.4729869999999892
 31
0
  0
LINE
  5
BBA
330
1A
100
AcDbEntity
  8
B.Cu
  6
CONTINUOUS
100
AcDbLine
 10
139.7882940000000076
 20
-83.4729869999999892
 30
0
 11
139.7994999999999948
 21
-83.5244989999999916
 31
0
  0
LINE
  5
BBB
330
1A
100
AcDbEntity
  8
B.Cu
  6
CONTINUOUS
100
AcDbLine
 10
139.7994999999999948
 20
-83.5244989999999916
 30
0
 11
139.7994999999999948
 21
-83.6584799999999973
 31
0
  0
LINE
  5
BBC
330
1A
100
AcDbEntity
  8
B.Cu
  6
CONTINUOUS
100
AcDbLine
 10
139.7994999999999948
 20
-83.6584799999999973
 30
0
 11
139.779814999999985
 21
-83.7255189999999914
 31
0
  0
LINE
  5
BBD
330
1A
100
AcDbEntity
  8
B.Cu
  6
CONTINUOUS
100
AcDbLine
 10
139.779814999999985
 20
-83.7255189999999914
 30
0
 11
139.763181000000003
 21
-83.7461610000000007
 31
0
  0
LINE
  5
BBE
330
1A
100
AcDbEntity
  8
B.Cu
  6
CONTINUOUS
100
AcDbLine
 10
139.763181000000003
 20
-83.7461610000000007
 30
0
 11
137.9558879999999874
 21
-85.5534529999999904
 31
0
  0
LINE
  5
BBF
330
1A
100
AcDbEntity
  8
B.Cu
  6
CONTINUOUS
100
AcDbLine
 10
137.9558879999999874
 20
-85.5534529999999904
 30
0
 11
137.9558869999999899
 21
-85.5534540000000021
 31
0
  0
LINE
  5
BC0
330
1A
100
AcDbEntity
  8
B.Cu
  6
CONTINUOUS
100
AcDbLine
 10
137.9558869999999899
 20
-85.5534540000000021
 30
0
 11
137.8792219999999986
 21
-85.6681919999999906
 31
0
  0
LINE
  5
BC1
330
1A
100
AcDbEntity
  8
B.Cu
  6
CONTINUOUS
100
AcDbLine
 10
137.8792219999999986
 20
-85.6681919999999906
 30
0
 11
137.8264209999999821
 21
-85.7956669999999946
 31
0
  0
LINE
  5
BC2
330
1A
100
AcDbEntity
  8
B.Cu
  6
CONTINUOUS
100
AcDbLine
 10
137.8264209999999821
 20
-85.7956669999999946
 30
0
 11
137.8264179999999897
 21
-85.7956769999999977
 31
0
  0
LINE
  5
BC3
330
1A
100
AcDbEntity
  8
B.Cu
  6
CONTINUOUS
100
AcDbLine
 10
137.8264179999999897
 20
-85.7956769999999977
 30
0
 11
137.7994999999999948
 21
-85.9310040000000015
 31
0
  0
LINE
  5
BC4
330
1A
100
AcDbEntity
  8
B.Cu
  6
CONTINUOUS
100
AcDbLine
 10
137.7994999999999948
 20
-85.9310040000000015
 30
0
 11
137.7994999999999948
 21
-85.9310069999999939
 31
0
  0
LINE
  5
BC5
330
1A
100
AcDbEntity
  8
B.Cu
  6
CONTINUOUS
100
AcDbLine
 10
137.7994999999999948
 20
-85.9310069999999939
 30
0
 11
137.7994999999999948
 21
-89.4310059999999964
 31
0
  0
LINE
  5
BC6
330
1A
100
AcDbEntity
  8
B.Cu
  6
CONTINUOUS
100
AcDbLine
 10
137.7994999999999948
 20
-89.4310059999999964
 30
0
 11
137.7994999999999948
 21
-89.5689939999999893
 31
0
  0
LINE
  5
BC7
330
1A
100
AcDbEntity
  8
B.Cu
  6
CONTINUOUS
100
AcDbLine
 10
137.7994999999999948
 20
-89.5689939999999893
 30
0
 11
137.7994999999999948
 21
-89.5689959999999985
 31
0
  0
LINE
  5
BC8
330
1A
100
AcDbEntity
  8
B.Cu
  6
CONTINUOUS
100
AcDbLine
 10
137.7994999999999948
 20
-89.5689959999999985
 30
0
 11
137.7994989999999973
 21
-89.5689959999999985
 31
0
  0
LINE
  5
BC9
330
1A
100
AcDbEntity
  8
B.Cu
  6
CONTINUOUS
100
AcDbLine
 10
137.7994989999999973
 20
-89.5689959999999985
 30
0
 11
137.8264179999999897
 21
-89.7043219999999906
 31
0
  0
LINE
  5
BCA
330
1A
100
AcDbEntity
  8
B.Cu
  6
CONTINUOUS
100
AcDbLine
 10
144.1861350000000073
 20
-95.6974159999999898
 30
0
 11
144.215124000000003
 21
-95.8055999999999983
 31
0
  0
LINE
  5
BCB
330
1A
100
AcDbEntity
  8
B.Cu
  6
CONTINUOUS
100
AcDbLine
 10
144.215124000000003
 20
-95.8055999999999983
 30
0
 11
144.215124000000003
 21
-95.9543999999999926
 31
0
  0
LINE
  5
BCC
330
1A
100
AcDbEntity
  8
B.Cu
  6
CONTINUOUS
100
AcDbLine
 10
144.215124000000003
 20
-95.9543999999999926
 30
0
 11
144.1861360000000047
 21
-96.0625819999999919
 31
0
  0
LINE
  5
BCD
330
1A
100
AcDbEntity
  8
B.Cu
  6
CONTINUOUS
100
AcDbLine
 10
144.1861360000000047
 20
-96.0625819999999919
 30
0
 11
144.5630390000000034
 21
-96.4394849999999906
 31
0
  0
LINE
  5
BCE
330
1A
100
AcDbEntity
  8
B.Cu
  6
CONTINUOUS
100
AcDbLine
 10
144.5630390000000034
 20
-96.4394849999999906
 30
0
 11
144.5982229999999902
 21
-96.3868299999999891
 31
0
  0
LINE
  5
BCF
330
1A
100
AcDbEntity
  8
B.Cu
  6
CONTINUOUS
100
AcDbLine
 10
144.5982229999999902
 20
-96.3868299999999891
 30
0
 11
144.6788789999999949
 21
-96.1921069999999929
 31
0
  0
LINE
  5
BD0
330
1A
100
AcDbEntity
  8
B.Cu
  6
CONTINUOUS
100
AcDbLine
 10
144.6788789999999949
 20
-96.1921069999999929
 30
0
 11
144.6788809999999899
 21
-96.1921009999999939
 31
0
  0
LINE
  5
BD1
330
1A
100
AcDbEntity
  8
B.Cu
  6
CONTINUOUS
100
AcDbLine
 10
144.6788809999999899
 20
-96.1921009999999939
 30
0
 11
144.7199999999999989
 21
-95.9853880000000004
 31
0
  0
LINE
  5
BD2
330
1A
100
AcDbEntity
  8
B.Cu
  6
CONTINUOUS
100
AcDbLine
 10
144.7199999999999989
 20
-95.9853880000000004
 30
0
 11
144.7199999999999989
 21
-95.7746109999999931
 31
0
  0
LINE
  5
BD3
330
1A
100
AcDbEntity
  8
B.Cu
  6
CONTINUOUS
100
AcDbLine
 10
144.7199999999999989
 20
-95.7746109999999931
 30
0
 11
144.6788809999999899
 21
-95.5678979999999996
 31
0
  0
LINE
  5
BD4
330
1A
100
AcDbEntity
  8
B.Cu
  6
CONTINUOUS
100
AcDbLine
 10
144.6788809999999899
 20
-95.5678979999999996
 30
0
 11
144.6788789999999949
 21
-95.5678920000000005
 31
0
  0
LINE
  5
BD5
330
1A
100
AcDbEntity
  8
B.Cu
  6
CONTINUOUS
100
AcDbLine
 10
144.6788789999999949
 20
-95.5678920000000005
 30
0
 11
144.5982219999999927
 21
-95.3731669999999951
 31
0
  0
LINE
  5
BD6
330
1A
100
AcDbEntity
  8
B.Cu
  6
CONTINUOUS
100
AcDbLine
 10
144.5982219999999927
 20
-95.3731669999999951
 30
0
 11
144.5982199999999978
 21
-95.3731640000000027
 31
0
  0
LINE
  5
BD7
330
1A
100
AcDbEntity
  8
B.Cu
  6
CONTINUOUS
100
AcDbLine
 10
144.5982199999999978
 20
-95.3731640000000027
 30
0
 11
144.5630390000000034
 21
-95.3205129999999912
 31
0
  0
LINE
  5
BD8
330
1A
100
AcDbEntity
  8
B.Cu
  6
CONTINUOUS
100
AcDbLine
 10
144.5630390000000034
 20
-95.3205129999999912
 30
0
 11
144.1861350000000073
 21
-95.6974159999999898
 31
0
  0
LINE
  5
BD9
330
1A
100
AcDbEntity
  8
B.Cu
  6
CONTINUOUS
100
AcDbLine
 10
143.3378979999999956
 20
-94.8511179999999996
 30
0
 11
143.3378919999999823
 21
-94.8511199999999945
 31
0
  0
LINE
  5
BDA
330
1A
100
AcDbEntity
  8
B.Cu
  6
CONTINUOUS
100
AcDbLine
 10
143.3378919999999823
 20
-94.8511199999999945
 30
0
 11
143.1431680000000028
 21
-94.9317769999999967
 31
0
  0
LINE
  5
BDB
330
1A
100
AcDbEntity
  8
B.Cu
  6
CONTINUOUS
100
AcDbLine
 10
143.1431680000000028
 20
-94.9317769999999967
 30
0
 11
143.1431560000000047
 21
-94.9317839999999933
 31
0
  0
LINE
  5
BDC
330
1A
100
AcDbEntity
  8
B.Cu
  6
CONTINUOUS
100
AcDbLine
 10
143.1431560000000047
 20
-94.9317839999999933
 30
0
 11
143.0905129999999872
 21
-94.9669579999999911
 31
0
  0
LINE
  5
BDD
330
1A
100
AcDbEntity
  8
B.Cu
  6
CONTINUOUS
100
AcDbLine
 10
143.0905129999999872
 20
-94.9669579999999911
 30
0
 11
143.0905119999999897
 21
-94.9669590000000028
 31
0
  0
LINE
  5
BDE
330
1A
100
AcDbEntity
  8
B.Cu
  6
CONTINUOUS
100
AcDbLine
 10
143.0905119999999897
 20
-94.9669590000000028
 30
0
 11
143.4674169999999833
 21
-95.3438629999999989
 31
0
  0
LINE
  5
BDF
330
1A
100
AcDbEntity
  8
B.Cu
  6
CONTINUOUS
100
AcDbLine
 10
143.4674169999999833
 20
-95.3438629999999989
 30
0
 11
143.5755999999999801
 21
-95.3148759999999982
 31
0
  0
LINE
  5
BE0
330
1A
100
AcDbEntity
  8
B.Cu
  6
CONTINUOUS
100
AcDbLine
 10
143.5755999999999801
 20
-95.3148759999999982
 30
0
 11
143.7244000000000028
 21
-95.3148759999999982
 31
0
  0
LINE
  5
BE1
330
1A
100
AcDbEntity
  8
B.Cu
  6
CONTINUOUS
100
AcDbLine
 10
143.7244000000000028
 20
-95.3148759999999982
 30
0
 11
143.8325810000000047
 21
-95.3438629999999989
 31
0
  0
LINE
  5
BE2
330
1A
100
AcDbEntity
  8
B.Cu
  6
CONTINUOUS
100
AcDbLine
 10
143.8325810000000047
 20
-95.3438629999999989
 30
0
 11
144.2094850000000008
 21
-94.9669590000000028
 31
0
  0
LINE
  5
BE3
330
1A
100
AcDbEntity
  8
B.Cu
  6
CONTINUOUS
100
AcDbLine
 10
144.2094850000000008
 20
-94.9669590000000028
 30
0
 11
144.2094850000000008
 21
-94.9669579999999911
 31
0
  0
LINE
  5
BE4
330
1A
100
AcDbEntity
  8
B.Cu
  6
CONTINUOUS
100
AcDbLine
 10
144.2094850000000008
 20
-94.9669579999999911
 30
0
 11
144.156833000000006
 21
-94.9317779999999942
 31
0
  0
LINE
  5
BE5
330
1A
100
AcDbEntity
  8
B.Cu
  6
CONTINUOUS
100
AcDbLine
 10
144.156833000000006
 20
-94.9317779999999942
 30
0
 11
143.9621070000000032
 21
-94.8511199999999945
 31
0
  0
LINE
  5
BE6
330
1A
100
AcDbEntity
  8
B.Cu
  6
CONTINUOUS
100
AcDbLine
 10
143.9621070000000032
 20
-94.8511199999999945
 30
0
 11
143.9621009999999899
 21
-94.8511179999999996
 31
0
  0
LINE
  5
BE7
330
1A
100
AcDbEntity
  8
B.Cu
  6
CONTINUOUS
100
AcDbLine
 10
143.9621009999999899
 20
-94.8511179999999996
 30
0
 11
143.7553879999999822
 21
-94.8100000000000023
 31
0
  0
LINE
  5
BE8
330
1A
100
AcDbEntity
  8
B.Cu
  6
CONTINUOUS
100
AcDbLine
 10
143.7553879999999822
 20
-94.8100000000000023
 30
0
 11
143.5446120000000008
 21
-94.8100000000000023
 31
0
  0
LINE
  5
BE9
330
1A
100
AcDbEntity
  8
B.Cu
  6
CONTINUOUS
100
AcDbLine
 10
143.5446120000000008
 20
-94.8100000000000023
 30
0
 11
143.3378979999999956
 21
-94.8511179999999996
 31
0
  0
LINE
  5
BEA
330
1A
100
AcDbEntity
  8
B.Cu
  6
CONTINUOUS
100
AcDbLine
 10
140.2740759999999796
 20
-88.0794739999999905
 30
0
 11
140.318649999999991
 21
-88.1118589999999955
 31
0
  0
LINE
  5
BEB
330
1A
100
AcDbEntity
  8
B.Cu
  6
CONTINUOUS
100
AcDbLine
 10
140.318649999999991
 20
-88.1118589999999955
 30
0
 11
140.5009680000000003
 21
-88.2047549999999916
 31
0
  0
LINE
  5
BEC
330
1A
100
AcDbEntity
  8
B.Cu
  6
CONTINUOUS
100
AcDbLine
 10
140.5009680000000003
 20
-88.2047549999999916
 30
0
 11
140.6955820000000017
 21
-88.2679899999999975
 31
0
  0
LINE
  5
BED
330
1A
100
AcDbEntity
  8
B.Cu
  6
CONTINUOUS
100
AcDbLine
 10
140.6955820000000017
 20
-88.2679899999999975
 30
0
 11
140.8976830000000007
 21
-88.2999999999999972
 31
0
  0
LINE
  5
BEE
330
1A
100
AcDbEntity
  8
B.Cu
  6
CONTINUOUS
100
AcDbLine
 10
140.8976830000000007
 20
-88.2999999999999972
 30
0
 11
141.1023169999999993
 21
-88.2999999999999972
 31
0
  0
LINE
  5
BEF
330
1A
100
AcDbEntity
  8
B.Cu
  6
CONTINUOUS
100
AcDbLine
 10
141.1023169999999993
 20
-88.2999999999999972
 30
0
 11
141.3044170000000008
 21
-88.2679899999999975
 31
0
  0
LINE
  5
BF0
330
1A
100
AcDbEntity
  8
B.Cu
  6
CONTINUOUS
100
AcDbLine
 10
141.3044170000000008
 20
-88.2679899999999975
 30
0
 11
141.4990310000000022
 21
-88.2047549999999916
 31
0
  0
LINE
  5
BF1
330
1A
100
AcDbEntity
  8
B.Cu
  6
CONTINUOUS
100
AcDbLine
 10
141.4990310000000022
 20
-88.2047549999999916
 30
0
 11
141.6813489999999831
 21
-88.1118589999999955
 31
0
  0
LINE
  5
BF2
330
1A
100
AcDbEntity
  8
B.Cu
  6
CONTINUOUS
100
AcDbLine
 10
141.6813489999999831
 20
-88.1118589999999955
 30
0
 11
141.7259209999999996
 21
-88.0794739999999905
 31
0
  0
LINE
  5
BF3
330
1A
100
AcDbEntity
  8
B.Cu
  6
CONTINUOUS
100
AcDbLine
 10
141.7259209999999996
 20
-88.0794739999999905
 30
0
 11
141.3593449999999905
 21
-87.7128979999999956
 31
0
  0
LINE
  5
BF4
330
1A
100
AcDbEntity
  8
B.Cu
  6
CONTINUOUS
100
AcDbLine
 10
141.3593449999999905
 20
-87.7128979999999956
 30
0
 11
141.2322279999999921
 21
-87.7655519999999996
 31
0
  0
LINE
  5
BF5
330
1A
100
AcDbEntity
  8
B.Cu
  6
CONTINUOUS
100
AcDbLine
 10
141.2322279999999921
 20
-87.7655519999999996
 30
0
 11
141.0784139999999809
 21
-87.7961480000000023
 31
0
  0
LINE
  5
BF6
330
1A
100
AcDbEntity
  8
B.Cu
  6
CONTINUOUS
100
AcDbLine
 10
141.0784139999999809
 20
-87.7961480000000023
 30
0
 11
140.9215859999999907
 21
-87.7961480000000023
 31
0
  0
LINE
  5
BF7
330
1A
100
AcDbEntity
  8
B.Cu
  6
CONTINUOUS
100
AcDbLine
 10
140.9215859999999907
 20
-87.7961480000000023
 30
0
 11
140.7677719999999795
 21
-87.7655519999999996
 31
0
  0
LINE
  5
BF8
330
1A
100
AcDbEntity
  8
B.Cu
  6
CONTINUOUS
100
AcDbLine
 10
140.7677719999999795
 20
-87.7655519999999996
 30
0
 11
140.6406529999999862
 21
-87.7128969999999981
 31
0
  0
LINE
  5
BF9
330
1A
100
AcDbEntity
  8
B.Cu
  6
CONTINUOUS
100
AcDbLine
 10
140.6406529999999862
 20
-87.7128969999999981
 30
0
 11
140.2740759999999796
 21
-88.0794739999999905
 31
0
  0
LINE
  5
BFA
330
1A
100
AcDbEntity
  8
B.Cu
  6
CONTINUOUS
100
AcDbLine
 10
145.2740759999999796
 20
-88.0794739999999905
 30
0
 11
145.318649999999991
 21
-88.1118589999999955
 31
0
  0
LINE
  5
BFB
330
1A
100
AcDbEntity
  8
B.Cu
  6
CONTINUOUS
100
AcDbLine
 10
145.318649999999991
 20
-88.1118589999999955
 30
0
 11
145.5009680000000003
 21
-88.2047549999999916
 31
0
  0
LINE
  5
BFC
330
1A
100
AcDbEntity
  8
B.Cu
  6
CONTINUOUS
100
AcDbLine
 10
145.5009680000000003
 20
-88.2047549999999916
 30
0
 11
145.6955820000000017
 21
-88.2679899999999975
 31
0
  0
LINE
  5
BFD
330
1A
100
AcDbEntity
  8
B.Cu
  6
CONTINUOUS
100
AcDbLine
 10
145.6955820000000017
 20
-88.2679899999999975
 30
0
 11
145.8976830000000007
 21
-88.2999999999999972
 31
0
  0
LINE
  5
BFE
330
1A
100
AcDbEntity
  8
B.Cu
  6
CONTINUOUS
100
AcDbLine
 10
145.8976830000000007
 20
-88.2999999999999972
 30
0
 11
146.1023169999999993
 21
-88.2999999999999972
 31
0
  0
LINE
  5
BFF
330
1A
100
AcDbEntity
  8
B.Cu
  6
CONTINUOUS
100
AcDbLine
 10
146.1023169999999993
 20
-88.2999999999999972
 30
0
 11
146.3044170000000008
 21
-88.2679899999999975
 31
0
  0
LINE
  5
C00
330
1A
100
AcDbEntity
  8
B.Cu
  6
CONTINUOUS
100
AcDbLine
 10
146.3044170000000008
 20
-88.2679899999999975
 30
0
 11
146.4990310000000022
 21
-88.2047549999999916
 31
0
  0
LINE
  5
C01
330
1A
100
AcDbEntity
  8
B.Cu
  6
CONTINUOUS
100
AcDbLine
 10
146.4990310000000022
 20
-88.2047549999999916
 30
0
 11
146.6813489999999831
 21
-88.1118589999999955
 31
0
  0
LINE
  5
C02
330
1A
100
AcDbEntity
  8
B.Cu
  6
CONTINUOUS
100
AcDbLine
 10
146.6813489999999831
 20
-88.1118589999999955
 30
0
 11
146.7259209999999996
 21
-88.0794739999999905
 31
0
  0
LINE
  5
C03
330
1A
100
AcDbEntity
  8
B.Cu
  6
CONTINUOUS
100
AcDbLine
 10
146.7259209999999996
 20
-88.0794739999999905
 30
0
 11
146.3593449999999905
 21
-87.7128979999999956
 31
0
  0
LINE
  5
C04
330
1A
100
AcDbEntity
  8
B.Cu
  6
CONTINUOUS
100
AcDbLine
 10
146.3593449999999905
 20
-87.7128979999999956
 30
0
 11
146.2322279999999921
 21
-87.7655519999999996
 31
0
  0
LINE
  5
C05
330
1A
100
AcDbEntity
  8
B.Cu
  6
CONTINUOUS
100
AcDbLine
 10
146.2322279999999921
 20
-87.7655519999999996
 30
0
 11
146.0784139999999809
 21
-87.7961480000000023
 31
0
  0
LINE
  5
C06
330
1A
100
AcDbEntity
  8
B.Cu
  6
CONTINUOUS
100
AcDbLine
 10
146.0784139999999809
 20
-87.7961480000000023
 30
0
 11
145.9215859999999907
 21
-87.7961480000000023
 31
0
  0
LINE
  5
C07
330
1A
100
AcDbEntity
  8
B.Cu
  6
CONTINUOUS
100
AcDbLine
 10
145.9215859999999907
 20
-87.7961480000000023
 30
0
 11
145.7677719999999795
 21
-87.7655519999999996
 31
0
  0
LINE
  5
C08
330
1A
100
AcDbEntity
  8
B.Cu
  6
CONTINUOUS
100
AcDbLine
 10
145.7677719999999795
 20
-87.7655519999999996
 30
0
 11
145.6406529999999862
 21
-87.7128969999999981
 31
0
  0
LINE
  5
C09
330
1A
100
AcDbEntity
  8
B.Cu
  6
CONTINUOUS
100
AcDbLine
 10
145.6406529999999862
 20
-87.7128969999999981
 30
0
 11
145.2740759999999796
 21
-88.0794739999999905
 31
0
  0
LINE
  5
C0A
330
1A
100
AcDbEntity
  8
B.Cu
  6
CONTINUOUS
100
AcDbLine
 10
146.7128969999999981
 20
-86.6406520000000029
 30
0
 11
146.7655519999999854
 21
-86.7677719999999937
 31
0
  0
LINE
  5
C0B
330
1A
100
AcDbEntity
  8
B.Cu
  6
CONTINUOUS
100
AcDbLine
 10
146.7655519999999854
 20
-86.7677719999999937
 30
0
 11
146.7961479999999881
 21
-86.9215859999999907
 31
0
  0
LINE
  5
C0C
330
1A
100
AcDbEntity
  8
B.Cu
  6
CONTINUOUS
100
AcDbLine
 10
146.7961479999999881
 20
-86.9215859999999907
 30
0
 11
146.7961479999999881
 21
-87.0784139999999951
 31
0
  0
LINE
  5
C0D
330
1A
100
AcDbEntity
  8
B.Cu
  6
CONTINUOUS
100
AcDbLine
 10
146.7961479999999881
 20
-87.0784139999999951
 30
0
 11
146.7655519999999854
 21
-87.2322279999999921
 31
0
  0
LINE
  5
C0E
330
1A
100
AcDbEntity
  8
B.Cu
  6
CONTINUOUS
100
AcDbLine
 10
146.7655519999999854
 20
-87.2322279999999921
 30
0
 11
146.7128969999999981
 21
-87.3593449999999905
 31
0
  0
LINE
  5
C0F
330
1A
100
AcDbEntity
  8
B.Cu
  6
CONTINUOUS
100
AcDbLine
 10
146.7128969999999981
 20
-87.3593449999999905
 30
0
 11
147.0794740000000047
 21
-87.7259219999999971
 31
0
  0
LINE
  5
C10
330
1A
100
AcDbEntity
  8
B.Cu
  6
CONTINUOUS
100
AcDbLine
 10
147.0794740000000047
 20
-87.7259219999999971
 30
0
 11
147.0794740000000047
 21
-87.7259209999999996
 31
0
  0
LINE
  5
C11
330
1A
100
AcDbEntity
  8
B.Cu
  6
CONTINUOUS
100
AcDbLine
 10
147.0794740000000047
 20
-87.7259209999999996
 30
0
 11
147.1118589999999813
 21
-87.6813489999999973
 31
0
  0
LINE
  5
C12
330
1A
100
AcDbEntity
  8
B.Cu
  6
CONTINUOUS
100
AcDbLine
 10
147.1118589999999813
 20
-87.6813489999999973
 30
0
 11
147.2047550000000058
 21
-87.4990310000000022
 31
0
  0
LINE
  5
C13
330
1A
100
AcDbEntity
  8
B.Cu
  6
CONTINUOUS
100
AcDbLine
 10
147.2047550000000058
 20
-87.4990310000000022
 30
0
 11
147.2679899999999975
 21
-87.3044170000000008
 31
0
  0
LINE
  5
C14
330
1A
100
AcDbEntity
  8
B.Cu
  6
CONTINUOUS
100
AcDbLine
 10
147.2679899999999975
 20
-87.3044170000000008
 30
0
 11
147.2999999999999829
 21
-87.1023169999999993
 31
0
  0
LINE
  5
C15
330
1A
100
AcDbEntity
  8
B.Cu
  6
CONTINUOUS
100
AcDbLine
 10
147.2999999999999829
 20
-87.1023169999999993
 30
0
 11
147.2999999999999829
 21
-86.897681999999989
 31
0
  0
LINE
  5
C16
330
1A
100
AcDbEntity
  8
B.Cu
  6
CONTINUOUS
100
AcDbLine
 10
147.2999999999999829
 20
-86.897681999999989
 30
0
 11
147.2679899999999975
 21
-86.6955820000000017
 31
0
  0
LINE
  5
C17
330
1A
100
AcDbEntity
  8
B.Cu
  6
CONTINUOUS
100
AcDbLine
 10
147.2679899999999975
 20
-86.6955820000000017
 30
0
 11
147.2047550000000058
 21
-86.5009680000000003
 31
0
  0
LINE
  5
C18
330
1A
100
AcDbEntity
  8
B.Cu
  6
CONTINUOUS
100
AcDbLine
 10
147.2047550000000058
 20
-86.5009680000000003
 30
0
 11
147.1118589999999813
 21
-86.318649999999991
 31
0
  0
LINE
  5
C19
330
1A
100
AcDbEntity
  8
B.Cu
  6
CONTINUOUS
100
AcDbLine
 10
147.1118589999999813
 20
-86.318649999999991
 30
0
 11
147.0794740000000047
 21
-86.2740769999999912
 31
0
  0
LINE
  5
C1A
330
1A
100
AcDbEntity
  8
B.Cu
  6
CONTINUOUS
100
AcDbLine
 10
147.0794740000000047
 20
-86.2740769999999912
 30
0
 11
147.0794740000000047
 21
-86.2740759999999938
 31
0
  0
LINE
  5
C1B
330
1A
100
AcDbEntity
  8
B.Cu
  6
CONTINUOUS
100
AcDbLine
 10
147.0794740000000047
 20
-86.2740759999999938
 30
0
 11
146.7128969999999981
 21
-86.6406520000000029
 31
0
  0
LINE
  5
C1C
330
1A
100
AcDbEntity
  8
B.Cu
  6
CONTINUOUS
100
AcDbLine
 10
141.7128969999999981
 20
-86.6406520000000029
 30
0
 11
141.7655519999999854
 21
-86.7677719999999937
 31
0
  0
LINE
  5
C1D
330
1A
100
AcDbEntity
  8
B.Cu
  6
CONTINUOUS
100
AcDbLine
 10
141.7655519999999854
 20
-86.7677719999999937
 30
0
 11
141.7961479999999881
 21
-86.9215859999999907
 31
0
  0
LINE
  5
C1E
330
1A
100
AcDbEntity
  8
B.Cu
  6
CONTINUOUS
100
AcDbLine
 10
141.7961479999999881
 20
-86.9215859999999907
 30
0
 11
141.7961479999999881
 21
-87.0784139999999951
 31
0
  0
LINE
  5
C1F
330
1A
100
AcDbEntity
  8
B.Cu
  6
CONTINUOUS
100
AcDbLine
 10
141.7961479999999881
 20
-87.0784139999999951
 30
0
 11
141.7655519999999854
 21
-87.2322279999999921
 31
0
  0
LINE
  5
C20
330
1A
100
AcDbEntity
  8
B.Cu
  6
CONTINUOUS
100
AcDbLine
 10
141.7655519999999854
 20
-87.2322279999999921
 30
0
 11
141.7128979999999956
 21
-87.3593449999999905
 31
0
  0
LINE
  5
C21
330
1A
100
AcDbEntity
  8
B.Cu
  6
CONTINUOUS
100
AcDbLine
 10
141.7128979999999956
 20
-87.3593449999999905
 30
0
 11
142.0794740000000047
 21
-87.7259209999999996
 31
0
  0
LINE
  5
C22
330
1A
100
AcDbEntity
  8
B.Cu
  6
CONTINUOUS
100
AcDbLine
 10
142.0794740000000047
 20
-87.7259209999999996
 30
0
 11
142.1118589999999813
 21
-87.6813489999999973
 31
0
  0
LINE
  5
C23
330
1A
100
AcDbEntity
  8
B.Cu
  6
CONTINUOUS
100
AcDbLine
 10
142.1118589999999813
 20
-87.6813489999999973
 30
0
 11
142.2047550000000058
 21
-87.4990310000000022
 31
0
  0
LINE
  5
C24
330
1A
100
AcDbEntity
  8
B.Cu
  6
CONTINUOUS
100
AcDbLine
 10
142.2047550000000058
 20
-87.4990310000000022
 30
0
 11
142.2679899999999975
 21
-87.3044170000000008
 31
0
  0
LINE
  5
C25
330
1A
100
AcDbEntity
  8
B.Cu
  6
CONTINUOUS
100
AcDbLine
 10
142.2679899999999975
 20
-87.3044170000000008
 30
0
 11
142.2999999999999829
 21
-87.1023169999999993
 31
0
  0
LINE
  5
C26
330
1A
100
AcDbEntity
  8
B.Cu
  6
CONTINUOUS
100
AcDbLine
 10
142.2999999999999829
 20
-87.1023169999999993
 30
0
 11
142.2999999999999829
 21
-86.897681999999989
 31
0
  0
LINE
  5
C27
330
1A
100
AcDbEntity
  8
B.Cu
  6
CONTINUOUS
100
AcDbLine
 10
142.2999999999999829
 20
-86.897681999999989
 30
0
 11
142.2679899999999975
 21
-86.6955820000000017
 31
0
  0
LINE
  5
C28
330
1A
100
AcDbEntity
  8
B.Cu
  6
CONTINUOUS
100
AcDbLine
 10
142.2679899999999975
 20
-86.6955820000000017
 30
0
 11
142.2047550000000058
 21
-86.5009680000000003
 31
0
  0
LINE
  5
C29
330
1A
100
AcDbEntity
  8
B.Cu
  6
CONTINUOUS
100
AcDbLine
 10
142.2047550000000058
 20
-86.5009680000000003
 30
0
 11
142.1118589999999813
 21
-86.318649999999991
 31
0
  0
LINE
  5
C2A
330
1A
100
AcDbEntity
  8
B.Cu
  6
CONTINUOUS
100
AcDbLine
 10
142.1118589999999813
 20
-86.318649999999991
 30
0
 11
142.0794740000000047
 21
-86.2740769999999912
 31
0
  0
LINE
  5
C2B
330
1A
100
AcDbEntity
  8
B.Cu
  6
CONTINUOUS
100
AcDbLine
 10
142.0794740000000047
 20
-86.2740769999999912
 30
0
 11
142.0794740000000047
 21
-86.2740759999999938
 31
0
  0
LINE
  5
C2C
330
1A
100
AcDbEntity
  8
B.Cu
  6
CONTINUOUS
100
AcDbLine
 10
142.0794740000000047
 20
-86.2740759999999938
 30
0
 11
141.7128969999999981
 21
-86.6406520000000029
 31
0
  0
LINE
  5
C2D
330
1A
100
AcDbEntity
  8
B.Cu
  6
CONTINUOUS
100
AcDbLine
 10
164.4308929999999975
 20
-87.2226579999999956
 30
0
 11
164.5138279999999895
 21
-87.282913999999991
 31
0
  0
LINE
  5
C2E
330
1A
100
AcDbEntity
  8
B.Cu
  6
CONTINUOUS
100
AcDbLine
 10
164.5138279999999895
 20
-87.282913999999991
 30
0
 11
164.7241970000000038
 21
-87.3901019999999988
 31
0
  0
LINE
  5
C2F
330
1A
100
AcDbEntity
  8
B.Cu
  6
CONTINUOUS
100
AcDbLine
 10
164.7241970000000038
 20
-87.3901019999999988
 30
0
 11
164.9487519999999847
 21
-87.4630650000000003
 31
0
  0
LINE
  5
C30
330
1A
100
AcDbEntity
  8
B.Cu
  6
CONTINUOUS
100
AcDbLine
 10
164.9487519999999847
 20
-87.4630650000000003
 30
0
 11
164.9487509999999872
 21
-87.4630650000000003
 31
0
  0
LINE
  5
C31
330
1A
100
AcDbEntity
  8
B.Cu
  6
CONTINUOUS
100
AcDbLine
 10
164.9487509999999872
 20
-87.4630650000000003
 30
0
 11
165.1819480000000055
 21
-87.5
 31
0
  0
LINE
  5
C32
330
1A
100
AcDbEntity
  8
B.Cu
  6
CONTINUOUS
100
AcDbLine
 10
165.1819480000000055
 20
-87.5
 30
0
 11
165.4180519999999888
 21
-87.5
 31
0
  0
LINE
  5
C33
330
1A
100
AcDbEntity
  8
B.Cu
  6
CONTINUOUS
100
AcDbLine
 10
165.4180519999999888
 20
-87.5
 30
0
 11
165.6512469999999837
 21
-87.4630650000000003
 31
0
  0
LINE
  5
C34
330
1A
100
AcDbEntity
  8
B.Cu
  6
CONTINUOUS
100
AcDbLine
 10
165.6512469999999837
 20
-87.4630650000000003
 30
0
 11
165.8758019999999931
 21
-87.3901019999999988
 31
0
  0
LINE
  5
C35
330
1A
100
AcDbEntity
  8
B.Cu
  6
CONTINUOUS
100
AcDbLine
 10
165.8758019999999931
 20
-87.3901019999999988
 30
0
 11
166.0861629999999991
 21
-87.2829179999999951
 31
0
  0
LINE
  5
C36
330
1A
100
AcDbEntity
  8
B.Cu
  6
CONTINUOUS
100
AcDbLine
 10
166.0861629999999991
 20
-87.2829179999999951
 30
0
 11
166.086168999999984
 21
-87.282913999999991
 31
0
  0
LINE
  5
C37
330
1A
100
AcDbEntity
  8
B.Cu
  6
CONTINUOUS
100
AcDbLine
 10
166.086168999999984
 20
-87.282913999999991
 30
0
 11
166.1691040000000044
 21
-87.2226579999999956
 31
0
  0
LINE
  5
C38
330
1A
100
AcDbEntity
  8
B.Cu
  6
CONTINUOUS
100
AcDbLine
 10
166.1691040000000044
 20
-87.2226579999999956
 30
0
 11
166.1691050000000018
 21
-87.2226579999999956
 31
0
  0
LINE
  5
C39
330
1A
100
AcDbEntity
  8
B.Cu
  6
CONTINUOUS
100
AcDbLine
 10
166.1691050000000018
 20
-87.2226579999999956
 30
0
 11
165.8055479999999875
 21
-86.8591009999999955
 31
0
  0
LINE
  5
C3A
330
1A
100
AcDbEntity
  8
B.Cu
  6
CONTINUOUS
100
AcDbLine
 10
165.8055479999999875
 20
-86.8591009999999955
 30
0
 11
165.771396999999979
 21
-86.8819209999999913
 31
0
  0
LINE
  5
C3B
330
1A
100
AcDbEntity
  8
B.Cu
  6
CONTINUOUS
100
AcDbLine
 10
165.771396999999979
 20
-86.8819209999999913
 30
0
 11
165.5902849999999944
 21
-86.956940000000003
 31
0
  0
LINE
  5
C3C
330
1A
100
AcDbEntity
  8
B.Cu
  6
CONTINUOUS
100
AcDbLine
 10
165.5902849999999944
 20
-86.956940000000003
 30
0
 11
165.3980169999999816
 21
-86.9951849999999922
 31
0
  0
LINE
  5
C3D
330
1A
100
AcDbEntity
  8
B.Cu
  6
CONTINUOUS
100
AcDbLine
 10
165.3980169999999816
 20
-86.9951849999999922
 30
0
 11
165.2019829999999843
 21
-86.9951849999999922
 31
0
  0
LINE
  5
C3E
330
1A
100
AcDbEntity
  8
B.Cu
  6
CONTINUOUS
100
AcDbLine
 10
165.2019829999999843
 20
-86.9951849999999922
 30
0
 11
165.0097149999999999
 21
-86.956940000000003
 31
0
  0
LINE
  5
C3F
330
1A
100
AcDbEntity
  8
B.Cu
  6
CONTINUOUS
100
AcDbLine
 10
165.0097149999999999
 20
-86.956940000000003
 30
0
 11
164.8286029999999869
 21
-86.8819209999999913
 31
0
  0
LINE
  5
C40
330
1A
100
AcDbEntity
  8
B.Cu
  6
CONTINUOUS
100
AcDbLine
 10
164.8286029999999869
 20
-86.8819209999999913
 30
0
 11
164.7944499999999834
 21
-86.859099999999998
 31
0
  0
LINE
  5
C41
330
1A
100
AcDbEntity
  8
B.Cu
  6
CONTINUOUS
100
AcDbLine
 10
164.7944499999999834
 20
-86.859099999999998
 30
0
 11
164.4308929999999975
 21
-87.2226579999999956
 31
0
  0
LINE
  5
C42
330
1A
100
AcDbEntity
  8
B.Cu
  6
CONTINUOUS
100
AcDbLine
 10
166.1590999999999951
 20
-85.4944500000000005
 30
0
 11
166.1819209999999885
 21
-85.5286029999999897
 31
0
  0
LINE
  5
C43
330
1A
100
AcDbEntity
  8
B.Cu
  6
CONTINUOUS
100
AcDbLine
 10
166.1819209999999885
 20
-85.5286029999999897
 30
0
 11
166.256939999999986
 21
-85.7097150000000028
 31
0
  0
LINE
  5
C44
330
1A
100
AcDbEntity
  8
B.Cu
  6
CONTINUOUS
100
AcDbLine
 10
166.256939999999986
 20
-85.7097150000000028
 30
0
 11
166.2951850000000036
 21
-85.9019830000000013
 31
0
  0
LINE
  5
C45
330
1A
100
AcDbEntity
  8
B.Cu
  6
CONTINUOUS
100
AcDbLine
 10
166.2951850000000036
 20
-85.9019830000000013
 30
0
 11
166.2951850000000036
 21
-86.0980169999999987
 31
0
  0
LINE
  5
C46
330
1A
100
AcDbEntity
  8
B.Cu
  6
CONTINUOUS
100
AcDbLine
 10
166.2951850000000036
 20
-86.0980169999999987
 30
0
 11
166.256939999999986
 21
-86.2902849999999972
 31
0
  0
LINE
  5
C47
330
1A
100
AcDbEntity
  8
B.Cu
  6
CONTINUOUS
100
AcDbLine
 10
166.256939999999986
 20
-86.2902849999999972
 30
0
 11
166.1819209999999885
 21
-86.4713969999999961
 31
0
  0
LINE
  5
C48
330
1A
100
AcDbEntity
  8
B.Cu
  6
CONTINUOUS
100
AcDbLine
 10
166.1819209999999885
 20
-86.4713969999999961
 30
0
 11
166.1591009999999926
 21
-86.5055479999999903
 31
0
  0
LINE
  5
C49
330
1A
100
AcDbEntity
  8
B.Cu
  6
CONTINUOUS
100
AcDbLine
 10
166.1591009999999926
 20
-86.5055479999999903
 30
0
 11
166.5226579999999785
 21
-86.8691049999999905
 31
0
  0
LINE
  5
C4A
330
1A
100
AcDbEntity
  8
B.Cu
  6
CONTINUOUS
100
AcDbLine
 10
166.5226579999999785
 20
-86.8691049999999905
 30
0
 11
166.5226579999999785
 21
-86.869103999999993
 31
0
  0
LINE
  5
C4B
330
1A
100
AcDbEntity
  8
B.Cu
  6
CONTINUOUS
100
AcDbLine
 10
166.5226579999999785
 20
-86.869103999999993
 30
0
 11
166.5829139999999882
 21
-86.786169000000001
 31
0
  0
LINE
  5
C4C
330
1A
100
AcDbEntity
  8
B.Cu
  6
CONTINUOUS
100
AcDbLine
 10
166.5829139999999882
 20
-86.786169000000001
 30
0
 11
166.5829180000000065
 21
-86.7861630000000019
 31
0
  0
LINE
  5
C4D
330
1A
100
AcDbEntity
  8
B.Cu
  6
CONTINUOUS
100
AcDbLine
 10
166.5829180000000065
 20
-86.7861630000000019
 30
0
 11
166.690101999999996
 21
-86.5758019999999959
 31
0
  0
LINE
  5
C4E
330
1A
100
AcDbEntity
  8
B.Cu
  6
CONTINUOUS
100
AcDbLine
 10
166.690101999999996
 20
-86.5758019999999959
 30
0
 11
166.7630649999999832
 21
-86.3512470000000008
 31
0
  0
LINE
  5
C4F
330
1A
100
AcDbEntity
  8
B.Cu
  6
CONTINUOUS
100
AcDbLine
 10
166.7630649999999832
 20
-86.3512470000000008
 30
0
 11
166.7999999999999829
 21
-86.1180519999999916
 31
0
  0
LINE
  5
C50
330
1A
100
AcDbEntity
  8
B.Cu
  6
CONTINUOUS
100
AcDbLine
 10
166.7999999999999829
 20
-86.1180519999999916
 30
0
 11
166.7999999999999829
 21
-85.8819469999999967
 31
0
  0
LINE
  5
C51
330
1A
100
AcDbEntity
  8
B.Cu
  6
CONTINUOUS
100
AcDbLine
 10
166.7999999999999829
 20
-85.8819469999999967
 30
0
 11
166.7630649999999832
 21
-85.6487520000000018
 31
0
  0
LINE
  5
C52
330
1A
100
AcDbEntity
  8
B.Cu
  6
CONTINUOUS
100
AcDbLine
 10
166.7630649999999832
 20
-85.6487520000000018
 30
0
 11
166.690101999999996
 21
-85.4241969999999924
 31
0
  0
LINE
  5
C53
330
1A
100
AcDbEntity
  8
B.Cu
  6
CONTINUOUS
100
AcDbLine
 10
166.690101999999996
 20
-85.4241969999999924
 30
0
 11
166.5829139999999882
 21
-85.2138279999999924
 31
0
  0
LINE
  5
C54
330
1A
100
AcDbEntity
  8
B.Cu
  6
CONTINUOUS
100
AcDbLine
 10
166.5829139999999882
 20
-85.2138279999999924
 30
0
 11
166.5226579999999785
 21
-85.1308939999999978
 31
0
  0
LINE
  5
C55
330
1A
100
AcDbEntity
  8
B.Cu
  6
CONTINUOUS
100
AcDbLine
 10
166.5226579999999785
 20
-85.1308939999999978
 30
0
 11
166.5226579999999785
 21
-85.1308930000000004
 31
0
  0
LINE
  5
C56
330
1A
100
AcDbEntity
  8
B.Cu
  6
CONTINUOUS
100
AcDbLine
 10
166.5226579999999785
 20
-85.1308930000000004
 30
0
 11
166.1590999999999951
 21
-85.4944500000000005
 31
0
  0
LINE
  5
C57
330
1A
100
AcDbEntity
  8
B.Cu
  6
CONTINUOUS
100
AcDbLine
 10
140.6955820000000017
 20
-85.7320089999999908
 30
0
 11
140.5009680000000003
 21
-85.7952439999999967
 31
0
  0
LINE
  5
C58
330
1A
100
AcDbEntity
  8
B.Cu
  6
CONTINUOUS
100
AcDbLine
 10
140.5009680000000003
 20
-85.7952439999999967
 30
0
 11
140.3186440000000061
 21
-85.8881429999999995
 31
0
  0
LINE
  5
C59
330
1A
100
AcDbEntity
  8
B.Cu
  6
CONTINUOUS
100
AcDbLine
 10
140.3186440000000061
 20
-85.8881429999999995
 30
0
 11
140.2740770000000055
 21
-85.9205230000000029
 31
0
  0
LINE
  5
C5A
330
1A
100
AcDbEntity
  8
B.Cu
  6
CONTINUOUS
100
AcDbLine
 10
140.2740770000000055
 20
-85.9205230000000029
 30
0
 11
140.2740770000000055
 21
-85.9205240000000003
 31
0
  0
LINE
  5
C5B
330
1A
100
AcDbEntity
  8
B.Cu
  6
CONTINUOUS
100
AcDbLine
 10
140.2740770000000055
 20
-85.9205240000000003
 30
0
 11
140.6406549999999811
 21
-86.2871009999999927
 31
0
  0
LINE
  5
C5C
330
1A
100
AcDbEntity
  8
B.Cu
  6
CONTINUOUS
100
AcDbLine
 10
140.6406549999999811
 20
-86.2871009999999927
 30
0
 11
140.7677719999999795
 21
-86.2344480000000004
 31
0
  0
LINE
  5
C5D
330
1A
100
AcDbEntity
  8
B.Cu
  6
CONTINUOUS
100
AcDbLine
 10
140.7677719999999795
 20
-86.2344480000000004
 30
0
 11
140.9215859999999907
 21
-86.2038519999999977
 31
0
  0
LINE
  5
C5E
330
1A
100
AcDbEntity
  8
B.Cu
  6
CONTINUOUS
100
AcDbLine
 10
140.9215859999999907
 20
-86.2038519999999977
 30
0
 11
141.0784139999999809
 21
-86.2038519999999977
 31
0
  0
LINE
  5
C5F
330
1A
100
AcDbEntity
  8
B.Cu
  6
CONTINUOUS
100
AcDbLine
 10
141.0784139999999809
 20
-86.2038519999999977
 30
0
 11
141.2322279999999921
 21
-86.2344480000000004
 31
0
  0
LINE
  5
C60
330
1A
100
AcDbEntity
  8
B.Cu
  6
CONTINUOUS
100
AcDbLine
 10
141.2322279999999921
 20
-86.2344480000000004
 30
0
 11
141.359343999999993
 21
-86.2871009999999927
 31
0
  0
LINE
  5
C61
330
1A
100
AcDbEntity
  8
B.Cu
  6
CONTINUOUS
100
AcDbLine
 10
141.359343999999993
 20
-86.2871009999999927
 30
0
 11
141.7259219999999971
 21
-85.9205240000000003
 31
0
  0
LINE
  5
C62
330
1A
100
AcDbEntity
  8
B.Cu
  6
CONTINUOUS
100
AcDbLine
 10
141.7259219999999971
 20
-85.9205240000000003
 30
0
 11
141.7259209999999996
 21
-85.9205230000000029
 31
0
  0
LINE
  5
C63
330
1A
100
AcDbEntity
  8
B.Cu
  6
CONTINUOUS
100
AcDbLine
 10
141.7259209999999996
 20
-85.9205230000000029
 30
0
 11
141.6813589999999863
 21
-85.8881469999999894
 31
0
  0
LINE
  5
C64
330
1A
100
AcDbEntity
  8
B.Cu
  6
CONTINUOUS
100
AcDbLine
 10
141.6813589999999863
 20
-85.8881469999999894
 30
0
 11
141.6813499999999806
 21
-85.8881409999999903
 31
0
  0
LINE
  5
C65
330
1A
100
AcDbEntity
  8
B.Cu
  6
CONTINUOUS
100
AcDbLine
 10
141.6813499999999806
 20
-85.8881409999999903
 30
0
 11
141.4990310000000022
 21
-85.7952439999999967
 31
0
  0
LINE
  5
C66
330
1A
100
AcDbEntity
  8
B.Cu
  6
CONTINUOUS
100
AcDbLine
 10
141.4990310000000022
 20
-85.7952439999999967
 30
0
 11
141.3044170000000008
 21
-85.7320089999999908
 31
0
  0
LINE
  5
C67
330
1A
100
AcDbEntity
  8
B.Cu
  6
CONTINUOUS
100
AcDbLine
 10
141.3044170000000008
 20
-85.7320089999999908
 30
0
 11
141.1023169999999993
 21
-85.7000000000000028
 31
0
  0
LINE
  5
C68
330
1A
100
AcDbEntity
  8
B.Cu
  6
CONTINUOUS
100
AcDbLine
 10
141.1023169999999993
 20
-85.7000000000000028
 30
0
 11
140.8976830000000007
 21
-85.7000000000000028
 31
0
  0
LINE
  5
C69
330
1A
100
AcDbEntity
  8
B.Cu
  6
CONTINUOUS
100
AcDbLine
 10
140.8976830000000007
 20
-85.7000000000000028
 30
0
 11
140.6955820000000017
 21
-85.7320089999999908
 31
0
  0
LINE
  5
C6A
330
1A
100
AcDbEntity
  8
B.Cu
  6
CONTINUOUS
100
AcDbLine
 10
145.6955820000000017
 20
-85.7320089999999908
 30
0
 11
145.5009680000000003
 21
-85.7952439999999967
 31
0
  0
LINE
  5
C6B
330
1A
100
AcDbEntity
  8
B.Cu
  6
CONTINUOUS
100
AcDbLine
 10
145.5009680000000003
 20
-85.7952439999999967
 30
0
 11
145.3186440000000061
 21
-85.8881429999999995
 31
0
  0
LINE
  5
C6C
330
1A
100
AcDbEntity
  8
B.Cu
  6
CONTINUOUS
100
AcDbLine
 10
145.3186440000000061
 20
-85.8881429999999995
 30
0
 11
145.2740770000000055
 21
-85.9205230000000029
 31
0
  0
LINE
  5
C6D
330
1A
100
AcDbEntity
  8
B.Cu
  6
CONTINUOUS
100
AcDbLine
 10
145.2740770000000055
 20
-85.9205230000000029
 30
0
 11
145.2740770000000055
 21
-85.9205240000000003
 31
0
  0
LINE
  5
C6E
330
1A
100
AcDbEntity
  8
B.Cu
  6
CONTINUOUS
100
AcDbLine
 10
145.2740770000000055
 20
-85.9205240000000003
 30
0
 11
145.6406549999999811
 21
-86.2871009999999927
 31
0
  0
LINE
  5
C6F
330
1A
100
AcDbEntity
  8
B.Cu
  6
CONTINUOUS
100
AcDbLine
 10
145.6406549999999811
 20
-86.2871009999999927
 30
0
 11
145.7677719999999795
 21
-86.2344480000000004
 31
0
  0
LINE
  5
C70
330
1A
100
AcDbEntity
  8
B.Cu
  6
CONTINUOUS
100
AcDbLine
 10
145.7677719999999795
 20
-86.2344480000000004
 30
0
 11
145.9215859999999907
 21
-86.2038519999999977
 31
0
  0
LINE
  5
C71
330
1A
100
AcDbEntity
  8
B.Cu
  6
CONTINUOUS
100
AcDbLine
 10
145.9215859999999907
 20
-86.2038519999999977
 30
0
 11
146.0784139999999809
 21
-86.2038519999999977
 31
0
  0
LINE
  5
C72
330
1A
100
AcDbEntity
  8
B.Cu
  6
CONTINUOUS
100
AcDbLine
 10
146.0784139999999809
 20
-86.2038519999999977
 30
0
 11
146.2322279999999921
 21
-86.2344480000000004
 31
0
  0
LINE
  5
C73
330
1A
100
AcDbEntity
  8
B.Cu
  6
CONTINUOUS
100
AcDbLine
 10
146.2322279999999921
 20
-86.2344480000000004
 30
0
 11
146.359343999999993
 21
-86.2871009999999927
 31
0
  0
LINE
  5
C74
330
1A
100
AcDbEntity
  8
B.Cu
  6
CONTINUOUS
100
AcDbLine
 10
146.359343999999993
 20
-86.2871009999999927
 30
0
 11
146.7259219999999971
 21
-85.9205240000000003
 31
0
  0
LINE
  5
C75
330
1A
100
AcDbEntity
  8
B.Cu
  6
CONTINUOUS
100
AcDbLine
 10
146.7259219999999971
 20
-85.9205240000000003
 30
0
 11
146.7259209999999996
 21
-85.9205230000000029
 31
0
  0
LINE
  5
C76
330
1A
100
AcDbEntity
  8
B.Cu
  6
CONTINUOUS
100
AcDbLine
 10
146.7259209999999996
 20
-85.9205230000000029
 30
0
 11
146.6813589999999863
 21
-85.8881469999999894
 31
0
  0
LINE
  5
C77
330
1A
100
AcDbEntity
  8
B.Cu
  6
CONTINUOUS
100
AcDbLine
 10
146.6813589999999863
 20
-85.8881469999999894
 30
0
 11
146.6813499999999806
 21
-85.8881409999999903
 31
0
  0
LINE
  5
C78
330
1A
100
AcDbEntity
  8
B.Cu
  6
CONTINUOUS
100
AcDbLine
 10
146.6813499999999806
 20
-85.8881409999999903
 30
0
 11
146.4990310000000022
 21
-85.7952439999999967
 31
0
  0
LINE
  5
C79
330
1A
100
AcDbEntity
  8
B.Cu
  6
CONTINUOUS
100
AcDbLine
 10
146.4990310000000022
 20
-85.7952439999999967
 30
0
 11
146.3044170000000008
 21
-85.7320089999999908
 31
0
  0
LINE
  5
C7A
330
1A
100
AcDbEntity
  8
B.Cu
  6
CONTINUOUS
100
AcDbLine
 10
146.3044170000000008
 20
-85.7320089999999908
 30
0
 11
146.1023169999999993
 21
-85.7000000000000028
 31
0
  0
LINE
  5
C7B
330
1A
100
AcDbEntity
  8
B.Cu
  6
CONTINUOUS
100
AcDbLine
 10
146.1023169999999993
 20
-85.7000000000000028
 30
0
 11
145.8976830000000007
 21
-85.7000000000000028
 31
0
  0
LINE
  5
C7C
330
1A
100
AcDbEntity
  8
B.Cu
  6
CONTINUOUS
100
AcDbLine
 10
145.8976830000000007
 20
-85.7000000000000028
 30
0
 11
145.6955820000000017
 21
-85.7320089999999908
 31
0
  0
LINE
  5
C7D
330
1A
100
AcDbEntity
  8
B.Cu
  6
CONTINUOUS
100
AcDbLine
 10
164.9487519999999847
 20
-84.5369340000000022
 30
0
 11
164.7241970000000038
 21
-84.6098969999999895
 31
0
  0
LINE
  5
C7E
330
1A
100
AcDbEntity
  8
B.Cu
  6
CONTINUOUS
100
AcDbLine
 10
164.7241970000000038
 20
-84.6098969999999895
 30
0
 11
164.5138299999999845
 21
-84.7170839999999998
 31
0
  0
LINE
  5
C7F
330
1A
100
AcDbEntity
  8
B.Cu
  6
CONTINUOUS
100
AcDbLine
 10
164.5138299999999845
 20
-84.7170839999999998
 30
0
 11
164.430893999999995
 21
-84.7773399999999953
 31
0
  0
LINE
  5
C80
330
1A
100
AcDbEntity
  8
B.Cu
  6
CONTINUOUS
100
AcDbLine
 10
164.430893999999995
 20
-84.7773399999999953
 30
0
 11
164.7944519999999784
 21
-85.1408979999999929
 31
0
  0
LINE
  5
C81
330
1A
100
AcDbEntity
  8
B.Cu
  6
CONTINUOUS
100
AcDbLine
 10
164.7944519999999784
 20
-85.1408979999999929
 30
0
 11
164.8286029999999869
 21
-85.1180789999999945
 31
0
  0
LINE
  5
C82
330
1A
100
AcDbEntity
  8
B.Cu
  6
CONTINUOUS
100
AcDbLine
 10
164.8286029999999869
 20
-85.1180789999999945
 30
0
 11
165.0097149999999999
 21
-85.043059999999997
 31
0
  0
LINE
  5
C83
330
1A
100
AcDbEntity
  8
B.Cu
  6
CONTINUOUS
100
AcDbLine
 10
165.0097149999999999
 20
-85.043059999999997
 30
0
 11
165.2019829999999843
 21
-85.0048149999999936
 31
0
  0
LINE
  5
C84
330
1A
100
AcDbEntity
  8
B.Cu
  6
CONTINUOUS
100
AcDbLine
 10
165.2019829999999843
 20
-85.0048149999999936
 30
0
 11
165.3980169999999816
 21
-85.0048149999999936
 31
0
  0
LINE
  5
C85
330
1A
100
AcDbEntity
  8
B.Cu
  6
CONTINUOUS
100
AcDbLine
 10
165.3980169999999816
 20
-85.0048149999999936
 30
0
 11
165.5902849999999944
 21
-85.043059999999997
 31
0
  0
LINE
  5
C86
330
1A
100
AcDbEntity
  8
B.Cu
  6
CONTINUOUS
100
AcDbLine
 10
165.5902849999999944
 20
-85.043059999999997
 30
0
 11
165.771396999999979
 21
-85.1180789999999945
 31
0
  0
LINE
  5
C87
330
1A
100
AcDbEntity
  8
B.Cu
  6
CONTINUOUS
100
AcDbLine
 10
165.771396999999979
 20
-85.1180789999999945
 30
0
 11
165.80554699999999
 21
-85.1408969999999954
 31
0
  0
LINE
  5
C88
330
1A
100
AcDbEntity
  8
B.Cu
  6
CONTINUOUS
100
AcDbLine
 10
165.80554699999999
 20
-85.1408969999999954
 30
0
 11
166.1691050000000018
 21
-84.7773399999999953
 31
0
  0
LINE
  5
C89
330
1A
100
AcDbEntity
  8
B.Cu
  6
CONTINUOUS
100
AcDbLine
 10
166.1691050000000018
 20
-84.7773399999999953
 30
0
 11
166.1691040000000044
 21
-84.7773380000000003
 31
0
  0
LINE
  5
C8A
330
1A
100
AcDbEntity
  8
B.Cu
  6
CONTINUOUS
100
AcDbLine
 10
166.1691040000000044
 20
-84.7773380000000003
 30
0
 11
166.0861739999999998
 21
-84.7170869999999923
 31
0
  0
LINE
  5
C8B
330
1A
100
AcDbEntity
  8
B.Cu
  6
CONTINUOUS
100
AcDbLine
 10
166.0861739999999998
 20
-84.7170869999999923
 30
0
 11
165.8758019999999931
 21
-84.6098969999999895
 31
0
  0
LINE
  5
C8C
330
1A
100
AcDbEntity
  8
B.Cu
  6
CONTINUOUS
100
AcDbLine
 10
165.8758019999999931
 20
-84.6098969999999895
 30
0
 11
165.6512469999999837
 21
-84.5369340000000022
 31
0
  0
LINE
  5
C8D
330
1A
100
AcDbEntity
  8
B.Cu
  6
CONTINUOUS
100
AcDbLine
 10
165.6512469999999837
 20
-84.5369340000000022
 30
0
 11
165.6512479999999812
 21
-84.5369340000000022
 31
0
  0
LINE
  5
C8E
330
1A
100
AcDbEntity
  8
B.Cu
  6
CONTINUOUS
100
AcDbLine
 10
165.6512479999999812
 20
-84.5369340000000022
 30
0
 11
165.4180519999999888
 21
-84.5
 31
0
  0
LINE
  5
C8F
330
1A
100
AcDbEntity
  8
B.Cu
  6
CONTINUOUS
100
AcDbLine
 10
165.4180519999999888
 20
-84.5
 30
0
 11
165.1819480000000055
 21
-84.5
 31
0
  0
LINE
  5
C90
330
1A
100
AcDbEntity
  8
B.Cu
  6
CONTINUOUS
100
AcDbLine
 10
165.1819480000000055
 20
-84.5
 30
0
 11
164.9487519999999847
 21
-84.5369340000000022
 31
0
  0
LINE
  5
C91
330
1A
100
AcDbEntity
  8
B.Cu
  6
CONTINUOUS
100
AcDbLine
 10
135.5
 20
-82.25
 30
0
 11
135.5
 21
-83.0478439999999978
 31
0
  0
LINE
  5
C92
330
1A
100
AcDbEntity
  8
B.Cu
  6
CONTINUOUS
100
AcDbLine
 10
135.5
 20
-83.0478439999999978
 30
0
 11
135.5064009999999826
 21
-83.107371999999998
 31
0
  0
LINE
  5
C93
330
1A
100
AcDbEntity
  8
B.Cu
  6
CONTINUOUS
100
AcDbLine
 10
135.5064009999999826
 20
-83.107371999999998
 30
0
 11
135.5064030000000059
 21
-83.1073789999999946
 31
0
  0
LINE
  5
C94
330
1A
100
AcDbEntity
  8
B.Cu
  6
CONTINUOUS
100
AcDbLine
 10
135.5064030000000059
 20
-83.1073789999999946
 30
0
 11
135.5566450000000032
 21
-83.2420860000000005
 31
0
  0
LINE
  5
C95
330
1A
100
AcDbEntity
  8
B.Cu
  6
CONTINUOUS
100
AcDbLine
 10
135.5566450000000032
 20
-83.2420860000000005
 30
0
 11
135.5566489999999931
 21
-83.242092999999997
 31
0
  0
LINE
  5
C96
330
1A
100
AcDbEntity
  8
B.Cu
  6
CONTINUOUS
100
AcDbLine
 10
135.5566489999999931
 20
-83.242092999999997
 30
0
 11
135.6428089999999997
 21
-83.3571869999999961
 31
0
  0
LINE
  5
C97
330
1A
100
AcDbEntity
  8
B.Cu
  6
CONTINUOUS
100
AcDbLine
 10
135.6428089999999997
 20
-83.3571869999999961
 30
0
 11
135.6428119999999922
 21
-83.3571900000000028
 31
0
  0
LINE
  5
C98
330
1A
100
AcDbEntity
  8
B.Cu
  6
CONTINUOUS
100
AcDbLine
 10
135.6428119999999922
 20
-83.3571900000000028
 30
0
 11
135.7579059999999913
 21
-83.4433499999999952
 31
0
  0
LINE
  5
C99
330
1A
100
AcDbEntity
  8
B.Cu
  6
CONTINUOUS
100
AcDbLine
 10
135.7579059999999913
 20
-83.4433499999999952
 30
0
 11
135.7579130000000021
 21
-83.4433539999999994
 31
0
  0
LINE
  5
C9A
330
1A
100
AcDbEntity
  8
B.Cu
  6
CONTINUOUS
100
AcDbLine
 10
135.7579130000000021
 20
-83.4433539999999994
 30
0
 11
135.8926199999999938
 21
-83.4935959999999966
 31
0
  0
LINE
  5
C9B
330
1A
100
AcDbEntity
  8
B.Cu
  6
CONTINUOUS
100
AcDbLine
 10
135.8926199999999938
 20
-83.4935959999999966
 30
0
 11
135.8926270000000045
 21
-83.4935979999999915
 31
0
  0
LINE
  5
C9C
330
1A
100
AcDbEntity
  8
B.Cu
  6
CONTINUOUS
100
AcDbLine
 10
135.8926270000000045
 20
-83.4935979999999915
 30
0
 11
135.9521550000000047
 21
-83.4999990000000025
 31
0
  0
LINE
  5
C9D
330
1A
100
AcDbEntity
  8
B.Cu
  6
CONTINUOUS
100
AcDbLine
 10
135.9521550000000047
 20
-83.4999990000000025
 30
0
 11
135.9521719999999902
 21
-83.5
 31
0
  0
LINE
  5
C9E
330
1A
100
AcDbEntity
  8
B.Cu
  6
CONTINUOUS
100
AcDbLine
 10
135.9521719999999902
 20
-83.5
 30
0
 11
136.75
 21
-83.5
 31
0
  0
LINE
  5
C9F
330
1A
100
AcDbEntity
  8
B.Cu
  6
CONTINUOUS
100
AcDbLine
 10
136.75
 20
-83.5
 30
0
 11
136.75
 21
-83.
 31
0
  0
LINE
  5
CA0
330
1A
100
AcDbEntity
  8
B.Cu
  6
CONTINUOUS
100
AcDbLine
 10
136.75
 20
-83.
 30
0
 11
136.
 21
-83.
 31
0
  0
LINE
  5
CA1
330
1A
100
AcDbEntity
  8
B.Cu
  6
CONTINUOUS
100
AcDbLine
 10
136.
 20
-83.
 30
0
 11
136.
 21
-82.25
 31
0
  0
LINE
  5
CA2
330
1A
100
AcDbEntity
  8
B.Cu
  6
CONTINUOUS
100
AcDbLine
 10
136.
 20
-82.25
 30
0
 11
135.5
 21
-82.25
 31
0
  0
LINE
  5
CA3
330
1A
100
AcDbEntity
  8
B.Cu
  6
CONTINUOUS
100
AcDbLine
 10
138.
 20
-83.
 30
0
 11
137.25
 21
-83.
 31
0
  0
LINE
  5
CA4
330
1A
100
AcDbEntity
  8
B.Cu
  6
CONTINUOUS
100
AcDbLine
 10
137.25
 20
-83.
 30
0
 11
137.25
 21
-83.5
 31
0
  0
LINE
  5
CA5
330
1A
100
AcDbEntity
  8
B.Cu
  6
CONTINUOUS
100
AcDbLine
 10
137.25
 20
-83.5
 30
0
 11
138.0478279999999813
 21
-83.5
 31
0
  0
LINE
  5
CA6
330
1A
100
AcDbEntity
  8
B.Cu
  6
CONTINUOUS
100
AcDbLine
 10
138.0478279999999813
 20
-83.5
 30
0
 11
138.0478439999999978
 21
-83.4999990000000025
 31
0
  0
LINE
  5
CA7
330
1A
100
AcDbEntity
  8
B.Cu
  6
CONTINUOUS
100
AcDbLine
 10
138.0478439999999978
 20
-83.4999990000000025
 30
0
 11
138.107371999999998
 21
-83.4935979999999915
 31
0
  0
LINE
  5
CA8
330
1A
100
AcDbEntity
  8
B.Cu
  6
CONTINUOUS
100
AcDbLine
 10
138.107371999999998
 20
-83.4935979999999915
 30
0
 11
138.1073789999999804
 21
-83.4935959999999966
 31
0
  0
LINE
  5
CA9
330
1A
100
AcDbEntity
  8
B.Cu
  6
CONTINUOUS
100
AcDbLine
 10
138.1073789999999804
 20
-83.4935959999999966
 30
0
 11
138.2420860000000005
 21
-83.4433539999999994
 31
0
  0
LINE
  5
CAA
330
1A
100
AcDbEntity
  8
B.Cu
  6
CONTINUOUS
100
AcDbLine
 10
138.2420860000000005
 20
-83.4433539999999994
 30
0
 11
138.2420929999999828
 21
-83.4433499999999952
 31
0
  0
LINE
  5
CAB
330
1A
100
AcDbEntity
  8
B.Cu
  6
CONTINUOUS
100
AcDbLine
 10
138.2420929999999828
 20
-83.4433499999999952
 30
0
 11
138.3571869999999819
 21
-83.3571900000000028
 31
0
  0
LINE
  5
CAC
330
1A
100
AcDbEntity
  8
B.Cu
  6
CONTINUOUS
100
AcDbLine
 10
138.3571869999999819
 20
-83.3571900000000028
 30
0
 11
138.3571900000000028
 21
-83.3571869999999961
 31
0
  0
LINE
  5
CAD
330
1A
100
AcDbEntity
  8
B.Cu
  6
CONTINUOUS
100
AcDbLine
 10
138.3571900000000028
 20
-83.3571869999999961
 30
0
 11
138.443349999999981
 21
-83.242092999999997
 31
0
  0
LINE
  5
CAE
330
1A
100
AcDbEntity
  8
B.Cu
  6
CONTINUOUS
100
AcDbLine
 10
138.443349999999981
 20
-83.242092999999997
 30
0
 11
138.4433539999999994
 21
-83.2420860000000005
 31
0
  0
LINE
  5
CAF
330
1A
100
AcDbEntity
  8
B.Cu
  6
CONTINUOUS
100
AcDbLine
 10
138.4433539999999994
 20
-83.2420860000000005
 30
0
 11
138.4935959999999966
 21
-83.1073789999999946
 31
0
  0
LINE
  5
CB0
330
1A
100
AcDbEntity
  8
B.Cu
  6
CONTINUOUS
100
AcDbLine
 10
138.4935959999999966
 20
-83.1073789999999946
 30
0
 11
138.4935979999999915
 21
-83.107371999999998
 31
0
  0
LINE
  5
CB1
330
1A
100
AcDbEntity
  8
B.Cu
  6
CONTINUOUS
100
AcDbLine
 10
138.4935979999999915
 20
-83.107371999999998
 30
0
 11
138.4999990000000025
 21
-83.0478439999999978
 31
0
  0
LINE
  5
CB2
330
1A
100
AcDbEntity
  8
B.Cu
  6
CONTINUOUS
100
AcDbLine
 10
138.4999990000000025
 20
-83.0478439999999978
 30
0
 11
138.5
 21
-83.0478269999999981
 31
0
  0
LINE
  5
CB3
330
1A
100
AcDbEntity
  8
B.Cu
  6
CONTINUOUS
100
AcDbLine
 10
138.5
 20
-83.0478269999999981
 30
0
 11
138.5
 21
-82.25
 31
0
  0
LINE
  5
CB4
330
1A
100
AcDbEntity
  8
B.Cu
  6
CONTINUOUS
100
AcDbLine
 10
138.5
 20
-82.25
 30
0
 11
138.
 21
-82.25
 31
0
  0
LINE
  5
CB5
330
1A
100
AcDbEntity
  8
B.Cu
  6
CONTINUOUS
100
AcDbLine
 10
138.
 20
-82.25
 30
0
 11
138.
 21
-83.
 31
0
  0
LINE
  5
CB6
330
1A
100
AcDbEntity
  8
B.Cu
  6
CONTINUOUS
100
AcDbLine
 10
137.25
 20
-81.
 30
0
 11
138.
 21
-81.
 31
0
  0
LINE
  5
CB7
330
1A
100
AcDbEntity
  8
B.Cu
  6
CONTINUOUS
100
AcDbLine
 10
138.
 20
-81.
 30
0
 11
138.
 21
-81.75
 31
0
  0
LINE
  5
CB8
330
1A
100
AcDbEntity
  8
B.Cu
  6
CONTINUOUS
100
AcDbLine
 10
138.
 20
-81.75
 30
0
 11
138.5
 21
-81.75
 31
0
  0
LINE
  5
CB9
330
1A
100
AcDbEntity
  8
B.Cu
  6
CONTINUOUS
100
AcDbLine
 10
138.5
 20
-81.75
 30
0
 11
138.5
 21
-80.9521719999999902
 31
0
  0
LINE
  5
CBA
330
1A
100
AcDbEntity
  8
B.Cu
  6
CONTINUOUS
100
AcDbLine
 10
138.5
 20
-80.9521719999999902
 30
0
 11
138.4999990000000025
 21
-80.9521549999999905
 31
0
  0
LINE
  5
CBB
330
1A
100
AcDbEntity
  8
B.Cu
  6
CONTINUOUS
100
AcDbLine
 10
138.4999990000000025
 20
-80.9521549999999905
 30
0
 11
138.4935979999999915
 21
-80.8926269999999903
 31
0
  0
LINE
  5
CBC
330
1A
100
AcDbEntity
  8
B.Cu
  6
CONTINUOUS
100
AcDbLine
 10
138.4935979999999915
 20
-80.8926269999999903
 30
0
 11
138.4935959999999966
 21
-80.8926199999999938
 31
0
  0
LINE
  5
CBD
330
1A
100
AcDbEntity
  8
B.Cu
  6
CONTINUOUS
100
AcDbLine
 10
138.4935959999999966
 20
-80.8926199999999938
 30
0
 11
138.4433539999999994
 21
-80.7579130000000021
 31
0
  0
LINE
  5
CBE
330
1A
100
AcDbEntity
  8
B.Cu
  6
CONTINUOUS
100
AcDbLine
 10
138.4433539999999994
 20
-80.7579130000000021
 30
0
 11
138.443349999999981
 21
-80.7579059999999913
 31
0
  0
LINE
  5
CBF
330
1A
100
AcDbEntity
  8
B.Cu
  6
CONTINUOUS
100
AcDbLine
 10
138.443349999999981
 20
-80.7579059999999913
 30
0
 11
138.3571900000000028
 21
-80.6428119999999922
 31
0
  0
LINE
  5
CC0
330
1A
100
AcDbEntity
  8
B.Cu
  6
CONTINUOUS
100
AcDbLine
 10
138.3571900000000028
 20
-80.6428119999999922
 30
0
 11
138.3571869999999819
 21
-80.6428089999999997
 31
0
  0
LINE
  5
CC1
330
1A
100
AcDbEntity
  8
B.Cu
  6
CONTINUOUS
100
AcDbLine
 10
138.3571869999999819
 20
-80.6428089999999997
 30
0
 11
138.2420929999999828
 21
-80.5566489999999931
 31
0
  0
LINE
  5
CC2
330
1A
100
AcDbEntity
  8
B.Cu
  6
CONTINUOUS
100
AcDbLine
 10
138.2420929999999828
 20
-80.5566489999999931
 30
0
 11
138.2420860000000005
 21
-80.5566450000000032
 31
0
  0
LINE
  5
CC3
330
1A
100
AcDbEntity
  8
B.Cu
  6
CONTINUOUS
100
AcDbLine
 10
138.2420860000000005
 20
-80.5566450000000032
 30
0
 11
138.1073789999999804
 21
-80.5064029999999917
 31
0
  0
LINE
  5
CC4
330
1A
100
AcDbEntity
  8
B.Cu
  6
CONTINUOUS
100
AcDbLine
 10
138.1073789999999804
 20
-80.5064029999999917
 30
0
 11
138.107371999999998
 21
-80.5064009999999968
 31
0
  0
LINE
  5
CC5
330
1A
100
AcDbEntity
  8
B.Cu
  6
CONTINUOUS
100
AcDbLine
 10
138.107371999999998
 20
-80.5064009999999968
 30
0
 11
138.0478439999999978
 21
-80.5
 31
0
  0
LINE
  5
CC6
330
1A
100
AcDbEntity
  8
B.Cu
  6
CONTINUOUS
100
AcDbLine
 10
138.0478439999999978
 20
-80.5
 30
0
 11
137.25
 21
-80.5
 31
0
  0
LINE
  5
CC7
330
1A
100
AcDbEntity
  8
B.Cu
  6
CONTINUOUS
100
AcDbLine
 10
137.25
 20
-80.5
 30
0
 11
137.25
 21
-81.
 31
0
  0
LINE
  5
CC8
330
1A
100
AcDbEntity
  8
B.Cu
  6
CONTINUOUS
100
AcDbLine
 10
144.5300000000000011
 20
-78.789999999999992
 30
0
 11
144.5300000000000011
 21
-79.4378439999999983
 31
0
  0
LINE
  5
CC9
330
1A
100
AcDbEntity
  8
B.Cu
  6
CONTINUOUS
100
AcDbLine
 10
144.5300000000000011
 20
-79.4378439999999983
 30
0
 11
144.5364009999999837
 21
-79.4973719999999986
 31
0
  0
LINE
  5
CCA
330
1A
100
AcDbEntity
  8
B.Cu
  6
CONTINUOUS
100
AcDbLine
 10
144.5364009999999837
 20
-79.4973719999999986
 30
0
 11
144.5364030000000071
 21
-79.4973789999999951
 31
0
  0
LINE
  5
CCB
330
1A
100
AcDbEntity
  8
B.Cu
  6
CONTINUOUS
100
AcDbLine
 10
144.5364030000000071
 20
-79.4973789999999951
 30
0
 11
144.5866450000000043
 21
-79.632086000000001
 31
0
  0
LINE
  5
CCC
330
1A
100
AcDbEntity
  8
B.Cu
  6
CONTINUOUS
100
AcDbLine
 10
144.5866450000000043
 20
-79.632086000000001
 30
0
 11
144.5866489999999942
 21
-79.6320929999999976
 31
0
  0
LINE
  5
CCD
330
1A
100
AcDbEntity
  8
B.Cu
  6
CONTINUOUS
100
AcDbLine
 10
144.5866489999999942
 20
-79.6320929999999976
 30
0
 11
144.6728090000000009
 21
-79.7471869999999967
 31
0
  0
LINE
  5
CCE
330
1A
100
AcDbEntity
  8
B.Cu
  6
CONTINUOUS
100
AcDbLine
 10
144.6728090000000009
 20
-79.7471869999999967
 30
0
 11
144.6728119999999933
 21
-79.7471900000000034
 31
0
  0
LINE
  5
CCF
330
1A
100
AcDbEntity
  8
B.Cu
  6
CONTINUOUS
100
AcDbLine
 10
144.6728119999999933
 20
-79.7471900000000034
 30
0
 11
144.7879059999999924
 21
-79.8333499999999958
 31
0
  0
LINE
  5
CD0
330
1A
100
AcDbEntity
  8
B.Cu
  6
CONTINUOUS
100
AcDbLine
 10
144.7879059999999924
 20
-79.8333499999999958
 30
0
 11
144.7879130000000032
 21
-79.8333539999999999
 31
0
  0
LINE
  5
CD1
330
1A
100
AcDbEntity
  8
B.Cu
  6
CONTINUOUS
100
AcDbLine
 10
144.7879130000000032
 20
-79.8333539999999999
 30
0
 11
144.9226199999999949
 21
-79.8835959999999972
 31
0
  0
LINE
  5
CD2
330
1A
100
AcDbEntity
  8
B.Cu
  6
CONTINUOUS
100
AcDbLine
 10
144.9226199999999949
 20
-79.8835959999999972
 30
0
 11
144.9226270000000056
 21
-79.8835979999999921
 31
0
  0
LINE
  5
CD3
330
1A
100
AcDbEntity
  8
B.Cu
  6
CONTINUOUS
100
AcDbLine
 10
144.9226270000000056
 20
-79.8835979999999921
 30
0
 11
144.9821550000000059
 21
-79.8899990000000031
 31
0
  0
LINE
  5
CD4
330
1A
100
AcDbEntity
  8
B.Cu
  6
CONTINUOUS
100
AcDbLine
 10
144.9821550000000059
 20
-79.8899990000000031
 30
0
 11
144.9821719999999914
 21
-79.8900000000000006
 31
0
  0
LINE
  5
CD5
330
1A
100
AcDbEntity
  8
B.Cu
  6
CONTINUOUS
100
AcDbLine
 10
144.9821719999999914
 20
-79.8900000000000006
 30
0
 11
145.6299999999999955
 21
-79.8900000000000006
 31
0
  0
LINE
  5
CD6
330
1A
100
AcDbEntity
  8
B.Cu
  6
CONTINUOUS
100
AcDbLine
 10
145.6299999999999955
 20
-79.8900000000000006
 30
0
 11
145.6299999999999955
 21
-79.3900000000000006
 31
0
  0
LINE
  5
CD7
330
1A
100
AcDbEntity
  8
B.Cu
  6
CONTINUOUS
100
AcDbLine
 10
145.6299999999999955
 20
-79.3900000000000006
 30
0
 11
145.0300000000000011
 21
-79.3900000000000006
 31
0
  0
LINE
  5
CD8
330
1A
100
AcDbEntity
  8
B.Cu
  6
CONTINUOUS
100
AcDbLine
 10
145.0300000000000011
 20
-79.3900000000000006
 30
0
 11
145.0300000000000011
 21
-78.789999999999992
 31
0
  0
LINE
  5
CD9
330
1A
100
AcDbEntity
  8
B.Cu
  6
CONTINUOUS
100
AcDbLine
 10
145.0300000000000011
 20
-78.789999999999992
 30
0
 11
144.5300000000000011
 21
-78.789999999999992
 31
0
  0
LINE
  5
CDA
330
1A
100
AcDbEntity
  8
B.Cu
  6
CONTINUOUS
100
AcDbLine
 10
131.6995000000000005
 20
-127.6023509999999987
 30
0
 11
131.731521999999984
 21
-127.8045339999999896
 31
0
  0
LINE
  5
CDB
330
1A
100
AcDbEntity
  8
B.Cu
  6
CONTINUOUS
100
AcDbLine
 10
131.731521999999984
 20
-127.8045339999999896
 30
0
 11
131.7947810000000004
 21
-127.9992230000000006
 31
0
  0
LINE
  5
CDC
330
1A
100
AcDbEntity
  8
B.Cu
  6
CONTINUOUS
100
AcDbLine
 10
131.7947810000000004
 20
-127.9992230000000006
 30
0
 11
131.8877149999999858
 21
-128.1816129999999987
 31
0
  0
LINE
  5
CDD
330
1A
100
AcDbEntity
  8
B.Cu
  6
CONTINUOUS
100
AcDbLine
 10
131.8877149999999858
 20
-128.1816129999999987
 30
0
 11
132.0080279999999959
 21
-128.3472129999999822
 31
0
  0
LINE
  5
CDE
330
1A
100
AcDbEntity
  8
B.Cu
  6
CONTINUOUS
100
AcDbLine
 10
132.0080279999999959
 20
-128.3472129999999822
 30
0
 11
132.1527859999999919
 21
-128.4919710000000066
 31
0
  0
LINE
  5
CDF
330
1A
100
AcDbEntity
  8
B.Cu
  6
CONTINUOUS
100
AcDbLine
 10
132.1527859999999919
 20
-128.4919710000000066
 30
0
 11
132.3077490000000012
 21
-128.6045560000000023
 31
0
  0
LINE
  5
CE0
330
1A
100
AcDbEntity
  8
B.Cu
  6
CONTINUOUS
100
AcDbLine
 10
132.3077490000000012
 20
-128.6045560000000023
 30
0
 11
132.3183899999999937
 21
-128.6122869999999807
 31
0
  0
LINE
  5
CE1
330
1A
100
AcDbEntity
  8
B.Cu
  6
CONTINUOUS
100
AcDbLine
 10
132.3183899999999937
 20
-128.6122869999999807
 30
0
 11
132.4346069999999997
 21
-128.6715030000000013
 31
0
  0
LINE
  5
CE2
330
1A
100
AcDbEntity
  8
B.Cu
  6
CONTINUOUS
100
AcDbLine
 10
132.4346069999999997
 20
-128.6715030000000013
 30
0
 11
132.5007760000000019
 21
-128.7052180000000021
 31
0
  0
LINE
  5
CE3
330
1A
100
AcDbEntity
  8
B.Cu
  6
CONTINUOUS
100
AcDbLine
 10
132.5007760000000019
 20
-128.7052180000000021
 30
0
 11
132.5007779999999968
 21
-128.7052180000000021
 31
0
  0
LINE
  5
CE4
330
1A
100
AcDbEntity
  8
B.Cu
  6
CONTINUOUS
100
AcDbLine
 10
132.5007779999999968
 20
-128.7052180000000021
 30
0
 11
132.5007809999999893
 21
-128.7052199999999971
 31
0
  0
LINE
  5
CE5
330
1A
100
AcDbEntity
  8
B.Cu
  6
CONTINUOUS
100
AcDbLine
 10
132.5007809999999893
 20
-128.7052199999999971
 30
0
 11
132.6051369999999849
 21
-128.7391269999999963
 31
0
  0
LINE
  5
CE6
330
1A
100
AcDbEntity
  8
B.Cu
  6
CONTINUOUS
100
AcDbLine
 10
132.6051369999999849
 20
-128.7391269999999963
 30
0
 11
132.6954649999999845
 21
-128.7684769999999901
 31
0
  0
LINE
  5
CE7
330
1A
100
AcDbEntity
  8
B.Cu
  6
CONTINUOUS
100
AcDbLine
 10
132.6954649999999845
 20
-128.7684769999999901
 30
0
 11
132.7965570000000071
 21
-128.7844879999999819
 31
0
  0
LINE
  5
CE8
330
1A
100
AcDbEntity
  8
B.Cu
  6
CONTINUOUS
100
AcDbLine
 10
132.7965570000000071
 20
-128.7844879999999819
 30
0
 11
132.8976480000000038
 21
-128.8004999999999995
 31
0
  0
LINE
  5
CE9
330
1A
100
AcDbEntity
  8
B.Cu
  6
CONTINUOUS
100
AcDbLine
 10
132.8976480000000038
 20
-128.8004999999999995
 30
0
 11
132.8976490000000013
 21
-128.8004999999999995
 31
0
  0
LINE
  5
CEA
330
1A
100
AcDbEntity
  8
B.Cu
  6
CONTINUOUS
100
AcDbLine
 10
132.8976490000000013
 20
-128.8004999999999995
 30
0
 11
133.1023509999999987
 21
-128.8004999999999995
 31
0
  0
LINE
  5
CEB
330
1A
100
AcDbEntity
  8
B.Cu
  6
CONTINUOUS
100
AcDbLine
 10
133.1023509999999987
 20
-128.8004999999999995
 30
0
 11
133.1023519999999962
 21
-128.8004999999999995
 31
0
  0
LINE
  5
CEC
330
1A
100
AcDbEntity
  8
B.Cu
  6
CONTINUOUS
100
AcDbLine
 10
133.1023519999999962
 20
-128.8004999999999995
 30
0
 11
133.3045339999999896
 21
-128.7684769999999901
 31
0
  0
LINE
  5
CED
330
1A
100
AcDbEntity
  8
B.Cu
  6
CONTINUOUS
100
AcDbLine
 10
133.3045339999999896
 20
-128.7684769999999901
 30
0
 11
133.4992189999999823
 21
-128.7052199999999971
 31
0
  0
LINE
  5
CEE
330
1A
100
AcDbEntity
  8
B.Cu
  6
CONTINUOUS
100
AcDbLine
 10
133.4992189999999823
 20
-128.7052199999999971
 30
0
 11
133.6816100000000063
 21
-128.6122869999999807
 31
0
  0
LINE
  5
CEF
330
1A
100
AcDbEntity
  8
B.Cu
  6
CONTINUOUS
100
AcDbLine
 10
133.6816100000000063
 20
-128.6122869999999807
 30
0
 11
133.7745899999999892
 21
-128.544731999999982
 31
0
  0
LINE
  5
CF0
330
1A
100
AcDbEntity
  8
B.Cu
  6
CONTINUOUS
100
AcDbLine
 10
133.7745899999999892
 20
-128.544731999999982
 30
0
 11
133.8472129999999822
 21
-128.4919710000000066
 31
0
  0
LINE
  5
CF1
330
1A
100
AcDbEntity
  8
B.Cu
  6
CONTINUOUS
100
AcDbLine
 10
133.8472129999999822
 20
-128.4919710000000066
 30
0
 11
133.8472150000000056
 21
-128.4919679999999858
 31
0
  0
LINE
  5
CF2
330
1A
100
AcDbEntity
  8
B.Cu
  6
CONTINUOUS
100
AcDbLine
 10
133.8472150000000056
 20
-128.4919679999999858
 30
0
 11
133.8472189999999955
 21
-128.4919659999999908
 31
0
  0
LINE
  5
CF3
330
1A
100
AcDbEntity
  8
B.Cu
  6
CONTINUOUS
100
AcDbLine
 10
133.8472189999999955
 20
-128.4919659999999908
 30
0
 11
133.9919659999999908
 21
-128.3472189999999955
 31
0
  0
LINE
  5
CF4
330
1A
100
AcDbEntity
  8
B.Cu
  6
CONTINUOUS
100
AcDbLine
 10
133.9919659999999908
 20
-128.3472189999999955
 30
0
 11
133.9919679999999858
 21
-128.3472150000000056
 31
0
  0
LINE
  5
CF5
330
1A
100
AcDbEntity
  8
B.Cu
  6
CONTINUOUS
100
AcDbLine
 10
133.9919679999999858
 20
-128.3472150000000056
 30
0
 11
133.9919710000000066
 21
-128.3472129999999822
 31
0
  0
LINE
  5
CF6
330
1A
100
AcDbEntity
  8
B.Cu
  6
CONTINUOUS
100
AcDbLine
 10
133.9919710000000066
 20
-128.3472129999999822
 30
0
 11
134.044731999999982
 21
-128.2745899999999892
 31
0
  0
LINE
  5
CF7
330
1A
100
AcDbEntity
  8
B.Cu
  6
CONTINUOUS
100
AcDbLine
 10
134.044731999999982
 20
-128.2745899999999892
 30
0
 11
134.1122869999999807
 21
-128.1816100000000063
 31
0
  0
LINE
  5
CF8
330
1A
100
AcDbEntity
  8
B.Cu
  6
CONTINUOUS
100
AcDbLine
 10
134.1122869999999807
 20
-128.1816100000000063
 30
0
 11
134.2052199999999971
 21
-127.9992189999999965
 31
0
  0
LINE
  5
CF9
330
1A
100
AcDbEntity
  8
B.Cu
  6
CONTINUOUS
100
AcDbLine
 10
134.2052199999999971
 20
-127.9992189999999965
 30
0
 11
134.2684769999999901
 21
-127.8045339999999896
 31
0
  0
LINE
  5
CFA
330
1A
100
AcDbEntity
  8
B.Cu
  6
CONTINUOUS
100
AcDbLine
 10
134.2684769999999901
 20
-127.8045339999999896
 30
0
 11
134.3004999999999995
 21
-127.6023519999999962
 31
0
  0
LINE
  5
CFB
330
1A
100
AcDbEntity
  8
B.Cu
  6
CONTINUOUS
100
AcDbLine
 10
134.3004999999999995
 20
-127.6023519999999962
 30
0
 11
134.3004999999999995
 21
-127.3976479999999896
 31
0
  0
LINE
  5
CFC
330
1A
100
AcDbEntity
  8
B.Cu
  6
CONTINUOUS
100
AcDbLine
 10
134.3004999999999995
 20
-127.3976479999999896
 30
0
 11
134.2684769999999901
 21
-127.1954659999999961
 31
0
  0
LINE
  5
CFD
330
1A
100
AcDbEntity
  8
B.Cu
  6
CONTINUOUS
100
AcDbLine
 10
134.2684769999999901
 20
-127.1954659999999961
 30
0
 11
134.2052199999999971
 21
-127.0007809999999893
 31
0
  0
LINE
  5
CFE
330
1A
100
AcDbEntity
  8
B.Cu
  6
CONTINUOUS
100
AcDbLine
 10
134.2052199999999971
 20
-127.0007809999999893
 30
0
 11
134.2052180000000021
 21
-127.0007779999999968
 31
0
  0
LINE
  5
CFF
330
1A
100
AcDbEntity
  8
B.Cu
  6
CONTINUOUS
100
AcDbLine
 10
134.2052180000000021
 20
-127.0007779999999968
 30
0
 11
134.2052180000000021
 21
-127.0007759999999877
 31
0
  0
LINE
  5
D00
330
1A
100
AcDbEntity
  8
B.Cu
  6
CONTINUOUS
100
AcDbLine
 10
134.2052180000000021
 20
-127.0007759999999877
 30
0
 11
134.1715030000000013
 21
-126.9346069999999997
 31
0
  0
LINE
  5
D01
330
1A
100
AcDbEntity
  8
B.Cu
  6
CONTINUOUS
100
AcDbLine
 10
134.1715030000000013
 20
-126.9346069999999997
 30
0
 11
134.1122869999999807
 21
-126.8183899999999937
 31
0
  0
LINE
  5
D02
330
1A
100
AcDbEntity
  8
B.Cu
  6
CONTINUOUS
100
AcDbLine
 10
134.1122869999999807
 20
-126.8183899999999937
 30
0
 11
134.1045560000000023
 21
-126.8077490000000012
 31
0
  0
LINE
  5
D03
330
1A
100
AcDbEntity
  8
B.Cu
  6
CONTINUOUS
100
AcDbLine
 10
134.1045560000000023
 20
-126.8077490000000012
 30
0
 11
133.9919710000000066
 21
-126.6527859999999919
 31
0
  0
LINE
  5
D04
330
1A
100
AcDbEntity
  8
B.Cu
  6
CONTINUOUS
100
AcDbLine
 10
133.9919710000000066
 20
-126.6527859999999919
 30
0
 11
133.8472129999999822
 21
-126.5080279999999959
 31
0
  0
LINE
  5
D05
330
1A
100
AcDbEntity
  8
B.Cu
  6
CONTINUOUS
100
AcDbLine
 10
133.8472129999999822
 20
-126.5080279999999959
 30
0
 11
133.6816129999999987
 21
-126.387715
 31
0
  0
LINE
  5
D06
330
1A
100
AcDbEntity
  8
B.Cu
  6
CONTINUOUS
100
AcDbLine
 10
133.6816129999999987
 20
-126.387715
 30
0
 11
133.6816120000000012
 21
-126.3877139999999883
 31
0
  0
LINE
  5
D07
330
1A
100
AcDbEntity
  8
B.Cu
  6
CONTINUOUS
100
AcDbLine
 10
133.6816120000000012
 20
-126.3877139999999883
 30
0
 11
133.6816100000000063
 21
-126.3877129999999909
 31
0
  0
LINE
  5
D08
330
1A
100
AcDbEntity
  8
B.Cu
  6
CONTINUOUS
100
AcDbLine
 10
133.6816100000000063
 20
-126.3877129999999909
 30
0
 11
133.624652999999995
 21
-126.3586909999999932
 31
0
  0
LINE
  5
D09
330
1A
100
AcDbEntity
  8
B.Cu
  6
CONTINUOUS
100
AcDbLine
 10
133.624652999999995
 20
-126.3586909999999932
 30
0
 11
133.4992230000000006
 21
-126.2947810000000004
 31
0
  0
LINE
  5
D0A
330
1A
100
AcDbEntity
  8
B.Cu
  6
CONTINUOUS
100
AcDbLine
 10
133.4992230000000006
 20
-126.2947810000000004
 30
0
 11
133.3045339999999896
 21
-126.2315219999999982
 31
0
  0
LINE
  5
D0B
330
1A
100
AcDbEntity
  8
B.Cu
  6
CONTINUOUS
100
AcDbLine
 10
133.3045339999999896
 20
-126.2315219999999982
 30
0
 11
133.1299950000000081
 21
-126.2038779999999889
 31
0
  0
LINE
  5
D0C
330
1A
100
AcDbEntity
  8
B.Cu
  6
CONTINUOUS
100
AcDbLine
 10
133.1299950000000081
 20
-126.2038779999999889
 30
0
 11
133.1023519999999962
 21
-126.1995000000000005
 31
0
  0
LINE
  5
D0D
330
1A
100
AcDbEntity
  8
B.Cu
  6
CONTINUOUS
100
AcDbLine
 10
133.1023519999999962
 20
-126.1995000000000005
 30
0
 11
132.8976480000000038
 21
-126.1995000000000005
 31
0
  0
LINE
  5
D0E
330
1A
100
AcDbEntity
  8
B.Cu
  6
CONTINUOUS
100
AcDbLine
 10
132.8976480000000038
 20
-126.1995000000000005
 30
0
 11
132.873328999999984
 21
-126.2033509999999978
 31
0
  0
LINE
  5
D0F
330
1A
100
AcDbEntity
  8
B.Cu
  6
CONTINUOUS
100
AcDbLine
 10
132.873328999999984
 20
-126.2033509999999978
 30
0
 11
132.6954649999999845
 21
-126.2315219999999982
 31
0
  0
LINE
  5
D10
330
1A
100
AcDbEntity
  8
B.Cu
  6
CONTINUOUS
100
AcDbLine
 10
132.6954649999999845
 20
-126.2315219999999982
 30
0
 11
132.5007760000000019
 21
-126.2947810000000004
 31
0
  0
LINE
  5
D11
330
1A
100
AcDbEntity
  8
B.Cu
  6
CONTINUOUS
100
AcDbLine
 10
132.5007760000000019
 20
-126.2947810000000004
 30
0
 11
132.3183860000000038
 21
-126.387715
 31
0
  0
LINE
  5
D12
330
1A
100
AcDbEntity
  8
B.Cu
  6
CONTINUOUS
100
AcDbLine
 10
132.3183860000000038
 20
-126.387715
 30
0
 11
132.1527859999999919
 21
-126.5080279999999959
 31
0
  0
LINE
  5
D13
330
1A
100
AcDbEntity
  8
B.Cu
  6
CONTINUOUS
100
AcDbLine
 10
132.1527859999999919
 20
-126.5080279999999959
 30
0
 11
132.0080279999999959
 21
-126.6527859999999919
 31
0
  0
LINE
  5
D14
330
1A
100
AcDbEntity
  8
B.Cu
  6
CONTINUOUS
100
AcDbLine
 10
132.0080279999999959
 20
-126.6527859999999919
 30
0
 11
131.8877149999999858
 21
-126.8183859999999896
 31
0
  0
LINE
  5
D15
330
1A
100
AcDbEntity
  8
B.Cu
  6
CONTINUOUS
100
AcDbLine
 10
131.8877149999999858
 20
-126.8183859999999896
 30
0
 11
131.7947810000000004
 21
-127.0007759999999877
 31
0
  0
LINE
  5
D16
330
1A
100
AcDbEntity
  8
B.Cu
  6
CONTINUOUS
100
AcDbLine
 10
131.7947810000000004
 20
-127.0007759999999877
 30
0
 11
131.731521999999984
 21
-127.1954649999999987
 31
0
  0
LINE
  5
D17
330
1A
100
AcDbEntity
  8
B.Cu
  6
CONTINUOUS
100
AcDbLine
 10
131.731521999999984
 20
-127.1954649999999987
 30
0
 11
131.6995000000000005
 21
-127.3976479999999896
 31
0
  0
LINE
  5
D18
330
1A
100
AcDbEntity
  8
B.Cu
  6
CONTINUOUS
100
AcDbLine
 10
131.6995000000000005
 20
-127.3976479999999896
 30
0
 11
131.6995000000000005
 21
-127.6023509999999987
 31
0
  0
LINE
  5
D19
330
1A
100
AcDbEntity
  8
B.Cu
  6
CONTINUOUS
100
AcDbLine
 10
165.6995000000000005
 20
-127.6023509999999987
 30
0
 11
165.731521999999984
 21
-127.8045339999999896
 31
0
  0
LINE
  5
D1A
330
1A
100
AcDbEntity
  8
B.Cu
  6
CONTINUOUS
100
AcDbLine
 10
165.731521999999984
 20
-127.8045339999999896
 30
0
 11
165.7947810000000004
 21
-127.9992230000000006
 31
0
  0
LINE
  5
D1B
330
1A
100
AcDbEntity
  8
B.Cu
  6
CONTINUOUS
100
AcDbLine
 10
165.7947810000000004
 20
-127.9992230000000006
 30
0
 11
165.8877149999999858
 21
-128.1816129999999987
 31
0
  0
LINE
  5
D1C
330
1A
100
AcDbEntity
  8
B.Cu
  6
CONTINUOUS
100
AcDbLine
 10
165.8877149999999858
 20
-128.1816129999999987
 30
0
 11
166.0080279999999959
 21
-128.3472129999999822
 31
0
  0
LINE
  5
D1D
330
1A
100
AcDbEntity
  8
B.Cu
  6
CONTINUOUS
100
AcDbLine
 10
166.0080279999999959
 20
-128.3472129999999822
 30
0
 11
166.1527859999999919
 21
-128.4919710000000066
 31
0
  0
LINE
  5
D1E
330
1A
100
AcDbEntity
  8
B.Cu
  6
CONTINUOUS
100
AcDbLine
 10
166.1527859999999919
 20
-128.4919710000000066
 30
0
 11
166.3077490000000012
 21
-128.6045560000000023
 31
0
  0
LINE
  5
D1F
330
1A
100
AcDbEntity
  8
B.Cu
  6
CONTINUOUS
100
AcDbLine
 10
166.3077490000000012
 20
-128.6045560000000023
 30
0
 11
166.3183899999999937
 21
-128.6122869999999807
 31
0
  0
LINE
  5
D20
330
1A
100
AcDbEntity
  8
B.Cu
  6
CONTINUOUS
100
AcDbLine
 10
166.3183899999999937
 20
-128.6122869999999807
 30
0
 11
166.4346069999999997
 21
-128.6715030000000013
 31
0
  0
LINE
  5
D21
330
1A
100
AcDbEntity
  8
B.Cu
  6
CONTINUOUS
100
AcDbLine
 10
166.4346069999999997
 20
-128.6715030000000013
 30
0
 11
166.5007760000000019
 21
-128.7052180000000021
 31
0
  0
LINE
  5
D22
330
1A
100
AcDbEntity
  8
B.Cu
  6
CONTINUOUS
100
AcDbLine
 10
166.5007760000000019
 20
-128.7052180000000021
 30
0
 11
166.5007779999999968
 21
-128.7052180000000021
 31
0
  0
LINE
  5
D23
330
1A
100
AcDbEntity
  8
B.Cu
  6
CONTINUOUS
100
AcDbLine
 10
166.5007779999999968
 20
-128.7052180000000021
 30
0
 11
166.5007809999999893
 21
-128.7052199999999971
 31
0
  0
LINE
  5
D24
330
1A
100
AcDbEntity
  8
B.Cu
  6
CONTINUOUS
100
AcDbLine
 10
166.5007809999999893
 20
-128.7052199999999971
 30
0
 11
166.6051369999999849
 21
-128.7391269999999963
 31
0
  0
LINE
  5
D25
330
1A
100
AcDbEntity
  8
B.Cu
  6
CONTINUOUS
100
AcDbLine
 10
166.6051369999999849
 20
-128.7391269999999963
 30
0
 11
166.6954649999999845
 21
-128.7684769999999901
 31
0
  0
LINE
  5
D26
330
1A
100
AcDbEntity
  8
B.Cu
  6
CONTINUOUS
100
AcDbLine
 10
166.6954649999999845
 20
-128.7684769999999901
 30
0
 11
166.7965569999999786
 21
-128.7844879999999819
 31
0
  0
LINE
  5
D27
330
1A
100
AcDbEntity
  8
B.Cu
  6
CONTINUOUS
100
AcDbLine
 10
166.7965569999999786
 20
-128.7844879999999819
 30
0
 11
166.8976480000000038
 21
-128.8004999999999995
 31
0
  0
LINE
  5
D28
330
1A
100
AcDbEntity
  8
B.Cu
  6
CONTINUOUS
100
AcDbLine
 10
166.8976480000000038
 20
-128.8004999999999995
 30
0
 11
166.8976490000000013
 21
-128.8004999999999995
 31
0
  0
LINE
  5
D29
330
1A
100
AcDbEntity
  8
B.Cu
  6
CONTINUOUS
100
AcDbLine
 10
166.8976490000000013
 20
-128.8004999999999995
 30
0
 11
167.1023509999999987
 21
-128.8004999999999995
 31
0
  0
LINE
  5
D2A
330
1A
100
AcDbEntity
  8
B.Cu
  6
CONTINUOUS
100
AcDbLine
 10
167.1023509999999987
 20
-128.8004999999999995
 30
0
 11
167.1023519999999962
 21
-128.8004999999999995
 31
0
  0
LINE
  5
D2B
330
1A
100
AcDbEntity
  8
B.Cu
  6
CONTINUOUS
100
AcDbLine
 10
167.1023519999999962
 20
-128.8004999999999995
 30
0
 11
167.3045339999999896
 21
-128.7684769999999901
 31
0
  0
LINE
  5
D2C
330
1A
100
AcDbEntity
  8
B.Cu
  6
CONTINUOUS
100
AcDbLine
 10
167.3045339999999896
 20
-128.7684769999999901
 30
0
 11
167.4992189999999823
 21
-128.7052199999999971
 31
0
  0
LINE
  5
D2D
330
1A
100
AcDbEntity
  8
B.Cu
  6
CONTINUOUS
100
AcDbLine
 10
167.4992189999999823
 20
-128.7052199999999971
 30
0
 11
167.6816100000000063
 21
-128.6122869999999807
 31
0
  0
LINE
  5
D2E
330
1A
100
AcDbEntity
  8
B.Cu
  6
CONTINUOUS
100
AcDbLine
 10
167.6816100000000063
 20
-128.6122869999999807
 30
0
 11
167.7745899999999892
 21
-128.544731999999982
 31
0
  0
LINE
  5
D2F
330
1A
100
AcDbEntity
  8
B.Cu
  6
CONTINUOUS
100
AcDbLine
 10
167.7745899999999892
 20
-128.544731999999982
 30
0
 11
167.8472129999999822
 21
-128.4919710000000066
 31
0
  0
LINE
  5
D30
330
1A
100
AcDbEntity
  8
B.Cu
  6
CONTINUOUS
100
AcDbLine
 10
167.8472129999999822
 20
-128.4919710000000066
 30
0
 11
167.8472150000000056
 21
-128.4919679999999858
 31
0
  0
LINE
  5
D31
330
1A
100
AcDbEntity
  8
B.Cu
  6
CONTINUOUS
100
AcDbLine
 10
167.8472150000000056
 20
-128.4919679999999858
 30
0
 11
167.8472189999999955
 21
-128.4919659999999908
 31
0
  0
LINE
  5
D32
330
1A
100
AcDbEntity
  8
B.Cu
  6
CONTINUOUS
100
AcDbLine
 10
167.8472189999999955
 20
-128.4919659999999908
 30
0
 11
167.9919659999999908
 21
-128.3472189999999955
 31
0
  0
LINE
  5
D33
330
1A
100
AcDbEntity
  8
B.Cu
  6
CONTINUOUS
100
AcDbLine
 10
167.9919659999999908
 20
-128.3472189999999955
 30
0
 11
167.9919679999999858
 21
-128.3472150000000056
 31
0
  0
LINE
  5
D34
330
1A
100
AcDbEntity
  8
B.Cu
  6
CONTINUOUS
100
AcDbLine
 10
167.9919679999999858
 20
-128.3472150000000056
 30
0
 11
167.9919710000000066
 21
-128.3472129999999822
 31
0
  0
LINE
  5
D35
330
1A
100
AcDbEntity
  8
B.Cu
  6
CONTINUOUS
100
AcDbLine
 10
167.9919710000000066
 20
-128.3472129999999822
 30
0
 11
168.044731999999982
 21
-128.2745899999999892
 31
0
  0
LINE
  5
D36
330
1A
100
AcDbEntity
  8
B.Cu
  6
CONTINUOUS
100
AcDbLine
 10
168.044731999999982
 20
-128.2745899999999892
 30
0
 11
168.1122869999999807
 21
-128.1816100000000063
 31
0
  0
LINE
  5
D37
330
1A
100
AcDbEntity
  8
B.Cu
  6
CONTINUOUS
100
AcDbLine
 10
168.1122869999999807
 20
-128.1816100000000063
 30
0
 11
168.2052199999999971
 21
-127.9992189999999965
 31
0
  0
LINE
  5
D38
330
1A
100
AcDbEntity
  8
B.Cu
  6
CONTINUOUS
100
AcDbLine
 10
168.2052199999999971
 20
-127.9992189999999965
 30
0
 11
168.2684769999999901
 21
-127.8045339999999896
 31
0
  0
LINE
  5
D39
330
1A
100
AcDbEntity
  8
B.Cu
  6
CONTINUOUS
100
AcDbLine
 10
168.2684769999999901
 20
-127.8045339999999896
 30
0
 11
168.3004999999999995
 21
-127.6023519999999962
 31
0
  0
LINE
  5
D3A
330
1A
100
AcDbEntity
  8
B.Cu
  6
CONTINUOUS
100
AcDbLine
 10
168.3004999999999995
 20
-127.6023519999999962
 30
0
 11
168.3004999999999995
 21
-127.3976479999999896
 31
0
  0
LINE
  5
D3B
330
1A
100
AcDbEntity
  8
B.Cu
  6
CONTINUOUS
100
AcDbLine
 10
168.3004999999999995
 20
-127.3976479999999896
 30
0
 11
168.2684769999999901
 21
-127.1954659999999961
 31
0
  0
LINE
  5
D3C
330
1A
100
AcDbEntity
  8
B.Cu
  6
CONTINUOUS
100
AcDbLine
 10
168.2684769999999901
 20
-127.1954659999999961
 30
0
 11
168.2052199999999971
 21
-127.0007809999999893
 31
0
  0
LINE
  5
D3D
330
1A
100
AcDbEntity
  8
B.Cu
  6
CONTINUOUS
100
AcDbLine
 10
168.2052199999999971
 20
-127.0007809999999893
 30
0
 11
168.2052180000000021
 21
-127.0007779999999968
 31
0
  0
LINE
  5
D3E
330
1A
100
AcDbEntity
  8
B.Cu
  6
CONTINUOUS
100
AcDbLine
 10
168.2052180000000021
 20
-127.0007779999999968
 30
0
 11
168.2052180000000021
 21
-127.0007759999999877
 31
0
  0
LINE
  5
D3F
330
1A
100
AcDbEntity
  8
B.Cu
  6
CONTINUOUS
100
AcDbLine
 10
168.2052180000000021
 20
-127.0007759999999877
 30
0
 11
168.1715030000000013
 21
-126.9346069999999997
 31
0
  0
LINE
  5
D40
330
1A
100
AcDbEntity
  8
B.Cu
  6
CONTINUOUS
100
AcDbLine
 10
168.1715030000000013
 20
-126.9346069999999997
 30
0
 11
168.1122869999999807
 21
-126.8183899999999937
 31
0
  0
LINE
  5
D41
330
1A
100
AcDbEntity
  8
B.Cu
  6
CONTINUOUS
100
AcDbLine
 10
168.1122869999999807
 20
-126.8183899999999937
 30
0
 11
168.1045560000000023
 21
-126.8077490000000012
 31
0
  0
LINE
  5
D42
330
1A
100
AcDbEntity
  8
B.Cu
  6
CONTINUOUS
100
AcDbLine
 10
168.1045560000000023
 20
-126.8077490000000012
 30
0
 11
167.9919710000000066
 21
-126.6527859999999919
 31
0
  0
LINE
  5
D43
330
1A
100
AcDbEntity
  8
B.Cu
  6
CONTINUOUS
100
AcDbLine
 10
167.9919710000000066
 20
-126.6527859999999919
 30
0
 11
167.8472129999999822
 21
-126.5080279999999959
 31
0
  0
LINE
  5
D44
330
1A
100
AcDbEntity
  8
B.Cu
  6
CONTINUOUS
100
AcDbLine
 10
167.8472129999999822
 20
-126.5080279999999959
 30
0
 11
167.6816129999999987
 21
-126.387715
 31
0
  0
LINE
  5
D45
330
1A
100
AcDbEntity
  8
B.Cu
  6
CONTINUOUS
100
AcDbLine
 10
167.6816129999999987
 20
-126.387715
 30
0
 11
167.6816120000000012
 21
-126.3877139999999883
 31
0
  0
LINE
  5
D46
330
1A
100
AcDbEntity
  8
B.Cu
  6
CONTINUOUS
100
AcDbLine
 10
167.6816120000000012
 20
-126.3877139999999883
 30
0
 11
167.6816100000000063
 21
-126.3877129999999909
 31
0
  0
LINE
  5
D47
330
1A
100
AcDbEntity
  8
B.Cu
  6
CONTINUOUS
100
AcDbLine
 10
167.6816100000000063
 20
-126.3877129999999909
 30
0
 11
167.624652999999995
 21
-126.3586909999999932
 31
0
  0
LINE
  5
D48
330
1A
100
AcDbEntity
  8
B.Cu
  6
CONTINUOUS
100
AcDbLine
 10
167.624652999999995
 20
-126.3586909999999932
 30
0
 11
167.4992230000000006
 21
-126.2947810000000004
 31
0
  0
LINE
  5
D49
330
1A
100
AcDbEntity
  8
B.Cu
  6
CONTINUOUS
100
AcDbLine
 10
167.4992230000000006
 20
-126.2947810000000004
 30
0
 11
167.3045339999999896
 21
-126.2315219999999982
 31
0
  0
LINE
  5
D4A
330
1A
100
AcDbEntity
  8
B.Cu
  6
CONTINUOUS
100
AcDbLine
 10
167.3045339999999896
 20
-126.2315219999999982
 30
0
 11
167.1299949999999797
 21
-126.2038779999999889
 31
0
  0
LINE
  5
D4B
330
1A
100
AcDbEntity
  8
B.Cu
  6
CONTINUOUS
100
AcDbLine
 10
167.1299949999999797
 20
-126.2038779999999889
 30
0
 11
167.1023519999999962
 21
-126.1995000000000005
 31
0
  0
LINE
  5
D4C
330
1A
100
AcDbEntity
  8
B.Cu
  6
CONTINUOUS
100
AcDbLine
 10
167.1023519999999962
 20
-126.1995000000000005
 30
0
 11
166.8976480000000038
 21
-126.1995000000000005
 31
0
  0
LINE
  5
D4D
330
1A
100
AcDbEntity
  8
B.Cu
  6
CONTINUOUS
100
AcDbLine
 10
166.8976480000000038
 20
-126.1995000000000005
 30
0
 11
166.873328999999984
 21
-126.2033509999999978
 31
0
  0
LINE
  5
D4E
330
1A
100
AcDbEntity
  8
B.Cu
  6
CONTINUOUS
100
AcDbLine
 10
166.873328999999984
 20
-126.2033509999999978
 30
0
 11
166.6954649999999845
 21
-126.2315219999999982
 31
0
  0
LINE
  5
D4F
330
1A
100
AcDbEntity
  8
B.Cu
  6
CONTINUOUS
100
AcDbLine
 10
166.6954649999999845
 20
-126.2315219999999982
 30
0
 11
166.5007760000000019
 21
-126.2947810000000004
 31
0
  0
LINE
  5
D50
330
1A
100
AcDbEntity
  8
B.Cu
  6
CONTINUOUS
100
AcDbLine
 10
166.5007760000000019
 20
-126.2947810000000004
 30
0
 11
166.3183860000000038
 21
-126.387715
 31
0
  0
LINE
  5
D51
330
1A
100
AcDbEntity
  8
B.Cu
  6
CONTINUOUS
100
AcDbLine
 10
166.3183860000000038
 20
-126.387715
 30
0
 11
166.1527859999999919
 21
-126.5080279999999959
 31
0
  0
LINE
  5
D52
330
1A
100
AcDbEntity
  8
B.Cu
  6
CONTINUOUS
100
AcDbLine
 10
166.1527859999999919
 20
-126.5080279999999959
 30
0
 11
166.0080279999999959
 21
-126.6527859999999919
 31
0
  0
LINE
  5
D53
330
1A
100
AcDbEntity
  8
B.Cu
  6
CONTINUOUS
100
AcDbLine
 10
166.0080279999999959
 20
-126.6527859999999919
 30
0
 11
165.8877149999999858
 21
-126.8183859999999896
 31
0
  0
LINE
  5
D54
330
1A
100
AcDbEntity
  8
B.Cu
  6
CONTINUOUS
100
AcDbLine
 10
165.8877149999999858
 20
-126.8183859999999896
 30
0
 11
165.7947810000000004
 21
-127.0007759999999877
 31
0
  0
LINE
  5
D55
330
1A
100
AcDbEntity
  8
B.Cu
  6
CONTINUOUS
100
AcDbLine
 10
165.7947810000000004
 20
-127.0007759999999877
 30
0
 11
165.731521999999984
 21
-127.1954649999999987
 31
0
  0
LINE
  5
D56
330
1A
100
AcDbEntity
  8
B.Cu
  6
CONTINUOUS
100
AcDbLine
 10
165.731521999999984
 20
-127.1954649999999987
 30
0
 11
165.6995000000000005
 21
-127.3976479999999896
 31
0
  0
LINE
  5
D57
330
1A
100
AcDbEntity
  8
B.Cu
  6
CONTINUOUS
100
AcDbLine
 10
165.6995000000000005
 20
-127.3976479999999896
 30
0
 11
165.6995000000000005
 21
-127.6023509999999987
 31
0
  0
LINE
  5
D58
330
1A
100
AcDbEntity
  8
B.Cu
  6
CONTINUOUS
100
AcDbLine
 10
155.25
 20
-117.6180519999999916
 30
0
 11
155.2869340000000022
 21
-117.8512470000000008
 31
0
  0
LINE
  5
D59
330
1A
100
AcDbEntity
  8
B.Cu
  6
CONTINUOUS
100
AcDbLine
 10
155.2869340000000022
 20
-117.8512470000000008
 30
0
 11
155.3598969999999895
 21
-118.0758019999999959
 31
0
  0
LINE
  5
D5A
330
1A
100
AcDbEntity
  8
B.Cu
  6
CONTINUOUS
100
AcDbLine
 10
155.3598969999999895
 20
-118.0758019999999959
 30
0
 11
155.4670869999999923
 21
-118.2861739999999884
 31
0
  0
LINE
  5
D5B
330
1A
100
AcDbEntity
  8
B.Cu
  6
CONTINUOUS
100
AcDbLine
 10
155.4670869999999923
 20
-118.2861739999999884
 30
0
 11
155.5273379999999861
 21
-118.369103999999993
 31
0
  0
LINE
  5
D5C
330
1A
100
AcDbEntity
  8
B.Cu
  6
CONTINUOUS
100
AcDbLine
 10
155.5273379999999861
 20
-118.369103999999993
 30
0
 11
155.527339999999981
 21
-118.3691049999999905
 31
0
  0
LINE
  5
D5D
330
1A
100
AcDbEntity
  8
B.Cu
  6
CONTINUOUS
100
AcDbLine
 10
155.527339999999981
 20
-118.3691049999999905
 30
0
 11
155.8908969999999954
 21
-118.0055469999999929
 31
0
  0
LINE
  5
D5E
330
1A
100
AcDbEntity
  8
B.Cu
  6
CONTINUOUS
100
AcDbLine
 10
155.8908969999999954
 20
-118.0055469999999929
 30
0
 11
155.8680789999999945
 21
-117.9713969999999961
 31
0
  0
LINE
  5
D5F
330
1A
100
AcDbEntity
  8
B.Cu
  6
CONTINUOUS
100
AcDbLine
 10
155.8680789999999945
 20
-117.9713969999999961
 30
0
 11
155.793059999999997
 21
-117.7902849999999972
 31
0
  0
LINE
  5
D60
330
1A
100
AcDbEntity
  8
B.Cu
  6
CONTINUOUS
100
AcDbLine
 10
155.793059999999997
 20
-117.7902849999999972
 30
0
 11
155.7548149999999794
 21
-117.5980169999999987
 31
0
  0
LINE
  5
D61
330
1A
100
AcDbEntity
  8
B.Cu
  6
CONTINUOUS
100
AcDbLine
 10
155.7548149999999794
 20
-117.5980169999999987
 30
0
 11
155.7548149999999794
 21
-117.4019830000000013
 31
0
  0
LINE
  5
D62
330
1A
100
AcDbEntity
  8
B.Cu
  6
CONTINUOUS
100
AcDbLine
 10
155.7548149999999794
 20
-117.4019830000000013
 30
0
 11
155.793059999999997
 21
-117.2097149999999885
 31
0
  0
LINE
  5
D63
330
1A
100
AcDbEntity
  8
B.Cu
  6
CONTINUOUS
100
AcDbLine
 10
155.793059999999997
 20
-117.2097149999999885
 30
0
 11
155.8680789999999945
 21
-117.0286029999999897
 31
0
  0
LINE
  5
D64
330
1A
100
AcDbEntity
  8
B.Cu
  6
CONTINUOUS
100
AcDbLine
 10
155.8680789999999945
 20
-117.0286029999999897
 30
0
 11
155.8908979999999929
 21
-116.9944519999999955
 31
0
  0
LINE
  5
D65
330
1A
100
AcDbEntity
  8
B.Cu
  6
CONTINUOUS
100
AcDbLine
 10
155.8908979999999929
 20
-116.9944519999999955
 30
0
 11
155.527339999999981
 21
-116.6308939999999978
 31
0
  0
LINE
  5
D66
330
1A
100
AcDbEntity
  8
B.Cu
  6
CONTINUOUS
100
AcDbLine
 10
155.527339999999981
 20
-116.6308939999999978
 30
0
 11
155.4670839999999998
 21
-116.7138300000000015
 31
0
  0
LINE
  5
D67
330
1A
100
AcDbEntity
  8
B.Cu
  6
CONTINUOUS
100
AcDbLine
 10
155.4670839999999998
 20
-116.7138300000000015
 30
0
 11
155.3598969999999895
 21
-116.9241969999999924
 31
0
  0
LINE
  5
D68
330
1A
100
AcDbEntity
  8
B.Cu
  6
CONTINUOUS
100
AcDbLine
 10
155.3598969999999895
 20
-116.9241969999999924
 30
0
 11
155.2869340000000022
 21
-117.1487520000000018
 31
0
  0
LINE
  5
D69
330
1A
100
AcDbEntity
  8
B.Cu
  6
CONTINUOUS
100
AcDbLine
 10
155.2869340000000022
 20
-117.1487520000000018
 30
0
 11
155.25
 21
-117.3819469999999967
 31
0
  0
LINE
  5
D6A
330
1A
100
AcDbEntity
  8
B.Cu
  6
CONTINUOUS
100
AcDbLine
 10
155.25
 20
-117.3819469999999967
 30
0
 11
155.25
 21
-117.6180519999999916
 31
0
  0
LINE
  5
D6B
330
1A
100
AcDbEntity
  8
B.Cu
  6
CONTINUOUS
100
AcDbLine
 10
161.75
 20
-117.6180519999999916
 30
0
 11
161.7869340000000022
 21
-117.8512470000000008
 31
0
  0
LINE
  5
D6C
330
1A
100
AcDbEntity
  8
B.Cu
  6
CONTINUOUS
100
AcDbLine
 10
161.7869340000000022
 20
-117.8512470000000008
 30
0
 11
161.8598969999999895
 21
-118.0758019999999959
 31
0
  0
LINE
  5
D6D
330
1A
100
AcDbEntity
  8
B.Cu
  6
CONTINUOUS
100
AcDbLine
 10
161.8598969999999895
 20
-118.0758019999999959
 30
0
 11
161.9670869999999923
 21
-118.2861739999999884
 31
0
  0
LINE
  5
D6E
330
1A
100
AcDbEntity
  8
B.Cu
  6
CONTINUOUS
100
AcDbLine
 10
161.9670869999999923
 20
-118.2861739999999884
 30
0
 11
162.0273379999999861
 21
-118.369103999999993
 31
0
  0
LINE
  5
D6F
330
1A
100
AcDbEntity
  8
B.Cu
  6
CONTINUOUS
100
AcDbLine
 10
162.0273379999999861
 20
-118.369103999999993
 30
0
 11
162.027339999999981
 21
-118.3691049999999905
 31
0
  0
LINE
  5
D70
330
1A
100
AcDbEntity
  8
B.Cu
  6
CONTINUOUS
100
AcDbLine
 10
162.027339999999981
 20
-118.3691049999999905
 30
0
 11
162.3908969999999954
 21
-118.0055469999999929
 31
0
  0
LINE
  5
D71
330
1A
100
AcDbEntity
  8
B.Cu
  6
CONTINUOUS
100
AcDbLine
 10
162.3908969999999954
 20
-118.0055469999999929
 30
0
 11
162.3680789999999945
 21
-117.9713969999999961
 31
0
  0
LINE
  5
D72
330
1A
100
AcDbEntity
  8
B.Cu
  6
CONTINUOUS
100
AcDbLine
 10
162.3680789999999945
 20
-117.9713969999999961
 30
0
 11
162.293059999999997
 21
-117.7902849999999972
 31
0
  0
LINE
  5
D73
330
1A
100
AcDbEntity
  8
B.Cu
  6
CONTINUOUS
100
AcDbLine
 10
162.293059999999997
 20
-117.7902849999999972
 30
0
 11
162.2548149999999794
 21
-117.5980169999999987
 31
0
  0
LINE
  5
D74
330
1A
100
AcDbEntity
  8
B.Cu
  6
CONTINUOUS
100
AcDbLine
 10
162.2548149999999794
 20
-117.5980169999999987
 30
0
 11
162.2548149999999794
 21
-117.4019830000000013
 31
0
  0
LINE
  5
D75
330
1A
100
AcDbEntity
  8
B.Cu
  6
CONTINUOUS
100
AcDbLine
 10
162.2548149999999794
 20
-117.4019830000000013
 30
0
 11
162.293059999999997
 21
-117.2097149999999885
 31
0
  0
LINE
  5
D76
330
1A
100
AcDbEntity
  8
B.Cu
  6
CONTINUOUS
100
AcDbLine
 10
162.293059999999997
 20
-117.2097149999999885
 30
0
 11
162.3680789999999945
 21
-117.0286029999999897
 31
0
  0
LINE
  5
D77
330
1A
100
AcDbEntity
  8
B.Cu
  6
CONTINUOUS
100
AcDbLine
 10
162.3680789999999945
 20
-117.0286029999999897
 30
0
 11
162.3908979999999929
 21
-116.9944519999999955
 31
0
  0
LINE
  5
D78
330
1A
100
AcDbEntity
  8
B.Cu
  6
CONTINUOUS
100
AcDbLine
 10
162.3908979999999929
 20
-116.9944519999999955
 30
0
 11
162.027339999999981
 21
-116.6308939999999978
 31
0
  0
LINE
  5
D79
330
1A
100
AcDbEntity
  8
B.Cu
  6
CONTINUOUS
100
AcDbLine
 10
162.027339999999981
 20
-116.6308939999999978
 30
0
 11
161.9670839999999998
 21
-116.7138300000000015
 31
0
  0
LINE
  5
D7A
330
1A
100
AcDbEntity
  8
B.Cu
  6
CONTINUOUS
100
AcDbLine
 10
161.9670839999999998
 20
-116.7138300000000015
 30
0
 11
161.8598969999999895
 21
-116.9241969999999924
 31
0
  0
LINE
  5
D7B
330
1A
100
AcDbEntity
  8
B.Cu
  6
CONTINUOUS
100
AcDbLine
 10
161.8598969999999895
 20
-116.9241969999999924
 30
0
 11
161.7869340000000022
 21
-117.1487520000000018
 31
0
  0
LINE
  5
D7C
330
1A
100
AcDbEntity
  8
B.Cu
  6
CONTINUOUS
100
AcDbLine
 10
161.7869340000000022
 20
-117.1487520000000018
 30
0
 11
161.75
 21
-117.3819469999999967
 31
0
  0
LINE
  5
D7D
330
1A
100
AcDbEntity
  8
B.Cu
  6
CONTINUOUS
100
AcDbLine
 10
161.75
 20
-117.3819469999999967
 30
0
 11
161.75
 21
-117.6180519999999916
 31
0
  0
LINE
  5
D7E
330
1A
100
AcDbEntity
  8
B.Cu
  6
CONTINUOUS
100
AcDbLine
 10
142.6211179999999956
 20
-96.1921009999999939
 30
0
 11
142.6211199999999906
 21
-96.1921069999999929
 31
0
  0
LINE
  5
D7F
330
1A
100
AcDbEntity
  8
B.Cu
  6
CONTINUOUS
100
AcDbLine
 10
142.6211199999999906
 20
-96.1921069999999929
 30
0
 11
142.7017779999999902
 21
-96.3868329999999958
 31
0
  0
LINE
  5
D80
330
1A
100
AcDbEntity
  8
B.Cu
  6
CONTINUOUS
100
AcDbLine
 10
142.7017779999999902
 20
-96.3868329999999958
 30
0
 11
142.7369589999999846
 21
-96.4394849999999906
 31
0
  0
LINE
  5
D81
330
1A
100
AcDbEntity
  8
B.Cu
  6
CONTINUOUS
100
AcDbLine
 10
142.7369589999999846
 20
-96.4394849999999906
 30
0
 11
143.1138629999999807
 21
-96.0625809999999944
 31
0
  0
LINE
  5
D82
330
1A
100
AcDbEntity
  8
B.Cu
  6
CONTINUOUS
100
AcDbLine
 10
143.1138629999999807
 20
-96.0625809999999944
 30
0
 11
143.08487599999998
 21
-95.9543999999999926
 31
0
  0
LINE
  5
D83
330
1A
100
AcDbEntity
  8
B.Cu
  6
CONTINUOUS
100
AcDbLine
 10
143.08487599999998
 20
-95.9543999999999926
 30
0
 11
143.08487599999998
 21
-95.8055999999999983
 31
0
  0
LINE
  5
D84
330
1A
100
AcDbEntity
  8
B.Cu
  6
CONTINUOUS
100
AcDbLine
 10
143.08487599999998
 20
-95.8055999999999983
 30
0
 11
143.1138640000000066
 21
-95.6974170000000015
 31
0
  0
LINE
  5
D85
330
1A
100
AcDbEntity
  8
B.Cu
  6
CONTINUOUS
100
AcDbLine
 10
143.1138640000000066
 20
-95.6974170000000015
 30
0
 11
142.7369589999999846
 21
-95.3205119999999937
 31
0
  0
LINE
  5
D86
330
1A
100
AcDbEntity
  8
B.Cu
  6
CONTINUOUS
100
AcDbLine
 10
142.7369589999999846
 20
-95.3205119999999937
 30
0
 11
142.7369579999999871
 21
-95.3205129999999912
 31
0
  0
LINE
  5
D87
330
1A
100
AcDbEntity
  8
B.Cu
  6
CONTINUOUS
100
AcDbLine
 10
142.7369579999999871
 20
-95.3205129999999912
 30
0
 11
142.7017840000000035
 21
-95.3731559999999945
 31
0
  0
LINE
  5
D88
330
1A
100
AcDbEntity
  8
B.Cu
  6
CONTINUOUS
100
AcDbLine
 10
142.7017840000000035
 20
-95.3731559999999945
 30
0
 11
142.7017769999999928
 21
-95.3731679999999926
 31
0
  0
LINE
  5
D89
330
1A
100
AcDbEntity
  8
B.Cu
  6
CONTINUOUS
100
AcDbLine
 10
142.7017769999999928
 20
-95.3731679999999926
 30
0
 11
142.6211199999999906
 21
-95.5678920000000005
 31
0
  0
LINE
  5
D8A
330
1A
100
AcDbEntity
  8
B.Cu
  6
CONTINUOUS
100
AcDbLine
 10
142.6211199999999906
 20
-95.5678920000000005
 30
0
 11
142.6211179999999956
 21
-95.5678979999999996
 31
0
  0
LINE
  5
D8B
330
1A
100
AcDbEntity
  8
B.Cu
  6
CONTINUOUS
100
AcDbLine
 10
142.6211179999999956
 20
-95.5678979999999996
 30
0
 11
142.5799999999999841
 21
-95.7746109999999931
 31
0
  0
LINE
  5
D8C
330
1A
100
AcDbEntity
  8
B.Cu
  6
CONTINUOUS
100
AcDbLine
 10
142.5799999999999841
 20
-95.7746109999999931
 30
0
 11
142.5799999999999841
 21
-95.9853880000000004
 31
0
  0
LINE
  5
D8D
330
1A
100
AcDbEntity
  8
B.Cu
  6
CONTINUOUS
100
AcDbLine
 10
142.5799999999999841
 20
-95.9853880000000004
 30
0
 11
142.5799989999999866
 21
-95.9853880000000004
 31
0
  0
LINE
  5
D8E
330
1A
100
AcDbEntity
  8
B.Cu
  6
CONTINUOUS
100
AcDbLine
 10
142.5799989999999866
 20
-95.9853880000000004
 30
0
 11
142.6211179999999956
 21
-96.1921009999999939
 31
0
  0
LINE
  5
D8F
330
1A
100
AcDbEntity
  8
B.Cu
  6
CONTINUOUS
100
AcDbLine
 10
139.6999999999999886
 20
-87.1023169999999993
 30
0
 11
139.732009000000005
 21
-87.3044170000000008
 31
0
  0
LINE
  5
D90
330
1A
100
AcDbEntity
  8
B.Cu
  6
CONTINUOUS
100
AcDbLine
 10
139.732009000000005
 20
-87.3044170000000008
 30
0
 11
139.7952439999999967
 21
-87.4990310000000022
 31
0
  0
LINE
  5
D91
330
1A
100
AcDbEntity
  8
B.Cu
  6
CONTINUOUS
100
AcDbLine
 10
139.7952439999999967
 20
-87.4990310000000022
 30
0
 11
139.8881409999999903
 21
-87.6813499999999948
 31
0
  0
LINE
  5
D92
330
1A
100
AcDbEntity
  8
B.Cu
  6
CONTINUOUS
100
AcDbLine
 10
139.8881409999999903
 20
-87.6813499999999948
 30
0
 11
139.8881470000000036
 21
-87.6813590000000005
 31
0
  0
LINE
  5
D93
330
1A
100
AcDbEntity
  8
B.Cu
  6
CONTINUOUS
100
AcDbLine
 10
139.8881470000000036
 20
-87.6813590000000005
 30
0
 11
139.9205230000000029
 21
-87.7259209999999996
 31
0
  0
LINE
  5
D94
330
1A
100
AcDbEntity
  8
B.Cu
  6
CONTINUOUS
100
AcDbLine
 10
139.9205230000000029
 20
-87.7259209999999996
 30
0
 11
139.9205240000000003
 21
-87.7259219999999971
 31
0
  0
LINE
  5
D95
330
1A
100
AcDbEntity
  8
B.Cu
  6
CONTINUOUS
100
AcDbLine
 10
139.9205240000000003
 20
-87.7259219999999971
 30
0
 11
140.2871010000000069
 21
-87.359343999999993
 31
0
  0
LINE
  5
D96
330
1A
100
AcDbEntity
  8
B.Cu
  6
CONTINUOUS
100
AcDbLine
 10
140.2871010000000069
 20
-87.359343999999993
 30
0
 11
140.2344479999999862
 21
-87.2322279999999921
 31
0
  0
LINE
  5
D97
330
1A
100
AcDbEntity
  8
B.Cu
  6
CONTINUOUS
100
AcDbLine
 10
140.2344479999999862
 20
-87.2322279999999921
 30
0
 11
140.2038519999999835
 21
-87.0784139999999951
 31
0
  0
LINE
  5
D98
330
1A
100
AcDbEntity
  8
B.Cu
  6
CONTINUOUS
100
AcDbLine
 10
140.2038519999999835
 20
-87.0784139999999951
 30
0
 11
140.2038519999999835
 21
-86.9215859999999907
 31
0
  0
LINE
  5
D99
330
1A
100
AcDbEntity
  8
B.Cu
  6
CONTINUOUS
100
AcDbLine
 10
140.2038519999999835
 20
-86.9215859999999907
 30
0
 11
140.2344479999999862
 21
-86.7677719999999937
 31
0
  0
LINE
  5
D9A
330
1A
100
AcDbEntity
  8
B.Cu
  6
CONTINUOUS
100
AcDbLine
 10
140.2344479999999862
 20
-86.7677719999999937
 30
0
 11
140.2871010000000069
 21
-86.6406539999999978
 31
0
  0
LINE
  5
D9B
330
1A
100
AcDbEntity
  8
B.Cu
  6
CONTINUOUS
100
AcDbLine
 10
140.2871010000000069
 20
-86.6406539999999978
 30
0
 11
139.9205240000000003
 21
-86.2740769999999912
 31
0
  0
LINE
  5
D9C
330
1A
100
AcDbEntity
  8
B.Cu
  6
CONTINUOUS
100
AcDbLine
 10
139.9205240000000003
 20
-86.2740769999999912
 30
0
 11
139.9205230000000029
 21
-86.2740769999999912
 31
0
  0
LINE
  5
D9D
330
1A
100
AcDbEntity
  8
B.Cu
  6
CONTINUOUS
100
AcDbLine
 10
139.9205230000000029
 20
-86.2740769999999912
 30
0
 11
139.8881429999999852
 21
-86.3186439999999919
 31
0
  0
LINE
  5
D9E
330
1A
100
AcDbEntity
  8
B.Cu
  6
CONTINUOUS
100
AcDbLine
 10
139.8881429999999852
 20
-86.3186439999999919
 30
0
 11
139.7952439999999967
 21
-86.5009680000000003
 31
0
  0
LINE
  5
D9F
330
1A
100
AcDbEntity
  8
B.Cu
  6
CONTINUOUS
100
AcDbLine
 10
139.7952439999999967
 20
-86.5009680000000003
 30
0
 11
139.732009000000005
 21
-86.6955820000000017
 31
0
  0
LINE
  5
DA0
330
1A
100
AcDbEntity
  8
B.Cu
  6
CONTINUOUS
100
AcDbLine
 10
139.732009000000005
 20
-86.6955820000000017
 30
0
 11
139.6999999999999886
 21
-86.897681999999989
 31
0
  0
LINE
  5
DA1
330
1A
100
AcDbEntity
  8
B.Cu
  6
CONTINUOUS
100
AcDbLine
 10
139.6999999999999886
 20
-86.897681999999989
 30
0
 11
139.6999999999999886
 21
-87.1023169999999993
 31
0
  0
LINE
  5
DA2
330
1A
100
AcDbEntity
  8
B.Cu
  6
CONTINUOUS
100
AcDbLine
 10
144.6999999999999886
 20
-87.1023169999999993
 30
0
 11
144.732009000000005
 21
-87.3044170000000008
 31
0
  0
LINE
  5
DA3
330
1A
100
AcDbEntity
  8
B.Cu
  6
CONTINUOUS
100
AcDbLine
 10
144.732009000000005
 20
-87.3044170000000008
 30
0
 11
144.7952439999999967
 21
-87.4990310000000022
 31
0
  0
LINE
  5
DA4
330
1A
100
AcDbEntity
  8
B.Cu
  6
CONTINUOUS
100
AcDbLine
 10
144.7952439999999967
 20
-87.4990310000000022
 30
0
 11
144.8881409999999903
 21
-87.6813499999999948
 31
0
  0
LINE
  5
DA5
330
1A
100
AcDbEntity
  8
B.Cu
  6
CONTINUOUS
100
AcDbLine
 10
144.8881409999999903
 20
-87.6813499999999948
 30
0
 11
144.8881470000000036
 21
-87.6813590000000005
 31
0
  0
LINE
  5
DA6
330
1A
100
AcDbEntity
  8
B.Cu
  6
CONTINUOUS
100
AcDbLine
 10
144.8881470000000036
 20
-87.6813590000000005
 30
0
 11
144.9205230000000029
 21
-87.7259209999999996
 31
0
  0
LINE
  5
DA7
330
1A
100
AcDbEntity
  8
B.Cu
  6
CONTINUOUS
100
AcDbLine
 10
144.9205230000000029
 20
-87.7259209999999996
 30
0
 11
144.9205240000000003
 21
-87.7259219999999971
 31
0
  0
LINE
  5
DA8
330
1A
100
AcDbEntity
  8
B.Cu
  6
CONTINUOUS
100
AcDbLine
 10
144.9205240000000003
 20
-87.7259219999999971
 30
0
 11
145.2871010000000069
 21
-87.359343999999993
 31
0
  0
LINE
  5
DA9
330
1A
100
AcDbEntity
  8
B.Cu
  6
CONTINUOUS
100
AcDbLine
 10
145.2871010000000069
 20
-87.359343999999993
 30
0
 11
145.2344479999999862
 21
-87.2322279999999921
 31
0
  0
LINE
  5
DAA
330
1A
100
AcDbEntity
  8
B.Cu
  6
CONTINUOUS
100
AcDbLine
 10
145.2344479999999862
 20
-87.2322279999999921
 30
0
 11
145.2038519999999835
 21
-87.0784139999999951
 31
0
  0
LINE
  5
DAB
330
1A
100
AcDbEntity
  8
B.Cu
  6
CONTINUOUS
100
AcDbLine
 10
145.2038519999999835
 20
-87.0784139999999951
 30
0
 11
145.2038519999999835
 21
-86.9215859999999907
 31
0
  0
LINE
  5
DAC
330
1A
100
AcDbEntity
  8
B.Cu
  6
CONTINUOUS
100
AcDbLine
 10
145.2038519999999835
 20
-86.9215859999999907
 30
0
 11
145.2344479999999862
 21
-86.7677719999999937
 31
0
  0
LINE
  5
DAD
330
1A
100
AcDbEntity
  8
B.Cu
  6
CONTINUOUS
100
AcDbLine
 10
145.2344479999999862
 20
-86.7677719999999937
 30
0
 11
145.2871010000000069
 21
-86.6406539999999978
 31
0
  0
LINE
  5
DAE
330
1A
100
AcDbEntity
  8
B.Cu
  6
CONTINUOUS
100
AcDbLine
 10
145.2871010000000069
 20
-86.6406539999999978
 30
0
 11
144.9205240000000003
 21
-86.2740769999999912
 31
0
  0
LINE
  5
DAF
330
1A
100
AcDbEntity
  8
B.Cu
  6
CONTINUOUS
100
AcDbLine
 10
144.9205240000000003
 20
-86.2740769999999912
 30
0
 11
144.9205230000000029
 21
-86.2740769999999912
 31
0
  0
LINE
  5
DB0
330
1A
100
AcDbEntity
  8
B.Cu
  6
CONTINUOUS
100
AcDbLine
 10
144.9205230000000029
 20
-86.2740769999999912
 30
0
 11
144.8881429999999852
 21
-86.3186439999999919
 31
0
  0
LINE
  5
DB1
330
1A
100
AcDbEntity
  8
B.Cu
  6
CONTINUOUS
100
AcDbLine
 10
144.8881429999999852
 20
-86.3186439999999919
 30
0
 11
144.7952439999999967
 21
-86.5009680000000003
 31
0
  0
LINE
  5
DB2
330
1A
100
AcDbEntity
  8
B.Cu
  6
CONTINUOUS
100
AcDbLine
 10
144.7952439999999967
 20
-86.5009680000000003
 30
0
 11
144.732009000000005
 21
-86.6955820000000017
 31
0
  0
LINE
  5
DB3
330
1A
100
AcDbEntity
  8
B.Cu
  6
CONTINUOUS
100
AcDbLine
 10
144.732009000000005
 20
-86.6955820000000017
 30
0
 11
144.6999999999999886
 21
-86.897681999999989
 31
0
  0
LINE
  5
DB4
330
1A
100
AcDbEntity
  8
B.Cu
  6
CONTINUOUS
100
AcDbLine
 10
144.6999999999999886
 20
-86.897681999999989
 30
0
 11
144.6999999999999886
 21
-87.1023169999999993
 31
0
  0
LINE
  5
DB5
330
1A
100
AcDbEntity
  8
B.Cu
  6
CONTINUOUS
100
AcDbLine
 10
163.7999999999999829
 20
-86.1180519999999916
 30
0
 11
163.8369339999999852
 21
-86.3512470000000008
 31
0
  0
LINE
  5
DB6
330
1A
100
AcDbEntity
  8
B.Cu
  6
CONTINUOUS
100
AcDbLine
 10
163.8369339999999852
 20
-86.3512470000000008
 30
0
 11
163.9098970000000008
 21
-86.5758019999999959
 31
0
  0
LINE
  5
DB7
330
1A
100
AcDbEntity
  8
B.Cu
  6
CONTINUOUS
100
AcDbLine
 10
163.9098970000000008
 20
-86.5758019999999959
 30
0
 11
164.0170870000000036
 21
-86.7861740000000026
 31
0
  0
LINE
  5
DB8
330
1A
100
AcDbEntity
  8
B.Cu
  6
CONTINUOUS
100
AcDbLine
 10
164.0170870000000036
 20
-86.7861740000000026
 30
0
 11
164.0773379999999975
 21
-86.869103999999993
 31
0
  0
LINE
  5
DB9
330
1A
100
AcDbEntity
  8
B.Cu
  6
CONTINUOUS
100
AcDbLine
 10
164.0773379999999975
 20
-86.869103999999993
 30
0
 11
164.0773399999999924
 21
-86.8691049999999905
 31
0
  0
LINE
  5
DBA
330
1A
100
AcDbEntity
  8
B.Cu
  6
CONTINUOUS
100
AcDbLine
 10
164.0773399999999924
 20
-86.8691049999999905
 30
0
 11
164.4408970000000068
 21
-86.5055469999999929
 31
0
  0
LINE
  5
DBB
330
1A
100
AcDbEntity
  8
B.Cu
  6
CONTINUOUS
100
AcDbLine
 10
164.4408970000000068
 20
-86.5055469999999929
 30
0
 11
164.4180790000000059
 21
-86.4713969999999961
 31
0
  0
LINE
  5
DBC
330
1A
100
AcDbEntity
  8
B.Cu
  6
CONTINUOUS
100
AcDbLine
 10
164.4180790000000059
 20
-86.4713969999999961
 30
0
 11
164.3430599999999799
 21
-86.2902849999999972
 31
0
  0
LINE
  5
DBD
330
1A
100
AcDbEntity
  8
B.Cu
  6
CONTINUOUS
100
AcDbLine
 10
164.3430599999999799
 20
-86.2902849999999972
 30
0
 11
164.3048149999999907
 21
-86.0980169999999987
 31
0
  0
LINE
  5
DBE
330
1A
100
AcDbEntity
  8
B.Cu
  6
CONTINUOUS
100
AcDbLine
 10
164.3048149999999907
 20
-86.0980169999999987
 30
0
 11
164.3048149999999907
 21
-85.9019830000000013
 31
0
  0
LINE
  5
DBF
330
1A
100
AcDbEntity
  8
B.Cu
  6
CONTINUOUS
100
AcDbLine
 10
164.3048149999999907
 20
-85.9019830000000013
 30
0
 11
164.3430599999999799
 21
-85.7097150000000028
 31
0
  0
LINE
  5
DC0
330
1A
100
AcDbEntity
  8
B.Cu
  6
CONTINUOUS
100
AcDbLine
 10
164.3430599999999799
 20
-85.7097150000000028
 30
0
 11
164.4180790000000059
 21
-85.5286029999999897
 31
0
  0
LINE
  5
DC1
330
1A
100
AcDbEntity
  8
B.Cu
  6
CONTINUOUS
100
AcDbLine
 10
164.4180790000000059
 20
-85.5286029999999897
 30
0
 11
164.4408980000000042
 21
-85.4944519999999955
 31
0
  0
LINE
  5
DC2
330
1A
100
AcDbEntity
  8
B.Cu
  6
CONTINUOUS
100
AcDbLine
 10
164.4408980000000042
 20
-85.4944519999999955
 30
0
 11
164.0773399999999924
 21
-85.1308939999999978
 31
0
  0
LINE
  5
DC3
330
1A
100
AcDbEntity
  8
B.Cu
  6
CONTINUOUS
100
AcDbLine
 10
164.0773399999999924
 20
-85.1308939999999978
 30
0
 11
164.0170839999999828
 21
-85.2138300000000015
 31
0
  0
LINE
  5
DC4
330
1A
100
AcDbEntity
  8
B.Cu
  6
CONTINUOUS
100
AcDbLine
 10
164.0170839999999828
 20
-85.2138300000000015
 30
0
 11
163.9098970000000008
 21
-85.4241969999999924
 31
0
  0
LINE
  5
DC5
330
1A
100
AcDbEntity
  8
B.Cu
  6
CONTINUOUS
100
AcDbLine
 10
163.9098970000000008
 20
-85.4241969999999924
 30
0
 11
163.8369339999999852
 21
-85.6487520000000018
 31
0
  0
LINE
  5
DC6
330
1A
100
AcDbEntity
  8
B.Cu
  6
CONTINUOUS
100
AcDbLine
 10
163.8369339999999852
 20
-85.6487520000000018
 30
0
 11
163.7999999999999829
 21
-85.8819469999999967
 31
0
  0
LINE
  5
DC7
330
1A
100
AcDbEntity
  8
B.Cu
  6
CONTINUOUS
100
AcDbLine
 10
163.7999999999999829
 20
-85.8819469999999967
 30
0
 11
163.7999999999999829
 21
-86.1180519999999916
 31
0
  0
LINE
  5
DC8
330
1A
100
AcDbEntity
  8
B.Cu
  6
CONTINUOUS
100
AcDbLine
 10
135.5
 20
-81.75
 30
0
 11
136.
 21
-81.75
 31
0
  0
LINE
  5
DC9
330
1A
100
AcDbEntity
  8
B.Cu
  6
CONTINUOUS
100
AcDbLine
 10
136.
 20
-81.75
 30
0
 11
136.
 21
-81.
 31
0
  0
LINE
  5
DCA
330
1A
100
AcDbEntity
  8
B.Cu
  6
CONTINUOUS
100
AcDbLine
 10
136.
 20
-81.
 30
0
 11
136.75
 21
-81.
 31
0
  0
LINE
  5
DCB
330
1A
100
AcDbEntity
  8
B.Cu
  6
CONTINUOUS
100
AcDbLine
 10
136.75
 20
-81.
 30
0
 11
136.75
 21
-80.5
 31
0
  0
LINE
  5
DCC
330
1A
100
AcDbEntity
  8
B.Cu
  6
CONTINUOUS
100
AcDbLine
 10
136.75
 20
-80.5
 30
0
 11
135.9521550000000047
 21
-80.5
 31
0
  0
LINE
  5
DCD
330
1A
100
AcDbEntity
  8
B.Cu
  6
CONTINUOUS
100
AcDbLine
 10
135.9521550000000047
 20
-80.5
 30
0
 11
135.8926270000000045
 21
-80.5064009999999968
 31
0
  0
LINE
  5
DCE
330
1A
100
AcDbEntity
  8
B.Cu
  6
CONTINUOUS
100
AcDbLine
 10
135.8926270000000045
 20
-80.5064009999999968
 30
0
 11
135.8926199999999938
 21
-80.5064029999999917
 31
0
  0
LINE
  5
DCF
330
1A
100
AcDbEntity
  8
B.Cu
  6
CONTINUOUS
100
AcDbLine
 10
135.8926199999999938
 20
-80.5064029999999917
 30
0
 11
135.7579130000000021
 21
-80.5566450000000032
 31
0
  0
LINE
  5
DD0
330
1A
100
AcDbEntity
  8
B.Cu
  6
CONTINUOUS
100
AcDbLine
 10
135.7579130000000021
 20
-80.5566450000000032
 30
0
 11
135.7579059999999913
 21
-80.5566489999999931
 31
0
  0
LINE
  5
DD1
330
1A
100
AcDbEntity
  8
B.Cu
  6
CONTINUOUS
100
AcDbLine
 10
135.7579059999999913
 20
-80.5566489999999931
 30
0
 11
135.6428119999999922
 21
-80.6428089999999997
 31
0
  0
LINE
  5
DD2
330
1A
100
AcDbEntity
  8
B.Cu
  6
CONTINUOUS
100
AcDbLine
 10
135.6428119999999922
 20
-80.6428089999999997
 30
0
 11
135.6428089999999997
 21
-80.6428119999999922
 31
0
  0
LINE
  5
DD3
330
1A
100
AcDbEntity
  8
B.Cu
  6
CONTINUOUS
100
AcDbLine
 10
135.6428089999999997
 20
-80.6428119999999922
 30
0
 11
135.5566489999999931
 21
-80.7579059999999913
 31
0
  0
LINE
  5
DD4
330
1A
100
AcDbEntity
  8
B.Cu
  6
CONTINUOUS
100
AcDbLine
 10
135.5566489999999931
 20
-80.7579059999999913
 30
0
 11
135.5566450000000032
 21
-80.7579130000000021
 31
0
  0
LINE
  5
DD5
330
1A
100
AcDbEntity
  8
B.Cu
  6
CONTINUOUS
100
AcDbLine
 10
135.5566450000000032
 20
-80.7579130000000021
 30
0
 11
135.5064030000000059
 21
-80.8926199999999938
 31
0
  0
LINE
  5
DD6
330
1A
100
AcDbEntity
  8
B.Cu
  6
CONTINUOUS
100
AcDbLine
 10
135.5064030000000059
 20
-80.8926199999999938
 30
0
 11
135.5064009999999826
 21
-80.8926269999999903
 31
0
  0
LINE
  5
DD7
330
1A
100
AcDbEntity
  8
B.Cu
  6
CONTINUOUS
100
AcDbLine
 10
135.5064009999999826
 20
-80.8926269999999903
 30
0
 11
135.5
 21
-80.9521549999999905
 31
0
  0
LINE
  5
DD8
330
1A
100
AcDbEntity
  8
B.Cu
  6
CONTINUOUS
100
AcDbLine
 10
135.5
 20
-80.9521549999999905
 30
0
 11
135.5
 21
-81.75
 31
0
  0
LINE
  5
DD9
330
1A
100
AcDbEntity
  8
B.Cu
  6
CONTINUOUS
100
AcDbLine
 10
131.6995000000000005
 20
-73.6023509999999987
 30
0
 11
131.731521999999984
 21
-73.8045339999999896
 31
0
  0
LINE
  5
DDA
330
1A
100
AcDbEntity
  8
B.Cu
  6
CONTINUOUS
100
AcDbLine
 10
131.731521999999984
 20
-73.8045339999999896
 30
0
 11
131.7947810000000004
 21
-73.9992230000000006
 31
0
  0
LINE
  5
DDB
330
1A
100
AcDbEntity
  8
B.Cu
  6
CONTINUOUS
100
AcDbLine
 10
131.7947810000000004
 20
-73.9992230000000006
 30
0
 11
131.8877149999999858
 21
-74.1816129999999987
 31
0
  0
LINE
  5
DDC
330
1A
100
AcDbEntity
  8
B.Cu
  6
CONTINUOUS
100
AcDbLine
 10
131.8877149999999858
 20
-74.1816129999999987
 30
0
 11
132.0080279999999959
 21
-74.3472129999999964
 31
0
  0
LINE
  5
DDD
330
1A
100
AcDbEntity
  8
B.Cu
  6
CONTINUOUS
100
AcDbLine
 10
132.0080279999999959
 20
-74.3472129999999964
 30
0
 11
132.1527859999999919
 21
-74.4919709999999924
 31
0
  0
LINE
  5
DDE
330
1A
100
AcDbEntity
  8
B.Cu
  6
CONTINUOUS
100
AcDbLine
 10
132.1527859999999919
 20
-74.4919709999999924
 30
0
 11
132.3077490000000012
 21
-74.6045560000000023
 31
0
  0
LINE
  5
DDF
330
1A
100
AcDbEntity
  8
B.Cu
  6
CONTINUOUS
100
AcDbLine
 10
132.3077490000000012
 20
-74.6045560000000023
 30
0
 11
132.3183899999999937
 21
-74.6122869999999949
 31
0
  0
LINE
  5
DE0
330
1A
100
AcDbEntity
  8
B.Cu
  6
CONTINUOUS
100
AcDbLine
 10
132.3183899999999937
 20
-74.6122869999999949
 30
0
 11
132.4346069999999997
 21
-74.6715030000000013
 31
0
  0
LINE
  5
DE1
330
1A
100
AcDbEntity
  8
B.Cu
  6
CONTINUOUS
100
AcDbLine
 10
132.4346069999999997
 20
-74.6715030000000013
 30
0
 11
132.5007760000000019
 21
-74.7052180000000021
 31
0
  0
LINE
  5
DE2
330
1A
100
AcDbEntity
  8
B.Cu
  6
CONTINUOUS
100
AcDbLine
 10
132.5007760000000019
 20
-74.7052180000000021
 30
0
 11
132.5007779999999968
 21
-74.7052180000000021
 31
0
  0
LINE
  5
DE3
330
1A
100
AcDbEntity
  8
B.Cu
  6
CONTINUOUS
100
AcDbLine
 10
132.5007779999999968
 20
-74.7052180000000021
 30
0
 11
132.5007809999999893
 21
-74.7052199999999971
 31
0
  0
LINE
  5
DE4
330
1A
100
AcDbEntity
  8
B.Cu
  6
CONTINUOUS
100
AcDbLine
 10
132.5007809999999893
 20
-74.7052199999999971
 30
0
 11
132.5929270000000031
 21
-74.7351599999999934
 31
0
  0
LINE
  5
DE5
330
1A
100
AcDbEntity
  8
B.Cu
  6
CONTINUOUS
100
AcDbLine
 10
132.5929270000000031
 20
-74.7351599999999934
 30
0
 11
132.6954649999999845
 21
-74.7684769999999901
 31
0
  0
LINE
  5
DE6
330
1A
100
AcDbEntity
  8
B.Cu
  6
CONTINUOUS
100
AcDbLine
 10
132.6954649999999845
 20
-74.7684769999999901
 30
0
 11
132.7700490000000002
 21
-74.7802899999999937
 31
0
  0
LINE
  5
DE7
330
1A
100
AcDbEntity
  8
B.Cu
  6
CONTINUOUS
100
AcDbLine
 10
132.7700490000000002
 20
-74.7802899999999937
 30
0
 11
132.8976480000000038
 21
-74.8004999999999995
 31
0
  0
LINE
  5
DE8
330
1A
100
AcDbEntity
  8
B.Cu
  6
CONTINUOUS
100
AcDbLine
 10
132.8976480000000038
 20
-74.8004999999999995
 30
0
 11
132.8976490000000013
 21
-74.8004999999999995
 31
0
  0
LINE
  5
DE9
330
1A
100
AcDbEntity
  8
B.Cu
  6
CONTINUOUS
100
AcDbLine
 10
132.8976490000000013
 20
-74.8004999999999995
 30
0
 11
133.1023509999999987
 21
-74.8004999999999995
 31
0
  0
LINE
  5
DEA
330
1A
100
AcDbEntity
  8
B.Cu
  6
CONTINUOUS
100
AcDbLine
 10
133.1023509999999987
 20
-74.8004999999999995
 30
0
 11
133.1023519999999962
 21
-74.8004999999999995
 31
0
  0
LINE
  5
DEB
330
1A
100
AcDbEntity
  8
B.Cu
  6
CONTINUOUS
100
AcDbLine
 10
133.1023519999999962
 20
-74.8004999999999995
 30
0
 11
133.3045339999999896
 21
-74.7684769999999901
 31
0
  0
LINE
  5
DEC
330
1A
100
AcDbEntity
  8
B.Cu
  6
CONTINUOUS
100
AcDbLine
 10
133.3045339999999896
 20
-74.7684769999999901
 30
0
 11
133.4992189999999823
 21
-74.7052199999999971
 31
0
  0
LINE
  5
DED
330
1A
100
AcDbEntity
  8
B.Cu
  6
CONTINUOUS
100
AcDbLine
 10
133.4992189999999823
 20
-74.7052199999999971
 30
0
 11
133.6816100000000063
 21
-74.6122869999999949
 31
0
  0
LINE
  5
DEE
330
1A
100
AcDbEntity
  8
B.Cu
  6
CONTINUOUS
100
AcDbLine
 10
133.6816100000000063
 20
-74.6122869999999949
 30
0
 11
133.7745899999999892
 21
-74.5447319999999962
 31
0
  0
LINE
  5
DEF
330
1A
100
AcDbEntity
  8
B.Cu
  6
CONTINUOUS
100
AcDbLine
 10
133.7745899999999892
 20
-74.5447319999999962
 30
0
 11
133.8472129999999822
 21
-74.4919709999999924
 31
0
  0
LINE
  5
DF0
330
1A
100
AcDbEntity
  8
B.Cu
  6
CONTINUOUS
100
AcDbLine
 10
133.8472129999999822
 20
-74.4919709999999924
 30
0
 11
133.8472150000000056
 21
-74.491968
 31
0
  0
LINE
  5
DF1
330
1A
100
AcDbEntity
  8
B.Cu
  6
CONTINUOUS
100
AcDbLine
 10
133.8472150000000056
 20
-74.491968
 30
0
 11
133.8472189999999955
 21
-74.4919659999999908
 31
0
  0
LINE
  5
DF2
330
1A
100
AcDbEntity
  8
B.Cu
  6
CONTINUOUS
100
AcDbLine
 10
133.8472189999999955
 20
-74.4919659999999908
 30
0
 11
133.9919659999999908
 21
-74.3472189999999955
 31
0
  0
LINE
  5
DF3
330
1A
100
AcDbEntity
  8
B.Cu
  6
CONTINUOUS
100
AcDbLine
 10
133.9919659999999908
 20
-74.3472189999999955
 30
0
 11
133.9919679999999858
 21
-74.3472149999999914
 31
0
  0
LINE
  5
DF4
330
1A
100
AcDbEntity
  8
B.Cu
  6
CONTINUOUS
100
AcDbLine
 10
133.9919679999999858
 20
-74.3472149999999914
 30
0
 11
133.9919710000000066
 21
-74.3472129999999964
 31
0
  0
LINE
  5
DF5
330
1A
100
AcDbEntity
  8
B.Cu
  6
CONTINUOUS
100
AcDbLine
 10
133.9919710000000066
 20
-74.3472129999999964
 30
0
 11
134.0639149999999802
 21
-74.2481889999999964
 31
0
  0
LINE
  5
DF6
330
1A
100
AcDbEntity
  8
B.Cu
  6
CONTINUOUS
100
AcDbLine
 10
134.0639149999999802
 20
-74.2481889999999964
 30
0
 11
134.1122869999999807
 21
-74.1816099999999921
 31
0
  0
LINE
  5
DF7
330
1A
100
AcDbEntity
  8
B.Cu
  6
CONTINUOUS
100
AcDbLine
 10
134.1122869999999807
 20
-74.1816099999999921
 30
0
 11
134.2052199999999971
 21
-73.9992189999999965
 31
0
  0
LINE
  5
DF8
330
1A
100
AcDbEntity
  8
B.Cu
  6
CONTINUOUS
100
AcDbLine
 10
134.2052199999999971
 20
-73.9992189999999965
 30
0
 11
134.2684769999999901
 21
-73.8045339999999896
 31
0
  0
LINE
  5
DF9
330
1A
100
AcDbEntity
  8
B.Cu
  6
CONTINUOUS
100
AcDbLine
 10
134.2684769999999901
 20
-73.8045339999999896
 30
0
 11
134.3004999999999995
 21
-73.6023519999999962
 31
0
  0
LINE
  5
DFA
330
1A
100
AcDbEntity
  8
B.Cu
  6
CONTINUOUS
100
AcDbLine
 10
134.3004999999999995
 20
-73.6023519999999962
 30
0
 11
134.3004999999999995
 21
-73.3976480000000038
 31
0
  0
LINE
  5
DFB
330
1A
100
AcDbEntity
  8
B.Cu
  6
CONTINUOUS
100
AcDbLine
 10
134.3004999999999995
 20
-73.3976480000000038
 30
0
 11
134.2684769999999901
 21
-73.1954659999999961
 31
0
  0
LINE
  5
DFC
330
1A
100
AcDbEntity
  8
B.Cu
  6
CONTINUOUS
100
AcDbLine
 10
134.2684769999999901
 20
-73.1954659999999961
 30
0
 11
134.2052199999999971
 21
-73.0007810000000035
 31
0
  0
LINE
  5
DFD
330
1A
100
AcDbEntity
  8
B.Cu
  6
CONTINUOUS
100
AcDbLine
 10
134.2052199999999971
 20
-73.0007810000000035
 30
0
 11
134.2052180000000021
 21
-73.0007779999999968
 31
0
  0
LINE
  5
DFE
330
1A
100
AcDbEntity
  8
B.Cu
  6
CONTINUOUS
100
AcDbLine
 10
134.2052180000000021
 20
-73.0007779999999968
 30
0
 11
134.2052180000000021
 21
-73.0007760000000019
 31
0
  0
LINE
  5
DFF
330
1A
100
AcDbEntity
  8
B.Cu
  6
CONTINUOUS
100
AcDbLine
 10
134.2052180000000021
 20
-73.0007760000000019
 30
0
 11
134.1715030000000013
 21
-72.9346069999999997
 31
0
  0
LINE
  5
E00
330
1A
100
AcDbEntity
  8
B.Cu
  6
CONTINUOUS
100
AcDbLine
 10
134.1715030000000013
 20
-72.9346069999999997
 30
0
 11
134.1122869999999807
 21
-72.8183899999999937
 31
0
  0
LINE
  5
E01
330
1A
100
AcDbEntity
  8
B.Cu
  6
CONTINUOUS
100
AcDbLine
 10
134.1122869999999807
 20
-72.8183899999999937
 30
0
 11
134.0985629999999844
 21
-72.7994999999999948
 31
0
  0
LINE
  5
E02
330
1A
100
AcDbEntity
  8
B.Cu
  6
CONTINUOUS
100
AcDbLine
 10
134.0985629999999844
 20
-72.7994999999999948
 30
0
 11
133.9919710000000066
 21
-72.6527859999999919
 31
0
  0
LINE
  5
E03
330
1A
100
AcDbEntity
  8
B.Cu
  6
CONTINUOUS
100
AcDbLine
 10
133.9919710000000066
 20
-72.6527859999999919
 30
0
 11
133.8472129999999822
 21
-72.5080279999999959
 31
0
  0
LINE
  5
E04
330
1A
100
AcDbEntity
  8
B.Cu
  6
CONTINUOUS
100
AcDbLine
 10
133.8472129999999822
 20
-72.5080279999999959
 30
0
 11
133.6816129999999987
 21
-72.387715
 31
0
  0
LINE
  5
E05
330
1A
100
AcDbEntity
  8
B.Cu
  6
CONTINUOUS
100
AcDbLine
 10
133.6816129999999987
 20
-72.387715
 30
0
 11
133.6816120000000012
 21
-72.3877140000000026
 31
0
  0
LINE
  5
E06
330
1A
100
AcDbEntity
  8
B.Cu
  6
CONTINUOUS
100
AcDbLine
 10
133.6816120000000012
 20
-72.3877140000000026
 30
0
 11
133.6816100000000063
 21
-72.3877129999999909
 31
0
  0
LINE
  5
E07
330
1A
100
AcDbEntity
  8
B.Cu
  6
CONTINUOUS
100
AcDbLine
 10
133.6816100000000063
 20
-72.3877129999999909
 30
0
 11
133.624652999999995
 21
-72.3586909999999932
 31
0
  0
LINE
  5
E08
330
1A
100
AcDbEntity
  8
B.Cu
  6
CONTINUOUS
100
AcDbLine
 10
133.624652999999995
 20
-72.3586909999999932
 30
0
 11
133.4992230000000006
 21
-72.2947810000000004
 31
0
  0
LINE
  5
E09
330
1A
100
AcDbEntity
  8
B.Cu
  6
CONTINUOUS
100
AcDbLine
 10
133.4992230000000006
 20
-72.2947810000000004
 30
0
 11
133.3045339999999896
 21
-72.2315219999999982
 31
0
  0
LINE
  5
E0A
330
1A
100
AcDbEntity
  8
B.Cu
  6
CONTINUOUS
100
AcDbLine
 10
133.3045339999999896
 20
-72.2315219999999982
 30
0
 11
133.1299950000000081
 21
-72.2038780000000031
 31
0
  0
LINE
  5
E0B
330
1A
100
AcDbEntity
  8
B.Cu
  6
CONTINUOUS
100
AcDbLine
 10
133.1299950000000081
 20
-72.2038780000000031
 30
0
 11
133.1023519999999962
 21
-72.1995000000000005
 31
0
  0
LINE
  5
E0C
330
1A
100
AcDbEntity
  8
B.Cu
  6
CONTINUOUS
100
AcDbLine
 10
133.1023519999999962
 20
-72.1995000000000005
 30
0
 11
132.8976480000000038
 21
-72.1995000000000005
 31
0
  0
LINE
  5
E0D
330
1A
100
AcDbEntity
  8
B.Cu
  6
CONTINUOUS
100
AcDbLine
 10
132.8976480000000038
 20
-72.1995000000000005
 30
0
 11
132.873328999999984
 21
-72.2033509999999978
 31
0
  0
LINE
  5
E0E
330
1A
100
AcDbEntity
  8
B.Cu
  6
CONTINUOUS
100
AcDbLine
 10
132.873328999999984
 20
-72.2033509999999978
 30
0
 11
132.6954649999999845
 21
-72.2315219999999982
 31
0
  0
LINE
  5
E0F
330
1A
100
AcDbEntity
  8
B.Cu
  6
CONTINUOUS
100
AcDbLine
 10
132.6954649999999845
 20
-72.2315219999999982
 30
0
 11
132.5007760000000019
 21
-72.2947810000000004
 31
0
  0
LINE
  5
E10
330
1A
100
AcDbEntity
  8
B.Cu
  6
CONTINUOUS
100
AcDbLine
 10
132.5007760000000019
 20
-72.2947810000000004
 30
0
 11
132.3183860000000038
 21
-72.387715
 31
0
  0
LINE
  5
E11
330
1A
100
AcDbEntity
  8
B.Cu
  6
CONTINUOUS
100
AcDbLine
 10
132.3183860000000038
 20
-72.387715
 30
0
 11
132.1527859999999919
 21
-72.5080279999999959
 31
0
  0
LINE
  5
E12
330
1A
100
AcDbEntity
  8
B.Cu
  6
CONTINUOUS
100
AcDbLine
 10
132.1527859999999919
 20
-72.5080279999999959
 30
0
 11
132.0080279999999959
 21
-72.6527859999999919
 31
0
  0
LINE
  5
E13
330
1A
100
AcDbEntity
  8
B.Cu
  6
CONTINUOUS
100
AcDbLine
 10
132.0080279999999959
 20
-72.6527859999999919
 30
0
 11
131.8877149999999858
 21
-72.8183859999999896
 31
0
  0
LINE
  5
E14
330
1A
100
AcDbEntity
  8
B.Cu
  6
CONTINUOUS
100
AcDbLine
 10
131.8877149999999858
 20
-72.8183859999999896
 30
0
 11
131.7947810000000004
 21
-73.0007760000000019
 31
0
  0
LINE
  5
E15
330
1A
100
AcDbEntity
  8
B.Cu
  6
CONTINUOUS
100
AcDbLine
 10
131.7947810000000004
 20
-73.0007760000000019
 30
0
 11
131.731521999999984
 21
-73.1954649999999987
 31
0
  0
LINE
  5
E16
330
1A
100
AcDbEntity
  8
B.Cu
  6
CONTINUOUS
100
AcDbLine
 10
131.731521999999984
 20
-73.1954649999999987
 30
0
 11
131.6995000000000005
 21
-73.3976480000000038
 31
0
  0
LINE
  5
E17
330
1A
100
AcDbEntity
  8
B.Cu
  6
CONTINUOUS
100
AcDbLine
 10
131.6995000000000005
 20
-73.3976480000000038
 30
0
 11
131.6995000000000005
 21
-73.6023509999999987
 31
0
  0
LINE
  5
E18
330
1A
100
AcDbEntity
  8
B.Cu
  6
CONTINUOUS
100
AcDbLine
 10
165.6995000000000005
 20
-73.6023509999999987
 30
0
 11
165.731521999999984
 21
-73.8045339999999896
 31
0
  0
LINE
  5
E19
330
1A
100
AcDbEntity
  8
B.Cu
  6
CONTINUOUS
100
AcDbLine
 10
165.731521999999984
 20
-73.8045339999999896
 30
0
 11
165.7947810000000004
 21
-73.9992230000000006
 31
0
  0
LINE
  5
E1A
330
1A
100
AcDbEntity
  8
B.Cu
  6
CONTINUOUS
100
AcDbLine
 10
165.7947810000000004
 20
-73.9992230000000006
 30
0
 11
165.8877149999999858
 21
-74.1816129999999987
 31
0
  0
LINE
  5
E1B
330
1A
100
AcDbEntity
  8
B.Cu
  6
CONTINUOUS
100
AcDbLine
 10
165.8877149999999858
 20
-74.1816129999999987
 30
0
 11
166.0080279999999959
 21
-74.3472129999999964
 31
0
  0
LINE
  5
E1C
330
1A
100
AcDbEntity
  8
B.Cu
  6
CONTINUOUS
100
AcDbLine
 10
166.0080279999999959
 20
-74.3472129999999964
 30
0
 11
166.1527859999999919
 21
-74.4919709999999924
 31
0
  0
LINE
  5
E1D
330
1A
100
AcDbEntity
  8
B.Cu
  6
CONTINUOUS
100
AcDbLine
 10
166.1527859999999919
 20
-74.4919709999999924
 30
0
 11
166.3077490000000012
 21
-74.6045560000000023
 31
0
  0
LINE
  5
E1E
330
1A
100
AcDbEntity
  8
B.Cu
  6
CONTINUOUS
100
AcDbLine
 10
166.3077490000000012
 20
-74.6045560000000023
 30
0
 11
166.3183899999999937
 21
-74.6122869999999949
 31
0
  0
LINE
  5
E1F
330
1A
100
AcDbEntity
  8
B.Cu
  6
CONTINUOUS
100
AcDbLine
 10
166.3183899999999937
 20
-74.6122869999999949
 30
0
 11
166.4346069999999997
 21
-74.6715030000000013
 31
0
  0
LINE
  5
E20
330
1A
100
AcDbEntity
  8
B.Cu
  6
CONTINUOUS
100
AcDbLine
 10
166.4346069999999997
 20
-74.6715030000000013
 30
0
 11
166.5007760000000019
 21
-74.7052180000000021
 31
0
  0
LINE
  5
E21
330
1A
100
AcDbEntity
  8
B.Cu
  6
CONTINUOUS
100
AcDbLine
 10
166.5007760000000019
 20
-74.7052180000000021
 30
0
 11
166.5007779999999968
 21
-74.7052180000000021
 31
0
  0
LINE
  5
E22
330
1A
100
AcDbEntity
  8
B.Cu
  6
CONTINUOUS
100
AcDbLine
 10
166.5007779999999968
 20
-74.7052180000000021
 30
0
 11
166.5007809999999893
 21
-74.7052199999999971
 31
0
  0
LINE
  5
E23
330
1A
100
AcDbEntity
  8
B.Cu
  6
CONTINUOUS
100
AcDbLine
 10
166.5007809999999893
 20
-74.7052199999999971
 30
0
 11
166.5929270000000031
 21
-74.7351599999999934
 31
0
  0
LINE
  5
E24
330
1A
100
AcDbEntity
  8
B.Cu
  6
CONTINUOUS
100
AcDbLine
 10
166.5929270000000031
 20
-74.7351599999999934
 30
0
 11
166.6954649999999845
 21
-74.7684769999999901
 31
0
  0
LINE
  5
E25
330
1A
100
AcDbEntity
  8
B.Cu
  6
CONTINUOUS
100
AcDbLine
 10
166.6954649999999845
 20
-74.7684769999999901
 30
0
 11
166.7700490000000002
 21
-74.7802899999999937
 31
0
  0
LINE
  5
E26
330
1A
100
AcDbEntity
  8
B.Cu
  6
CONTINUOUS
100
AcDbLine
 10
166.7700490000000002
 20
-74.7802899999999937
 30
0
 11
166.8976480000000038
 21
-74.8004999999999995
 31
0
  0
LINE
  5
E27
330
1A
100
AcDbEntity
  8
B.Cu
  6
CONTINUOUS
100
AcDbLine
 10
166.8976480000000038
 20
-74.8004999999999995
 30
0
 11
166.8976490000000013
 21
-74.8004999999999995
 31
0
  0
LINE
  5
E28
330
1A
100
AcDbEntity
  8
B.Cu
  6
CONTINUOUS
100
AcDbLine
 10
166.8976490000000013
 20
-74.8004999999999995
 30
0
 11
167.1023509999999987
 21
-74.8004999999999995
 31
0
  0
LINE
  5
E29
330
1A
100
AcDbEntity
  8
B.Cu
  6
CONTINUOUS
100
AcDbLine
 10
167.1023509999999987
 20
-74.8004999999999995
 30
0
 11
167.1023519999999962
 21
-74.8004999999999995
 31
0
  0
LINE
  5
E2A
330
1A
100
AcDbEntity
  8
B.Cu
  6
CONTINUOUS
100
AcDbLine
 10
167.1023519999999962
 20
-74.8004999999999995
 30
0
 11
167.3045339999999896
 21
-74.7684769999999901
 31
0
  0
LINE
  5
E2B
330
1A
100
AcDbEntity
  8
B.Cu
  6
CONTINUOUS
100
AcDbLine
 10
167.3045339999999896
 20
-74.7684769999999901
 30
0
 11
167.4992189999999823
 21
-74.7052199999999971
 31
0
  0
LINE
  5
E2C
330
1A
100
AcDbEntity
  8
B.Cu
  6
CONTINUOUS
100
AcDbLine
 10
167.4992189999999823
 20
-74.7052199999999971
 30
0
 11
167.6816100000000063
 21
-74.6122869999999949
 31
0
  0
LINE
  5
E2D
330
1A
100
AcDbEntity
  8
B.Cu
  6
CONTINUOUS
100
AcDbLine
 10
167.6816100000000063
 20
-74.6122869999999949
 30
0
 11
167.7745899999999892
 21
-74.5447319999999962
 31
0
  0
LINE
  5
E2E
330
1A
100
AcDbEntity
  8
B.Cu
  6
CONTINUOUS
100
AcDbLine
 10
167.7745899999999892
 20
-74.5447319999999962
 30
0
 11
167.8472129999999822
 21
-74.4919709999999924
 31
0
  0
LINE
  5
E2F
330
1A
100
AcDbEntity
  8
B.Cu
  6
CONTINUOUS
100
AcDbLine
 10
167.8472129999999822
 20
-74.4919709999999924
 30
0
 11
167.8472150000000056
 21
-74.491968
 31
0
  0
LINE
  5
E30
330
1A
100
AcDbEntity
  8
B.Cu
  6
CONTINUOUS
100
AcDbLine
 10
167.8472150000000056
 20
-74.491968
 30
0
 11
167.8472189999999955
 21
-74.4919659999999908
 31
0
  0
LINE
  5
E31
330
1A
100
AcDbEntity
  8
B.Cu
  6
CONTINUOUS
100
AcDbLine
 10
167.8472189999999955
 20
-74.4919659999999908
 30
0
 11
167.9919659999999908
 21
-74.3472189999999955
 31
0
  0
LINE
  5
E32
330
1A
100
AcDbEntity
  8
B.Cu
  6
CONTINUOUS
100
AcDbLine
 10
167.9919659999999908
 20
-74.3472189999999955
 30
0
 11
167.9919679999999858
 21
-74.3472149999999914
 31
0
  0
LINE
  5
E33
330
1A
100
AcDbEntity
  8
B.Cu
  6
CONTINUOUS
100
AcDbLine
 10
167.9919679999999858
 20
-74.3472149999999914
 30
0
 11
167.9919710000000066
 21
-74.3472129999999964
 31
0
  0
LINE
  5
E34
330
1A
100
AcDbEntity
  8
B.Cu
  6
CONTINUOUS
100
AcDbLine
 10
167.9919710000000066
 20
-74.3472129999999964
 30
0
 11
168.0639149999999802
 21
-74.2481889999999964
 31
0
  0
LINE
  5
E35
330
1A
100
AcDbEntity
  8
B.Cu
  6
CONTINUOUS
100
AcDbLine
 10
168.0639149999999802
 20
-74.2481889999999964
 30
0
 11
168.1122869999999807
 21
-74.1816099999999921
 31
0
  0
LINE
  5
E36
330
1A
100
AcDbEntity
  8
B.Cu
  6
CONTINUOUS
100
AcDbLine
 10
168.1122869999999807
 20
-74.1816099999999921
 30
0
 11
168.2052199999999971
 21
-73.9992189999999965
 31
0
  0
LINE
  5
E37
330
1A
100
AcDbEntity
  8
B.Cu
  6
CONTINUOUS
100
AcDbLine
 10
168.2052199999999971
 20
-73.9992189999999965
 30
0
 11
168.2684769999999901
 21
-73.8045339999999896
 31
0
  0
LINE
  5
E38
330
1A
100
AcDbEntity
  8
B.Cu
  6
CONTINUOUS
100
AcDbLine
 10
168.2684769999999901
 20
-73.8045339999999896
 30
0
 11
168.3004999999999995
 21
-73.6023519999999962
 31
0
  0
LINE
  5
E39
330
1A
100
AcDbEntity
  8
B.Cu
  6
CONTINUOUS
100
AcDbLine
 10
168.3004999999999995
 20
-73.6023519999999962
 30
0
 11
168.3004999999999995
 21
-73.3976480000000038
 31
0
  0
LINE
  5
E3A
330
1A
100
AcDbEntity
  8
B.Cu
  6
CONTINUOUS
100
AcDbLine
 10
168.3004999999999995
 20
-73.3976480000000038
 30
0
 11
168.2684769999999901
 21
-73.1954659999999961
 31
0
  0
LINE
  5
E3B
330
1A
100
AcDbEntity
  8
B.Cu
  6
CONTINUOUS
100
AcDbLine
 10
168.2684769999999901
 20
-73.1954659999999961
 30
0
 11
168.2052199999999971
 21
-73.0007810000000035
 31
0
  0
LINE
  5
E3C
330
1A
100
AcDbEntity
  8
B.Cu
  6
CONTINUOUS
100
AcDbLine
 10
168.2052199999999971
 20
-73.0007810000000035
 30
0
 11
168.2052180000000021
 21
-73.0007779999999968
 31
0
  0
LINE
  5
E3D
330
1A
100
AcDbEntity
  8
B.Cu
  6
CONTINUOUS
100
AcDbLine
 10
168.2052180000000021
 20
-73.0007779999999968
 30
0
 11
168.2052180000000021
 21
-73.0007760000000019
 31
0
  0
LINE
  5
E3E
330
1A
100
AcDbEntity
  8
B.Cu
  6
CONTINUOUS
100
AcDbLine
 10
168.2052180000000021
 20
-73.0007760000000019
 30
0
 11
168.1715030000000013
 21
-72.9346069999999997
 31
0
  0
LINE
  5
E3F
330
1A
100
AcDbEntity
  8
B.Cu
  6
CONTINUOUS
100
AcDbLine
 10
168.1715030000000013
 20
-72.9346069999999997
 30
0
 11
168.1122869999999807
 21
-72.8183899999999937
 31
0
  0
LINE
  5
E40
330
1A
100
AcDbEntity
  8
B.Cu
  6
CONTINUOUS
100
AcDbLine
 10
168.1122869999999807
 20
-72.8183899999999937
 30
0
 11
168.0985629999999844
 21
-72.7994999999999948
 31
0
  0
LINE
  5
E41
330
1A
100
AcDbEntity
  8
B.Cu
  6
CONTINUOUS
100
AcDbLine
 10
168.0985629999999844
 20
-72.7994999999999948
 30
0
 11
167.9919710000000066
 21
-72.6527859999999919
 31
0
  0
LINE
  5
E42
330
1A
100
AcDbEntity
  8
B.Cu
  6
CONTINUOUS
100
AcDbLine
 10
167.9919710000000066
 20
-72.6527859999999919
 30
0
 11
167.8472129999999822
 21
-72.5080279999999959
 31
0
  0
LINE
  5
E43
330
1A
100
AcDbEntity
  8
B.Cu
  6
CONTINUOUS
100
AcDbLine
 10
167.8472129999999822
 20
-72.5080279999999959
 30
0
 11
167.6816129999999987
 21
-72.387715
 31
0
  0
LINE
  5
E44
330
1A
100
AcDbEntity
  8
B.Cu
  6
CONTINUOUS
100
AcDbLine
 10
167.6816129999999987
 20
-72.387715
 30
0
 11
167.6816120000000012
 21
-72.3877140000000026
 31
0
  0
LINE
  5
E45
330
1A
100
AcDbEntity
  8
B.Cu
  6
CONTINUOUS
100
AcDbLine
 10
167.6816120000000012
 20
-72.3877140000000026
 30
0
 11
167.6816100000000063
 21
-72.3877129999999909
 31
0
  0
LINE
  5
E46
330
1A
100
AcDbEntity
  8
B.Cu
  6
CONTINUOUS
100
AcDbLine
 10
167.6816100000000063
 20
-72.3877129999999909
 30
0
 11
167.624652999999995
 21
-72.3586909999999932
 31
0
  0
LINE
  5
E47
330
1A
100
AcDbEntity
  8
B.Cu
  6
CONTINUOUS
100
AcDbLine
 10
167.624652999999995
 20
-72.3586909999999932
 30
0
 11
167.4992230000000006
 21
-72.2947810000000004
 31
0
  0
LINE
  5
E48
330
1A
100
AcDbEntity
  8
B.Cu
  6
CONTINUOUS
100
AcDbLine
 10
167.4992230000000006
 20
-72.2947810000000004
 30
0
 11
167.3045339999999896
 21
-72.2315219999999982
 31
0
  0
LINE
  5
E49
330
1A
100
AcDbEntity
  8
B.Cu
  6
CONTINUOUS
100
AcDbLine
 10
167.3045339999999896
 20
-72.2315219999999982
 30
0
 11
167.1299949999999797
 21
-72.2038780000000031
 31
0
  0
LINE
  5
E4A
330
1A
100
AcDbEntity
  8
B.Cu
  6
CONTINUOUS
100
AcDbLine
 10
167.1299949999999797
 20
-72.2038780000000031
 30
0
 11
167.1023519999999962
 21
-72.1995000000000005
 31
0
  0
LINE
  5
E4B
330
1A
100
AcDbEntity
  8
B.Cu
  6
CONTINUOUS
100
AcDbLine
 10
167.1023519999999962
 20
-72.1995000000000005
 30
0
 11
166.8976480000000038
 21
-72.1995000000000005
 31
0
  0
LINE
  5
E4C
330
1A
100
AcDbEntity
  8
B.Cu
  6
CONTINUOUS
100
AcDbLine
 10
166.8976480000000038
 20
-72.1995000000000005
 30
0
 11
166.873328999999984
 21
-72.2033509999999978
 31
0
  0
LINE
  5
E4D
330
1A
100
AcDbEntity
  8
B.Cu
  6
CONTINUOUS
100
AcDbLine
 10
166.873328999999984
 20
-72.2033509999999978
 30
0
 11
166.6954649999999845
 21
-72.2315219999999982
 31
0
  0
LINE
  5
E4E
330
1A
100
AcDbEntity
  8
B.Cu
  6
CONTINUOUS
100
AcDbLine
 10
166.6954649999999845
 20
-72.2315219999999982
 30
0
 11
166.5007760000000019
 21
-72.2947810000000004
 31
0
  0
LINE
  5
E4F
330
1A
100
AcDbEntity
  8
B.Cu
  6
CONTINUOUS
100
AcDbLine
 10
166.5007760000000019
 20
-72.2947810000000004
 30
0
 11
166.3183860000000038
 21
-72.387715
 31
0
  0
LINE
  5
E50
330
1A
100
AcDbEntity
  8
B.Cu
  6
CONTINUOUS
100
AcDbLine
 10
166.3183860000000038
 20
-72.387715
 30
0
 11
166.1527859999999919
 21
-72.5080279999999959
 31
0
  0
LINE
  5
E51
330
1A
100
AcDbEntity
  8
B.Cu
  6
CONTINUOUS
100
AcDbLine
 10
166.1527859999999919
 20
-72.5080279999999959
 30
0
 11
166.0080279999999959
 21
-72.6527859999999919
 31
0
  0
LINE
  5
E52
330
1A
100
AcDbEntity
  8
B.Cu
  6
CONTINUOUS
100
AcDbLine
 10
166.0080279999999959
 20
-72.6527859999999919
 30
0
 11
165.8877149999999858
 21
-72.8183859999999896
 31
0
  0
LINE
  5
E53
330
1A
100
AcDbEntity
  8
B.Cu
  6
CONTINUOUS
100
AcDbLine
 10
165.8877149999999858
 20
-72.8183859999999896
 30
0
 11
165.7947810000000004
 21
-73.0007760000000019
 31
0
  0
LINE
  5
E54
330
1A
100
AcDbEntity
  8
B.Cu
  6
CONTINUOUS
100
AcDbLine
 10
165.7947810000000004
 20
-73.0007760000000019
 30
0
 11
165.731521999999984
 21
-73.1954649999999987
 31
0
  0
LINE
  5
E55
330
1A
100
AcDbEntity
  8
B.Cu
  6
CONTINUOUS
100
AcDbLine
 10
165.731521999999984
 20
-73.1954649999999987
 30
0
 11
165.6995000000000005
 21
-73.3976480000000038
 31
0
  0
LINE
  5
E56
330
1A
100
AcDbEntity
  8
B.Cu
  6
CONTINUOUS
100
AcDbLine
 10
165.6995000000000005
 20
-73.3976480000000038
 30
0
 11
165.6995000000000005
 21
-73.6023509999999987
 31
0
  0
ENDSEC
  0
SECTION
  2
OBJECTS
  0
DICTIONARY
  5
20
330
0
100
AcDbDictionary
281
1
  3
ACAD_GROUP
350
E57
  3
ACAD_LAYOUT
350
21
  3
ACAD_PLOTSTYLENAME
350
11
  0
DICTIONARY
  5
E57
330
20
100
AcDbDictionary
281
1
  0
ACDBDICTIONARYWDFLT
  5
11
330
20
100
AcDbDictionary
281
1
  3
Normal
350
10
100
AcDbDictionaryWithDefault
340
10
  0
ACDBPLACEHOLDER
  5
10
330
11
  0
DICTIONARY
  5
21
330
20
100
AcDbDictionary
281
1
  3
Model
350
1D
  3
Layout1
350
1E
  3
Layout2
350
1F
  0
LAYOUT
  5
1D
330
21
100
AcDbPlotSettings
  1

  2
none_device
  4
A3
  6

 40
0.0
 41
0.0
 42
0.0
 43
0.0
 44
420.0
 45
297.0
 46
0.0
 47
0.0
 48
0.0
 49
0.0
140
0.0
141
0.0
142
1.0
143
1.0
 70
1024
 72
1
 73
0
 74
5
  7

 75
16
 76
0
 77
2
 78
300
147
1.0
148
0.0
149
0.0
100
AcDbLayout
  1
Model
 70
1
 71
0
 10
0.0
 20
0.0
 11
420.0
 21
297.0
 12
0.0
 22
0.0
 32
0.0
 14
1e+20
 24
1e+20
 34
1e+20
 15
-1e+20
 25
-1e+20
 35
-1e+20
146
0.0
 13
0.0
 23
0.0
 33
0.0
 16
1.0
 26
0.0
 36
0.0
 17
0.0
 27
1.0
 37
0.0
 76
0
330
1A
  0
LAYOUT
  5
1E
330
21
100
AcDbPlotSettings
  1

  2
none_device
  4
A3
  6

 40
0.0
 41
0.0
 42
0.0
 43
0.0
 44
420.0
 45
297.0
 46
0.0
 47
0.0
 48
0.0
 49
0.0
140
0.0
141
0.0
142
1.0
143
1.0
 70
0
 72
1
 73
0
 74
5
  7

 75
16
 76
0
 77
2
 78
300
147
1.0
148
0.0
149
0.0
100
AcDbLayout
  1
Layout1
 70
1
 71
1
 10
0.0
 20
0.0
 11
420.0
 21
297.0
 12
0.0
 22
0.0
 32
0.0
 14
1e+20
 24
1e+20
 34
1e+20
 15
-1e+20
 25
-1e+20
 35
-1e+20
146
0.0
 13
0.0
 23
0.0
 33
0.0
 16
1.0
 26
0.0
 36
0.0
 17
0.0
 27
1.0
 37
0.0
 76
0
330
1B
  0
LAYOUT
  5
1F
330
21
100
AcDbPlotSettings
  1

  2
none_device
  4
A3
  6

 40
0.0
 41
0.0
 42
0.0
 43
0.0
 44
420.0
 45
297.0
 46
0.0
 47
0.0
 48
0.0
 49
0.0
140
0.0
141
0.0
142
1.0
143
1.0
 70
0
 72
1
 73
0
 74
5
  7

 75
16
 76
0
 77
2
 78
300
147
1.0
148
0.0
149
0.0
100
AcDbLayout
  1
Layout2
 70
1
 71
2
 10
0.0
 20
0.0
 11
420.0
 21
297.0
 12
0.0
 22
0.0
 32
0.0
 14
1e+20
 24
1e+20
 34
1e+20
 15
-1e+20
 25
-1e+20
 35
-1e+20
146
0.0
 13
0.0
 23
0.0
 33
0.0
 16
1.0
 26
0.0
 36
0.0
 17
0.0
 27
1.0
 37
0.0
 76
0
330
1C
  0
ENDSEC
  0
EOF
